MolLogP,MolWt,NumRotatableBonds,NumAliphaticCarbocycles,NumAliphaticHeterocycles,NumAromaticCarbocycles,NumAromaticHeterocycles,NumSaturatedHeterocycles,SlogP_VSA1,SlogP_VSA3,SlogP_VSA4,SlogP_VSA5,SlogP_VSA7,SlogP_VSA8,SlogP_VSA10,SlogP_VSA11,SMR_VSA2,SMR_VSA3,SMR_VSA4,SMR_VSA6,SMR_VSA10,PEOE_VSA2,PEOE_VSA3,PEOE_VSA4,PEOE_VSA5,PEOE_VSA6,PEOE_VSA7,PEOE_VSA8,PEOE_VSA9,PEOE_VSA10,PEOE_VSA11,PEOE_VSA12,PEOE_VSA13,PEOE_VSA14,pChEMBL_Value
0.9603999999999997,336.3950000000001,2,0,3,0,1,2,5.316788604006331,16.00989599106965,24.303531089785253,17.547724606320003,0.0,6.076020106833881,5.817862777835028,0.0,0.0,14.783797982648164,11.835812092322787,31.495814227656634,23.70824234337192,9.589074368143644,4.9839785209472085,0.0,0.0,6.423349895620259,29.690111781615492,62.75289211918826,0.0,5.817862777835028,0.0,11.814359458703011,0.0,0.0,5.1
1.783,327.3840000000001,5,0,2,0,1,1,5.316788604006331,20.7467589448697,0.0,24.471461806010623,0.0,6.076020106833881,5.817862777835028,0.0,0.0,9.883888251797686,0.0,25.0131833803444,23.70824234337192,9.589074368143644,4.9839785209472085,0.0,0.0,12.152040213667764,36.61384898130611,31.783198113198118,12.71084835226122,5.817862777835028,0.0,11.814359458703011,0.0,0.0,6.77
1.8671999999999997,433.4680000000002,4,0,3,1,1,2,10.38000632897168,24.636190605348876,5.41499046939678,31.525675508852714,0.0,6.076020106833881,5.687386274683562,0.0,0.0,20.184655376751223,5.41499046939678,12.173015266242881,29.361010786585393,24.121109866802577,10.047196245912557,0.0,6.578935683598497,38.122595711599956,23.120829136389265,12.617665194539086,30.233422354970877,5.697039313055833,0.0,11.570039764721418,11.814359458703011,0.0,4.4
3.203500000000002,362.43300000000005,5,0,0,1,2,0,5.316788604006331,23.18150275673341,0.0,18.18111668623608,0.0,16.978945038914937,5.817862777835028,0.0,0.0,14.450987899589041,7.04767198267719,12.36446058668352,34.61116727545298,9.589074368143644,4.9839785209472085,0.0,0.0,18.19910120538483,41.29116408684211,44.50257355595669,6.544756405912575,5.817862777835028,0.0,11.814359458703011,0.0,0.0,6.52
1.8758,352.394,6,0,1,0,2,1,5.316788604006331,20.93281928645661,0.0,18.050640183084614,0.0,6.076020106833881,5.817862777835028,0.0,0.0,14.867866772744893,0.0,18.406301415831482,23.708242343371918,14.573052889090853,4.9839785209472085,0.0,0.0,0.0,41.468391364074314,44.67980083318888,12.71084835226122,5.817862777835028,0.0,11.814359458703011,0.0,0.0,6.58
3.7338200000000024,375.4280000000001,4,0,1,1,2,1,5.316788604006331,9.589074368143644,6.923737199690624,29.72879364812045,0.0,17.04526446294092,5.817862777835028,0.0,0.0,9.883888251797686,0.0,18.406301415831482,34.677486699478955,9.589074368143644,4.9839785209472085,0.0,0.0,18.19910120538483,42.325761495303325,37.67233790442753,5.917906046161393,17.16113033835171,0.0,11.814359458703011,0.0,0.0,6.79
2.798000000000001,379.41600000000017,4,0,2,1,1,1,14.790514511606428,9.589074368143644,0.0,30.389367852172015,0.0,6.076020106833881,5.817862777835028,11.49902366656781,0.0,9.883888251797686,0.0,25.19924372193131,23.708242343371918,9.589074368143644,4.9839785209472085,0.0,0.0,6.06636706846161,47.88921298700032,38.204019736124124,0.0,5.817862777835028,11.49902366656781,18.607301764802838,0.0,0.0,5.96
3.069300000000002,335.40700000000004,4,0,1,1,1,1,5.316788604006331,9.589074368143644,0.0,30.389367852172015,0.0,6.076020106833881,5.817862777835028,0.0,0.0,9.883888251797686,0.0,18.406301415831482,23.708242343371918,9.589074368143644,4.9839785209472085,0.0,0.0,30.33183534230805,35.7564788500771,38.204019736124124,0.0,5.817862777835028,0.0,11.814359458703011,0.0,0.0,5.92
2.4643000000000006,336.39500000000004,4,0,1,0,2,1,5.316788604006331,9.589074368143644,0.0,30.51984435532348,0.0,6.076020106833881,5.817862777835028,0.0,0.0,14.867866772744893,0.0,18.406301415831482,23.708242343371918,14.573052889090853,4.9839785209472085,0.0,0.0,6.06636706846161,42.325761495303325,50.09479130258566,0.0,5.817862777835028,0.0,11.814359458703011,0.0,0.0,4.55
2.5258000000000003,342.42400000000004,4,0,1,0,2,1,5.316788604006331,9.589074368143644,0.0,29.833540057327784,0.0,6.076020106833881,5.817862777835028,0.0,0.0,14.867866772744893,0.0,18.406301415831482,35.04502822130665,9.589074368143644,9.967957041894417,0.0,11.336785877934737,0.0,30.193027358380107,49.78092607820311,5.007623696852765,5.817862777835028,0.0,11.814359458703011,0.0,0.0,5.35
3.5119200000000026,376.4600000000001,5,0,0,1,2,0,5.316788604006331,23.18150275673341,6.923737199690624,23.744568177933076,0.0,16.978945038914937,5.817862777835028,0.0,0.0,14.450987899589041,7.04767198267719,12.36446058668352,34.61116727545298,9.589074368143644,4.9839785209472085,0.0,0.0,18.19910120538483,47.71198570976813,44.50257355595668,6.544756405912575,5.817862777835028,0.0,11.814359458703011,0.0,0.0,6.03
3.343600000000002,576.4220000000004,5,0,0,3,2,0,10.857580783801081,0.0,0.0,55.27942910245652,0.0,44.034636051715104,0.0,22.99804733313562,0.0,0.0,0.0,0.0,56.41283353695469,19.178148736287287,9.589074368143644,0.0,0.0,0.0,19.913841467842857,23.259637120317212,27.28557562678838,34.13912640395978,34.5645372258655,10.857580783801081,0.0,11.938610575903699,6.05
3.805500000000003,433.53300000000024,4,1,2,0,2,1,5.316788604006331,16.00989599106965,11.835812092322787,45.44111500041106,0.0,11.64912463690315,5.817862777835028,0.0,0.0,9.883888251797686,11.835812092322787,18.406301415831482,46.40137769774086,14.383611552215466,4.9839785209472085,0.0,11.336785877934737,6.076020106833881,72.5763213635474,36.660345306899416,4.877147193701299,5.817862777835028,5.783244946364939,11.814359458703011,0.0,0.0,6.0
3.851600000000003,309.38100000000003,3,0,1,1,0,1,4.736862953800049,4.736862953800049,11.735126887207288,33.61285484492389,0.0,0.0,9.184952231746642,5.749511833283905,0.0,4.899909730850478,5.917906046161393,19.696394776338067,6.093240070938415,0.0,9.184952231746642,0.0,0.0,0.0,63.79622916493172,13.08951281182515,6.606881964512918,17.16778348531349,0.0,0.0,0.0,6.093240070938415,6.6
3.851600000000003,309.38100000000003,3,0,1,1,0,1,4.736862953800049,4.736862953800049,11.735126887207288,33.61285484492389,0.0,0.0,9.184952231746642,5.749511833283905,0.0,4.899909730850478,5.917906046161393,19.696394776338067,6.093240070938415,0.0,9.184952231746642,0.0,0.0,0.0,57.878323118770325,19.007418857986544,6.606881964512918,17.16778348531349,0.0,0.0,0.0,6.093240070938415,5.89
4.725300000000004,310.34900000000005,3,0,0,2,1,0,0.0,6.4208216229260096,0.0,19.410925891078243,0.0,22.292943266678478,0.0,17.248535499851716,0.0,0.0,0.0,0.0,10.969244356107037,0.0,0.0,0.0,0.0,11.64912463690315,50.60013136461531,22.579494266320395,0.0,28.5918030603684,0.0,0.0,0.0,0.0,4.08
8.264200000000004,648.7080000000004,7,1,0,4,1,0,0.0,6.4208216229260096,5.917906046161393,66.07618846518046,0.0,22.292943266678478,0.0,40.246582832987336,0.0,0.0,5.917906046161393,0.0,16.75248930247198,4.794537184071822,0.0,0.0,0.0,29.364616342267908,87.70724288431377,51.96303096496318,5.563451491696996,51.589850393504015,5.783244946364939,0.0,0.0,0.0,5.26
4.902620000000004,304.7730000000001,4,0,0,1,1,0,10.16565334570059,6.4208216229260096,6.923737199690624,25.171173309952685,5.022633313741326,0.0,0.0,11.49902366656781,0.0,0.0,0.0,0.0,11.600939890232516,4.794537184071822,0.0,0.0,0.0,23.250064527135663,44.53376429615369,17.509822005128946,0.0,17.772922247797403,0.0,11.178302225184446,0.0,0.0,5.24
5.184200000000004,254.4139999999999,12,0,0,0,0,0,0.0,4.794537184071822,5.917906046161393,78.05569062864137,0.0,0.0,0.0,0.0,0.0,0.0,5.917906046161393,0.0,5.969305287951849,4.794537184071822,0.0,0.0,0.0,51.682801104753054,38.02201416079144,6.4208216229260096,0.0,0.0,0.0,0.0,0.0,5.969305287951849,4.8
5.574300000000005,268.44099999999986,13,0,0,0,0,0,0.0,4.794537184071822,5.917906046161393,84.47651225156739,0.0,0.0,0.0,0.0,0.0,0.0,5.917906046161393,0.0,5.969305287951849,4.794537184071822,0.0,0.0,0.0,58.10362272767907,38.02201416079144,6.4208216229260096,0.0,0.0,0.0,0.0,0.0,5.969305287951849,4.79
1.6154999999999997,406.4460000000002,6,0,2,0,2,1,5.316788604006331,27.268306197732294,0.0,30.295866304010552,0.0,6.076020106833881,5.817862777835028,0.0,0.0,19.851845293692104,5.15571272675054,18.406301415831482,29.41992734614262,9.589074368143644,14.951935562841626,0.0,0.0,5.15571272675054,42.68021604976772,37.508194067525125,18.801197814595852,11.642267275834955,6.103966387748303,11.814359458703011,0.0,0.0,6.06
2.4041000000000006,323.3960000000001,2,1,2,0,1,1,5.316788604006331,16.00989599106965,11.835812092322787,30.892283428936633,0.0,6.076020106833881,5.817862777835028,0.0,0.0,9.883888251797686,11.835812092322787,18.406301415831482,23.70824234337192,9.589074368143644,4.9839785209472085,0.0,0.0,11.64912463690315,54.870482696554916,31.783198113198118,0.0,5.817862777835028,0.0,11.814359458703011,0.0,0.0,5.81
4.601000000000006,518.4740000000003,1,0,2,4,0,0,9.473725907600098,0.0,0.0,47.405094996770906,0.0,32.671799841253176,0.0,45.99609466627124,0.0,0.0,0.0,0.0,33.11138675058906,9.589074368143644,0.0,0.0,0.0,0.0,25.980208536304467,46.87372879509882,10.772448428929591,69.33093042516184,11.566489892729878,0.0,0.0,0.0,5.72
3.541400000000002,373.456,3,0,2,1,1,0,5.316788604006331,16.00989599106965,5.917906046161393,30.034913297707618,0.0,11.64912463690315,5.817862777835028,0.0,0.0,9.883888251797686,5.917906046161393,18.406301415831482,29.281346873441187,9.589074368143644,4.9839785209472085,0.0,0.0,43.331592648832554,46.744573849543144,31.783198113198118,0.0,5.817862777835028,0.0,11.814359458703011,0.0,0.0,5.82
2.794200000000001,337.4230000000001,3,1,2,0,1,1,5.316788604006331,16.00989599106965,11.835812092322787,37.31310505186264,0.0,6.076020106833881,5.817862777835028,0.0,0.0,9.883888251797686,11.835812092322787,18.406301415831482,23.70824234337192,9.589074368143644,4.9839785209472085,0.0,0.0,18.572861836593773,54.367567119790294,31.783198113198118,0.0,5.817862777835028,0.0,11.814359458703011,0.0,0.0,5.97
4.902620000000004,304.7730000000001,5,0,0,1,1,0,10.16565334570059,6.4208216229260096,6.923737199690624,24.66825773318807,5.022633313741326,0.0,0.0,11.49902366656781,0.0,0.0,0.0,0.0,11.600939890232516,4.794537184071822,0.0,0.0,0.0,30.676717303590898,37.10711151969846,17.509822005128946,0.0,17.772922247797403,0.0,11.178302225184446,0.0,0.0,5.19
3.018200000000001,327.4280000000001,4,0,2,0,1,1,5.316788604006331,16.00989599106965,5.917906046161393,50.15474829771466,0.0,6.076020106833881,5.817862777835028,0.0,0.0,9.883888251797686,5.917906046161393,18.406301415831482,23.70824234337192,9.589074368143644,4.9839785209472085,0.0,0.0,19.765380445542643,48.4496610736289,31.783198113198118,0.0,5.817862777835028,0.0,11.814359458703011,0.0,0.0,7.39
5.52612000000001,690.8270000000001,21,0,1,2,0,1,9.473725907600098,11.157684576726059,6.923737199690624,128.65812025558643,0.0,0.0,0.0,22.99804733313562,0.0,0.0,0.0,6.606881964512918,11.938610575903699,0.0,9.589074368143644,0.0,0.0,90.39441829772878,43.025017565859855,12.13273413692322,6.606881964512918,58.54081586752282,0.0,6.290026729335213,0.0,11.938610575903699,5.5
2.3971,343.42700000000013,7,0,2,0,1,1,5.316788604006331,20.7467589448697,0.0,43.73392667478865,0.0,6.076020106833881,5.817862777835028,0.0,0.0,9.883888251797686,0.0,25.0131833803444,23.70824234337192,9.589074368143644,4.9839785209472085,0.0,0.0,19.765380445542643,36.1109334045415,38.39008007771103,6.103966387748303,5.817862777835028,0.0,11.814359458703011,0.0,0.0,7.6
1.7952999999999997,391.4930000000002,7,0,2,0,1,1,5.316788604006331,25.847149127487153,0.0,43.73392667478865,0.0,6.076020106833881,5.817862777835028,0.0,0.0,9.883888251797686,0.0,24.159155022578272,33.54549547978942,9.589074368143644,13.401775505276145,0.0,0.0,19.765380445542643,36.1109334045415,31.783198113198118,11.002791636728963,5.817862777835028,9.837253136417502,11.814359458703011,0.0,0.0,5.07
5.936300000000006,438.5710000000001,6,0,1,3,1,0,0.0,25.93115605767717,0.0,52.507651591250905,0.0,10.902924932081056,0.0,5.749511833283905,0.0,9.467009378641833,0.0,6.544756405912575,16.810104661432565,4.794537184071822,0.0,0.0,0.0,55.8091283018479,66.28465468617706,35.24981723045167,6.544756405912575,5.749511833283905,0.0,0.0,5.907179729351506,0.0,6.29
5.636540000000005,377.4840000000001,8,0,0,2,1,0,14.90251629950064,13.151638370425493,13.847474399381248,36.586211423785095,0.0,0.0,0.0,17.248535499851716,0.0,4.567099647791355,0.0,0.0,0.0,4.794537184071822,0.0,0.0,0.0,49.239845656621675,44.030848719389084,12.611123474374185,11.890771566461538,18.105905631080727,5.749511833283905,5.428790391900541,0.0,0.0,6.0
5.981520000000006,397.90200000000016,8,0,0,2,1,0,14.90251629950064,13.151638370425493,6.923737199690624,31.0227599320881,5.022633313741326,0.0,0.0,17.248535499851716,0.0,4.567099647791355,0.0,0.0,11.600939890232516,4.794537184071822,0.0,0.0,0.0,43.14459991823398,49.239845656621675,17.633756788115512,11.890771566461538,18.105905631080727,5.749511833283905,5.428790391900541,0.0,0.0,6.2
6.326500000000005,418.3200000000002,8,0,0,2,1,0,14.90251629950064,13.151638370425493,0.0,25.459308440391105,10.045266627482652,0.0,0.0,17.248535499851716,0.0,4.567099647791355,0.0,0.0,23.20187978046503,4.794537184071822,0.0,0.0,0.0,54.745539808466496,36.75265696523406,17.633756788115512,16.913404880202865,18.105905631080727,5.749511833283905,5.428790391900541,0.0,0.0,5.9
3.7574000000000023,492.6200000000004,8,0,2,1,1,1,14.790514511606428,22.554652396982227,5.41499046939678,42.876556543559644,0.0,6.076020106833881,5.817862777835028,11.49902366656781,0.0,14.783797982648164,5.41499046939678,46.21832488697632,23.70824234337192,9.589074368143644,4.9839785209472085,0.0,0.0,19.056471336613843,75.15612851335747,31.428743558733718,19.13166997518723,5.817862777835028,11.49902366656781,11.814359458703011,0.0,0.0,7.58
3.4152000000000013,478.59300000000036,8,0,2,1,1,1,20.10730311561276,22.554652396982227,5.41499046939678,42.876556543559644,0.0,6.076020106833881,5.817862777835028,11.49902366656781,0.0,15.200676855804016,5.41499046939678,39.17065290429912,23.70824234337192,9.589074368143644,4.9839785209472085,0.0,0.0,19.056471336613843,68.10845653068029,31.428743558733718,19.13166997518723,5.817862777835028,11.49902366656781,11.814359458703011,0.0,0.0,7.15
5.037720000000005,412.33100000000013,4,0,1,2,1,1,4.899909730850478,11.339293589984397,6.923737199690624,37.07114248140096,0.0,11.033401435232523,5.687386274683562,0.0,0.0,9.551078168738563,0.0,11.444666136763054,38.557911337216936,4.794537184071822,4.9839785209472085,0.0,0.0,41.0527823030248,43.173478588160066,35.58834627142853,11.033401435232523,5.824404497999927,0.0,5.907179729351506,0.0,0.0,6.13
1.9473,381.4320000000002,4,1,2,0,1,1,5.316788604006331,25.54129612894152,11.835812092322787,30.892283428936633,0.0,6.076020106833881,5.817862777835028,0.0,0.0,9.883888251797686,11.835812092322787,25.0131833803444,29.67754763132377,9.589074368143644,9.77851570501903,0.0,0.0,6.076020106833881,48.95257665039351,43.274208689428775,6.606881964512918,5.817862777835028,0.0,11.814359458703011,0.0,5.969305287951849,5.85
3.8967800000000015,275.25399999999996,3,0,0,2,0,0,4.736862953800049,6.4208216229260096,22.96555454962255,18.050640183084614,0.0,0.0,8.78083009534964,17.248535499851716,5.261891554738487,0.0,0.0,0.0,0.0,0.0,8.78083009534964,5.261891554738487,0.0,6.923737199690624,36.249741388469445,6.06636706846161,11.63267280448927,5.817220841045895,23.06575634089761,0.0,0.0,0.0,7.51
2.597100000000001,376.3590000000001,4,0,1,2,0,1,10.05365155780638,11.21535880699783,11.63444168209179,22.845177367156435,0.0,0.0,8.78083009534964,17.248535499851716,0.0,10.216698334856808,0.0,19.634269217737724,11.814359458703011,9.589074368143644,8.78083009534964,0.0,0.0,6.923737199690624,36.249741388469445,24.719331371983756,6.544756405912575,5.817220841045895,23.06575634089761,5.907179729351506,5.907179729351506,0.0,7.8
3.3847000000000014,307.296,4,0,0,2,0,0,10.05365155780638,6.4208216229260096,11.63444168209179,22.845177367156435,0.0,0.0,8.78083009534964,17.248535499851716,0.0,5.316788604006331,0.0,7.04767198267719,5.907179729351506,4.794537184071822,8.78083009534964,0.0,0.0,6.923737199690624,36.249741388469445,18.677490542835795,0.0,5.817220841045895,23.06575634089761,0.0,5.907179729351506,0.0,7.09
3.723300000000002,294.253,4,0,0,2,0,0,4.736862953800049,6.4208216229260096,11.63444168209179,22.845177367156435,0.0,0.0,8.78083009534964,17.248535499851716,0.0,0.0,0.0,0.0,5.969305287951849,0.0,13.575367279421462,0.0,0.0,6.923737199690624,36.249741388469445,6.06636706846161,5.563451491696996,5.817220841045895,23.06575634089761,0.0,0.0,5.969305287951849,6.75
3.1240000000000006,293.26899999999995,4,0,0,2,0,0,10.470530430962235,6.4208216229260096,11.63444168209179,22.845177367156435,0.0,0.0,8.78083009534964,17.248535499851716,0.0,0.0,5.733667477162185,0.0,5.907179729351506,4.794537184071822,8.78083009534964,0.0,0.0,6.923737199690624,36.249741388469445,11.629818560158606,0.0,5.817220841045895,23.06575634089761,5.907179729351506,0.0,0.0,7.919999999999999
3.886000000000002,232.254,3,0,0,2,0,0,4.736862953800049,6.4208216229260096,5.817220841045895,12.487188691387619,0.0,0.0,4.39041504767482,17.248535499851716,0.0,0.0,0.0,0.0,0.0,0.0,4.39041504767482,0.0,0.0,25.122838405075452,30.183374320007832,6.06636706846161,0.0,11.5667326743298,11.49902366656781,0.0,0.0,0.0,7.43
4.025100000000001,250.24399999999997,3,0,0,2,0,0,4.736862953800049,6.4208216229260096,11.63444168209179,12.487188691387619,0.0,0.0,8.78083009534964,17.248535499851716,0.0,0.0,0.0,0.0,0.0,0.0,8.78083009534964,0.0,0.0,19.056471336613843,30.183374320007832,6.06636706846161,0.0,5.817220841045895,23.06575634089761,0.0,0.0,0.0,8.1
3.4201000000000015,251.23199999999997,3,0,0,1,1,0,4.736862953800049,6.4208216229260096,11.764918185243257,12.487188691387619,0.0,0.0,8.78083009534964,17.248535499851716,0.0,4.9839785209472085,0.0,0.0,0.0,0.0,9.374393568622029,4.39041504767482,0.0,6.923737199690624,30.183374320007832,12.263210640074686,0.0,5.817220841045895,17.248535499851716,0.0,5.947697344197361,0.0,7.89
2.8632,248.25699999999998,3,0,0,1,1,0,10.470530430962235,6.4208216229260096,5.817220841045895,12.487188691387619,0.0,0.0,10.208277825509848,17.248535499851716,0.0,4.9839785209472085,0.0,5.733667477162185,5.817862777835028,0.0,9.374393568622029,0.0,0.0,6.923737199690624,30.183374320007832,12.263210640074686,0.0,5.817220841045895,23.066398277686744,0.0,0.0,0.0,7.25
3.0367000000000006,434.39500000000015,5,0,1,2,0,1,14.790514511606428,15.95222176079788,11.63444168209179,22.845177367156435,0.0,0.0,13.575367279421462,17.248535499851716,0.0,10.216698334856808,0.0,26.74406675901526,17.96972508824177,9.589074368143644,13.575367279421462,0.0,0.0,6.923737199690624,36.249741388469445,24.719331371983756,13.65455394719011,5.817220841045895,23.06575634089761,5.907179729351506,5.907179729351506,6.155365629538759,5.3
3.4270000000000014,307.296,5,0,0,2,0,0,15.207393384762284,6.4208216229260096,11.63444168209179,22.845177367156435,0.0,0.0,8.78083009534964,17.248535499851716,0.0,0.0,5.733667477162185,7.109797541277533,5.907179729351506,4.794537184071822,8.78083009534964,0.0,0.0,6.923737199690624,36.249741388469445,11.629818560158606,7.109797541277533,5.817220841045895,23.06575634089761,5.907179729351506,0.0,0.0,4.68
3.7021000000000024,300.354,7,0,0,2,0,0,4.736862953800049,6.4208216229260096,0.0,35.68682061300845,0.0,0.0,0.0,17.248535499851716,0.0,0.0,0.0,6.606881964512918,5.783244946364939,4.794537184071822,0.0,0.0,0.0,12.990104268152233,54.80329714831867,18.591155079135923,0.0,5.749511833283905,17.28226861293275,0.0,0.0,0.0,7.32
2.458,358.3690000000001,4,0,1,2,0,1,10.05365155780638,11.21535880699783,5.817220841045895,22.845177367156435,0.0,0.0,4.39041504767482,17.248535499851716,0.0,10.216698334856808,0.0,19.634269217737724,11.814359458703011,9.589074368143644,4.39041504767482,0.0,0.0,12.990104268152233,42.316108456931055,18.652964303522147,6.544756405912575,0.0,23.065756340897607,5.907179729351506,5.907179729351506,0.0,7.545
4.647620000000004,398.30400000000014,3,0,1,2,1,1,4.899909730850478,11.339293589984397,6.923737199690624,30.65032085847495,0.0,11.033401435232523,5.687386274683562,0.0,0.0,9.551078168738563,0.0,11.444666136763054,38.557911337216936,4.794537184071822,4.9839785209472085,0.0,0.0,34.12904510333418,43.67639416492468,35.58834627142853,11.033401435232523,5.824404497999927,0.0,5.907179729351506,0.0,0.0,6.47
1.4723999999999993,380.44800000000015,3,1,2,0,1,1,5.316788604006331,20.804433175141476,11.835812092322787,23.968546229246012,0.0,6.076020106833881,5.817862777835028,0.0,0.0,14.783797982648164,11.835812092322787,32.50164538118586,29.615422072723426,14.383611552215466,4.9839785209472085,0.0,0.0,6.076020106833881,42.02883945070289,57.369552654783156,0.0,5.817862777835028,0.0,17.721539188054518,0.0,0.0,5.37
2.8273,320.396,4,0,0,1,2,0,5.733667477162185,18.386965572661587,0.0,11.257379486545457,0.0,16.978945038914937,5.817862777835028,0.0,0.0,14.450987899589041,7.04767198267719,12.781339459839375,28.70398754610147,4.794537184071822,4.9839785209472085,0.0,0.0,18.19910120538483,41.29116408684211,37.57883635626606,6.544756405912575,5.817862777835028,0.0,5.907179729351506,0.0,0.0,5.62
3.1095000000000006,443.5510000000003,4,0,2,1,2,1,10.633577208012662,29.602324379659418,5.41499046939678,29.66247422409447,0.0,16.978945038914937,5.817862777835028,0.0,0.0,19.76777650359537,12.46266245207397,25.45397339850867,34.61116727545298,9.589074368143644,4.9839785209472085,0.0,0.0,18.19910120538483,73.14022619068068,37.57883635626606,11.959746875309355,5.817862777835028,0.0,11.814359458703011,0.0,0.0,6.88
3.1298000000000012,374.44400000000013,4,0,1,1,2,0,5.316788604006331,29.602324379659418,0.0,23.24165260116846,0.0,16.978945038914937,5.817862777835028,0.0,0.0,14.450987899589041,7.04767198267719,12.36446058668352,34.61116727545298,9.589074368143644,4.9839785209472085,0.0,0.0,18.19910120538483,47.20907013300351,43.999657979192065,6.544756405912575,5.817862777835028,0.0,11.814359458703011,0.0,0.0,7.3
3.603200000000002,360.4610000000001,4,0,1,1,2,0,5.316788604006331,24.807787195587597,0.0,23.24165260116846,0.0,16.978945038914937,5.817862777835028,0.0,0.0,14.450987899589041,7.04767198267719,18.909216992596097,28.70398754610147,4.794537184071822,4.9839785209472085,0.0,0.0,18.19910120538483,53.62989175592952,44.12359276217863,6.544756405912575,5.817862777835028,0.0,5.907179729351506,0.0,0.0,5.64
4.373000000000004,386.4510000000001,5,0,0,3,1,0,0.0,13.08951281182515,0.0,21.615368162314272,0.0,10.902924932081056,0.0,11.49902366656781,0.0,9.467009378641833,0.0,7.04767198267719,16.81010466143256,4.794537184071822,0.0,0.0,0.0,30.33183534230805,59.480612253854666,30.366508592751483,6.544756405912575,11.49902366656781,0.0,0.0,5.907179729351506,0.0,6.0
3.1298000000000012,374.4440000000002,4,0,1,1,2,0,5.316788604006331,29.602324379659418,0.0,23.111176098016998,0.0,16.978945038914937,5.817862777835028,0.0,0.0,14.450987899589041,7.04767198267719,12.36446058668352,34.61116727545298,9.589074368143644,4.9839785209472085,0.0,0.0,18.19910120538483,41.319930341774096,56.433554176334056,0.0,5.817862777835028,0.0,11.814359458703011,0.0,0.0,6.89
8.90250000000001,1344.782,9,0,4,7,1,0,31.320805973831703,46.403403534354766,0.0,67.90606094254264,30.13579988244796,22.02982791547505,0.0,46.126571169422704,0.0,36.46783127182934,0.0,7.04767198267719,127.70419288390198,33.561760288502754,4.794537184071822,0.0,0.0,106.00384175216479,112.24348084018294,47.48259463570125,30.13579988244796,41.70822781230761,40.66938833200285,35.31914359312247,5.907179729351506,5.969305287951849,6.22
9.196900000000008,1328.783,9,0,3,7,1,0,31.320805973831703,46.403403534354766,0.0,67.90606094254264,30.13579988244796,22.02982791547505,0.0,40.246582832987336,0.0,36.46783127182934,0.0,7.04767198267719,127.70419288390198,33.561760288502754,4.794537184071822,0.0,0.0,112.0702088206264,106.17711377172132,48.16273748969806,35.65250060006422,41.70822781230761,34.789399995567486,35.31914359312247,5.907179729351506,5.969305287951849,6.52
9.196900000000008,1328.783,9,0,3,7,1,0,31.320805973831703,46.403403534354766,0.0,68.0365374456941,30.13579988244796,22.029827915475046,0.0,40.246582832987336,0.0,36.46783127182934,0.0,7.04767198267719,127.70419288390198,33.561760288502754,4.794537184071822,0.0,0.0,106.00384175216479,123.69607212310936,42.22684692438793,30.13579988244796,41.70822781230761,34.789399995567486,35.31914359312247,5.907179729351506,5.969305287951849,6.3
4.635400000000003,411.5050000000001,4,0,1,3,1,0,5.316788604006331,19.51033443475116,0.0,27.17881965401127,0.0,10.902924932081056,5.687386274683562,5.749511833283905,0.0,9.467009378641833,0.0,18.909216992596097,22.497490936116126,4.794537184071822,0.0,0.0,0.0,30.33183534230805,60.01229408555127,47.98487548781242,6.544756405912575,5.749511833283905,0.0,0.0,5.907179729351506,0.0,5.68
1.200399999999999,467.4970000000002,6,0,2,1,1,1,15.443219880862689,25.54129612894152,17.65303293336868,24.825916360475023,0.0,6.076020106833881,4.39041504767482,5.749511833283905,0.0,9.883888251797686,16.828216824958456,26.806192317615604,23.85968485348874,14.383611552215466,9.374393568622029,4.992404732635669,0.0,6.076020106833881,66.29430772454933,25.707178006364238,13.716679505790452,17.484638720491194,5.48770695145777,5.907179729351506,5.907179729351506,5.969305287951849,7.22
3.1796000000000006,465.48100000000017,6,0,1,1,2,1,10.296129848852058,9.53140013787187,11.735126887207288,28.763083413317833,0.0,17.109421542066404,4.39041504767482,5.749511833283905,0.0,14.867866772744893,5.917906046161393,26.806192317615604,28.985906559369756,9.589074368143644,14.16893075269385,0.0,0.0,0.0,66.79722330131395,30.748600704736905,13.716679505790452,22.77736138679452,0.0,5.907179729351506,5.559266895052008,5.969305287951849,6.26
4.380300000000004,440.4990000000001,4,0,1,3,1,0,0.0,24.24719738855121,0.0,37.53680832978009,0.0,10.902924932081056,0.0,5.749511833283905,0.0,9.467009378641833,0.0,13.65455394719011,22.779409949384416,4.794537184071822,4.794537184071822,0.0,0.0,30.33183534230805,60.01229408555127,35.24981723045167,19.218005438887104,5.749511833283905,0.0,0.0,5.907179729351506,5.969305287951849,5.7
1.8628999999999998,341.4110000000001,3,1,2,0,1,1,5.316788604006331,20.7467589448697,11.835812092322787,30.38936785217202,0.0,6.076020106833881,5.817862777835028,0.0,0.0,9.883888251797686,11.835812092322787,25.516098957109016,23.70824234337192,9.589074368143644,4.9839785209472085,0.0,0.0,0.0,54.367567119790294,38.89299565447565,6.103966387748303,5.817862777835028,0.0,11.814359458703011,0.0,0.0,5.38
3.2319000000000013,266.68,4,0,0,1,1,0,10.16565334570059,11.343744918312968,0.0,5.760247418874442,5.022633313741326,0.0,0.0,11.49902366656781,0.0,0.0,0.0,7.109797541277533,11.600939890232516,4.794537184071822,0.0,0.0,0.0,11.600939890232516,24.26546827384644,18.19879792348047,0.0,24.379804212310322,0.0,11.178302225184446,0.0,0.0,5.28
3.8649000000000022,400.2760000000002,3,0,1,2,1,1,9.636772684650527,11.842209166749011,0.0,18.16313216708733,0.0,11.033401435232523,5.687386274683562,5.749511833283905,0.0,9.551078168738563,7.04767198267719,18.554463678040587,38.557911337216936,4.794537184071822,4.9839785209472085,0.0,0.0,18.19910120538483,40.19541217179579,25.931156057677168,28.303304767026027,5.824404497999927,5.749511833283905,5.907179729351506,0.0,0.0,6.7
3.9845200000000025,278.35499999999996,4,0,0,2,1,0,4.736862953800049,6.4208216229260096,6.923737199690624,16.95130748139392,0.0,11.257379486545457,0.0,5.749511833283905,0.0,9.967957041894417,0.0,7.109797541277533,0.0,0.0,4.9839785209472085,0.0,0.0,29.828919765543436,36.75265696523406,18.18111668623608,12.803725536125995,11.573916331283833,0.0,0.0,0.0,0.0,4.18
4.6258000000000035,332.325,4,0,0,2,1,0,4.736862953800049,12.72105492335605,0.0,11.126902983393991,0.0,11.257379486545457,13.171245143024459,5.749511833283905,0.0,9.551078168738563,0.0,7.109797541277533,0.0,0.0,4.9839785209472085,13.171245143024459,0.0,12.13273413692322,41.96165390246666,18.305051469222647,24.694497102587533,5.749511833283905,0.0,0.0,0.0,6.176298517443475,5.39
3.915420000000003,278.355,4,0,0,2,1,0,4.736862953800049,6.544756405912575,6.923737199690624,11.126902983393991,0.0,11.257379486545457,0.0,5.749511833283905,0.0,9.551078168738563,0.0,7.109797541277533,0.0,0.0,4.9839785209472085,0.0,0.0,29.828919765543436,36.75265696523406,18.305051469222647,19.13104561089054,5.749511833283905,0.0,0.0,0.0,0.0,6.52
3.607000000000002,264.32800000000003,4,0,0,2,1,0,4.736862953800049,6.544756405912575,0.0,5.563451491696996,0.0,11.257379486545457,0.0,5.749511833283905,0.0,9.551078168738563,0.0,7.109797541277533,0.0,0.0,4.9839785209472085,0.0,0.0,30.33183534230805,29.828919765543436,18.305051469222647,19.13104561089054,5.749511833283905,0.0,0.0,0.0,0.0,5.95
4.602300000000004,412.4890000000001,4,0,1,3,1,0,4.736862953800049,19.51033443475116,0.0,27.17881965401127,0.0,10.902924932081056,0.0,11.49902366656781,0.0,9.467009378641833,0.0,13.65455394719011,16.810104661432565,4.794537184071822,0.0,0.0,0.0,30.33183534230805,60.01229408555127,35.24981723045167,13.65455394719011,11.49902366656781,0.0,0.0,5.907179729351506,0.0,6.43
3.304000000000001,389.4550000000002,4,0,2,1,1,0,10.05365155780638,16.00989599106965,0.0,29.531997720943007,0.0,11.64912463690315,5.817862777835028,5.749511833283905,0.0,9.883888251797686,0.0,25.516098957109016,29.281346873441187,9.589074368143644,4.9839785209472085,0.0,0.0,18.208754243757102,59.38022356323099,31.783198113198118,7.109797541277533,11.567374611118932,0.0,11.814359458703011,0.0,0.0,5.66
3.0779000000000014,365.4330000000001,5,0,1,1,1,1,10.05365155780638,9.589074368143644,0.0,30.38936785217202,0.0,6.076020106833881,5.817862777835028,5.749511833283905,0.0,9.883888251797686,0.0,25.516098957109016,23.70824234337192,9.589074368143644,4.9839785209472085,0.0,0.0,12.13273413692322,47.88921298700032,38.204019736124124,7.109797541277533,11.567374611118932,0.0,11.814359458703011,0.0,0.0,5.44
3.907200000000003,329.827,4,0,1,2,0,1,4.736862953800049,11.21535880699783,0.0,23.465630652481394,5.022633313741326,0.0,0.0,5.749511833283905,0.0,4.899909730850478,0.0,20.199310353102685,17.508119619584022,4.794537184071822,0.0,0.0,0.0,41.932775232540564,35.74682581170483,24.03005217172787,13.530619164203543,5.749511833283905,0.0,5.907179729351506,0.0,0.0,4.9
3.6685000000000025,270.357,4,0,0,1,2,0,4.736862953800049,6.544756405912575,0.0,5.563451491696996,0.0,11.257379486545457,0.0,5.749511833283905,0.0,9.551078168738563,0.0,7.109797541277533,11.336785877934737,0.0,4.9839785209472085,11.336785877934737,0.0,12.13273413692322,29.142615467547742,23.685114239688563,19.131045610890535,5.749511833283905,0.0,0.0,0.0,0.0,5.72
3.864900000000003,400.2760000000001,3,0,1,2,1,1,9.636772684650527,11.842209166749011,0.0,18.16313216708733,0.0,11.033401435232523,5.687386274683562,5.749511833283905,0.0,9.551078168738563,7.04767198267719,18.554463678040587,38.55791133721694,4.794537184071822,4.9839785209472085,0.0,0.0,12.13273413692322,46.2617792402574,31.618542332360732,22.61591849234247,11.573916331283833,0.0,5.907179729351506,0.0,0.0,5.52
3.304000000000001,389.4550000000002,4,0,2,1,1,0,10.05365155780638,16.00989599106965,0.0,29.531997720943007,0.0,11.64912463690315,5.817862777835028,5.749511833283905,0.0,9.883888251797686,0.0,25.516098957109016,29.281346873441187,9.589074368143644,4.9839785209472085,0.0,0.0,18.208754243757102,59.38022356323099,31.783198113198118,7.109797541277533,11.567374611118932,0.0,11.814359458703011,0.0,0.0,5.62
3.410820000000002,335.40700000000015,3,0,1,2,1,1,9.636772684650527,11.842209166749011,6.923737199690624,23.726583658784325,0.0,11.033401435232523,5.687386274683562,5.749511833283905,0.0,9.551078168738563,7.04767198267719,18.554463678040587,22.627967439267593,4.794537184071822,4.9839785209472085,0.0,0.0,18.19910120538483,31.189205473537065,31.494607549374162,23.830585251193618,11.573916331283833,0.0,5.907179729351506,0.0,0.0,5.64
3.5500000000000016,415.4930000000002,4,1,2,1,1,1,10.05365155780638,16.00989599106965,11.835812092322787,29.531997720943007,0.0,11.64912463690315,5.817862777835028,5.749511833283905,0.0,9.883888251797686,11.835812092322787,25.516098957109016,29.281346873441187,9.589074368143644,4.9839785209472085,0.0,0.0,24.27512131221871,59.58621709539517,37.34664960489511,7.109797541277533,11.567374611118932,0.0,11.814359458703011,0.0,0.0,5.84
3.304000000000001,389.45500000000015,4,0,2,1,1,0,10.05365155780638,16.00989599106965,0.0,29.531997720943004,0.0,11.64912463690315,5.817862777835028,5.749511833283905,0.0,9.883888251797686,0.0,25.516098957109016,29.281346873441187,9.589074368143644,4.9839785209472085,0.0,0.0,24.27512131221871,47.75040500307237,37.34664960489511,7.109797541277533,11.567374611118932,0.0,11.814359458703011,0.0,0.0,5.69
3.304000000000001,389.4550000000002,4,0,2,1,1,0,10.05365155780638,16.00989599106965,0.0,29.531997720943007,0.0,11.64912463690315,5.817862777835028,5.749511833283905,0.0,9.883888251797686,0.0,25.516098957109016,29.281346873441187,9.589074368143644,4.9839785209472085,0.0,0.0,24.27512131221871,47.75040500307239,37.34664960489511,7.109797541277533,11.567374611118932,0.0,11.814359458703011,0.0,0.0,6.09
3.0779000000000005,365.4330000000001,5,0,1,1,1,1,10.05365155780638,9.589074368143644,0.0,30.38936785217202,0.0,6.076020106833881,5.817862777835028,5.749511833283905,0.0,9.883888251797686,0.0,25.516098957109016,23.70824234337192,9.589074368143644,4.9839785209472085,0.0,0.0,18.19910120538483,41.82284591853871,38.204019736124124,7.109797541277533,11.567374611118932,0.0,11.814359458703011,0.0,0.0,5.46
3.394300000000001,391.47100000000023,4,0,2,1,1,1,10.05365155780638,16.00989599106965,0.0,41.870725390030415,0.0,6.076020106833881,5.817862777835028,5.749511833283905,0.0,9.883888251797686,0.0,25.516098957109016,23.70824234337192,9.589074368143644,4.9839785209472085,0.0,0.0,18.19910120538483,60.079479633787514,31.783198113198118,7.109797541277533,11.567374611118932,0.0,11.814359458703011,0.0,0.0,5.87
3.5320000000000027,331.36199999999997,4,0,1,2,0,1,4.736862953800049,11.21535880699783,11.63444168209179,23.465630652481394,0.0,0.0,8.78083009534964,5.749511833283905,0.0,4.899909730850478,0.0,20.199310353102685,5.907179729351506,4.794537184071822,8.78083009534964,0.0,0.0,24.26546827384644,30.183374320007836,24.57087034968354,13.530619164203543,17.383953515375694,0.0,5.907179729351506,0.0,0.0,5.24
3.5320000000000027,331.362,4,0,1,2,0,1,4.736862953800049,11.21535880699783,11.63444168209179,23.465630652481394,0.0,0.0,8.78083009534964,5.749511833283905,0.0,4.899909730850478,0.0,20.199310353102685,5.907179729351506,4.794537184071822,8.78083009534964,0.0,0.0,30.33183534230805,24.117007251546227,24.57087034968354,13.530619164203543,5.749511833283905,11.63444168209179,5.907179729351506,0.0,0.0,5.52
3.907200000000003,329.827,4,0,1,2,0,1,4.736862953800049,11.21535880699783,0.0,23.465630652481394,5.022633313741326,0.0,0.0,5.749511833283905,0.0,4.899909730850478,0.0,20.199310353102685,17.508119619584022,4.794537184071822,0.0,0.0,0.0,47.99914230100218,29.68045874324322,24.03005217172787,13.530619164203543,5.749511833283905,0.0,5.907179729351506,0.0,0.0,6.3
3.3929000000000027,313.372,4,0,1,2,0,1,4.736862953800049,11.21535880699783,5.817220841045895,23.465630652481394,0.0,0.0,4.39041504767482,5.749511833283905,0.0,4.899909730850478,0.0,20.199310353102685,5.907179729351506,4.794537184071822,4.39041504767482,0.0,0.0,36.39820241076966,29.68045874324322,19.007418857986544,13.530619164203543,11.5667326743298,0.0,5.907179729351506,0.0,0.0,5.34
3.3895000000000017,403.48200000000026,5,0,2,1,1,0,10.05365155780638,22.43071761399566,0.0,29.531997720943007,0.0,6.076020106833881,5.817862777835028,5.749511833283905,0.0,9.883888251797686,0.0,25.516098957109016,23.70824234337192,9.589074368143644,4.9839785209472085,0.0,0.0,29.84822584228798,54.16157358762612,31.783198113198118,7.109797541277533,11.567374611118932,0.0,11.814359458703011,0.0,0.0,5.58
2.5829000000000004,418.49700000000024,4,0,3,1,1,2,14.953561288656857,16.00989599106965,11.835812092322787,17.547724606320003,0.0,6.076020106833881,11.50524905251859,5.749511833283905,0.0,9.883888251797686,11.835812092322787,43.50552149978464,29.395628618055483,9.589074368143644,4.9839785209472085,0.0,0.0,12.13273413692322,41.82284591853872,56.708523017346046,12.797183815961095,11.567374611118932,0.0,11.814359458703011,0.0,0.0,5.92
2.945000000000001,416.4810000000003,4,1,2,0,2,1,10.05365155780638,16.00989599106965,11.835812092322787,29.531997720943007,0.0,11.64912463690315,5.817862777835028,5.749511833283905,0.0,14.867866772744893,11.835812092322787,25.516098957109016,29.281346873441187,14.573052889090853,4.9839785209472085,0.0,0.0,6.076020106833881,59.58621709539517,49.74033674812126,7.109797541277533,11.567374611118932,0.0,11.814359458703011,0.0,0.0,5.89
2.6990000000000007,390.44300000000027,4,0,2,0,2,0,10.05365155780638,16.00989599106965,0.0,29.531997720943007,0.0,11.64912463690315,5.817862777835028,5.749511833283905,0.0,14.867866772744893,0.0,25.516098957109016,29.281346873441187,14.573052889090853,4.9839785209472085,0.0,0.0,6.076020106833881,47.75040500307239,49.74033674812126,7.109797541277533,11.567374611118932,0.0,11.814359458703011,0.0,0.0,5.7
3.611500000000002,421.5220000000003,4,1,2,0,2,1,10.05365155780638,16.00989599106965,11.835812092322787,28.84569342294731,0.0,11.64912463690315,5.817862777835028,5.749511833283905,0.0,9.883888251797686,11.835812092322787,25.516098957109016,40.61813275137592,9.589074368143644,4.9839785209472085,0.0,11.336785877934737,6.076020106833881,64.96627986586108,31.783198113198118,11.986944734978833,11.567374611118932,0.0,11.814359458703011,0.0,0.0,5.99
2.436400000000001,317.4100000000001,5,0,1,2,0,1,0.0,14.30121229168326,0.0,17.16874381254195,0.0,0.0,0.0,0.0,0.0,4.899909730850478,0.0,19.345281995336556,10.118126859033554,9.082995163500186,0.0,8.417796984328938,0.0,60.6636706846161,11.126902983393991,13.08951281182515,12.297610012659366,6.103966387748303,0.0,0.0,10.118126859033554,0.0,6.0
3.997200000000003,460.5550000000003,4,0,1,3,1,0,0.0,29.347587571168663,0.0,27.178819654011267,0.0,10.902924932081056,0.0,5.749511833283905,0.0,9.467009378641833,0.0,12.80052558942398,26.647357797850063,4.794537184071822,8.417796984328938,0.0,0.0,30.33183534230805,60.01229408555127,41.505586413963066,11.440239881430351,5.749511833283905,9.837253136417502,0.0,5.907179729351506,0.0,6.48
3.4278200000000014,374.44400000000013,4,0,1,1,2,0,5.316788604006331,22.554652396982227,6.923737199690624,28.805104092865456,0.0,16.978945038914937,5.817862777835028,0.0,0.0,14.867866772744893,0.0,12.36446058668352,34.61116727545298,9.589074368143644,4.9839785209472085,0.0,0.0,18.19910120538483,48.24366754146472,48.88296661689226,0.0,5.817862777835028,0.0,11.814359458703011,0.0,0.0,7.3
4.442920000000003,420.2570000000002,2,0,1,2,1,1,4.899909730850478,11.842209166749011,18.558178881782414,23.726583658784325,0.0,11.033401435232523,14.468216370033202,0.0,0.0,9.551078168738563,7.04767198267719,11.444666136763054,38.557911337216936,4.794537184071822,13.764808616296849,0.0,0.0,21.99631096641096,24.619922828310838,48.22399598511636,11.033401435232523,5.824404497999927,11.63444168209179,5.907179729351506,0.0,0.0,5.28
5.208620000000003,412.3310000000002,3,0,1,2,1,1,4.899909730850478,4.794537184071822,6.923737199690624,43.615898887313534,0.0,11.033401435232523,5.687386274683562,0.0,0.0,9.551078168738563,0.0,11.444666136763054,38.557911337216936,4.794537184071822,4.9839785209472085,0.0,0.0,34.12904510333418,50.60013136461531,35.08543069466391,11.033401435232523,5.824404497999927,0.0,5.907179729351506,0.0,0.0,5.76
4.164720000000003,384.27700000000016,2,0,1,2,1,1,4.899909730850478,11.842209166749011,6.923737199690624,23.726583658784325,0.0,11.033401435232523,5.687386274683562,0.0,0.0,9.551078168738563,7.04767198267719,11.444666136763054,38.557911337216936,4.794537184071822,4.9839785209472085,0.0,0.0,34.12904510333418,36.75265696523406,36.09126184819314,11.033401435232523,5.824404497999927,0.0,5.907179729351506,0.0,0.0,6.76
4.164720000000003,384.27700000000016,2,0,1,2,1,1,4.899909730850478,11.842209166749011,6.923737199690624,23.726583658784325,0.0,11.033401435232523,5.687386274683562,0.0,0.0,9.551078168738563,7.04767198267719,11.444666136763054,38.557911337216936,4.794537184071822,4.9839785209472085,0.0,0.0,34.12904510333418,36.75265696523406,36.09126184819314,11.033401435232523,5.824404497999927,0.0,5.907179729351506,0.0,0.0,7.03
3.0056200000000013,442.47900000000016,6,0,1,1,3,1,5.316788604006331,16.133830774056218,6.923737199690624,22.805056448429823,0.0,17.04526446294092,5.817862777835028,0.0,0.0,24.877758090898777,0.0,18.406301415831482,34.67748669947896,9.589074368143644,9.665781456092393,0.0,5.098681808301038,23.412486301039696,42.325761495303325,36.94544427634998,12.11474961777447,23.70588674426429,0.0,11.814359458703011,0.0,0.0,6.07
4.313520000000003,421.8840000000002,3,0,2,1,2,1,5.316788604006331,16.00989599106965,6.923737199690624,34.78932956305283,5.022633313741326,17.04526446294092,5.817862777835028,0.0,0.0,9.883888251797686,0.0,18.406301415831482,46.27842658971148,9.589074368143644,4.9839785209472085,0.0,0.0,11.600939890232516,60.37640167838794,42.19205564140424,5.917906046161393,17.16113033835171,0.0,11.814359458703011,0.0,0.0,6.69
3.660120000000002,387.43900000000014,3,0,2,1,2,1,5.316788604006331,16.00989599106965,6.923737199690624,34.78932956305283,0.0,17.04526446294092,5.817862777835028,0.0,0.0,9.883888251797686,0.0,18.406301415831482,34.67748669947896,9.589074368143644,4.9839785209472085,0.0,0.0,18.19910120538483,48.243667541464724,37.169422327662915,5.917906046161393,17.16113033835171,0.0,11.814359458703011,0.0,0.0,6.85
4.128620000000003,403.5070000000001,3,0,2,1,2,1,5.316788604006331,16.00989599106965,6.923737199690624,33.906229337879694,0.0,16.16216423776778,5.817862777835028,0.0,0.0,9.883888251797686,0.0,18.406301415831482,45.131172352240554,9.589074368143644,4.9839785209472085,0.0,11.336785877934737,18.19910120538483,53.62989175592952,47.278171269529906,0.0,5.817862777835028,0.0,11.814359458703011,0.0,0.0,6.15
3.159320000000001,416.4810000000002,3,0,2,1,2,1,5.316788604006331,16.133830774056218,6.923737199690624,28.36850794012682,0.0,17.04526446294092,5.817862777835028,0.0,0.0,14.783797982648164,0.0,31.998729804421245,34.67748669947896,14.48898409899412,4.9839785209472085,0.0,0.0,18.19910120538483,43.3070664095189,42.856808602346476,12.462662452073968,17.16113033835171,0.0,11.814359458703011,0.0,0.0,6.95
3.4551200000000017,501.5870000000004,6,0,3,1,2,2,5.316788604006331,16.076156543784446,6.923737199690624,28.36850794012682,0.0,17.04526446294092,10.61239996190685,0.0,0.0,19.68370771349864,0.0,57.79909096850761,34.80142148246553,15.011235518928629,9.77851570501903,0.0,0.0,18.19910120538483,36.259394426841716,62.49107782008419,25.676426381099805,17.16113033835171,0.0,5.907179729351506,0.0,6.031114512338072,7.24
2.861720000000001,515.6140000000004,6,0,3,1,2,2,5.316788604006331,20.870693727856267,6.923737199690624,28.36850794012682,0.0,17.04526446294092,5.817862777835028,0.0,0.0,19.68370771349864,0.0,64.34384737442019,34.67748669947896,19.388893829844598,4.9839785209472085,0.0,0.0,18.19910120538483,36.259394426841716,69.03583422599677,25.676426381099805,17.16113033835171,0.0,11.814359458703011,0.0,0.0,6.54
2.817120000000001,402.4540000000002,3,0,2,1,2,1,10.633577208012662,16.133830774056218,6.923737199690624,28.36850794012682,0.0,17.04526446294092,5.817862777835028,0.0,0.0,15.200676855804016,0.0,24.951057821744058,34.67748669947896,9.589074368143644,4.9839785209472085,0.0,0.0,18.19910120538483,36.259394426841716,42.856808602346476,12.462662452073968,17.16113033835171,0.0,11.814359458703011,0.0,0.0,6.42
3.5295200000000015,402.4540000000002,3,0,2,1,2,1,10.633577208012662,9.589074368143644,6.923737199690624,29.225878071355833,0.0,17.04526446294092,11.50524905251859,0.0,0.0,9.883888251797686,0.0,30.26784642575039,40.36487297416252,9.589074368143644,4.9839785209472085,0.0,0.0,18.19910120538483,36.259394426841716,43.71417873357549,11.605292320844956,11.343267560516685,5.817862777835028,11.814359458703011,0.0,0.0,6.5
4.014620000000003,458.56200000000024,4,0,2,1,2,1,5.316788604006331,22.554652396982227,12.338727669087405,35.292245139817446,0.0,17.04526446294092,5.817862777835028,0.0,0.0,14.783797982648164,5.41499046939678,32.50164538118586,34.67748669947896,9.589074368143644,4.9839785209472085,0.0,0.0,18.19910120538483,75.65904409012208,30.27021136728594,11.959746875309355,17.16113033835171,0.0,11.814359458703011,0.0,0.0,7.7
4.622220000000004,492.62000000000023,4,0,2,1,2,1,5.316788604006331,22.554652396982227,18.1559485101333,34.4091449146443,0.0,16.16216423776778,10.208277825509848,0.0,0.0,14.783797982648164,5.41499046939678,32.50164538118586,45.131172352240554,9.589074368143644,9.374393568622029,0.0,11.336785877934737,0.0,98.74145393320711,28.897602771294544,11.959746875309355,11.635083618880923,0.0,11.814359458703011,0.0,0.0,7.55
4.483120000000004,474.6300000000002,4,0,2,1,2,1,5.316788604006331,22.554652396982227,12.338727669087405,34.4091449146443,0.0,16.16216423776778,5.817862777835028,0.0,0.0,14.783797982648164,5.41499046939678,32.50164538118586,45.131172352240554,9.589074368143644,4.9839785209472085,0.0,11.336785877934737,18.19910120538483,86.60871979628388,28.897602771294544,11.959746875309355,5.817862777835028,0.0,11.814359458703011,0.0,0.0,7.85
3.6724200000000016,444.5350000000002,4,0,2,1,2,1,10.633577208012662,22.554652396982227,12.338727669087405,35.292245139817446,0.0,17.04526446294092,5.817862777835028,0.0,0.0,15.200676855804016,5.41499046939678,25.45397339850867,34.67748669947896,9.589074368143644,4.9839785209472085,0.0,0.0,18.19910120538483,68.6113721074449,30.27021136728594,11.959746875309355,17.16113033835171,0.0,11.814359458703011,0.0,0.0,7.31
4.140920000000002,460.6030000000002,4,0,2,1,2,1,10.633577208012662,22.554652396982227,12.338727669087405,34.4091449146443,0.0,16.16216423776778,5.817862777835028,0.0,0.0,15.200676855804016,5.41499046939678,25.45397339850867,45.131172352240554,9.589074368143644,4.9839785209472085,0.0,11.336785877934737,18.19910120538483,79.56104781360669,28.897602771294544,11.959746875309355,5.817862777835028,0.0,11.814359458703011,0.0,0.0,7.32
3.438220000000002,388.47100000000006,4,0,1,1,2,0,5.316788604006331,29.602324379659418,6.923737199690624,28.805104092865456,0.0,16.978945038914937,5.817862777835028,0.0,0.0,14.450987899589041,7.04767198267719,12.36446058668352,34.61116727545298,9.589074368143644,4.9839785209472085,0.0,0.0,18.19910120538483,48.243667541464724,55.930638599569434,0.0,5.817862777835028,0.0,11.814359458703011,0.0,0.0,7.055
3.6927200000000022,375.42800000000005,4,0,1,1,2,0,5.316788604006331,22.554652396982227,6.923737199690624,28.871423516891436,0.0,17.04526446294092,5.817862777835028,0.0,0.0,9.883888251797686,0.0,12.36446058668352,34.67748669947896,9.589074368143644,4.9839785209472085,0.0,0.0,18.19910120538483,42.68021604976772,36.691032990211944,6.544756405912575,17.16113033835171,0.0,11.814359458703011,0.0,0.0,7.586666666666667
4.161220000000003,391.49600000000004,4,0,1,1,2,0,5.316788604006331,22.554652396982227,6.923737199690624,27.988323291718295,0.0,16.16216423776778,5.817862777835028,0.0,0.0,9.883888251797686,0.0,12.36446058668352,45.131172352240554,9.589074368143644,4.9839785209472085,0.0,11.336785877934737,18.19910120538483,53.62989175592952,35.31842439422056,6.544756405912575,5.817862777835028,0.0,11.814359458703011,0.0,0.0,7.52
3.9562200000000027,505.6440000000003,7,0,2,1,2,1,5.316788604006331,22.620912949697022,6.923737199690624,21.567501668792286,0.0,16.16216423776778,10.61239996190685,0.0,0.0,19.68370771349864,0.0,51.757250139359655,45.25510713522712,15.011235518928629,9.77851570501903,0.0,11.336785877934737,18.19910120538483,41.64561864130651,60.64007988664183,26.303276740850986,5.817862777835028,0.0,5.907179729351506,0.0,6.031114512338072,7.58
4.055620000000003,339.82600000000014,2,0,1,2,1,1,4.899909730850478,11.842209166749011,6.923737199690624,23.726583658784325,5.022633313741326,11.033401435232523,5.687386274683562,0.0,0.0,9.551078168738563,7.04767198267719,11.444666136763054,34.2289073295001,4.794537184071822,4.9839785209472085,0.0,0.0,29.800041095617345,36.75265696523406,36.641175646102056,11.033401435232523,5.824404497999927,0.0,5.907179729351506,0.0,0.0,6.37
4.421020000000004,373.37800000000004,2,0,1,2,1,1,4.899909730850478,18.018507684192485,6.923737199690624,29.29003515048132,0.0,11.033401435232523,18.858631417708022,0.0,0.0,9.551078168738563,7.04767198267719,11.444666136763054,22.627967439267593,4.794537184071822,4.9839785209472085,13.171245143024459,0.0,18.19910120538483,36.75265696523406,31.618542332360732,16.596852926929518,5.824404497999927,0.0,5.907179729351506,0.0,6.176298517443475,6.2
3.3104200000000024,350.3780000000001,3,0,1,2,1,1,4.899909730850478,11.842209166749011,17.038055468456196,23.726583658784325,0.0,11.033401435232523,11.374772549367124,0.0,0.0,9.551078168738563,7.04767198267719,11.444666136763054,28.315353713951154,14.908855452837393,4.9839785209472085,0.0,0.0,18.19910120538483,25.122838405075452,31.997523126138777,27.207550250430753,5.824404497999927,0.0,5.907179729351506,5.687386274683562,0.0,5.82
3.107820000000001,321.3800000000001,2,0,1,2,1,1,4.899909730850478,11.842209166749011,6.923737199690624,23.726583658784325,0.0,11.033401435232523,5.687386274683562,5.749511833283905,0.0,9.551078168738563,7.04767198267719,11.444666136763054,22.627967439267593,4.794537184071822,4.9839785209472085,0.0,0.0,18.19910120538483,31.18920547353706,31.494607549374166,16.720787709916088,11.573916331283833,0.0,5.907179729351506,0.0,0.0,6.19
4.227720000000003,353.3300000000001,6,0,0,2,1,0,14.90251629950064,6.606881964512918,17.038055468456196,11.323698910571437,0.0,0.0,5.687386274683562,17.248535499851716,0.0,0.0,0.0,0.0,5.687386274683562,14.908855452837393,0.0,0.0,0.0,24.26546827384644,25.122838405075452,12.13273413692322,10.486762540514666,30.129316045594226,0.0,11.178302225184446,5.687386274683562,0.0,5.45
4.916140000000005,426.5160000000002,3,0,1,3,1,0,0.0,19.51033443475116,13.847474399381248,38.30572263740526,0.0,10.902924932081056,0.0,11.49902366656781,0.0,9.467009378641833,0.0,6.544756405912575,16.810104661432565,4.794537184071822,0.0,0.0,0.0,30.33183534230805,72.85393733140329,35.24981723045167,6.544756405912575,11.49902366656781,0.0,0.0,5.907179729351506,0.0,5.54
4.607720000000004,412.48900000000015,3,0,1,3,1,0,0.0,19.51033443475116,6.923737199690624,32.742271145708266,0.0,10.902924932081056,0.0,11.49902366656781,0.0,9.467009378641833,0.0,6.544756405912575,16.810104661432565,4.794537184071822,0.0,0.0,0.0,30.33183534230805,66.43311570847727,35.24981723045167,6.544756405912575,11.49902366656781,0.0,0.0,5.907179729351506,0.0,6.75
3.4621200000000014,398.4660000000001,3,0,2,1,2,1,5.316788604006331,16.00989599106965,6.923737199690624,34.723010139026854,0.0,16.97894503891494,5.817862777835028,0.0,0.0,14.867866772744893,0.0,18.406301415831482,34.61116727545298,14.573052889090853,4.9839785209472085,0.0,0.0,18.19910120538483,54.310034609926326,48.781256368672764,5.516700717616262,5.817862777835028,0.0,11.814359458703011,0.0,0.0,6.62
3.135720000000001,334.42300000000006,4,0,0,1,2,0,5.733667477162185,18.386965572661587,6.923737199690624,16.82083097824245,0.0,16.978945038914937,5.817862777835028,0.0,0.0,14.450987899589041,7.04767198267719,12.781339459839375,28.70398754610147,4.794537184071822,4.9839785209472085,0.0,0.0,18.19910120538483,47.71198570976812,37.57883635626606,6.544756405912575,5.817862777835028,0.0,5.907179729351506,0.0,0.0,6.04
4.708020000000004,341.79400000000004,5,0,0,2,1,0,14.90251629950064,6.606881964512918,6.923737199690624,11.257379486545457,5.022633313741326,0.0,0.0,17.248535499851716,0.0,4.9839785209472085,0.0,0.0,11.600939890232516,4.794537184071822,0.0,0.0,0.0,29.800041095617345,42.81902403369567,17.285843953816013,5.693927994848461,18.105905631080727,5.749511833283905,5.428790391900541,0.0,0.0,6.4
4.7184200000000045,355.821,5,0,0,2,1,0,14.90251629950064,13.654553947190108,6.923737199690624,11.257379486545457,5.022633313741326,0.0,0.0,17.248535499851716,0.0,4.567099647791355,7.04767198267719,0.0,11.600939890232516,4.794537184071822,0.0,0.0,0.0,29.800041095617345,42.81902403369567,18.136672364880127,11.890771566461538,18.105905631080727,5.749511833283905,5.428790391900541,0.0,0.0,6.96
5.516320000000004,381.8590000000001,6,1,0,2,1,0,14.90251629950064,6.606881964512918,6.923737199690624,30.140863561545437,5.022633313741326,0.0,0.0,17.248535499851716,0.0,4.567099647791355,0.0,0.0,11.600939890232516,4.794537184071822,0.0,0.0,0.0,29.800041095617345,55.66066727954768,17.130841211350898,11.890771566461538,18.105905631080727,5.749511833283905,5.428790391900541,0.0,0.0,6.33
6.229720000000006,431.9190000000002,7,0,0,3,1,0,14.90251629950064,13.151638370425493,6.923737199690624,16.82083097824245,5.022633313741326,0.0,0.0,17.248535499851716,0.0,4.567099647791355,0.0,0.0,11.600939890232516,4.794537184071822,0.0,0.0,0.0,60.13187643792539,48.382475525392664,17.633756788115512,11.890771566461538,18.105905631080727,5.749511833283905,5.428790391900541,0.0,0.0,6.19
5.564320000000005,338.7900000000001,4,0,0,2,1,0,10.16565334570059,0.0,6.923737199690624,16.887150402268432,5.022633313741326,12.152040213667762,0.0,11.49902366656781,0.0,0.0,0.0,0.0,23.752980103900278,4.794537184071822,0.0,0.0,0.0,48.008795339374444,42.325761495303325,11.089000382202936,0.0,17.772922247797403,0.0,11.178302225184446,0.0,0.0,5.31
4.959320000000004,339.7780000000001,4,0,0,1,2,0,10.16565334570059,0.0,6.923737199690624,16.887150402268432,5.022633313741326,12.152040213667762,0.0,11.49902366656781,0.0,4.9839785209472085,0.0,0.0,23.752980103900278,9.77851570501903,0.0,0.0,0.0,17.667306958694127,54.468148670598815,23.48268752542909,0.0,17.772922247797403,0.0,11.178302225184446,0.0,0.0,5.53
5.157320000000004,328.7510000000001,4,0,0,1,2,0,10.16565334570059,0.0,6.923737199690624,17.08394632944588,5.022633313741326,12.152040213667762,0.0,11.49902366656781,0.0,0.0,0.0,0.0,23.752980103900278,4.794537184071822,0.0,0.0,0.0,11.600939890232516,54.97106424736343,11.089000382202936,6.263162995639057,23.533169666671846,0.0,11.178302225184446,0.0,0.0,5.41
5.6258200000000045,344.8190000000001,4,0,0,1,2,0,10.16565334570059,0.0,6.923737199690624,16.200846104272735,5.022633313741326,12.152040213667762,0.0,11.49902366656781,0.0,0.0,0.0,0.0,35.089765981835015,4.794537184071822,0.0,0.0,11.336785877934737,17.667306958694127,54.28475994936773,15.966147575904234,0.0,17.772922247797403,0.0,11.178302225184446,0.0,0.0,5.34
5.157320000000004,328.7510000000001,4,0,0,1,2,0,10.16565334570059,0.0,6.923737199690624,16.887150402268432,5.022633313741326,12.152040213667762,0.0,11.49902366656781,0.0,0.0,0.0,0.0,23.752980103900278,4.794537184071822,0.0,0.0,0.0,11.600939890232516,48.90469717890182,16.65245187389993,12.526325991278114,17.772922247797403,0.0,11.178302225184446,0.0,0.0,5.61
5.6258200000000045,344.8190000000001,4,0,0,1,2,0,10.16565334570059,0.0,6.923737199690624,16.887150402268432,5.022633313741326,12.152040213667762,0.0,11.49902366656781,0.0,0.0,0.0,0.0,35.089765981835015,4.794537184071822,0.0,11.336785877934737,0.0,17.676959997066398,59.15225410469676,11.089000382202936,0.0,17.772922247797403,0.0,11.178302225184446,0.0,0.0,5.51
4.892420000000004,327.76700000000005,4,0,0,1,2,0,10.16565334570059,0.0,6.923737199690624,17.0176269054199,5.022633313741326,12.152040213667762,0.0,11.49902366656781,0.0,4.9839785209472085,0.0,0.0,23.752980103900278,4.794537184071822,0.0,0.0,0.0,11.600939890232516,54.97106424736343,22.97977194866447,0.0,17.772922247797403,0.0,11.178302225184446,0.0,0.0,5.24
4.972920000000004,342.778,5,0,0,2,1,0,14.90251629950064,6.606881964512918,6.923737199690624,11.323698910571437,5.022633313741326,0.0,0.0,17.248535499851716,0.0,0.0,0.0,0.0,11.600939890232516,4.794537184071822,0.0,0.0,0.0,29.800041095617345,42.81902403369567,11.089000382202936,0.0,30.129316045594226,0.0,11.178302225184446,0.0,0.0,6.35
4.6952200000000035,454.57400000000024,5,0,2,1,2,1,5.316788604006331,22.554652396982227,12.841643245852017,36.08329584702048,0.0,17.333399593379337,5.817862777835028,0.0,0.0,14.450987899589041,5.917906046161393,18.406301415831482,23.70824234337192,9.589074368143644,4.9839785209472085,0.0,0.0,30.33183534230805,73.06958390193974,49.715810508807614,0.0,5.817862777835028,0.0,11.814359458703011,0.0,0.0,4.65
4.607720000000004,412.48900000000015,3,0,1,3,1,0,0.0,19.51033443475116,6.923737199690624,32.742271145708266,0.0,10.902924932081056,0.0,11.49902366656781,0.0,9.467009378641833,0.0,6.544756405912575,16.810104661432565,4.794537184071822,0.0,0.0,0.0,36.39820241076966,60.366748640015665,29.686365738754667,12.10820789760957,11.49902366656781,0.0,0.0,5.907179729351506,0.0,6.92
4.9021200000000045,396.4900000000001,3,0,1,3,1,0,0.0,19.51033443475116,6.923737199690624,32.742271145708266,0.0,10.902924932081056,0.0,5.749511833283905,0.0,9.467009378641833,0.0,6.544756405912575,16.810104661432565,4.794537184071822,0.0,0.0,0.0,48.02802097092827,54.80329714831867,35.24981723045167,6.544756405912575,5.749511833283905,0.0,0.0,5.907179729351506,0.0,6.62
3.442820000000001,389.4550000000002,3,1,2,0,2,1,5.316788604006331,16.00989599106965,18.75954929201341,35.48904106699489,0.0,11.64912463690315,5.817862777835028,0.0,0.0,9.883888251797686,11.835812092322787,18.406301415831482,29.281346873441187,9.589074368143644,4.9839785209472085,0.0,0.0,6.076020106833881,72.5763213635474,31.783198113198118,0.0,17.338357615583913,0.0,11.814359458703011,0.0,0.0,5.8
3.697320000000002,256.33000000000004,3,0,0,1,2,0,0.0,6.4208216229260096,6.923737199690624,17.0176269054199,0.0,11.387855989696924,0.0,0.0,0.0,10.140641778072654,0.0,0.0,11.336785877934737,0.0,0.0,16.320764398881945,0.0,34.985583022668884,23.933618530315144,10.94351426216291,6.4208216229260096,0.0,0.0,11.715128420025835,0.0,0.0,4.29
3.697320000000002,256.33000000000004,3,0,0,1,2,0,0.0,6.4208216229260096,6.923737199690624,16.95130748139392,0.0,11.454175413722904,0.0,0.0,0.0,10.140641778072654,0.0,0.0,11.336785877934737,0.0,0.0,16.320764398881945,0.0,34.985583022668884,23.933618530315144,11.800884393391925,5.563451491696996,0.0,5.824404497999927,0.0,5.890723922025908,0.0,4.29
3.968320000000003,254.35800000000006,3,0,0,1,2,0,0.0,6.544756405912575,6.923737199690624,11.126902983393991,0.0,10.57107518854976,0.0,0.0,0.0,9.551078168738563,0.0,0.0,11.336785877934737,0.0,4.9839785209472085,0.0,11.336785877934737,35.89528683400505,23.933618530315144,12.741599977525652,16.8983952633143,0.0,0.0,0.0,0.0,0.0,5.91
3.968320000000003,254.35800000000006,3,0,0,1,2,0,0.0,6.544756405912575,6.923737199690624,11.126902983393991,0.0,11.257379486545457,0.0,0.0,0.0,9.551078168738563,0.0,0.0,11.336785877934737,0.0,4.9839785209472085,11.336785877934737,0.0,29.828919765543436,23.933618530315144,23.685114239688563,12.021248069613002,0.0,0.0,0.0,0.0,0.0,6.52
2.8253200000000005,377.4440000000002,5,0,2,1,1,1,10.05365155780638,16.00989599106965,12.841643245852017,23.111176098016998,0.0,6.076020106833881,5.817862777835028,5.749511833283905,0.0,9.883888251797686,5.917906046161393,25.0131833803444,23.70824234337192,9.589074368143644,4.9839785209472085,0.0,0.0,17.696185628620217,48.74658311822933,37.70110415935951,6.606881964512918,11.567374611118932,0.0,11.814359458703011,0.0,0.0,6.04
4.3630400000000025,321.3760000000001,5,0,0,2,1,0,14.90251629950064,6.606881964512918,13.847474399381248,16.82083097824245,0.0,0.0,0.0,17.248535499851716,0.0,4.9839785209472085,0.0,0.0,0.0,4.794537184071822,0.0,0.0,0.0,35.89528683400505,37.61002709646307,12.263210640074686,5.693927994848461,18.105905631080727,5.749511833283905,5.428790391900541,0.0,0.0,5.94
4.373440000000003,335.4030000000001,5,0,0,2,1,0,14.90251629950064,13.654553947190108,13.847474399381248,16.82083097824245,0.0,0.0,0.0,17.248535499851716,0.0,4.567099647791355,7.04767198267719,0.0,0.0,4.794537184071822,0.0,0.0,0.0,35.89528683400505,37.61002709646307,13.1140390511388,11.890771566461538,18.105905631080727,5.749511833283905,5.428790391900541,0.0,0.0,7.1
5.171340000000005,361.4410000000001,6,1,0,2,1,0,14.90251629950064,6.606881964512918,13.847474399381248,35.70431505324243,0.0,0.0,0.0,17.248535499851716,0.0,4.567099647791355,0.0,0.0,0.0,4.794537184071822,0.0,0.0,0.0,35.89528683400505,50.4516703423151,12.10820789760957,11.890771566461538,18.105905631080727,5.749511833283905,5.428790391900541,0.0,0.0,5.5
5.884740000000005,411.50100000000015,7,0,0,3,1,0,14.90251629950064,13.151638370425493,13.847474399381248,22.384282469939446,0.0,0.0,0.0,17.248535499851716,0.0,4.567099647791355,0.0,0.0,0.0,4.794537184071822,0.0,0.0,0.0,66.2271221763131,43.173478588160066,12.611123474374185,11.890771566461538,18.105905631080727,5.749511833283905,5.428790391900541,0.0,0.0,5.57
5.219340000000004,318.3720000000001,4,0,0,2,1,0,10.16565334570059,0.0,13.847474399381248,22.450601893965427,0.0,12.152040213667762,0.0,11.49902366656781,0.0,0.0,0.0,0.0,12.152040213667762,4.794537184071822,0.0,0.0,0.0,54.10404107776215,37.11676455807073,6.06636706846161,0.0,17.772922247797403,0.0,11.178302225184446,0.0,0.0,5.27
4.614340000000004,319.3600000000001,4,0,0,1,2,0,10.16565334570059,0.0,13.847474399381248,22.450601893965427,0.0,12.152040213667762,0.0,11.49902366656781,0.0,4.9839785209472085,0.0,0.0,12.152040213667762,9.77851570501903,0.0,0.0,0.0,23.762552697081826,49.259151733366224,18.460054211687762,0.0,17.772922247797403,0.0,11.178302225184446,0.0,0.0,5.46
4.812340000000003,308.3330000000001,4,0,0,1,2,0,10.16565334570059,0.0,13.847474399381248,22.450601893965427,0.0,12.152040213667762,0.0,11.49902366656781,0.0,0.0,0.0,0.0,12.152040213667762,4.794537184071822,0.0,0.0,0.0,17.696185628620217,43.69570024166923,11.629818560158606,12.526325991278114,17.772922247797403,0.0,11.178302225184446,0.0,0.0,5.64
4.627940000000004,322.36000000000007,5,0,0,2,1,0,14.90251629950064,6.606881964512918,13.847474399381248,16.887150402268432,0.0,0.0,0.0,17.248535499851716,0.0,0.0,0.0,0.0,0.0,4.794537184071822,0.0,0.0,0.0,35.89528683400505,37.61002709646307,6.06636706846161,0.0,30.129316045594226,0.0,11.178302225184446,0.0,0.0,6.42
5.756020000000005,392.713,4,0,0,2,1,0,5.428790391900541,12.965578028838586,6.923737199690624,22.253805966787983,15.198376444375445,0.0,0.0,0.0,0.0,4.567099647791355,0.0,0.0,34.802819670697545,4.794537184071822,0.0,0.0,0.0,59.06828794454399,41.81319288016644,40.83750678809292,0.0,5.153109816892792,5.428790391900541,0.0,0.0,0.0,6.47
5.164120000000004,364.297,4,0,0,1,2,0,5.428790391900541,12.965578028838586,6.923737199690624,21.56750166879229,10.175743130634118,0.0,0.0,0.0,0.0,4.567099647791355,0.0,0.0,34.538665658399765,4.794537184071822,0.0,0.0,11.336785877934737,41.40098098584986,35.56343709047375,34.14726426214032,6.544756405912575,5.153109816892792,5.428790391900541,0.0,0.0,0.0,6.46
3.968320000000003,254.35800000000003,3,0,0,1,2,0,0.0,6.544756405912575,6.923737199690624,11.126902983393991,0.0,11.257379486545457,0.0,0.0,0.0,9.551078168738563,0.0,0.0,11.336785877934737,0.0,4.9839785209472085,11.336785877934737,0.0,29.828919765543436,23.933618530315144,23.685114239688563,12.021248069613002,0.0,0.0,0.0,0.0,0.0,5.37
3.4022200000000016,305.3810000000001,2,0,1,2,1,1,4.899909730850478,11.842209166749011,6.923737199690624,23.726583658784325,0.0,11.033401435232523,5.687386274683562,0.0,0.0,9.551078168738563,7.04767198267719,11.444666136763054,22.627967439267593,4.794537184071822,4.9839785209472085,0.0,0.0,24.26546827384644,36.75265696523406,31.618542332360732,11.033401435232523,5.824404497999927,0.0,5.907179729351506,0.0,0.0,5.24
4.164720000000003,384.2770000000001,2,0,1,2,1,1,4.899909730850478,11.842209166749011,6.923737199690624,23.726583658784325,0.0,11.033401435232523,5.687386274683562,0.0,0.0,9.551078168738563,7.04767198267719,11.444666136763054,38.55791133721694,4.794537184071822,4.9839785209472085,0.0,0.0,24.26546827384644,46.61623379472179,30.40387557350958,16.720787709916088,5.824404497999927,0.0,5.907179729351506,0.0,0.0,5.77
3.7106400000000015,319.40800000000013,2,0,1,2,1,1,4.899909730850478,11.842209166749011,13.847474399381248,29.29003515048132,0.0,11.033401435232523,5.687386274683562,0.0,0.0,9.551078168738563,7.04767198267719,11.444666136763054,22.627967439267593,4.794537184071822,4.9839785209472085,0.0,0.0,24.26546827384644,43.173478588160066,31.618542332360732,11.033401435232523,5.824404497999927,0.0,5.907179729351506,0.0,0.0,6.01
4.055620000000003,339.82600000000014,2,0,1,2,1,1,4.899909730850478,11.842209166749011,6.923737199690624,23.726583658784325,5.022633313741326,11.033401435232523,5.687386274683562,0.0,0.0,9.551078168738563,7.04767198267719,11.444666136763054,34.22890732950011,4.794537184071822,4.9839785209472085,0.0,0.0,35.866408164078955,30.686289896772447,25.931156057677168,21.743421023657415,5.824404497999927,0.0,5.907179729351506,0.0,0.0,5.93
3.746640000000002,402.4980000000002,4,0,1,1,2,0,5.316788604006331,29.602324379659418,13.847474399381248,34.36855558456245,0.0,16.978945038914937,5.817862777835028,0.0,0.0,14.450987899589041,7.04767198267719,12.36446058668352,34.61116727545298,9.589074368143644,4.9839785209472085,0.0,0.0,18.19910120538483,54.66448916439073,50.41393788195317,5.516700717616262,5.817862777835028,0.0,11.814359458703011,0.0,0.0,7.7
3.849820000000002,399.49400000000026,3,1,2,1,1,1,5.316788604006331,16.00989599106965,18.75954929201341,35.095449212640005,0.0,11.64912463690315,5.817862777835028,0.0,0.0,9.883888251797686,11.835812092322787,18.406301415831482,29.281346873441187,9.589074368143644,4.9839785209472085,0.0,0.0,30.34148838068032,71.57049021001816,31.783198113198118,0.0,5.817862777835028,0.0,11.814359458703011,0.0,0.0,5.92
3.968320000000003,254.35800000000003,3,0,0,1,2,0,0.0,6.544756405912575,6.923737199690624,11.126902983393991,0.0,11.257379486545457,0.0,0.0,0.0,9.551078168738563,0.0,0.0,11.336785877934737,0.0,4.9839785209472085,11.336785877934737,0.0,24.26546827384644,29.49707002201214,23.685114239688563,12.021248069613002,0.0,0.0,0.0,0.0,0.0,4.44
3.4022200000000016,305.38100000000014,2,0,1,2,1,1,4.899909730850478,11.842209166749011,6.923737199690624,23.726583658784325,0.0,11.033401435232523,5.687386274683562,0.0,0.0,9.551078168738563,7.04767198267719,11.444666136763054,22.627967439267593,4.794537184071822,4.9839785209472085,0.0,0.0,30.33183534230805,30.686289896772447,31.618542332360732,11.033401435232523,5.824404497999927,0.0,5.907179729351506,0.0,0.0,5.62
2.882720000000001,402.4980000000003,3,0,3,1,1,2,10.216698334856808,16.00989599106965,18.75954929201341,23.111176098016998,0.0,6.076020106833881,11.50524905251859,0.0,0.0,9.883888251797686,11.835812092322787,36.39572395850711,29.395628618055483,9.589074368143644,4.9839785209472085,0.0,0.0,18.19910120538483,48.24366754146472,62.395909292029614,0.0,5.817862777835028,0.0,11.814359458703011,0.0,0.0,6.03
2.8253200000000005,377.4440000000002,5,0,2,1,1,1,10.05365155780638,16.00989599106965,12.841643245852017,23.111176098016998,0.0,6.076020106833881,5.817862777835028,5.749511833283905,0.0,9.883888251797686,5.917906046161393,25.0131833803444,23.70824234337192,9.589074368143644,4.9839785209472085,0.0,0.0,18.19910120538483,48.24366754146472,37.70110415935951,6.606881964512918,11.567374611118932,0.0,11.814359458703011,0.0,0.0,6.75
3.9113200000000026,405.5230000000002,3,1,2,0,2,1,5.316788604006331,16.00989599106965,18.75954929201341,34.4091449146443,0.0,11.64912463690315,5.817862777835028,0.0,0.0,9.883888251797686,11.835812092322787,18.406301415831482,40.61813275137592,9.589074368143644,4.9839785209472085,0.0,11.336785877934737,6.076020106833881,77.4534685572487,36.660345306899416,0.0,5.817862777835028,0.0,11.814359458703011,0.0,0.0,5.81
3.9113200000000026,405.52300000000025,3,1,2,0,2,1,5.316788604006331,16.00989599106965,18.75954929201341,35.095449212640005,0.0,11.64912463690315,5.817862777835028,0.0,0.0,9.883888251797686,11.835812092322787,18.406301415831482,40.61813275137592,9.589074368143644,4.9839785209472085,11.336785877934737,0.0,6.076020106833881,82.33061575095,31.783198113198118,0.0,5.817862777835028,0.0,11.814359458703011,0.0,0.0,5.84
2.43382,338.3670000000001,4,1,1,0,2,0,5.316788604006331,16.00989599106965,12.841643245852017,48.022402318359255,0.0,6.076020106833881,5.817862777835028,0.0,0.0,15.124620299019863,5.917906046161393,5.316788604006331,23.584307560385355,9.589074368143644,4.9839785209472085,4.9839785209472085,0.0,5.156663257125445,48.60777513430139,31.377214486552496,0.0,5.817862777835028,11.607649444364867,11.797903651377414,0.0,0.0,6.82
2.4247199999999998,367.4090000000001,3,0,2,0,2,1,5.316788604006331,16.00989599106965,6.923737199690624,54.56715872427182,0.0,6.076020106833881,5.817862777835028,0.0,0.0,20.024530029870338,0.0,11.861545009918906,23.70824234337192,9.589074368143644,4.9839785209472085,4.9839785209472085,0.0,5.156663257125445,48.952576650393524,32.162178906976166,6.041840829147961,5.817862777835028,5.824404497999927,17.70508338072892,0.0,0.0,5.39
1.2969199999999999,339.3550000000001,3,0,2,0,2,1,5.316788604006331,16.00989599106965,6.923737199690624,35.18075907250723,0.0,6.076020106833881,5.817862777835028,0.0,0.0,20.024530029870338,0.0,18.406301415831482,23.70824234337192,9.589074368143644,4.9839785209472085,4.9839785209472085,0.0,5.156663257125445,29.690111781615492,38.70693531288874,5.917906046161393,5.817862777835028,5.824404497999927,17.70508338072892,0.0,0.0,6.82
2.701320000000001,407.4990000000002,3,1,2,0,2,1,5.316788604006331,16.00989599106965,18.75954929201341,33.98379362295154,0.0,11.64912463690315,5.817862777835028,0.0,0.0,20.08125186839976,11.835812092322787,18.406301415831482,40.618132751375924,9.589074368143644,4.9839785209472085,0.0,10.197363616602075,17.412805984768617,60.443587226624174,31.783198113198118,0.0,15.833110171540559,0.0,11.814359458703011,0.0,0.0,5.97
3.1462400000000015,404.47000000000025,3,1,2,0,2,1,5.316788604006331,16.00989599106965,25.68328649170403,40.986173134665904,0.0,11.64912463690315,5.817862777835028,0.0,0.0,15.04055150892313,11.835812092322787,18.406301415831482,29.281346873441187,9.589074368143644,4.9839785209472085,0.0,0.0,11.232683363959326,67.3673244263148,37.34664960489511,5.693927994848461,11.57811019670947,0.0,11.814359458703011,0.0,0.0,5.9
2.505000000000001,323.3520000000001,2,0,1,2,1,1,4.899909730850478,11.842209166749011,0.0,18.16313216708733,0.0,11.033401435232523,5.687386274683562,11.49902366656781,0.0,9.551078168738563,7.04767198267719,11.444666136763054,22.627967439267593,4.794537184071822,4.9839785209472085,0.0,0.0,12.13273413692322,24.26546827384644,37.684909400822335,11.033401435232523,5.824404497999927,11.49902366656781,5.907179729351506,0.0,0.0,5.29
4.509700000000003,404.6950000000001,2,0,1,2,1,1,4.899909730850478,11.842209166749011,0.0,18.16313216708733,5.022633313741326,11.033401435232523,5.687386274683562,0.0,0.0,9.551078168738563,7.04767198267719,11.444666136763054,50.15885122744945,4.794537184071822,4.9839785209472085,0.0,0.0,29.800041095617345,40.19541217179579,30.40387557350958,21.74342102365741,5.824404497999927,0.0,5.907179729351506,0.0,0.0,6.48
3.9954000000000027,388.2400000000001,2,0,1,2,1,1,4.899909730850478,11.842209166749011,5.817220841045895,18.16313216708733,0.0,11.033401435232523,10.077801322358383,0.0,0.0,9.551078168738563,7.04767198267719,11.444666136763054,38.557911337216936,4.794537184071822,9.374393568622029,0.0,0.0,18.19910120538483,40.19541217179579,25.931156057677168,21.193507225748498,5.824404497999927,5.817220841045895,5.907179729351506,0.0,0.0,6.32
3.5619000000000023,386.24900000000014,2,0,1,2,1,1,4.899909730850478,11.842209166749011,0.0,18.16313216708733,0.0,11.033401435232523,5.687386274683562,5.749511833283905,0.0,9.551078168738563,7.04767198267719,11.444666136763054,38.557911337216936,4.794537184071822,4.9839785209472085,0.0,0.0,18.19910120538483,40.19541217179579,25.931156057677168,21.193507225748498,5.824404497999927,5.749511833283905,5.907179729351506,0.0,0.0,5.73
3.747200000000002,325.7990000000001,2,0,1,2,1,1,4.899909730850478,11.842209166749011,0.0,18.16313216708733,5.022633313741326,11.033401435232523,5.687386274683562,0.0,0.0,9.551078168738563,7.04767198267719,11.444666136763054,34.2289073295001,4.794537184071822,4.9839785209472085,0.0,0.0,29.800041095617345,30.33183534230805,36.641175646102056,11.033401435232523,5.824404497999927,0.0,5.907179729351506,0.0,0.0,5.45
4.509700000000003,404.6950000000001,2,0,1,2,1,1,4.899909730850478,11.842209166749011,0.0,18.16313216708733,5.022633313741326,11.033401435232523,5.687386274683562,0.0,0.0,9.551078168738563,7.04767198267719,11.444666136763054,50.15885122744945,4.794537184071822,4.9839785209472085,0.0,0.0,29.800041095617345,40.19541217179579,25.931156057677168,26.21614053948982,5.824404497999927,0.0,5.907179729351506,0.0,0.0,6.64
4.400600000000003,360.24400000000014,2,0,1,2,1,1,4.899909730850478,11.842209166749011,0.0,18.16313216708733,10.045266627482652,11.033401435232523,5.687386274683562,0.0,0.0,9.551078168738563,7.04767198267719,11.444666136763054,45.82984721973262,4.794537184071822,4.9839785209472085,0.0,0.0,41.40098098584986,24.26546827384644,25.931156057677168,26.766054337398735,5.824404497999927,0.0,5.907179729351506,0.0,0.0,6.3
3.886300000000003,343.78900000000004,2,0,1,2,1,1,4.899909730850478,11.842209166749011,5.817220841045895,18.16313216708733,5.022633313741326,11.033401435232523,10.077801322358383,0.0,0.0,9.551078168738563,7.04767198267719,11.444666136763054,34.2289073295001,4.794537184071822,9.374393568622029,0.0,0.0,29.800041095617345,24.26546827384644,25.931156057677168,21.74342102365741,5.824404497999927,5.817220841045895,5.907179729351506,0.0,0.0,6.24
3.9954000000000027,388.2400000000001,2,0,1,2,1,1,4.899909730850478,11.842209166749011,5.817220841045895,18.16313216708733,0.0,11.033401435232523,10.077801322358383,0.0,0.0,9.551078168738563,7.04767198267719,11.444666136763054,38.557911337216936,4.794537184071822,9.374393568622029,0.0,0.0,18.19910120538483,40.19541217179579,25.931156057677168,21.193507225748498,11.641625339045822,0.0,5.907179729351506,0.0,0.0,5.56
3.3720000000000017,327.33400000000006,2,0,1,2,1,1,4.899909730850478,11.842209166749011,11.63444168209179,18.16313216708733,0.0,11.033401435232523,14.468216370033202,0.0,0.0,9.551078168738563,7.04767198267719,11.444666136763054,22.627967439267593,4.794537184071822,13.764808616296847,0.0,0.0,18.19910120538483,24.26546827384644,25.931156057677168,16.720787709916088,5.824404497999927,11.63444168209179,5.907179729351506,0.0,0.0,6.64
4.247000000000003,341.4140000000001,2,0,1,3,1,1,4.899909730850478,11.842209166749011,0.0,18.16313216708733,0.0,21.805849864162113,5.687386274683562,0.0,0.0,9.551078168738563,7.04767198267719,11.444666136763054,33.40041586819718,4.794537184071822,4.9839785209472085,0.0,0.0,48.53093654769288,23.585325419849624,31.317380272141964,16.720787709916088,5.824404497999927,0.0,5.907179729351506,0.0,0.0,5.97
2.2749000000000006,389.45900000000023,3,1,2,0,2,1,5.316788604006331,23.057567973746842,11.835812092322787,29.531997720943007,0.0,11.64912463690315,5.817862777835028,0.0,0.0,19.66437299524391,18.883484074999977,18.406301415831482,29.281346873441187,14.270877303288827,4.9839785209472085,5.098681808301038,0.0,6.076020106833881,53.519850026933554,50.59116515918537,6.196843571613076,5.817862777835028,0.0,11.814359458703011,0.0,0.0,5.81
5.063400000000003,376.23900000000015,5,0,0,2,1,0,14.90251629950064,13.654553947190108,0.0,5.693927994848461,10.045266627482652,0.0,0.0,17.248535499851716,0.0,4.567099647791355,7.04767198267719,0.0,23.20187978046503,4.794537184071822,0.0,0.0,0.0,47.46734805431147,24.26546827384644,13.1140390511388,21.936038193944192,12.356393797796823,11.49902366656781,5.428790391900541,0.0,0.0,6.14
5.063400000000003,376.2390000000001,5,0,0,2,1,0,14.90251629950064,13.654553947190108,0.0,5.693927994848461,10.045266627482652,0.0,0.0,17.248535499851716,0.0,4.567099647791355,7.04767198267719,0.0,23.20187978046503,4.794537184071822,0.0,0.0,0.0,41.40098098584986,30.33183534230805,18.136672364880127,16.913404880202865,18.105905631080727,5.749511833283905,5.428790391900541,0.0,0.0,6.92
5.063400000000003,376.2390000000001,5,0,0,2,1,0,14.90251629950064,13.654553947190108,0.0,5.693927994848461,10.045266627482652,0.0,0.0,17.248535499851716,0.0,4.567099647791355,7.04767198267719,0.0,23.20187978046503,4.794537184071822,0.0,0.0,0.0,47.46734805431147,24.26546827384644,13.1140390511388,16.913404880202865,23.128538944822054,5.749511833283905,5.428790391900541,0.0,0.0,6.66
4.318200000000003,386.7910000000001,6,0,0,2,1,0,14.90251629950064,13.654553947190108,10.114318268765572,5.693927994848461,5.022633313741326,0.0,5.687386274683562,17.248535499851716,0.0,4.567099647791355,7.04767198267719,0.0,17.28832616491608,14.908855452837393,0.0,0.0,0.0,35.866408164078955,18.19910120538483,19.18040611960041,16.814082615279208,12.356393797796823,16.521656980309135,5.428790391900541,5.687386274683562,0.0,6.18
3.5855000000000024,344.4180000000001,2,0,1,2,2,1,4.899909730850478,18.889881149426202,0.0,18.16313216708733,0.0,21.936326367313576,5.687386274683562,0.0,0.0,14.118177816529919,14.09534396535438,11.444666136763054,33.53089237134864,4.794537184071822,4.9839785209472085,0.0,0.0,18.19910120538483,30.33183534230805,50.078596544048494,16.720787709916088,5.824404497999927,0.0,5.907179729351506,0.0,0.0,5.08
2.2749000000000006,389.45900000000023,3,1,2,0,2,1,5.316788604006331,23.057567973746842,11.835812092322787,29.66247422409447,0.0,11.64912463690315,5.817862777835028,0.0,0.0,19.66437299524391,18.883484074999977,18.406301415831482,29.281346873441187,14.270877303288827,4.9839785209472085,5.098681808301038,0.0,6.076020106833881,59.58621709539517,45.02771366748838,5.693927994848461,5.817862777835028,0.0,11.814359458703011,0.0,0.0,5.91
3.4745800000000013,416.5060000000002,3,1,2,0,2,1,5.316788604006331,16.00989599106965,23.166924959853546,33.72284061664861,0.0,11.64912463690315,5.817862777835028,0.0,5.261891554738487,9.883888251797686,11.835812092322787,18.406301415831482,40.618132751375924,9.589074368143644,4.9839785209472085,5.261891554738487,11.336785877934737,6.076020106833881,65.65258416385677,36.660345306899416,0.0,16.764231284328602,0.0,11.814359458703011,0.0,0.0,5.82
3.4130800000000017,410.4770000000002,3,1,2,1,1,1,5.316788604006331,16.00989599106965,23.166924959853546,35.095449212640005,0.0,11.64912463690315,5.817862777835028,0.0,5.261891554738487,9.883888251797686,11.835812092322787,18.406301415831482,29.281346873441187,9.589074368143644,4.9839785209472085,5.261891554738487,0.0,24.27512131221871,65.14966858709217,31.783198113198118,11.63267280448927,5.817862777835028,0.0,11.814359458703011,0.0,0.0,6.0
0.8694999999999993,352.3940000000001,3,1,2,0,1,1,11.050456081168516,20.804433175141476,11.835812092322787,23.968546229246012,0.0,6.076020106833881,5.817862777835028,0.0,0.0,9.883888251797686,17.56947956948497,18.406301415831482,29.615422072723426,14.383611552215466,4.9839785209472085,0.0,0.0,6.076020106833881,42.02883945070289,43.274208689428775,0.0,5.817862777835028,0.0,17.721539188054518,0.0,0.0,5.08
0.5126999999999995,452.48600000000016,6,0,2,1,1,1,21.17688735802487,20.804433175141472,17.65303293336868,24.825916360475023,0.0,6.076020106833881,4.39041504767482,5.749511833283905,0.0,9.883888251797686,22.56188430212064,19.696394776338067,23.797559294888398,14.383611552215466,9.374393568622029,4.992404732635669,0.0,6.076020106833881,66.29430772454933,25.707178006364238,6.606881964512918,17.484638720491194,5.48770695145777,11.814359458703011,5.907179729351506,0.0,6.826666666666667
4.175900000000003,397.4780000000001,3,0,1,3,1,0,5.733667477162185,19.51033443475116,0.0,27.17881965401127,0.0,10.902924932081056,5.687386274683562,5.749511833283905,0.0,9.467009378641833,0.0,12.27842388307476,22.497490936116126,4.794537184071822,0.0,0.0,0.0,30.33183534230805,60.01229408555127,40.93720350513523,6.544756405912575,5.749511833283905,0.0,0.0,5.907179729351506,0.0,6.0
1.4996,310.357,5,0,1,0,2,1,5.733667477162185,16.13828210238479,0.0,11.126902983393991,0.0,6.076020106833881,5.817862777835028,0.0,0.0,14.867866772744893,0.0,18.823180288987334,17.801062614020413,9.77851570501903,4.9839785209472085,0.0,0.0,0.0,41.468391364074314,37.75606363349826,12.71084835226122,5.817862777835028,0.0,5.907179729351506,0.0,0.0,5.75
4.175900000000003,397.4780000000001,3,0,1,3,1,0,5.733667477162185,19.51033443475116,0.0,27.178819654011267,0.0,10.902924932081056,5.687386274683562,5.749511833283905,0.0,9.467009378641833,0.0,12.27842388307476,22.497490936116122,4.794537184071822,0.0,0.0,0.0,30.33183534230805,60.01229408555127,40.93720350513522,6.544756405912575,5.749511833283905,0.0,0.0,5.907179729351506,0.0,6.17
3.2421000000000015,255.34600000000006,3,0,0,1,2,0,5.733667477162185,6.544756405912575,0.0,5.563451491696996,0.0,11.257379486545457,5.687386274683562,0.0,0.0,9.551078168738563,0.0,5.733667477162185,17.0241721526183,0.0,4.9839785209472085,11.336785877934737,0.0,12.13273413692322,29.142615467547742,29.372500514372124,12.021248069613002,0.0,0.0,0.0,0.0,0.0,5.69
3.7664000000000026,361.8000000000001,3,0,2,2,0,1,9.473725907600098,11.21535880699783,5.817220841045895,23.465630652481394,5.022633313741326,0.0,4.39041504767482,11.49902366656781,0.0,4.899909730850478,0.0,19.882455117924977,17.508119619584022,4.794537184071822,4.39041504767482,0.0,0.0,23.733674027155736,36.249741388469445,29.593503663424865,6.4208216229260096,5.817220841045895,11.49902366656781,12.700122035451333,0.0,0.0,5.75
3.252100000000002,345.34500000000014,3,0,2,2,0,1,9.473725907600098,11.21535880699783,11.63444168209179,23.465630652481394,0.0,0.0,8.78083009534964,11.49902366656781,0.0,4.899909730850478,0.0,19.882455117924977,5.907179729351506,4.794537184071822,8.78083009534964,0.0,0.0,12.13273413692322,36.249741388469445,24.570870349683542,6.4208216229260096,11.63444168209179,11.49902366656781,12.700122035451333,0.0,0.0,5.64
3.5234000000000023,301.336,3,0,1,2,0,1,0.0,11.21535880699783,11.63444168209179,23.465630652481394,0.0,0.0,8.78083009534964,0.0,0.0,4.899909730850478,0.0,13.08951281182515,5.907179729351506,4.794537184071822,8.78083009534964,0.0,0.0,36.39820241076966,24.117007251546227,24.570870349683542,6.4208216229260096,11.63444168209179,0.0,5.907179729351506,0.0,0.0,5.72
3.252100000000002,345.34500000000014,3,0,2,2,0,1,9.473725907600098,11.21535880699783,11.63444168209179,23.465630652481394,0.0,0.0,8.78083009534964,11.49902366656781,0.0,4.899909730850478,0.0,19.882455117924977,5.907179729351506,4.794537184071822,8.78083009534964,0.0,0.0,18.19910120538483,30.183374320007832,24.570870349683542,6.4208216229260096,0.0,23.1334653486596,12.700122035451333,0.0,0.0,5.26
3.5234000000000023,301.336,3,0,1,2,0,1,0.0,11.21535880699783,11.63444168209179,23.465630652481394,0.0,0.0,8.78083009534964,0.0,0.0,4.899909730850478,0.0,13.08951281182515,5.907179729351506,4.794537184071822,8.78083009534964,0.0,0.0,42.46456947923127,18.050640183084614,24.570870349683542,6.4208216229260096,0.0,11.63444168209179,5.907179729351506,0.0,0.0,5.14
3.6273000000000026,343.8100000000001,3,0,2,2,0,1,9.473725907600098,11.21535880699783,0.0,23.465630652481394,5.022633313741326,0.0,0.0,11.49902366656781,0.0,4.899909730850478,0.0,19.882455117924977,17.508119619584022,4.794537184071822,0.0,0.0,0.0,35.866408164078955,35.74682581170483,24.03005217172787,6.4208216229260096,0.0,11.49902366656781,12.700122035451333,0.0,0.0,5.6
3.8986000000000027,299.801,3,0,1,2,0,1,0.0,11.21535880699783,0.0,23.465630652481394,5.022633313741326,0.0,0.0,0.0,0.0,4.899909730850478,0.0,13.08951281182515,17.508119619584022,4.794537184071822,0.0,0.0,0.0,60.13187643792539,23.614091674781612,24.03005217172787,6.4208216229260096,0.0,0.0,5.907179729351506,0.0,0.0,4.97
3.2936000000000014,300.789,3,0,1,1,1,1,0.0,11.21535880699783,0.0,23.59610715563286,5.022633313741326,0.0,0.0,0.0,0.0,9.883888251797686,0.0,13.08951281182515,17.508119619584022,9.77851570501903,0.0,0.0,0.0,35.866408164078955,30.183374320007836,35.920823738189405,6.4208216229260096,0.0,0.0,5.907179729351506,0.0,0.0,4.74
3.355100000000002,306.818,3,0,1,1,1,1,0.0,11.21535880699783,0.0,22.909802857637164,5.022633313741326,0.0,0.0,0.0,0.0,9.883888251797686,0.0,13.08951281182515,28.84490549751876,4.794537184071822,4.9839785209472085,0.0,11.336785877934737,29.800041095617345,18.050640183084617,35.60695851380686,11.428445319778774,0.0,0.0,5.907179729351506,0.0,0.0,5.22
3.113000000000002,327.3550000000001,3,0,2,2,0,1,9.473725907600098,11.21535880699783,5.817220841045895,23.465630652481394,0.0,0.0,4.39041504767482,11.49902366656781,0.0,4.899909730850478,0.0,19.882455117924977,5.907179729351506,4.794537184071822,4.39041504767482,0.0,0.0,24.26546827384644,35.74682581170483,19.007418857986544,6.4208216229260096,5.817220841045895,11.49902366656781,12.700122035451333,0.0,0.0,5.57
3.3843000000000023,283.346,3,0,1,2,0,1,0.0,11.21535880699783,5.817220841045895,23.465630652481394,0.0,0.0,4.39041504767482,0.0,0.0,4.899909730850478,0.0,13.08951281182515,5.907179729351506,4.794537184071822,4.39041504767482,0.0,0.0,48.53093654769288,23.614091674781612,19.007418857986544,6.4208216229260096,5.817220841045895,0.0,5.907179729351506,0.0,0.0,5.3
4.291900000000004,426.47200000000015,4,0,1,3,1,0,0.0,19.51033443475116,0.0,37.53680832978009,0.0,10.902924932081056,0.0,5.749511833283905,0.0,9.467009378641833,0.0,6.544756405912575,22.77940994938441,4.794537184071822,4.794537184071822,0.0,0.0,30.33183534230805,60.01229408555127,35.24981723045167,12.10820789760957,5.749511833283905,0.0,0.0,5.907179729351506,5.969305287951849,5.06
5.606100000000005,467.3520000000002,3,0,1,3,1,0,0.0,19.51033443475116,0.0,27.17881965401127,10.045266627482652,10.902924932081056,0.0,11.49902366656781,0.0,9.467009378641833,0.0,6.544756405912575,40.011984441897596,4.794537184071822,0.0,0.0,0.0,53.53371512277308,47.87955994862805,34.708999052496,17.130841211350898,11.49902366656781,0.0,0.0,5.907179729351506,0.0,5.75
5.247100000000005,416.90800000000013,3,0,1,3,1,0,0.0,19.51033443475116,0.0,27.17881965401127,5.022633313741326,10.902924932081056,0.0,5.749511833283905,0.0,9.467009378641833,0.0,6.544756405912575,28.41104455166508,4.794537184071822,0.0,0.0,0.0,41.932775232540564,60.01229408555127,40.27245054419299,6.544756405912575,5.749511833283905,0.0,0.0,5.907179729351506,0.0,6.75
5.900500000000005,451.3530000000002,3,0,1,3,1,0,0.0,19.51033443475116,0.0,27.17881965401127,10.045266627482652,10.902924932081056,0.0,5.749511833283905,0.0,9.467009378641833,0.0,6.544756405912575,40.011984441897596,4.794537184071822,0.0,0.0,0.0,53.53371512277308,53.94592701708966,34.708999052496,17.130841211350898,5.749511833283905,0.0,0.0,5.907179729351506,0.0,5.75
4.952700000000003,432.90700000000015,3,0,1,3,1,0,0.0,19.51033443475116,0.0,27.17881965401127,5.022633313741326,10.902924932081056,0.0,11.49902366656781,0.0,9.467009378641833,0.0,6.544756405912575,28.41104455166508,4.794537184071822,0.0,0.0,0.0,41.932775232540564,53.94592701708966,34.708999052496,12.10820789760957,11.49902366656781,0.0,0.0,5.907179729351506,0.0,6.8
4.952700000000003,432.90700000000015,3,0,1,3,1,0,0.0,19.51033443475116,0.0,27.17881965401127,5.022633313741326,10.902924932081056,0.0,11.49902366656781,0.0,9.467009378641833,0.0,6.544756405912575,28.41104455166508,4.794537184071822,0.0,0.0,0.0,41.932775232540564,53.94592701708966,35.24981723045167,11.567389719653901,11.49902366656781,0.0,0.0,5.907179729351506,0.0,6.8
4.3670000000000035,384.43500000000006,2,0,1,3,1,0,0.0,6.4208216229260096,0.0,33.220660483159236,0.0,10.902924932081056,0.0,11.49902366656781,0.0,9.883888251797686,0.0,6.544756405912575,16.810104661432565,4.794537184071822,0.0,0.0,0.0,30.33183534230805,60.01229408555127,28.70506082453909,6.041840829147961,11.49902366656781,0.0,0.0,5.907179729351506,0.0,4.55
4.299300000000003,398.4620000000001,3,0,1,3,1,0,0.0,19.51033443475116,0.0,27.178819654011267,0.0,10.902924932081056,0.0,11.49902366656781,0.0,9.467009378641833,0.0,6.544756405912575,16.81010466143256,4.794537184071822,0.0,0.0,0.0,30.33183534230805,48.02802097092827,53.778846750987235,0.0,11.49902366656781,0.0,0.0,5.907179729351506,0.0,4.49
4.732800000000004,400.45300000000003,3,0,1,3,1,0,0.0,19.51033443475116,5.817220841045895,27.17881965401127,0.0,10.902924932081056,4.39041504767482,5.749511833283905,0.0,9.467009378641833,0.0,6.544756405912575,16.810104661432565,4.794537184071822,4.39041504767482,0.0,0.0,30.33183534230805,60.01229408555127,35.24981723045167,6.544756405912575,11.5667326743298,0.0,0.0,5.907179729351506,0.0,6.6
4.299300000000003,398.46200000000005,3,0,1,3,1,0,0.0,19.51033443475116,0.0,27.17881965401127,0.0,10.902924932081056,0.0,11.49902366656781,0.0,9.467009378641833,0.0,6.544756405912575,16.810104661432565,4.794537184071822,0.0,0.0,0.0,30.33183534230805,60.01229408555127,35.24981723045167,6.544756405912575,11.49902366656781,0.0,0.0,5.907179729351506,0.0,6.96
4.299300000000002,398.46200000000005,3,0,1,3,1,0,0.0,19.51033443475116,0.0,27.17881965401127,0.0,10.902924932081056,0.0,11.49902366656781,0.0,9.467009378641833,0.0,6.544756405912575,16.810104661432565,4.794537184071822,0.0,0.0,0.0,36.39820241076966,53.94592701708966,35.24981723045167,6.544756405912575,11.49902366656781,0.0,0.0,5.907179729351506,0.0,5.47
4.593700000000004,382.4630000000001,3,0,1,3,1,0,0.0,19.51033443475116,0.0,27.17881965401127,0.0,10.902924932081056,0.0,5.749511833283905,0.0,9.467009378641833,0.0,6.544756405912575,16.810104661432565,4.794537184071822,0.0,0.0,0.0,48.53093654769288,47.87955994862805,35.24981723045167,6.544756405912575,5.749511833283905,0.0,0.0,5.907179729351506,0.0,6.31
4.299300000000003,398.46200000000005,3,0,1,3,1,0,0.0,19.51033443475116,0.0,27.17881965401127,0.0,10.902924932081056,0.0,11.49902366656781,0.0,9.467009378641833,0.0,6.544756405912575,16.810104661432565,4.794537184071822,0.0,0.0,0.0,42.46456947923127,47.87955994862805,29.686365738754667,12.10820789760957,11.49902366656781,0.0,0.0,5.907179729351506,0.0,6.14
1.0210999999999997,381.40700000000004,5,0,2,1,1,1,15.443219880862689,16.00989599106965,11.735126887207288,18.405094737549014,0.0,6.076020106833881,4.39041504767482,5.749511833283905,0.0,9.883888251797686,10.910310778797061,19.696394776338067,17.890379565536893,9.589074368143644,9.374393568622029,4.992404732635669,0.0,6.076020106833881,47.534758432535924,38.04590567545164,6.606881964512918,11.5667326743298,5.48770695145777,11.814359458703011,0.0,0.0,6.5
2.0351999999999997,413.4770000000001,5,0,2,2,1,1,15.443219880862689,16.00989599106965,5.917906046161393,18.405094737549014,0.0,16.848468535763473,0.0,5.749511833283905,0.0,9.883888251797686,10.910310778797061,19.696394776338067,28.662827994466486,9.589074368143644,4.9839785209472085,4.992404732635669,0.0,36.407855449141934,46.17447272454229,38.04590567545164,6.606881964512918,5.749511833283905,5.48770695145777,11.814359458703011,0.0,0.0,5.85
1.0210999999999997,381.40700000000004,5,0,2,1,1,1,15.443219880862689,16.00989599106965,11.735126887207288,18.405094737549014,0.0,6.076020106833881,4.39041504767482,5.749511833283905,0.0,9.883888251797686,10.910310778797061,19.696394776338067,17.890379565536893,9.589074368143644,9.374393568622029,4.992404732635669,0.0,12.142387175295491,35.402024295612705,44.11227274391325,6.606881964512918,11.5667326743298,5.48770695145777,11.814359458703011,0.0,0.0,6.36
0.8819999999999997,363.41700000000003,5,0,2,1,1,1,15.443219880862689,16.00989599106965,5.917906046161393,18.405094737549014,0.0,6.076020106833881,0.0,5.749511833283905,0.0,9.883888251797686,10.910310778797061,19.696394776338067,17.890379565536893,9.589074368143644,4.9839785209472085,4.992404732635669,0.0,24.27512131221871,35.402024295612705,38.04590567545164,6.606881964512918,5.749511833283905,5.48770695145777,11.814359458703011,0.0,0.0,6.58
1.0210999999999997,381.40700000000004,5,0,2,1,1,1,15.443219880862689,16.00989599106965,11.735126887207288,18.405094737549014,0.0,6.076020106833881,4.39041504767482,5.749511833283905,0.0,9.883888251797686,10.910310778797061,19.696394776338067,17.890379565536893,9.589074368143644,9.374393568622029,4.992404732635669,0.0,18.208754243757102,35.402024295612705,38.04590567545164,6.606881964512918,0.0,17.05443962578757,11.814359458703011,0.0,0.0,6.42
0.7721999999999998,363.41700000000003,5,0,2,1,1,1,10.706356927062638,27.35364090938262,0.0,23.96854622924601,0.0,6.076020106833881,0.0,0.0,0.0,9.883888251797686,4.992404732635669,13.08951281182515,17.890379565536893,9.589074368143644,4.9839785209472085,4.992404732635669,0.0,36.407855449141934,28.832741650386478,32.127999629290244,12.71084835226122,0.0,5.48770695145777,11.814359458703011,0.0,0.0,7.006666666666667
0.8336999999999997,369.446,5,0,2,0,2,1,10.706356927062638,27.35364090938262,0.0,23.28224193125031,0.0,6.076020106833881,0.0,0.0,0.0,9.883888251797686,4.992404732635669,13.08951281182515,29.22716544347163,9.589074368143644,4.9839785209472085,4.992404732635669,11.336785877934737,12.142387175295491,34.71571999761701,37.00514682299155,12.71084835226122,0.0,5.48770695145777,11.814359458703011,0.0,0.0,7.89
0.22869999999999968,370.434,5,0,2,0,2,1,10.706356927062638,27.35364090938262,0.0,23.41271843440178,0.0,6.076020106833881,0.0,0.0,0.0,14.867866772744893,4.992404732635669,13.08951281182515,29.22716544347163,9.589074368143644,9.967957041894417,4.992404732635669,11.336785877934737,6.076020106833881,23.269290158689483,43.70490597136924,12.71084835226122,5.007623696852765,5.48770695145777,11.814359458703011,0.0,0.0,7.24
0.6343999999999999,349.39000000000004,4,0,2,1,1,1,15.443219880862689,16.00989599106965,0.0,18.405094737549014,0.0,6.076020106833881,0.0,5.749511833283905,0.0,9.883888251797686,4.992404732635669,13.08951281182515,17.890379565536893,9.589074368143644,4.9839785209472085,4.992404732635669,0.0,24.27512131221871,35.402024295612705,19.038486817465095,13.08951281182515,11.853478221032208,5.48770695145777,11.814359458703011,0.0,0.0,6.0
0.9705999999999999,333.3910000000001,3,0,2,1,1,1,10.706356927062638,16.00989599106965,0.0,29.8864522754074,0.0,6.076020106833881,0.0,0.0,0.0,9.883888251797686,4.992404732635669,13.08951281182515,17.890379565536893,9.589074368143644,4.9839785209472085,4.992404732635669,0.0,36.407855449141934,28.832741650386478,38.04590567545164,0.0,0.0,5.48770695145777,11.814359458703011,0.0,0.0,6.31
0.3655999999999999,334.3790000000001,3,0,2,0,2,1,10.706356927062638,16.00989599106965,0.0,30.016928778558867,0.0,6.076020106833881,0.0,0.0,0.0,14.867866772744893,4.992404732635669,13.08951281182515,17.890379565536893,14.573052889090853,4.9839785209472085,4.992404732635669,0.0,12.142387175295491,35.402024295612705,49.93667724191317,0.0,0.0,5.48770695145777,11.814359458703011,0.0,0.0,6.62
1.5802999999999998,390.4680000000001,3,0,2,1,2,1,10.706356927062638,16.00989599106965,0.0,29.33062448056317,0.0,16.292640740919246,0.0,0.0,0.0,14.867866772744893,4.992404732635669,13.08951281182515,39.44378607755699,9.589074368143644,9.967957041894417,4.992404732635669,11.336785877934737,18.208754243757102,35.402024295612705,38.04590567545164,10.216620634085363,5.007623696852765,5.48770695145777,11.814359458703011,0.0,0.0,6.43
1.992,399.4940000000001,4,1,2,1,1,1,10.706356927062638,22.43071761399566,11.835812092322787,30.38936785217202,0.0,6.076020106833881,0.0,0.0,0.0,9.883888251797686,16.828216824958456,13.08951281182515,17.890379565536893,9.589074368143644,4.9839785209472085,4.992404732635669,0.0,48.05698008604508,53.51019698856129,32.127999629290244,0.0,0.0,5.48770695145777,11.814359458703011,0.0,0.0,5.82
2.6214000000000013,425.9410000000001,3,1,2,0,2,1,10.706356927062638,16.00989599106965,11.835812092322787,29.70306355417632,4.336329015745631,11.64912463690315,0.0,0.0,0.0,9.883888251797686,16.828216824958456,13.08951281182515,46.40120986377342,9.589074368143644,4.9839785209472085,4.992404732635669,11.336785877934737,23.752980103900278,59.23176254093076,37.00514682299155,4.336329015745631,0.0,5.48770695145777,11.814359458703011,0.0,0.0,5.63
1.9065,385.4670000000001,3,1,2,1,1,1,10.706356927062638,16.00989599106965,11.835812092322787,30.38936785217202,0.0,11.64912463690315,0.0,0.0,0.0,9.883888251797686,16.828216824958456,13.08951281182515,23.463484095606162,9.589074368143644,4.9839785209472085,4.992404732635669,0.0,42.483875555975814,52.662479895704536,32.127999629290244,0.0,0.0,5.48770695145777,11.814359458703011,0.0,0.0,6.08
2.5599000000000007,419.9120000000001,3,1,2,1,1,1,10.706356927062638,16.00989599106965,11.835812092322787,30.38936785217202,5.022633313741326,11.64912463690315,0.0,0.0,0.0,9.883888251797686,16.828216824958456,13.08951281182515,35.06442398583868,9.589074368143644,4.9839785209472085,4.992404732635669,0.0,41.952081309285106,58.72884696416615,37.150632943031574,0.0,0.0,5.48770695145777,11.814359458703011,0.0,0.0,5.75
2.0456000000000003,403.4570000000001,3,1,2,1,1,1,10.706356927062638,16.00989599106965,17.65303293336868,30.38936785217202,0.0,11.64912463690315,4.39041504767482,0.0,0.0,9.883888251797686,16.828216824958456,13.08951281182515,23.463484095606162,9.589074368143644,9.374393568622029,4.992404732635669,0.0,30.351141419052592,53.16539547246916,37.69145112098724,0.0,5.817220841045895,5.48770695145777,11.814359458703011,0.0,0.0,5.79
1.3015,386.4550000000001,3,1,2,0,2,1,10.706356927062638,16.00989599106965,11.835812092322787,30.38936785217202,0.0,11.64912463690315,0.0,0.0,0.0,14.867866772744893,16.828216824958456,13.08951281182515,23.463484095606162,14.573052889090853,4.9839785209472085,4.992404732635669,0.0,18.218407282129373,58.72884696416615,44.521686772516404,0.0,0.0,5.48770695145777,11.814359458703011,0.0,0.0,5.97
1.9549,420.90000000000015,3,1,2,0,2,1,10.706356927062638,16.00989599106965,11.835812092322787,30.38936785217202,5.153109816892792,11.64912463690315,0.0,0.0,0.0,14.867866772744893,16.828216824958456,13.08951281182515,35.06442398583868,9.589074368143644,9.967957041894417,4.992404732635669,0.0,29.819347172361887,53.16539547246916,43.88829469260031,0.0,5.153109816892792,5.48770695145777,11.814359458703011,0.0,0.0,5.99
1.4995,375.4280000000001,3,1,2,0,2,1,10.706356927062638,16.00989599106965,11.835812092322787,30.586163779349466,0.0,11.64912463690315,0.0,0.0,0.0,9.883888251797686,16.828216824958456,13.08951281182515,23.463484095606162,9.589074368143644,4.9839785209472085,4.992404732635669,0.0,12.152040213667762,59.23176254093076,32.127999629290244,6.263162995639057,5.760247418874442,5.48770695145777,11.814359458703011,0.0,0.0,5.78
1.9680000000000002,391.4960000000001,3,1,2,0,2,1,10.706356927062638,16.00989599106965,11.835812092322787,29.70306355417632,0.0,11.64912463690315,0.0,0.0,0.0,9.883888251797686,16.828216824958456,13.08951281182515,34.8002699735409,9.589074368143644,4.9839785209472085,4.992404732635669,11.336785877934737,18.218407282129373,58.54545824293507,37.00514682299155,0.0,0.0,5.48770695145777,11.814359458703011,0.0,0.0,6.13
1.3015,386.4550000000001,3,1,2,0,2,1,10.706356927062638,16.00989599106965,11.835812092322787,30.38936785217202,0.0,11.64912463690315,0.0,0.0,0.0,14.867866772744893,16.828216824958456,13.08951281182515,23.463484095606162,14.573052889090853,4.9839785209472085,4.992404732635669,0.0,12.152040213667762,64.79521403262775,44.521686772516404,0.0,0.0,5.48770695145777,11.814359458703011,0.0,0.0,5.95
1.4995,375.4280000000001,3,1,2,0,2,1,10.706356927062638,16.00989599106965,11.835812092322787,30.38936785217202,0.0,11.64912463690315,0.0,0.0,0.0,9.883888251797686,16.828216824958456,13.08951281182515,23.463484095606162,9.589074368143644,4.9839785209472085,4.992404732635669,0.0,12.152040213667762,53.16539547246916,37.69145112098724,12.526325991278114,0.0,5.48770695145777,11.814359458703011,0.0,0.0,5.81
1.9680000000000002,391.4960000000001,3,1,2,0,2,1,10.706356927062638,16.00989599106965,11.835812092322787,30.38936785217202,0.0,11.64912463690315,0.0,0.0,0.0,9.883888251797686,16.828216824958456,13.08951281182515,34.8002699735409,9.589074368143644,4.9839785209472085,16.329190610570407,0.0,12.152040213667762,69.48897250509798,32.127999629290244,0.0,0.0,5.48770695145777,11.814359458703011,0.0,0.0,5.87
2.6214000000000013,425.9410000000001,3,1,2,0,2,1,10.706356927062638,16.00989599106965,11.835812092322787,30.38936785217202,4.336329015745631,11.64912463690315,0.0,0.0,0.0,9.883888251797686,16.828216824958456,13.08951281182515,46.40120986377342,9.589074368143644,4.9839785209472085,4.992404732635669,11.336785877934737,23.752980103900278,58.54545824293507,37.69145112098724,0.0,4.336329015745631,5.48770695145777,11.814359458703011,0.0,0.0,5.75
0.6295999999999999,375.4320000000001,3,1,2,0,2,1,10.706356927062638,16.00989599106965,11.835812092322787,30.38936785217202,0.0,11.64912463690315,0.0,0.0,0.0,20.08125186839976,16.828216824958456,13.08951281182515,23.463484095606162,14.687756176444681,4.9839785209472085,10.091086540936708,0.0,12.152040213667762,47.09902840400754,43.88829469260031,6.196843571613076,0.0,5.48770695145777,11.814359458703011,0.0,0.0,5.84
1.363,392.4840000000001,3,1,2,0,2,1,10.706356927062638,16.00989599106965,11.835812092322787,29.833540057327788,0.0,11.64912463690315,0.0,0.0,0.0,14.867866772744893,16.828216824958456,13.08951281182515,34.8002699735409,9.589074368143644,9.967957041894417,4.992404732635669,11.336785877934737,12.152040213667762,47.09902840400754,43.70490597136924,0.0,5.007623696852765,5.48770695145777,11.814359458703011,0.0,0.0,5.93
0.3791000000000002,309.369,2,1,2,0,1,1,10.706356927062638,16.00989599106965,11.835812092322787,24.825916360475023,0.0,6.076020106833881,0.0,0.0,0.0,9.883888251797686,16.828216824958456,13.08951281182515,17.890379565536893,9.589074368143644,4.9839785209472085,4.992404732635669,0.0,18.228060320501644,41.52592387393828,32.127999629290244,0.0,0.0,5.48770695145777,11.814359458703011,0.0,0.0,5.57
0.8483000000000003,347.36500000000007,2,1,2,0,1,1,10.706356927062638,16.00989599106965,11.835812092322787,31.246737983401033,0.0,6.076020106833881,8.78083009534964,0.0,0.0,9.883888251797686,16.828216824958456,13.08951281182515,17.890379565536893,9.589074368143644,13.764808616296847,4.992404732635669,0.0,6.076020106833881,35.10510225101227,44.96964287514227,0.0,0.0,5.48770695145777,17.736888626797587,0.0,0.0,5.32
0.6507999999999998,377.4480000000001,3,1,2,0,2,1,10.706356927062638,16.00989599106965,11.835812092322787,37.28857881254899,0.0,6.076020106833881,0.0,0.0,0.0,19.66437299524391,16.828216824958456,13.08951281182515,17.890379565536893,14.270877303288827,4.9839785209472085,10.091086540936708,0.0,6.076020106833881,54.0131125653259,44.521686772516404,6.041840829147961,0.0,5.48770695145777,11.814359458703011,0.0,0.0,5.56
0.04580000000000051,378.4360000000001,3,1,2,0,2,1,10.706356927062638,16.00989599106965,11.835812092322787,37.28857881254899,0.0,6.076020106833881,0.0,0.0,0.0,24.877758090898777,16.828216824958456,13.08951281182515,17.890379565536893,9.589074368143644,9.665781456092393,4.992404732635669,5.098681808301038,11.289405202488748,47.946745496864295,38.32484320090332,12.238684400761038,0.0,5.48770695145777,11.814359458703011,0.0,0.0,5.26
0.04580000000000051,378.4360000000001,3,1,2,0,2,1,10.706356927062638,16.00989599106965,11.835812092322787,37.28857881254899,0.0,6.076020106833881,0.0,0.0,0.0,24.648351516191116,16.828216824958456,13.08951281182515,17.890379565536893,9.589074368143644,14.6497599770396,10.091086540936708,0.0,6.076020106833881,47.946745496864295,32.127999629290244,6.041840829147961,12.654640149529083,5.48770695145777,11.814359458703011,0.0,0.0,5.05
0.04580000000000051,378.4360000000001,3,1,2,0,2,1,10.706356927062638,16.00989599106965,11.835812092322787,37.28857881254899,0.0,6.076020106833881,0.0,0.0,0.0,24.877758090898777,16.828216824958456,13.08951281182515,17.890379565536893,9.589074368143644,4.9839785209472085,19.986274571736757,0.0,6.076020106833881,47.946745496864295,32.127999629290244,18.435527972374114,0.0,5.48770695145777,11.814359458703011,0.0,0.0,5.83
2.4067000000000007,399.45000000000016,3,0,2,1,2,0,10.706356927062638,16.00989599106965,0.0,30.586163779349466,0.0,22.618368993010186,0.0,0.0,0.0,9.883888251797686,4.992404732635669,13.08951281182515,34.4327284517132,9.589074368143644,4.9839785209472085,4.992404732635669,0.0,30.351141419052592,47.39595044860798,37.51422384375505,0.0,11.343267560516685,5.48770695145777,11.814359458703011,0.0,0.0,5.32
1.3892,403.4380000000002,3,0,3,1,1,0,20.180082834662738,16.00989599106965,0.0,30.38936785217202,0.0,11.64912463690315,0.0,11.49902366656781,0.0,9.883888251797686,4.992404732635669,19.882455117924977,23.463484095606162,9.589074368143644,4.9839785209472085,4.992404732635669,0.0,18.218407282129373,52.95940194030497,32.127999629290244,0.0,0.0,16.98673061802558,18.607301764802838,0.0,0.0,5.88
2.6793000000000013,427.4260000000001,3,0,2,1,1,0,10.706356927062638,22.186194508513125,0.0,35.95281934386901,0.0,11.64912463690315,13.171245143024459,0.0,0.0,9.883888251797686,4.992404732635669,13.08951281182515,23.463484095606162,9.589074368143644,4.9839785209472085,18.163649875660127,0.0,24.284774350590983,52.95940194030497,32.127999629290244,5.563451491696996,0.0,5.48770695145777,11.814359458703011,0.0,6.176298517443475,5.58
1.6605,359.4290000000001,3,0,2,1,1,0,10.706356927062638,16.00989599106965,0.0,30.38936785217202,0.0,11.64912463690315,0.0,0.0,0.0,9.883888251797686,4.992404732635669,13.08951281182515,23.463484095606162,9.589074368143644,4.9839785209472085,4.992404732635669,0.0,42.483875555975814,40.82666780338175,32.127999629290244,0.0,0.0,5.48770695145777,11.814359458703011,0.0,0.0,5.94
2.3139000000000003,393.8740000000001,3,0,2,1,1,0,10.706356927062638,16.00989599106965,0.0,30.38936785217202,5.022633313741326,11.64912463690315,0.0,0.0,0.0,9.883888251797686,4.992404732635669,13.08951281182515,35.06442398583868,9.589074368143644,4.9839785209472085,4.992404732635669,0.0,41.952081309285106,46.89303487184337,37.150632943031574,0.0,0.0,5.48770695145777,11.814359458703011,0.0,0.0,5.83
1.0555,360.4170000000001,3,0,2,0,2,0,10.706356927062638,16.00989599106965,0.0,30.38936785217202,0.0,11.64912463690315,0.0,0.0,0.0,14.867866772744893,4.992404732635669,13.08951281182515,23.463484095606162,14.573052889090853,4.9839785209472085,4.992404732635669,0.0,18.218407282129373,46.89303487184337,44.521686772516404,0.0,0.0,5.48770695145777,11.814359458703011,0.0,0.0,5.73
1.2535,349.3900000000001,3,0,2,0,2,0,10.706356927062638,16.00989599106965,0.0,30.586163779349466,0.0,11.64912463690315,0.0,0.0,0.0,9.883888251797686,4.992404732635669,13.08951281182515,23.463484095606162,9.589074368143644,4.9839785209472085,4.992404732635669,0.0,12.152040213667762,47.39595044860798,32.127999629290244,6.263162995639057,5.760247418874442,5.48770695145777,11.814359458703011,0.0,0.0,6.01
1.2535,349.3900000000001,3,0,2,0,2,0,10.706356927062638,16.00989599106965,0.0,30.38936785217202,0.0,11.64912463690315,0.0,0.0,0.0,9.883888251797686,4.992404732635669,13.08951281182515,23.463484095606162,9.589074368143644,4.9839785209472085,4.992404732635669,0.0,12.152040213667762,41.329583380146374,37.69145112098724,12.526325991278114,0.0,5.48770695145777,11.814359458703011,0.0,0.0,5.86
0.13310000000000022,283.33099999999996,2,0,2,0,1,0,10.706356927062638,16.00989599106965,0.0,24.825916360475023,0.0,6.076020106833881,0.0,0.0,0.0,9.883888251797686,4.992404732635669,13.08951281182515,17.890379565536893,9.589074368143644,4.9839785209472085,4.992404732635669,0.0,18.228060320501644,29.690111781615492,32.127999629290244,0.0,0.0,5.48770695145777,11.814359458703011,0.0,0.0,4.9
1.4661000000000002,389.4550000000001,4,0,2,1,1,1,10.706356927062638,16.00989599106965,5.917906046161393,41.604726659169856,0.0,6.076020106833881,0.0,0.0,0.0,9.883888251797686,10.910310778797061,13.08951281182515,23.67362451190183,14.383611552215466,4.9839785209472085,4.992404732635669,0.0,36.407855449141934,36.1109334045415,43.60935716714863,0.0,0.0,11.270951897822709,11.814359458703011,0.0,0.0,5.35
1.8689,385.53300000000013,4,0,3,0,1,2,10.706356927062638,16.00989599106965,5.917906046161393,50.50920285217907,0.0,6.076020106833881,0.0,0.0,0.0,9.883888251797686,10.910310778797061,18.842366418571938,29.652264514928007,9.589074368143644,4.9839785209472085,16.754289682026783,0.0,6.076020106833881,67.04415792622771,37.37793765927242,0.0,0.0,5.48770695145777,11.814359458703011,0.0,0.0,5.8
-0.0343999999999991,329.40000000000003,4,0,2,0,1,1,10.706356927062638,16.00989599106965,5.917906046161393,37.667559606327046,0.0,6.076020106833881,0.0,0.0,0.0,9.883888251797686,10.910310778797061,19.696394776338067,17.890379565536893,9.589074368143644,4.9839785209472085,4.992404732635669,0.0,6.076020106833881,48.4496610736289,38.734881593803166,0.0,0.0,5.48770695145777,11.814359458703011,0.0,0.0,5.28
2.1914,423.4880000000001,6,0,2,1,1,1,15.443219880862689,16.00989599106965,11.735126887207288,37.667559606327046,0.0,6.076020106833881,4.39041504767482,5.749511833283905,0.0,9.883888251797686,10.910310778797061,19.696394776338067,17.890379565536893,9.589074368143644,9.374393568622029,4.992404732635669,0.0,6.076020106833881,72.71512934747534,32.127999629290244,6.606881964512918,11.5667326743298,5.48770695145777,11.814359458703011,0.0,0.0,5.5
2.0523,405.4980000000001,6,0,2,1,1,1,15.443219880862689,16.00989599106965,5.917906046161393,37.667559606327046,0.0,6.076020106833881,0.0,5.749511833283905,0.0,9.883888251797686,10.910310778797061,19.696394776338067,17.890379565536893,9.589074368143644,4.9839785209472085,4.992404732635669,0.0,24.27512131221871,60.58239521055212,32.127999629290244,6.606881964512918,5.749511833283905,5.48770695145777,11.814359458703011,0.0,0.0,5.61
1.8013000000000001,409.46100000000007,5,0,2,1,1,1,15.443219880862689,16.00989599106965,11.735126887207288,31.246737983401033,0.0,6.076020106833881,4.39041504767482,5.749511833283905,0.0,9.883888251797686,10.910310778797061,19.696394776338067,17.890379565536893,9.589074368143644,9.374393568622029,4.992404732635669,0.0,6.076020106833881,66.29430772454933,32.127999629290244,6.606881964512918,11.5667326743298,5.48770695145777,11.814359458703011,0.0,0.0,5.94
2.3741000000000003,426.52000000000015,4,0,2,1,2,1,10.706356927062638,22.43071761399566,5.917906046161393,36.9406659782495,0.0,16.978945038914937,0.0,0.0,0.0,14.867866772744893,10.910310778797061,13.08951281182515,28.793304497617953,14.573052889090853,4.9839785209472085,4.992404732635669,0.0,30.34148838068032,60.58239521055212,43.2081518386035,5.516700717616262,0.0,5.48770695145777,11.814359458703011,0.0,0.0,5.1
1.8259,375.4720000000001,4,0,2,1,1,1,10.706356927062638,22.43071761399566,5.917906046161393,36.81018947509803,0.0,6.076020106833881,0.0,0.0,0.0,9.883888251797686,10.910310778797061,13.08951281182515,17.890379565536893,9.589074368143644,4.9839785209472085,4.992404732635669,0.0,36.407855449141934,54.0131125653259,32.127999629290244,0.0,0.0,5.48770695145777,11.814359458703011,0.0,0.0,6.08
1.2209,376.4600000000001,4,0,2,0,2,1,10.706356927062638,22.43071761399566,5.917906046161393,36.9406659782495,0.0,6.076020106833881,0.0,0.0,0.0,14.867866772744893,10.910310778797061,13.08951281182515,17.890379565536893,14.573052889090853,4.9839785209472085,4.992404732635669,0.0,12.142387175295491,60.58239521055212,44.01877119575178,0.0,0.0,5.48770695145777,11.814359458703011,0.0,0.0,5.9
1.8874000000000002,381.5010000000001,4,0,2,0,2,1,10.706356927062638,22.43071761399566,5.917906046161393,36.12388517710234,0.0,6.076020106833881,0.0,0.0,0.0,9.883888251797686,10.910310778797061,13.08951281182515,29.22716544347163,9.589074368143644,4.9839785209472085,4.992404732635669,11.336785877934737,12.142387175295491,59.89609091255642,37.00514682299155,0.0,0.0,5.48770695145777,11.814359458703011,0.0,0.0,5.88
2.7112000000000007,433.4830000000002,4,0,2,1,2,1,10.706356927062638,22.43071761399566,11.735126887207288,36.81018947509803,0.0,17.04526446294092,4.39041504767482,0.0,0.0,9.883888251797686,10.910310778797061,13.08951281182515,28.85962392164393,9.589074368143644,9.374393568622029,4.992404732635669,0.0,6.076020106833881,66.14584670224912,43.58059091221665,6.263162995639057,11.400240982688137,5.48770695145777,11.814359458703011,0.0,0.0,5.74
2.435600000000001,432.5490000000001,4,0,2,1,2,1,10.706356927062638,22.43071761399566,5.917906046161393,36.254361680253794,0.0,16.292640740919246,0.0,0.0,0.0,14.867866772744893,10.910310778797061,13.08951281182515,39.44378607755699,9.589074368143644,9.967957041894417,4.992404732635669,11.336785877934737,18.208754243757102,54.16157358762611,38.54882125221626,15.224244330938129,0.0,5.48770695145777,11.814359458703011,0.0,0.0,5.4
2.2381,414.5090000000001,4,0,2,1,2,1,10.706356927062638,22.554652396982227,5.917906046161393,31.246737983401033,0.0,16.978945038914937,0.0,0.0,0.0,14.450987899589041,10.910310778797061,13.08951281182515,28.793304497617953,9.589074368143644,4.9839785209472085,4.992404732635669,0.0,24.27512131221871,59.54779780209091,50.386300324432156,0.0,0.0,5.48770695145777,11.814359458703011,0.0,0.0,5.18
-0.12509999999999888,366.42500000000007,4,0,2,0,2,1,10.706356927062638,22.554652396982227,5.917906046161393,31.246737983401033,0.0,6.076020106833881,0.0,0.0,0.0,24.648351516191116,10.910310778797061,13.08951281182515,17.890379565536893,14.270877303288827,9.967957041894417,10.091086540936708,0.0,6.076020106833881,42.02883945070289,38.67275603520282,0.0,12.654640149529083,5.48770695145777,11.814359458703011,0.0,0.0,5.41
1.5082,411.88900000000007,3,0,2,1,1,1,10.706356927062638,21.61094680205334,0.0,36.81018947509803,5.022633313741326,6.076020106833881,0.0,0.0,0.0,9.883888251797686,4.992404732635669,13.08951281182515,29.491319455769407,9.589074368143644,4.9839785209472085,4.992404732635669,0.0,29.809694133989616,53.80711903316171,37.150632943031574,5.601050810983688,0.0,5.48770695145777,11.814359458703011,0.0,0.0,5.71
0.8547999999999998,377.4440000000001,3,0,2,1,1,1,10.706356927062638,21.61094680205334,0.0,36.81018947509803,0.0,6.076020106833881,0.0,0.0,0.0,9.883888251797686,4.992404732635669,13.08951281182515,17.890379565536893,9.589074368143644,4.9839785209472085,4.992404732635669,0.0,36.407855449141934,41.67438489623849,32.127999629290244,5.601050810983688,0.0,5.48770695145777,11.814359458703011,0.0,0.0,6.47
1.0244999999999997,363.41700000000003,4,0,2,1,1,1,15.443219880862689,16.00989599106965,0.0,24.825916360475023,0.0,6.076020106833881,0.0,5.749511833283905,0.0,9.883888251797686,4.992404732635669,13.08951281182515,17.890379565536893,9.589074368143644,4.9839785209472085,4.992404732635669,0.0,24.27512131221871,35.402024295612705,32.00406484630368,6.544756405912575,11.853478221032208,5.48770695145777,11.814359458703011,0.0,0.0,6.92
1.4145999999999999,377.4440000000001,4,0,2,1,1,1,15.443219880862689,16.00989599106965,0.0,31.246737983401033,0.0,6.076020106833881,0.0,5.749511833283905,0.0,9.883888251797686,4.992404732635669,13.08951281182515,17.890379565536893,9.589074368143644,4.9839785209472085,4.992404732635669,0.0,24.27512131221871,35.402024295612705,44.96964287514227,0.0,11.853478221032208,5.48770695145777,11.814359458703011,0.0,0.0,5.61
0.41949999999999976,364.40500000000003,4,0,2,0,2,1,15.443219880862689,16.00989599106965,0.0,24.825916360475023,0.0,6.076020106833881,0.0,5.749511833283905,0.0,14.867866772744893,4.992404732635669,13.08951281182515,17.890379565536893,14.573052889090853,4.9839785209472085,4.992404732635669,0.0,6.076020106833881,35.402024295612705,38.20090841791675,12.741599977525652,11.853478221032208,5.48770695145777,11.814359458703011,0.0,0.0,6.03
1.4564000000000001,377.44400000000013,3,0,2,1,1,1,10.706356927062638,16.00989599106965,0.0,42.72809552125942,0.0,6.076020106833881,0.0,5.749511833283905,0.0,9.883888251797686,4.992404732635669,13.08951281182515,17.890379565536893,9.589074368143644,4.9839785209472085,4.992404732635669,0.0,18.208754243757102,59.7250250793231,32.127999629290244,0.0,5.749511833283905,5.48770695145777,11.814359458703011,0.0,0.0,6.03
1.7508000000000004,361.4450000000001,3,0,2,1,1,1,10.706356927062638,16.00989599106965,0.0,42.72809552125942,0.0,6.076020106833881,0.0,0.0,0.0,9.883888251797686,4.992404732635669,13.08951281182515,17.890379565536893,9.589074368143644,4.9839785209472085,4.992404732635669,0.0,36.407855449141934,47.592290942399885,32.127999629290244,0.0,0.0,5.48770695145777,11.814359458703011,0.0,0.0,6.1
-0.42309999999999914,257.29299999999995,2,0,2,0,1,1,10.706356927062638,16.00989599106965,0.0,24.825916360475023,0.0,6.076020106833881,0.0,0.0,0.0,9.883888251797686,4.992404732635669,13.08951281182515,17.890379565536893,9.589074368143644,4.9839785209472085,4.992404732635669,0.0,6.076020106833881,29.690111781615492,32.127999629290244,0.0,0.0,5.48770695145777,11.814359458703011,0.0,0.0,4.96
1.8013000000000001,409.46100000000007,5,0,2,1,1,1,15.443219880862689,16.00989599106965,11.735126887207288,31.246737983401033,0.0,6.076020106833881,4.39041504767482,5.749511833283905,0.0,9.883888251797686,10.910310778797061,19.696394776338067,17.890379565536893,9.589074368143644,9.374393568622029,4.992404732635669,0.0,6.076020106833881,60.376401678387936,38.04590567545164,6.606881964512918,11.5667326743298,5.48770695145777,11.814359458703011,0.0,0.0,5.89
1.4145999999999999,377.444,4,0,2,1,1,1,15.443219880862689,16.00989599106965,0.0,31.246737983401033,0.0,6.076020106833881,0.0,5.749511833283905,0.0,9.883888251797686,4.992404732635669,13.08951281182515,17.890379565536893,9.589074368143644,4.9839785209472085,4.992404732635669,0.0,24.27512131221871,48.24366754146472,25.58324322337767,6.544756405912575,11.853478221032208,5.48770695145777,11.814359458703011,0.0,0.0,5.03
-0.032999999999999474,271.31999999999994,2,0,2,0,1,1,10.706356927062638,16.00989599106965,0.0,31.246737983401033,0.0,6.076020106833881,0.0,0.0,0.0,9.883888251797686,4.992404732635669,13.08951281182515,17.890379565536893,9.589074368143644,4.9839785209472085,4.992404732635669,0.0,6.076020106833881,36.1109334045415,32.127999629290244,0.0,0.0,5.48770695145777,11.814359458703011,0.0,0.0,5.26
1.7083,347.418,3,0,2,1,1,1,10.706356927062638,16.00989599106965,0.0,42.852030304245986,0.0,6.076020106833881,0.0,0.0,0.0,9.883888251797686,4.992404732635669,6.544756405912575,17.890379565536893,9.589074368143644,4.9839785209472085,4.992404732635669,0.0,36.407855449141934,41.67438489623849,25.58324322337767,6.041840829147961,0.0,5.48770695145777,11.814359458703011,0.0,0.0,5.15
0.3571,285.3469999999999,2,0,2,0,1,1,10.706356927062638,16.00989599106965,0.0,37.667559606327046,0.0,6.076020106833881,0.0,0.0,0.0,9.883888251797686,4.992404732635669,13.08951281182515,17.890379565536893,9.589074368143644,4.9839785209472085,4.992404732635669,0.0,6.076020106833881,42.53175502746751,32.127999629290244,0.0,0.0,5.48770695145777,11.814359458703011,0.0,0.0,5.006666666666667
2.2396000000000003,402.45400000000006,3,0,2,1,2,1,10.706356927062638,16.00989599106965,0.0,49.60012435750091,0.0,17.175740966092384,0.0,0.0,0.0,14.867866772744893,4.992404732635669,6.544756405912575,28.9901004247954,9.589074368143644,9.967957041894417,4.992404732635669,0.0,18.208754243757102,54.66448916439073,25.58324322337767,0.0,11.558541546764221,11.070727093100011,17.70508338072892,0.0,0.0,5.75
2.2396000000000003,402.45400000000006,3,0,2,1,2,1,10.706356927062638,16.00989599106965,0.0,49.60012435750091,0.0,17.175740966092384,0.0,0.0,0.0,14.867866772744893,4.992404732635669,6.544756405912575,28.9901004247954,9.589074368143644,9.967957041894417,4.992404732635669,0.0,18.208754243757102,54.66448916439073,25.58324322337767,0.0,11.558541546764221,11.070727093100011,17.70508338072892,0.0,0.0,5.75
0.6889999999999996,376.4600000000001,4,0,2,1,1,1,10.706356927062638,22.554652396982227,0.0,23.96854622924601,0.0,6.076020106833881,0.0,0.0,0.0,14.783797982648164,4.992404732635669,26.1790256236503,17.890379565536893,14.488984098994122,4.9839785209472085,4.992404732635669,0.0,36.407855449141934,28.832741650386478,51.76226884702797,0.0,0.0,5.48770695145777,11.814359458703011,0.0,0.0,4.72
0.6934,362.4330000000001,3,0,2,1,1,1,15.606266657913118,16.00989599106965,0.0,18.405094737549014,0.0,6.076020106833881,5.687386274683562,0.0,0.0,9.883888251797686,4.992404732635669,31.07893535450078,23.577765840220454,9.589074368143644,4.9839785209472085,4.992404732635669,0.0,24.27512131221871,35.402024295612705,50.90489871579895,0.0,0.0,5.48770695145777,11.814359458703011,0.0,0.0,5.39
0.9294999999999998,333.3910000000001,2,0,2,1,1,0,10.706356927062638,28.975474019908237,0.0,29.531997720943004,0.0,6.076020106833881,0.0,0.0,0.0,9.883888251797686,4.992404732635669,6.544756405912575,17.890379565536893,9.589074368143644,4.9839785209472085,4.992404732635669,0.0,30.34148838068032,40.81701476500948,32.127999629290244,0.0,0.0,5.48770695145777,11.814359458703011,0.0,0.0,5.84
1.1007999999999998,403.4820000000001,3,1,2,1,1,1,10.706356927062638,21.61094680205334,11.835812092322787,36.81018947509803,0.0,6.076020106833881,0.0,0.0,0.0,9.883888251797686,16.828216824958456,13.08951281182515,17.890379565536893,9.589074368143644,4.9839785209472085,4.992404732635669,0.0,36.407855449141934,53.51019698856129,32.127999629290244,5.601050810983688,0.0,5.48770695145777,11.814359458703011,0.0,0.0,5.2
1.3015000000000003,386.45500000000004,3,1,2,0,2,1,10.706356927062638,16.00989599106965,11.835812092322787,30.38936785217202,0.0,11.64912463690315,0.0,0.0,0.0,14.867866772744893,16.828216824958456,13.08951281182515,23.463484095606162,14.573052889090853,4.9839785209472085,4.992404732635669,0.0,12.152040213667762,64.79521403262777,44.521686772516404,0.0,0.0,5.48770695145777,11.814359458703011,0.0,0.0,5.95
1.9680000000000002,391.49600000000004,3,1,2,0,2,1,10.706356927062638,16.00989599106965,11.835812092322787,30.38936785217202,0.0,11.64912463690315,0.0,0.0,0.0,9.883888251797686,16.828216824958456,13.08951281182515,34.8002699735409,9.589074368143644,4.9839785209472085,16.329190610570407,0.0,12.152040213667762,69.48897250509798,32.127999629290244,0.0,0.0,5.48770695145777,11.814359458703011,0.0,0.0,5.94
0.1237000000000017,452.5360000000002,4,0,3,1,1,2,10.706356927062638,26.033187144477235,11.835812092322787,18.405094737549014,0.0,6.076020106833881,0.0,0.0,0.0,14.189104243093919,16.828216824958456,26.1790256236503,27.913670718944477,9.589074368143644,13.401775505276145,9.297620723931903,0.0,24.27512131221871,47.23783638793549,45.21751244111539,4.895483475517775,0.0,5.48770695145777,21.837650612110593,0.0,0.0,5.17
1.5928,422.9160000000001,3,0,3,1,1,2,15.606266657913118,16.00989599106965,11.835812092322787,18.405094737549014,5.022633313741326,6.076020106833881,5.687386274683562,0.0,0.0,9.883888251797686,16.828216824958456,31.07893535450078,35.17870573045297,9.589074368143644,4.9839785209472085,4.992404732635669,0.0,17.676959997066398,47.534758432535924,67.76334412186307,0.0,0.0,5.48770695145777,11.814359458703011,0.0,0.0,5.53
1.5927999999999998,422.9160000000001,3,0,3,1,1,2,15.606266657913118,16.00989599106965,11.835812092322787,18.405094737549014,5.022633313741326,6.076020106833881,5.687386274683562,0.0,0.0,9.883888251797686,16.828216824958456,31.07893535450078,35.17870573045297,9.589074368143644,4.9839785209472085,4.992404732635669,0.0,23.743327065528007,41.468391364074314,67.76334412186307,0.0,0.0,5.48770695145777,11.814359458703011,0.0,0.0,5.66
0.9394,388.4710000000001,3,0,3,1,1,2,15.606266657913118,16.00989599106965,11.835812092322787,18.405094737549014,0.0,6.076020106833881,5.687386274683562,0.0,0.0,9.883888251797686,16.828216824958456,31.07893535450078,23.577765840220454,9.589074368143644,4.9839785209472085,4.992404732635669,0.0,24.27512131221871,35.402024295612705,62.74071080812175,0.0,0.0,5.48770695145777,11.814359458703011,0.0,0.0,5.7
1.5927999999999998,422.9160000000001,3,0,3,1,1,2,15.606266657913118,16.00989599106965,11.835812092322787,18.405094737549014,5.022633313741326,6.076020106833881,5.687386274683562,0.0,0.0,9.883888251797686,16.828216824958456,31.07893535450078,35.17870573045297,9.589074368143644,4.9839785209472085,4.992404732635669,0.0,29.809694133989616,35.402024295612705,57.053324533438186,10.710019588424888,0.0,5.48770695145777,11.814359458703011,0.0,0.0,5.98
0.3344000000000007,389.4590000000001,3,0,3,0,2,2,15.606266657913118,16.00989599106965,11.835812092322787,18.405094737549014,0.0,6.076020106833881,5.687386274683562,0.0,0.0,14.867866772744893,16.828216824958456,31.07893535450078,23.577765840220454,14.573052889090853,4.9839785209472085,4.992404732635669,0.0,6.076020106833881,35.402024295612705,63.25016810505126,11.884229846296638,0.0,5.48770695145777,11.814359458703011,0.0,0.0,5.56
1.0008999999999997,394.5000000000001,3,0,3,0,2,2,15.606266657913118,16.00989599106965,11.835812092322787,18.405094737549014,0.0,6.076020106833881,5.001081976687867,0.0,0.0,9.883888251797686,16.828216824958456,31.07893535450078,34.2282474201595,9.589074368143644,4.9839785209472085,4.992404732635669,11.336785877934737,6.076020106833881,40.78208706607862,57.053324533438186,5.001081976687867,0.0,5.48770695145777,11.814359458703011,0.0,0.0,5.75
0.39590000000000014,395.4880000000001,3,0,3,0,2,2,15.606266657913118,16.00989599106965,11.835812092322787,18.405094737549014,0.0,6.076020106833881,5.131558479839333,0.0,0.0,14.867866772744893,16.828216824958456,31.07893535450078,34.35872392331096,9.589074368143644,9.967957041894417,4.992404732635669,11.336785877934737,6.076020106833881,23.269290158689483,68.63023087551717,0.0,0.0,10.619265431297102,11.814359458703011,0.0,0.0,5.84
1.6605999999999999,403.4820000000001,4,1,2,1,1,1,15.443219880862689,16.00989599106965,11.835812092322787,31.246737983401033,0.0,6.076020106833881,0.0,5.749511833283905,0.0,9.883888251797686,16.828216824958456,13.08951281182515,17.890379565536893,9.589074368143644,4.9839785209472085,4.992404732635669,0.0,24.27512131221871,60.079479633787514,32.127999629290244,6.103966387748303,5.749511833283905,5.48770695145777,11.814359458703011,0.0,0.0,5.34
1.9680000000000002,391.49600000000004,3,1,2,0,2,1,10.706356927062638,16.00989599106965,11.835812092322787,30.38936785217202,0.0,11.64912463690315,0.0,0.0,0.0,9.883888251797686,16.828216824958456,13.08951281182515,34.8002699735409,9.589074368143644,4.9839785209472085,16.329190610570407,0.0,12.152040213667762,69.48897250509798,32.127999629290244,0.0,0.0,5.48770695145777,11.814359458703011,0.0,0.0,5.93
0.9964999999999999,408.5270000000001,4,0,3,0,2,2,10.706356927062638,22.554652396982227,11.835812092322787,23.28224193125031,0.0,6.076020106833881,0.0,0.0,0.0,14.783797982648164,16.828216824958456,26.1790256236503,29.22716544347163,14.488984098994122,4.9839785209472085,4.992404732635669,11.336785877934737,12.142387175295491,46.55153208993979,56.63941604072926,0.0,0.0,5.48770695145777,11.814359458703011,0.0,0.0,5.04
2.8797000000000006,383.4510000000001,1,1,2,1,1,1,5.316788604006331,16.00989599106965,23.67668073003407,29.531997720943004,0.0,5.573104530069267,5.817862777835028,0.0,0.0,9.883888251797686,11.835812092322787,18.406301415831482,23.205326766607307,9.589074368143644,4.9839785209472085,0.0,0.0,42.328289767997575,47.443829920099674,37.19106381691688,0.0,5.817862777835028,0.0,5.907179729351506,5.907179729351506,0.0,5.68
1.0196999999999992,439.4870000000002,6,0,2,1,1,1,15.443219880862687,16.009895991069655,17.65303293336868,24.825916360475023,0.0,6.076020106833881,4.39041504767482,5.749511833283905,0.0,9.883888251797686,16.828216824958453,26.303276740850986,17.890379565536893,9.589074368143644,9.374393568622029,4.992404732635669,0.0,6.076020106833881,66.29430772454933,25.707178006364238,19.13166997518723,11.5667326743298,5.48770695145777,5.907179729351506,5.907179729351506,0.0,7.09
3.568100000000002,285.328,4,0,0,1,2,0,0.0,6.544756405912575,10.114318268765572,5.563451491696996,0.0,11.257379486545457,5.687386274683562,0.0,0.0,9.551078168738563,0.0,0.0,17.0241721526183,10.114318268765572,4.9839785209472085,11.336785877934737,0.0,12.13273413692322,17.00988133062452,35.817848376611785,16.944559118430675,0.0,0.0,0.0,5.687386274683562,0.0,4.83
5.909300000000003,359.2080000000001,4,0,0,2,1,0,10.16565334570059,0.0,0.0,11.323698910571437,10.045266627482652,12.152040213667762,0.0,11.49902366656781,0.0,0.0,0.0,0.0,35.353919994132795,4.794537184071822,0.0,0.0,0.0,65.67610229806857,23.772205735454097,6.06636706846161,10.045266627482652,12.0234104145135,5.749511833283905,11.178302225184446,0.0,0.0,5.32
5.909300000000003,359.2080000000001,4,0,0,2,1,0,10.16565334570059,0.0,0.0,11.323698910571437,10.045266627482652,12.152040213667762,0.0,11.49902366656781,0.0,0.0,0.0,0.0,35.353919994132795,4.794537184071822,0.0,0.0,0.0,59.60973522960697,29.838572803915707,11.089000382202936,5.022633313741326,17.772922247797403,0.0,11.178302225184446,0.0,0.0,5.34
5.909300000000003,359.2080000000001,4,0,0,2,1,0,10.16565334570059,0.0,0.0,11.323698910571437,10.045266627482652,12.152040213667762,0.0,11.49902366656781,0.0,0.0,0.0,0.0,35.353919994132795,4.794537184071822,0.0,0.0,0.0,65.67610229806857,23.772205735454097,6.06636706846161,5.022633313741326,22.79555556153873,0.0,11.178302225184446,0.0,0.0,5.17
5.304300000000003,360.196,4,0,0,1,2,0,10.16565334570059,0.0,0.0,11.323698910571437,10.045266627482652,12.152040213667762,0.0,11.49902366656781,0.0,4.9839785209472085,0.0,0.0,35.353919994132795,9.77851570501903,0.0,0.0,0.0,35.33461391738825,35.91459291074959,18.460054211687762,10.045266627482652,12.0234104145135,5.749511833283905,11.178302225184446,0.0,0.0,5.43
5.304300000000002,360.196,4,0,0,1,2,0,10.16565334570059,0.0,0.0,11.323698910571437,10.045266627482652,12.152040213667762,0.0,11.49902366656781,0.0,4.9839785209472085,0.0,0.0,35.353919994132795,9.77851570501903,0.0,0.0,0.0,29.268246848926644,41.9809599792112,23.48268752542909,5.022633313741326,17.772922247797403,0.0,11.178302225184446,0.0,0.0,5.69
5.304300000000002,360.196,4,0,0,1,2,0,10.16565334570059,0.0,0.0,11.323698910571437,10.045266627482652,12.152040213667762,0.0,11.49902366656781,0.0,4.9839785209472085,0.0,0.0,35.353919994132795,9.77851570501903,0.0,0.0,0.0,35.33461391738825,35.91459291074959,18.460054211687762,5.022633313741326,22.79555556153873,0.0,11.178302225184446,0.0,0.0,5.46
5.502300000000003,349.169,4,0,0,1,2,0,10.16565334570059,0.0,0.0,11.323698910571437,10.045266627482652,12.152040213667762,0.0,11.49902366656781,0.0,0.0,0.0,0.0,35.353919994132795,4.794537184071822,0.0,0.0,0.0,29.268246848926644,30.351141419052592,11.629818560158606,22.571592618760768,12.0234104145135,5.749511833283905,11.178302225184446,0.0,0.0,5.38
5.502300000000003,349.169,4,0,0,1,2,0,10.16565334570059,0.0,0.0,11.323698910571437,10.045266627482652,12.152040213667762,0.0,11.49902366656781,0.0,0.0,0.0,0.0,35.353919994132795,4.794537184071822,0.0,0.0,0.0,23.20187978046503,36.417508487514205,16.65245187389993,17.54895930501944,17.772922247797403,0.0,11.178302225184446,0.0,0.0,5.72
5.502300000000003,349.1690000000001,4,0,0,1,2,0,10.16565334570059,0.0,0.0,11.323698910571437,10.045266627482652,12.152040213667762,0.0,11.49902366656781,0.0,0.0,0.0,0.0,35.353919994132795,4.794537184071822,0.0,0.0,0.0,29.268246848926644,30.351141419052592,11.629818560158606,17.54895930501944,22.79555556153873,0.0,11.178302225184446,0.0,0.0,5.25
5.053000000000003,362.2120000000001,5,0,0,2,1,0,14.90251629950064,6.606881964512918,0.0,5.693927994848461,10.045266627482652,0.0,0.0,17.248535499851716,0.0,4.9839785209472085,0.0,0.0,23.20187978046503,4.794537184071822,0.0,0.0,0.0,47.46734805431147,24.26546827384644,12.263210640074686,15.739194622331112,12.356393797796823,11.49902366656781,5.428790391900541,0.0,0.0,5.3
5.053000000000003,362.2120000000001,5,0,0,2,1,0,14.90251629950064,6.606881964512918,0.0,5.693927994848461,10.045266627482652,0.0,0.0,17.248535499851716,0.0,4.9839785209472085,0.0,0.0,23.20187978046503,4.794537184071822,0.0,0.0,0.0,41.40098098584986,30.33183534230805,17.285843953816013,10.716561308589787,18.105905631080727,5.749511833283905,5.428790391900541,0.0,0.0,5.74
5.053000000000002,362.2120000000001,5,0,0,2,1,0,14.90251629950064,6.606881964512918,0.0,5.693927994848461,10.045266627482652,0.0,0.0,17.248535499851716,0.0,4.9839785209472085,0.0,0.0,23.20187978046503,4.794537184071822,0.0,0.0,0.0,47.46734805431147,24.26546827384644,12.263210640074686,10.716561308589787,23.128538944822054,5.749511833283905,5.428790391900541,0.0,0.0,6.08
4.307800000000002,372.7640000000001,6,0,0,2,1,0,14.90251629950064,6.606881964512918,10.114318268765572,5.693927994848461,5.022633313741326,0.0,5.687386274683562,17.248535499851716,0.0,4.9839785209472085,0.0,0.0,17.28832616491608,14.908855452837393,0.0,0.0,0.0,35.866408164078955,18.19910120538483,18.329577708536295,10.617239043666132,12.356393797796823,16.521656980309135,5.428790391900541,5.687386274683562,0.0,4.93
5.861300000000004,402.27700000000016,6,1,0,2,1,0,14.90251629950064,6.606881964512918,0.0,24.57741206984844,10.045266627482652,0.0,0.0,17.248535499851716,0.0,4.567099647791355,0.0,0.0,23.20187978046503,4.794537184071822,0.0,0.0,0.0,47.46734805431147,37.107111519698464,12.10820789760957,21.936038193944192,12.356393797796823,11.49902366656781,5.428790391900541,0.0,0.0,5.19
5.8613000000000035,402.27700000000016,6,1,0,2,1,0,14.90251629950064,6.606881964512918,0.0,24.57741206984844,10.045266627482652,0.0,0.0,17.248535499851716,0.0,4.567099647791355,0.0,0.0,23.20187978046503,4.794537184071822,0.0,0.0,0.0,41.40098098584986,43.17347858816007,17.130841211350898,16.913404880202865,18.105905631080727,5.749511833283905,5.428790391900541,0.0,0.0,6.32
5.8613000000000035,402.27700000000016,6,1,0,2,1,0,14.90251629950064,6.606881964512918,0.0,24.57741206984844,10.045266627482652,0.0,0.0,17.248535499851716,0.0,4.567099647791355,0.0,0.0,23.20187978046503,4.794537184071822,0.0,0.0,0.0,47.46734805431147,37.107111519698464,12.10820789760957,16.913404880202865,23.128538944822054,5.749511833283905,5.428790391900541,0.0,0.0,5.82
5.116100000000004,412.8290000000002,7,1,0,2,1,0,14.90251629950064,6.606881964512918,10.114318268765572,24.57741206984844,5.022633313741326,0.0,5.687386274683562,17.248535499851716,0.0,4.567099647791355,0.0,0.0,17.28832616491608,14.908855452837393,0.0,0.0,0.0,35.866408164078955,31.04074445123685,18.17457496607118,16.814082615279208,12.356393797796823,16.521656980309135,5.428790391900541,5.687386274683562,0.0,4.75
6.574700000000004,452.3370000000002,7,0,0,3,1,0,14.90251629950064,13.151638370425493,0.0,11.257379486545457,10.045266627482652,0.0,0.0,17.248535499851716,0.0,4.567099647791355,0.0,0.0,23.20187978046503,4.794537184071822,0.0,0.0,0.0,71.73281632815791,35.89528683400505,17.633756788115512,16.913404880202865,18.105905631080727,5.749511833283905,5.428790391900541,0.0,0.0,5.85
5.317900000000003,363.196,5,0,0,2,1,0,14.90251629950064,6.606881964512918,0.0,5.760247418874442,10.045266627482652,0.0,0.0,17.248535499851716,0.0,0.0,0.0,0.0,23.20187978046503,4.794537184071822,0.0,0.0,0.0,47.46734805431147,24.26546827384644,6.06636706846161,10.045266627482652,24.379804212310322,5.749511833283905,11.178302225184446,0.0,0.0,5.85
5.3179000000000025,363.196,5,0,0,2,1,0,14.90251629950064,6.606881964512918,0.0,5.760247418874442,10.045266627482652,0.0,0.0,17.248535499851716,0.0,0.0,0.0,0.0,23.20187978046503,4.794537184071822,0.0,0.0,0.0,41.40098098584986,30.33183534230805,11.089000382202936,5.022633313741326,30.129316045594226,0.0,11.178302225184446,0.0,0.0,6.17
5.3179000000000025,363.196,5,0,0,2,1,0,14.90251629950064,6.606881964512918,0.0,5.760247418874442,10.045266627482652,0.0,0.0,17.248535499851716,0.0,0.0,0.0,0.0,23.20187978046503,4.794537184071822,0.0,0.0,0.0,47.46734805431147,24.26546827384644,6.06636706846161,5.022633313741326,35.15194935933555,0.0,11.178302225184446,0.0,0.0,5.9
5.464400000000009,734.6220000000003,7,0,1,3,3,0,21.61362191103401,0.0,0.0,51.556420657321,0.0,35.43098341072952,0.0,51.745606499555144,0.0,0.0,0.0,0.0,24.304080427335524,0.0,14.383611552215466,0.0,0.0,24.284774350590983,65.24059709952842,23.762552697081826,17.54772460632,46.196695635920335,34.49707099970343,0.0,0.0,16.87675895723396,5.22
3.557000000000003,490.42000000000024,4,0,1,2,2,0,15.988035591956024,0.0,0.0,40.23272174674957,0.0,12.152040213667762,0.0,34.49707099970343,0.0,0.0,0.0,0.0,12.152040213667762,0.0,9.589074368143644,0.0,0.0,18.208754243757102,41.468391364074314,12.13273413692322,17.54772460632,29.123484892064994,22.99804733313562,0.0,0.0,11.251172638155975,4.82
5.144700000000002,289.54499999999996,2,0,0,2,0,0,4.736862953800049,0.0,0.0,0.0,15.067899941223978,0.0,0.0,17.248535499851716,0.0,0.0,0.0,0.0,34.802819670697545,0.0,0.0,0.0,0.0,34.802819670697545,30.33183534230805,16.111633695944263,5.022633313741326,5.749511833283905,11.49902366656781,0.0,0.0,0.0,6.534000000000001
5.326900000000003,316.42900000000003,4,0,0,2,2,0,0.0,6.544756405912575,0.0,5.563451491696996,0.0,22.384282469939446,0.0,0.0,0.0,9.551078168738563,0.0,0.0,11.336785877934737,0.0,4.9839785209472085,11.336785877934737,0.0,54.59730361615449,28.136784314018513,23.685114239688563,12.021248069613002,0.0,0.0,0.0,0.0,0.0,5.12
