Smiles,pChEMBL_Fisico,pChEMBL_MACCS,Media_Predicciones
CC[C@H]1C=CCC[C@@]2(CC3CCc4c(C(=O)OCCCCCCCCCCCCCCCC(=O)N(CCCN)CC(O)CCN)c(CCCC(C)O)nc([n+]43)N2)O1.[Cl-],6.492683333333334,6.622900376984125,6.5577918551587295
CC[C@H]1C=CCC[C@@]2(C[C@@H]3CCc4c(C(=O)OCCCCCCCCCCCCCCCC(=O)N(CCCN)C[C@@H](O)CCN)c(CCC[C@@H](C)O)nc([n+]43)N2)O1,6.43927222222222,6.631674107142856,6.5354731646825375
CC(=O)N(C)CCc1cc(Br)c(OCCCNc2ncn(C)c3ncnc2-3)c(Br)c1,6.466276666666666,6.578190860389609,6.522233763528137
COC[C@@H]([C@H](O)[C@H](O)C(=O)N[C@H](C)C[C@H](C)c1nc(/C=C/C[C@@H]2O[C@@]3(C[C@H](O[C@@H]4O[C@@H](C)[C@H](OC)[C@@H](OC)[C@H]4OC)[C@@H]2C)O[C@H]([C@H](C[C@H](O)[C@H](C)[C@H](O)[C@H](C)/C=C(C)/C(C)=C/C=C/C(C)=C\C(N)=O)OC)[C@H](OP(=O)(O)O)C3(C)C)co1)N(C)C,6.470072222222223,6.567295522486768,6.5186838723544955
COC[C@@H]([C@H](O)[C@H](O)C(=O)N[C@H](C)C[C@H](C)c1nc(/C=C/C[C@@H]2O[C@@]3(C[C@H](O[C@@H]4O[C@@H](C)[C@H](OC)[C@@H](OC)[C@H]4OC)[C@@H]2C)O[C@H]([C@H](C[C@H](O)[C@H](C)[C@H](O)[C@H](C)/C=C(C)/C(C)=C/C=C/C(C)=C/C(N)=O)OC)[C@H](OP(=O)(O)O)C3(C)C)co1)N(C)C,6.470072222222223,6.567295522486768,6.5186838723544955
COC[C@@H]([C@H](O)[C@H](O)C(=O)N[C@H](C)C[C@H](C)c1nc(/C=C/C[C@@H]2O[C@@]3(C[C@H](O[C@@H]4O[C@@H](C)[C@H](OC)[C@@H](OC)[C@H]4OC)[C@@H]2C)O[C@H]([C@H](C[C@H](O)[C@H](C)[C@H](O)[C@H](C)/C=C(C)/C(C)=C\C=C\C(C)=C\C(N)=O)OC)[C@H](OP(=O)(O)O)C3(C)C)co1)N(C)C,6.470072222222223,6.567295522486768,6.5186838723544955
COC(=O)N(C)CCCOc1c(Br)cc(CCNC(=O)/C(Cc2ccc(OC)c(Br)c2)=N/O)cc1Br,6.637384444444445,6.393612400793648,6.515498422619046
CNCCc1cc(Br)c(OCCCNC(=O)N(C)CCc2cc(Br)c(OCCCNC(=O)C3=NO[C@]4(CC(Br)=C(OC)C(Br)=CO4)[C@@H]3O)c(Br)c2)c(Br)c1,6.656472222222222,6.364337705026454,6.510404963624338
CC(C)C[C@@H](C(=O)N[C@H]1COC(=O)[C@H](Cc2ccccc2)N(C)C(=O)[C@H](CC(C)C)N(C)C(=O)[C@@H](NC(=O)[C@H](CC(C)C)N(C)C)COC(=O)[C@H](Cc2ccccc2)N(C)C(=O)[C@H](CC(C)C)N(C)C1=O)N(C)C,6.599072222222224,6.418493829365077,6.508783025793651
CCC(=O)N(C)CCc1cc(Br)c(OCCCNC(=O)Cc2ccc(O)cc2)c(I)c1,6.594172222222217,6.42019743145743,6.507184826839824
COC1=C(Br)C[C@]2(OC=C1Br)ON=C(C(=O)NCCCOc1c(Br)cc(CCN(C)C(N)=O)cc1Br)[C@@H]2O,6.686236666666667,6.327730899470897,6.506983783068781
CCC(=O)N(C)CCc1cc(Br)c(OCCCNC(=O)Cc2ccc(O)cc2)c(Br)c1,6.572585555555552,6.42019743145743,6.496391493506491
COC[C@@H]([C@H](O)[C@H](O)C(=O)NCC[C@H](C)c1nc(/C=C/C[C@@H]2O[C@@]3(C[C@@H](O)[C@@H]2C)O[C@H]([C@H](C[C@H](O)[C@H](C)[C@@H]2O[C@@](C)(/C(C)=C/C=C/C(C)=C\C#N)[C@H](Br)[C@H]2C)OC)[C@H](OP(=O)(O)O)C3(C)C)co1)N(C)C,6.4089888888888895,6.57481298280423,6.49190093584656
COC[C@@H]([C@H](O)[C@H](O)C(=O)NCC[C@H](C)c1nc(/C=C/C[C@H]2O[C@@]3(C[C@@H](O)[C@@H]2C)O[C@H]([C@H](C[C@H](O)[C@H](C)[C@@H]2O[C@@](C)(/C(C)=C/C=C/C(C)=C\C#N)[C@H](Br)[C@H]2C)OC)[C@H](OP(=O)(O)O)C3(C)C)co1)N(C)C,6.4089888888888895,6.57481298280423,6.49190093584656
CC[C@@H]1C=CCC[C@]2(C[C@H]3CC[C@@]4(O)[C@@H](C(=O)OCCCCCCCCCCCCCCCCC(=O)N(CCCN)CC(O)CCN)[C@@]5(CCC[C@H](C)O5)N=C(N2)N34)O1,6.495766666666662,6.476846349206344,6.4863065079365025
CC[C@@H]1C=CCC[C@]2(C[C@H]3CC[C@@]4(O)[C@@H](C(=O)OCCCCCCCCCCCCCCCCCC(=O)N(CCCN)CC(O)CCN)[C@@]5(CCC[C@H](C)O5)N=C(N2)N34)O1,6.495766666666662,6.476846349206344,6.4863065079365025
CC[C@@H]1C=CCC[C@]2(C[C@H]3CC[C@@]4(O)[C@@H](C(=O)OCCCCCCCCCCCCCCCC(=O)N(CCCN)CC(O)CCN)[C@@]5(CCC[C@H](C)O5)N=C(N2)N34)O1,6.495766666666662,6.476846349206344,6.4863065079365025
CC(C)[C@@H]1NC(=O)[C@@H]2CCCN2C(=O)[C@H](CC[S+](C)[O-])NC(=O)[C@@H](N)Cc2cn(c3ccccc23)[C@]23C[C@H](NC(=O)[C@H](C(C)O)NC(=O)[C@@H]4CCCN4C1=O)C(=O)N1[C@@H](Cc4ccccc4)C(=O)N(c4ccccc42)[C@@H]13,6.325549999999999,6.640580006613756,6.483065003306877
CNCCc1cc(Br)c(OCCCNC(=O)N(C)CCc2cc(Br)c(OCCCNC(=O)N(C)CCc3cc(Br)c(OCCCNC(=O)C4=NO[C@]5(CC(Br)=C(OC)C(Br)=CO5)[C@@H]4O)c(Br)c3)c(Br)c2)c(Br)c1,6.592183333333332,6.364337705026454,6.4782605191798925
COC[C@@H]([C@H](O)[C@H](O)C(=O)NCC[C@H](C)c1nc(/C=C/C[C@@H]2O[C@@]3(C[C@@H](O)[C@@H]2C)O[C@H]([C@H](C[C@H](O)[C@H](C)[C@H](O)[C@H](C)/C=C(C)/C(C)=C/C=C/C(C)=C\C#N)OC)[C@H](OP(=O)(O)O)C3(C)C)co1)N(C)C,6.384750000000002,6.567295522486768,6.476022761243385
COC[C@H]([C@@H](O)[C@@H](O)C(=O)NCC[C@@H](C)c1nc(/C=C/C[C@H]2O[C@@]3(C[C@H](O)[C@H]2C)O[C@@H]([C@@H](C[C@@H](O)[C@@H](C)[C@@H](O)[C@@H](C)/C=C(C)/C(C)=C/C=C/C(C)=C/C#N)OC)[C@@H](OP(=O)(O)O)C3(C)C)co1)N(C)C,6.384750000000002,6.567295522486768,6.476022761243385
COC[C@@H]([C@H](O)[C@H](O)C(=O)NCC[C@H](C)c1nc(/C=C/C[C@H]2O[C@@]3(C[C@H](O)[C@H]2C)O[C@H]([C@H](C[C@H](O)[C@H](C)[C@H](O)[C@H](C)/C=C(C)/C(C)=C/C=C/C(C)=C/C#N)OC)[C@H](OP(=O)(O)O)C3(C)C)co1)N(C)C,6.384750000000002,6.567295522486768,6.476022761243385
COC[C@H]([C@@H](O)[C@@H](O)C(=O)NCC[C@@H](C)c1nc(/C=C/C[C@H]2O[C@@]3(C[C@H](O)[C@H]2C)O[C@@H]([C@@H](C[C@@H](O)[C@@H](C)[C@@H](O)[C@@H](C)/C=C(C)/C(C)=C/C=C/C(C)=C\C#N)OC)[C@@H](OP(=O)(O)O)C3(C)C)co1)N(C)C,6.384750000000002,6.567295522486768,6.476022761243385
COC[C@H]([C@@H](O)[C@@H](O)C(=O)NCC[C@@H](C)c1nc(/C=C/C[C@@H]2O[C@@]3(C[C@H](O)[C@H]2C)O[C@@H]([C@@H](C[C@@H](O)[C@@H](C)[C@@H](O)[C@@H](C)/C=C(C)/C(C)=C/C=C/C(C)=C/C#N)OC)[C@@H](OP(=O)(O)O)C3(C)C)co1)N(C)C,6.384750000000002,6.567295522486768,6.476022761243385
COC[C@H]([C@@H](O)[C@@H](O)C(=O)NCC[C@@H](C)c1nc(/C=C/C[C@@H]2O[C@@]3(C[C@H](O)[C@H]2C)O[C@@H]([C@@H](C[C@@H](O)[C@@H](C)[C@@H](O)[C@@H](C)/C=C(C)/C(C)=C/C=C/C(C)=C\C#N)OC)[C@@H](OP(=O)(O)O)C3(C)C)co1)N(C)C,6.384750000000002,6.567295522486768,6.476022761243385
COC[C@@H]([C@H](O)[C@H](O)C(=O)NCC[C@H](C)c1nc(/C=C/C[C@H]2O[C@@]3(C[C@H](O)[C@H]2C)O[C@H]([C@H](C[C@H](O)[C@H](C)[C@H](O)[C@H](C)/C=C(C)/C(C)=C/C=C/C(C)=C\C#N)OC)[C@H](OP(=O)(O)O)C3(C)C)co1)N(C)C,6.384750000000002,6.567295522486768,6.476022761243385
COC[C@@H]([C@H](O)[C@H](O)C(=O)NCC[C@H](C)c1nc(/C=C/C[C@@H]2O[C@@]3(C[C@@H](O)[C@@H]2C)O[C@H]([C@H](C[C@H](OC)[C@H](C)[C@H](O)[C@H](C)/C=C(C)/C(C)=C\C=C\C(C)=C/C#N)OC)[C@H](OP(=O)(O)O)C3(C)C)co1)N(C)C,6.382716666666668,6.567295522486768,6.4750060945767185
COC[C@@H]([C@H](O)[C@H](O)C(=O)NCC[C@H](C)c1nc(/C=C/C[C@@H]2O[C@@]3(C[C@@H](O)[C@@H]2C)O[C@H]([C@H](C[C@H](OC)[C@H](C)[C@H](O)[C@H](C)/C=C(C)/C(C)=C\C=C\C(C)=C\C#N)OC)[C@H](OP(=O)(O)O)C3(C)C)co1)N(C)C,6.382716666666668,6.567295522486768,6.4750060945767185
CO[C@H](COS(=O)(=O)[O-])C(=O)N[C@H](CC(C)C)C(=O)N1[C@H](C(=O)NCCC2=CC[N+](=C(N)N)C2)C[C@@H]2C[C@H](O)[C@@H](O)C[C@@H]21,6.472066666666668,6.46986970238095,6.470968184523809
COC[C@@H]([C@H](O)[C@H](O)C(=O)NCC[C@H](C)c1nc(/C=C/C[C@@H]2O[C@@]3(C[C@@H](O)[C@@H]2C)O[C@H]([C@H](C[C@H](O)[C@H](C)[C@H](O)[C@H](C)/C=C(C)/C(C)=C/C=C/C(C)=C/C(N)=O)OC)[C@H](OP(=O)(O)O)C3(C)C)co1)N(C)C,6.370700000000002,6.567295522486768,6.468997761243385
COC[C@@H]([C@H](O)[C@H](O)C(=O)NCC[C@H](C)c1nc(/C=C/C[C@H]2O[C@@]3(C[C@@H](O)[C@@H]2C)O[C@H]([C@H](C[C@H](O)[C@H](C)[C@H](O)[C@H](C)\C=C(C)/C(C)=C/C=C/C(C)=C\C(N)=O)OC)[C@H](OP(=O)(O)O)C3(C)C)co1)N(C)C,6.370700000000002,6.567295522486768,6.468997761243385
COC[C@@H]([C@H](O)[C@H](O)C(=O)NCC[C@H](C)c1nc(/C=C/C[C@@H]2O[C@@]3(C[C@@H](O)[C@@H]2C)O[C@H]([C@H](C[C@H](O)[C@H](C)[C@H](O)[C@H](C)/C=C(C)/C(C)=C/C=C/C(C)=C\C(N)=O)OC)[C@H](OP(=O)(O)O)C3(C)C)co1)N(C)C,6.370700000000002,6.567295522486768,6.468997761243385
COC[C@@H]([C@H](O)[C@H](O)C(=O)NCC[C@H](C)c1nc(/C=C/C[C@@H]2O[C@@]3(C[C@@H](O)[C@@H]2C)O[C@H]([C@H](C[C@H](O)[C@H](C)[C@H](O)[C@H](C)/C=C(C)/C(C)=C\C=C\C(C)=C\C(N)=O)OC)[C@H](OP(=O)(O)O)C3(C)C)co1)N(C)C,6.370700000000002,6.567295522486768,6.468997761243385
COC[C@@H]([C@H](O)[C@H](O)C(=O)N[C@H](C)C[C@H](C)c1nc(/C=C/C[C@@H]2O[C@@]3(C[C@@H](O)[C@@H]2C)O[C@H]([C@H](C[C@H](OC)[C@H](C)[C@H](O)[C@H](C)/C=C(C)/C(C)=C\C=C\C(C)=C\C#N)OC)[C@H](OP(=O)(O)O)C3(C)C)co1)N(C)C,6.369016666666667,6.567295522486768,6.468156094576718
COC[C@@H]([C@H](O)[C@H](O)C(=O)N[C@H](C)C[C@H](C)c1nc(/C=C/C[C@@H]2O[C@@]3(C[C@@H](O)[C@@H]2C)O[C@H]([C@H](C[C@H](OC)[C@H](C)[C@H](O)[C@H](C)/C=C(C)/C(C)=C\C=C\C(C)=C/C#N)OC)[C@H](OP(=O)(O)O)C3(C)C)co1)N(C)C,6.369016666666667,6.567295522486768,6.468156094576718
COC[C@H]([C@@H](O)[C@@H](O)C(=O)N[C@@H](C)C[C@@H](C)c1nc(/C=C/C[C@H]2O[C@@]3(C[C@H](O)[C@H]2C)O[C@@H]([C@@H](C[C@@H](O)[C@@H](C)[C@@H](O)[C@@H](C)/C=C(C)/C(C)=C/C=C/C(C)=C\C#N)OC)[C@@H](OP(=O)(O)O)C3(C)C)co1)N(C)C,6.3663500000000015,6.567295522486768,6.466822761243385
COC[C@H]([C@@H](O)[C@@H](O)C(=O)N[C@@H](C)C[C@@H](C)c1nc(/C=C/C[C@H]2O[C@@]3(C[C@H](O)[C@H]2C)O[C@@H]([C@@H](C[C@@H](O)[C@@H](C)[C@@H](O)[C@@H](C)/C=C(C)/C(C)=C/C=C/C(C)=C/C#N)OC)[C@@H](OP(=O)(O)O)C3(C)C)co1)N(C)C,6.3663500000000015,6.567295522486768,6.466822761243385
COC[C@@H]([C@H](O)[C@H](O)C(=O)N[C@H](C)C[C@H](C)c1nc(/C=C/C[C@@H]2O[C@@]3(C[C@@H](O)[C@@H]2C)O[C@H]([C@H](C[C@H](O)[C@H](C)[C@H](O)[C@H](C)/C=C(C)/C(C)=C/C=C/C(C)=C\C#N)OC)[C@H](OP(=O)(O)O)C3(C)C)co1)N(C)C,6.3663500000000015,6.567295522486768,6.466822761243385
COc1c(O)cc(CO)cc1Br,6.173153333333338,6.753760651154403,6.46345699224387
C[C@@H]1NC(=O)[C@@H](C)C/C(CO)=C/[C@H](C)C[C@H](C)OC(=O)C[C@H](c2ccc(O)cc2)NC(=O)[C@@H](Cc2c(Br)[nH]c3ccccc23)N(C)C1=O,6.496005555555557,6.424829371693118,6.460417463624338
CCCCCCCCCCCCCCCCCCCCCC(=O)NC(CO[C@@H]1O[C@H](CO)[C@@H](O[C@H]2O[C@H](CO)[C@H](O)[C@H](O[C@]3(C(=O)O)C[C@H](O)[C@@H](NC(=O)CO)[C@H]([C@@H](O)[C@@H](CO)OC)O3)[C@H]2O)[C@H](O)[C@H]1O)C(O)/C=C/CCCCCCCCCCC(C)C,6.459655555555557,6.4600074999999935,6.459831527777775
COC(=O)[C@@H](CSC)N(C)C(=O)[C@H](CSC)N(C)C(=O)CNC(=O)[C@@H](CSC)NC(=O)c1nc2ccccc2cc1O,6.378638888888891,6.538632291666666,6.458635590277778
COC(=O)[C@H](CSC)N(C)C(=O)[C@H](CSC)N(C)C(=O)CNC(=O)[C@@H](CSC)NC(=O)c1nc2ccccc2cc1O,6.378638888888891,6.538632291666666,6.458635590277778
CCOc1ccc(/C=C/C=C/C[C@H](O)[C@@H](O)[C@H]2NC(=O)C[C@@H](O)CNC(=O)CNC(=O)[C@@H](Cc3c(C(=O)O)[nH]c4ccccc34)NC(=O)CN(C)C(=O)/C=C3/NC(=O)C[C@H]3NC(=O)[C@H]2O)cc1,6.331616666666666,6.576168492063491,6.453892579365078
CN[C@@H](Cc1ccc(OC)c(Br)c1)C(=O)NCCc1cc(Br)c(OCCCN(C)C)c(Br)c1,6.5544677777777745,6.351861717171715,6.4531647474747444
CN[C@@H](COC)[C@H](O)[C@H](O)C(=O)NCC[C@H](C)c1nc(/C=C/C[C@@H]2O[C@@]3(C[C@@H](O)[C@@H]2C)O[C@H]([C@H](C[C@H](O)[C@H](C)[C@H](O)[C@H](C)/C=C(C)/C(C)=C/C=C/C(C)=C\C#N)OC)[C@H](OP(=O)(O)O)C3(C)C)co1,6.33772777777778,6.567295522486768,6.452511650132275
CN[C@@H](COC)[C@H](O)[C@H](O)C(=O)NCC[C@H](C)c1nc(/C=C/C[C@H]2O[C@@]3(C[C@@H](O)[C@@H]2C)O[C@H]([C@H](C[C@H](O)[C@H](C)[C@H](O)[C@H](C)/C=C(C)/C(C)=C/C=C/C(C)=C\C#N)OC)[C@H](OP(=O)(O)O)C3(C)C)co1,6.33772777777778,6.567295522486768,6.452511650132275
C#CCCCC1NC(=O)[C@H]([C@H](C)CC)N(C)C(=O)[C@@H]2CCCN2C(=O)[C@@H]2CCCN2C(=O)[C@H](CC(C)C)NC(=O)[C@H](C(C)C)N(C)C(=O)[C@H](C)NC(=O)[C@@H](C)N(C)C(=O)[C@H](Cc2ccccc2)N(C)C(=O)[C@H](COC)N(C)C(=O)[C@H](C(C)C)N(C)C(=O)[C@@H]2CCCN2C(=O)[C@H](C)NC(=O)[C@H](C(C)C)OC(=O)C1C,6.454033333333331,6.442800085978834,6.448416709656082
CC[C@H](C)[C@@H](C(=O)N[C@H](C(=O)N(C)[C@@H](C(C)C)[C@@H](CC(=O)N1CCC[C@H]1[C@H](OC)[C@@H](C)C(=O)O[C@H](CO)Cc1ccccc1)OC)C(C)C)N(C)C,6.438533333333338,6.454652539682538,6.446592936507939
CC(=O)N1CCCCC1C(=O)NC(C)(C)C(=O)N1CCCCC1C(=O)NC(C)(C)C(=O)NC(C)(C)C(=O)NC(CC(C)C)C(=O)NCCC(=O)NCC(=O)NC(C)(C)C(=O)NC(C)(C)C(=O)N1CCCCC1C(=O)NC(C)(C)C(=O)NC(C)C(=O)NC(CC(C)C)C(=O)NC(C)(C)C(=O)NC(CC(C)C)CN1CCC[N+]2=C1CCC2,6.448416666666666,6.443799738756614,6.44610820271164
CC[C@H](C)[C@@H](C(=O)O[C@@H](C(=O)N[C@@H](Cc1ccc(O)cc1)C(=O)N[C@@H](CO)C(=O)N[C@@H](CC(C)C)[C@@H](O)CC(=O)N[C@H](C(=O)NCC(=O)N(C)[C@H](Cc1ccccc1)C(=O)N1CCC[C@H]1C(=O)OC)C(C)C)C(C)C)N(C)C,6.471327777777775,6.420235376984127,6.445781577380951
CC[C@@H](C)[C@H](C(=O)O[C@@H](C(=O)N[C@@H](Cc1ccc(O)cc1)C(=O)N[C@@H](CO)C(=O)N[C@@H](CC(C)C)[C@H](O)CC(=O)N[C@H](C(=O)NCC(=O)N(C)[C@H](Cc1ccccc1)C(=O)N1CCC[C@H]1C(=O)OC)C(C)C)C(C)C)N(C)C,6.471327777777775,6.420235376984127,6.445781577380951
CCCC(=O)N[C@@H](CC[S+](C)[O-])C(=O)N[C@@H]1C(=O)N[C@@H](CCCNC(=N)N)C(=O)N[C@H]2CC[C@@H](O)N(C2=O)[C@@H]([C@@H](C)CC)C(=O)N(C)[C@@H](Cc2ccc(OC)c(Br)c2)C(=O)N[C@@H](C(C)C)C(=O)O[C@@H]1C,6.465277777777777,6.4196459523809475,6.442461865079363
COC1=C(Br)[C@@H](O)[C@]2(C=C1Br)CC(C(=O)NCCCOc1c(Br)cc(CC(=NO)C(=O)NCCc3c[nH]c(N)n3)cc1Br)=NO2.Cl,6.700061111111115,6.182758498677246,6.44140980489418
CO[C@H](c1ccccc1)[C@@H]1NC(=O)[C@H](C)NC(=O)[C@H](C[C@@H](C)CO)N(C)C(=O)[C@H]([C@H](O)c2cn(C(C)(C)[C@@H]3CO3)c3ccccc23)NC(=O)[C@H]([C@H](C)C=C(C)C)NC(=O)[C@H](CC(C)C)N(C)C(=O)[C@H](C(C)C)NC1=O,6.48503888888889,6.396835562169308,6.440937225529099
Cc1ccc(C(=O)N[C@@H]2C(=O)N[C@H](C(C)C)C(=O)N3CCC[C@H]3C(=O)N(C)CC(=O)N(C)[C@@H](C(C)C)C(=O)O[C@@H]2C)c2c1Oc1c(c(C(=O)N[C@@H]3C(=O)N[C@H](C(C)C)C(=O)N4CCC[C@H]4C(=O)N(C)CC(=O)N(C)[C@@H](C(C)C)C(=O)O[C@@H]3C)c3nc(CCC(=O)O)oc3c1C)N2,6.32778333333333,6.553470403439152,6.440626868386241
COC(=O)NC1=C2/C(=C\CS(C)(=S)=S)C(O)(C#C/C=C\C#CC2O[C@@H]2O[C@H](C)[C@@](SC)(C(CO)O[C@H]3C[C@H](O)[C@H](SC)[C@@H](C)O3)[C@H](O)[C@H]2O[C@H]2C[C@H](OC)[C@@H](NC(C)C)CO2)CC1=O,6.423716666666664,6.456543769841265,6.440130218253964
Oc1c(Br)c(Br)cc(Br)c1Oc1ccccc1Br,6.279793333333332,6.598789154401159,6.439291243867245
Oc1c(Br)cc(Br)c(Br)c1Oc1ccccc1Br,6.279793333333332,6.598789154401159,6.439291243867245
CCOCc1cc(O)c(O)c(Br)c1Cc1cc(O)c(O)c(Br)c1Br,6.322481111111111,6.555399590367968,6.438940350739539
COc1c(Br)cc(C[C@@H](NC(=O)Cc2ccc(OCCCNC(C)=O)cc2)C(=O)NCCc2cc(Br)c(O)c(Br)c2)cc1Br,6.5287444444444445,6.348762391774894,6.43875341810967
CC[C@](C)(NC(=O)[C@@H]1CCCCN1C(=O)C(C)(C)NC(=O)[C@@H]1CCCCN1C(C)=O)C(=O)NC(C)(C)C(=O)N[C@@H](CC(C)C)C(=O)NCCC(=O)NCC(=O)NC(C)(C)C(=O)NC(C)(C)C(=O)N1CCCC[C@H]1C(=O)NC(C)(C)C(=O)N[C@@H](C)C(=O)N[C@@H](CC(C)C)C(=O)NC(C)(C)C(=O)N[C@@H](CC(C)C)CN1CCC[N+]2=C1CCC2,6.433227777777778,6.443799738756614,6.438513758267196
CC[C@](C)(NC(=O)[C@H](CC(C)C)NC(=O)[C@H](C)NC(=O)C(C)(C)NC(=O)[C@@H]1CCCCN1C(=O)C(C)(C)NC(=O)C(C)(C)NC(=O)CNC(=O)CCNC(=O)[C@H](CC(C)C)NC(=O)[C@](C)(CC)NC(=O)[C@](C)(CC)NC(=O)[C@@H]1CCCCN1C(=O)C(C)(C)NC(=O)[C@@H]1CCCCN1C(C)=O)C(=O)N[C@@H](CC(C)C)CN1CCC[N+]2=C1CCC2,6.432822222222223,6.443799738756614,6.438310980489419
CCCCCC/C=C\CC(=O)N[C@@H](Cc1ccc(O)cc1)[C@@H](O)CC(=O)N[C@H](C(=O)N[C@@H](CO)[C@@H](O)CC(=O)N[C@H](C(=O)N[C@@H](CO)[C@@H](O)CC(=O)N[C@H](C(=O)N[C@@H]1/C=C/C(=O)N(C)[C@@H](C(C)C)C(=O)N(C)[C@@H](Cc2ccc(O)cc2)C(=O)OC1)C(C)C)C(C)C)C(C)C,6.4963277777777755,6.376606230158729,6.436467003968252
CC[C@H](C)[C@@H]([C@@H](CC(=O)N1CCC[C@H]1[C@H](OC)[C@@H](C)C(=O)O[C@H](CO)Cc1ccccc1)OC)N(C)C(=O)[C@@H](NC(=O)[C@H](C(C)C)N(C)C)[C@@H](C)CC,6.418277777777783,6.454652539682538,6.436465158730161
COC1=C(Br)[C@@H](O)[C@]2(C=C1Br)CC(C(=O)NCCCOc1c(Br)cc(CC[N+](C)(C)C)cc1Br)=NO2,6.624732222222222,6.246980376984124,6.435856299603173
COC1=C(Br)[C@H](O)[C@@]2(C=C1Br)CC(C(=O)NCCCOc1c(Br)cc(CC[N+](C)(C)C)cc1Br)=NO2,6.624732222222222,6.246980376984124,6.435856299603173
C/C=C(/NC(=O)[C@@H](NC(=O)CNC(=O)C(C)C(O)/C=C\C(C)=C\C(C)CC)[C@@H](C)O)C(=O)N[C@H](C(=O)N[C@H]1C(=O)N[C@H](COC)C(=O)NCC(=O)N[C@@H](C)C(=O)N(C)[C@@H]([C@@H](C)O)C(=O)N[C@H]([C@H](OC)c2ccc(O)cc2)C(=O)N2CCCC[C@H]2C(=O)O[C@@H]1C(C)C)[C@@H](C)[C@@H](C)C(N)=O,6.433427777777776,6.437920674603172,6.435674226190474
C[N+](C)(C)CCCOc1c(Br)cc(C/C(=N\O)C(=O)NCCc2[nH]c(N)nc2-c2cc(O)c3[nH]cc(O)c(=O)c3c2O)cc1Br,6.376483333333335,6.494506309523807,6.435494821428571
COc1cccc2[nH]cc(C[C@H]3C(=O)N[C@@H](C(C)C)C(=O)NC([C@H](O)c4ccccc4)C(=O)N[C@@H](C(C)C)C(=O)O[C@H](C)[C@H](NC(=O)[C@@H](NC(=O)[C@H](C(C)C)N(C)C)C(C)C)C(=O)N(C)[C@@H]([C@@H](C)O)C(=O)N[C@@H](C(C)C)C(=O)N(C)[C@@H](CC(C)C)C(=O)N[C@@H](C(C)C)C(=O)N(C)[C@@H](C(C)C)C(=O)N3C)c12,6.484905555555553,6.385144232804231,6.435024894179892
COC1=C(Br)[C@H](O)[C@@]2(C=C1Br)CC(C(=O)NCCCOc1c(Br)cc(CCN(C)C)cc1Br)=NO2,6.62297111111111,6.246980376984124,6.434975744047617
C/C1=C\[C@H](C)C[C@H](C)OC(=O)C[C@H](c2ccc(O)cc2)NC(=O)[C@@H](Cc2c(Br)[nH]c3ccccc23)N(C)C(=O)[C@H](CO)NC(=O)[C@@H](C)C1,6.4747833333333356,6.395157466931215,6.434970400132276
Oc1c(Br)c(Br)c(Br)c(Br)c1Oc1ccccc1Br,6.268813333333333,6.598789154401159,6.433801243867246
CCCCCCCCCCCCCCC/C=C/C[C@@H](O)[C@@H](O)[C@@H](NC(=O)[C@H](O)CCCCCCCCCCCCCCCCCCCCCC)O[C@@H]1O[C@H](CO)[C@@H](O[C@@H]2O[C@H](CO)[C@H](O)[C@H](O[C@]3(C(=O)O)C[C@H](O)[C@@H](NC(=O)COC)[C@H]([C@@H](O)C(O)CO)O3)[C@H]2O)[C@H](O)[C@H]1O,6.330744444444447,6.535766706349201,6.433255575396824
COc1ccc(C[C@H](N)C(=O)NCCc2cc(Br)c(OCCCN(C)C)c(Br)c2)cc1Br,6.512351111111109,6.351861717171715,6.432106414141412
CC[C@@H](C)[C@H]1C(=O)N(C)[C@@H](Cc2ccc(OC)c(Br)c2)C(=O)N[C@@H]([C@@H](C)CC)C(=O)O[C@H](C)[C@H](NC(=O)[C@@H](NC(=O)[C@@H](COS(=O)(=O)O)OC)[C@@H](C)CC)C(=O)N[C@@H](CCCCN)C(=O)N[C@H]2CC[C@@H](O)N1C2=O,6.45726111111111,6.404149246031743,6.430705178571426
CNCCCOc1c(Br)cc(CCNC(=O)/C(Cc2ccc(OC)c(Br)c2)=N/O)cc1Br,6.543606666666663,6.3176366468253935,6.430621656746029
CNCCCOc1ccc(CCNC(=O)/C(Cc2cc(Br)c(OC)c(Br)c2)=N\O)cc1Br,6.543606666666663,6.3176366468253935,6.430621656746029
CC[C@@H](C)[C@@H](C(=O)N(C)[C@H](C(=O)N(C)[C@@H](CC(C)C)C(=O)N[C@@H](CC(N)=O)C(=O)N[C@H](Cc1ccccc1)C(=O)N1CCC[C@H]1C(=O)N1CCC[C@H]1C(=O)N[C@@H](CCCNC(=N)N)C(=O)O)C(C)C)N(C)C(=O)[C@H](CC(N)=O)N(C)C(=O)[C@H](C(C)C)N(C)C(=O)[C@@H](Cc1ccccc1)NC(=O)COC,6.430372222222222,6.429876130952379,6.4301241765873005
CCCCCCCCCCCCCC(=O)NC(CO[C@@H]1O[C@H](CO)[C@@H](O[C@H]2O[C@H](CO)[C@H](O)[C@H](O[C@]3(C(=O)O)C[C@H](O)[C@@H](NC(=O)CO)[C@H]([C@@H](O)[C@@H](CO)OC)O3)[C@H]2O)[C@H](O)[C@H]1O)C(O)/C=C/CCCCCCCCCCC(C)C,6.400133333333334,6.4600074999999935,6.430070416666664
C[C@H]1O[C@H](O[C@H]2CC[C@H](n3ccc(NC(=O)c4ccc(N5CN[C@@](C)(CO)C5=O)cc4)nc3=O)O[C@@H]2C)[C@H](O)[C@@H](O)[C@@H]1N(C)C,6.460594444444447,6.39912720117845,6.429860822811449
CC[C@H](C)[C@@H]([C@@H](CC(=O)N1CCC[C@H]1[C@H](OC)[C@@H](C)C(=O)OC[C@@H](O)Cc1ccccc1)OC)N(C)C(=O)[C@@H](NC(=O)[C@H](C(C)C)N(C)C)[C@@H](C)CC,6.418277777777783,6.439145119047618,6.428711448412701
CN(C)CCCOc1c(Br)cc(CCNC(=O)/C(Cc2ccc(O)c(Br)c2)=N/O)cc1Br,6.537101111111108,6.3176366468253935,6.427368878968251
COc1c(Br)cc(C/C(=N\O)C(=O)NCCCOc2c(Br)cc(CCN)cc2Br)c(O)c1Br,6.474884444444444,6.379734365079364,6.427309404761904
CCCCCCCCCCCCCCCCCC(=O)NC(CO[C@@H]1O[C@H](CO)[C@@H](O[C@H]2O[C@H](CO)[C@H](O)[C@H](O[C@]3(C(=O)O)C[C@H](O)[C@@H](NC(=O)CO)[C@H]([C@@H](O)[C@@H](CO)OC)O3)[C@H]2O)[C@H](O)[C@H]1O)C(O)/C=C/CCCCCCCCCCC(C)C,6.394600000000001,6.4600074999999935,6.427303749999997
CC=C(NC(=O)[C@H](NC(=O)CNC(=O)C(C)(O)C(O)/C=C\C(C)=C\C(C)CC)[C@@H](C)O)C(=O)N[C@H](C(=O)N[C@H]1C(=O)N[C@H](COC)C(=O)NCC(=O)N[C@@H](C)C(=O)N(C)C([C@@H](C)O)C(=O)NC(C(OC)c2ccc(O)cc2)C(=O)N2CCCC[C@H]2C(=O)O[C@@H]1C(C)C)[C@@H](C)[C@@H](C)C(N)=O,6.411427777777778,6.442160396825394,6.426794087301586
COc1c(Br)cc(C[C@@H](C(=O)NCCCOc2c(Br)cc(CCN(C)C)cc2Br)N(C)C)cc1Br,6.523724444444443,6.329820705266952,6.426772574855697
COC[C@H]1NC(=O)[C@H](NC(=O)[C@@H](NC(=O)[C@@H](NC(=O)[C@H](NC(=O)CNC(=O)CC(O)/C=C\C(C)CC(C)C)[C@@H](C)O)[C@H](C)N)[C@@H](C)[C@@H](C)C(N)=O)[C@@H](C)OC(=O)[C@H](C)N(C)C(=O)[C@@H]([C@H](OC)c2ccc(O)cc2)NC(=O)[C@H]([C@@H](C)O)N(C)C(=O)[C@H](CC(C)C)NC(=O)CNC1=O,6.471016666666665,6.381172619047619,6.426094642857142
COc1ccc(C/C(=N/O)C(=O)NCCc2cc(Br)c(OCCC[N+](C)(C)[O-])c(Br)c2)cc1Br,6.533676666666664,6.3176366468253935,6.425656656746028
CCC(C)/C=C(C)/C=C\C(O)C(C)(O)C(=O)NCC(=O)N[C@H](C(=O)N[C@H](C(=O)N[C@H](C(=O)N[C@H]1C(=O)N[C@H](COC)C(=O)NCC(=O)N[C@@H](C)C(=O)N(C)[C@@H]([C@@H](C)O)C(=O)N[C@H]([C@H](OC)c2ccc(O[C@@H]3O[C@@H](C)[C@H](O)[C@@H](O)[C@H]3O)cc2)C(=O)N2CCCC[C@H]2C(=O)O[C@@H]1C(C)C)[C@@H](C)[C@@H](C)C(N)=O)[C@@H](C)N)[C@@H](C)O,6.432883333333333,6.418209424603173,6.425546378968253
COC[C@@H]([C@H](O)[C@H](O)C(=O)NCC[C@H](C)c1nc(/C=C/C[C@@H]2O[C@]3(C[C@@H](O)[C@@H]2C)O[C@H]([C@H](C[C@H](O)[C@H](C)[C@H](O)[C@H](C)/C=C(C)/C(C)=C/C=C/C(C)=C\C#N)OC)[C@H](OP(=O)(O)OP(=O)(O)O)C3(C)C)co1)N(C)C,6.282744444444444,6.567295522486768,6.4250199834656065
C/C1=C\[C@H](C)C[C@H](C)OC(=O)[C@H]([C@@H](C)O)NC(=O)[C@@H](Cc2ccc(O)c(I)c2)N(C)C(=O)[C@H](CO)NC(=O)[C@@H](C)C1,6.537716666666669,6.3115333333333306,6.424625
CCC(C)[C@H](NC(=O)[C@H](O)CNC=O)C(=O)N[C@H]1CNC(=O)[C@H](Cc2cn(C)c3ccccc23)NC(=O)/C=C/c2csc(n2)[C@H](COC)NC(=O)C(=O)[C@H](C(C)CC)NC(=O)[C@H](C)NC1=O,6.279550000000006,6.569676984126986,6.4246134920634965
COc1c(Br)cc(C/C(=N\O)C(=O)NCCCOc2c(Br)cc(CCNC(=N)N)cc2Br)c(O)c1Br,6.468793333333332,6.379734365079364,6.424263849206348
CC[C@@H]1C=CCC[C@]2(C[C@H]3CC[C@H]4[C@@H](C(=O)OCCCCCCCCCCCCCCCC(=O)N(CCCN)CC(O)CCN)[C@@]5(CCC[C@H](C)O5)N=C(N2)N34)O1,6.452661111111108,6.395778670634915,6.424219890873012
COC1=C(Br)[C@H](O)[C@@]2(C=C1Br)CC(C(=O)NCCc1cc(Br)c(OCCCN(C)C)c(Br)c1)=NO2,6.62297111111111,6.225154880952378,6.4240629960317435
CN(C)CCCOc1c(Br)cc(CCNC(=O)/C(Cc2ccccc2)=N/O)cc1Br,6.510897777777776,6.336999801587297,6.4239487896825365
CCC(C)/C=C(C)/C=C\C(O)C(C)(O)C(=O)NCC(=O)N[C@H](C(=O)N[C@H](C(=O)N[C@H](C(=O)N[C@H]1C(=O)N[C@H](COC)C(=O)NCC(=O)N[C@@H](C)C(=O)N(C)C([C@@H](C)O)C(=O)N[C@H]([C@H](OC)c2ccc(O)cc2)C(=O)N2CCCC[C@H]2C(=O)O[C@@H]1C(C)C)[C@@H](C)[C@@H](C)C(N)=O)[C@@H](C)N)[C@@H](C)O,6.428016666666665,6.418209424603173,6.423113045634919
CCC(C)/C=C(C)/C=C\C(O)C(C)(O)C(=O)NCC(=O)N[C@@H](C(=O)N[C@H](C(=O)N[C@H](C(=O)N[C@H]1C(=O)N[C@H](COC)C(=O)NCC(=O)N[C@@H](C)C(=O)N(C)C([C@@H](C)O)C(=O)NC(C(OC)c2ccc(O)cc2)C(=O)N2CCCC[C@H]2C(=O)O[C@@H]1C(C)C)[C@@H](C)[C@@H](C)C(N)=O)[C@H](C)N)[C@@H](C)O,6.428016666666665,6.418209424603173,6.423113045634919
CC[C@@H](C)[C@H]1C(=O)N(C)[C@@H](Cc2ccc(OC)c(Br)c2)C(=O)N[C@@H]([C@@H](C)CC)C(=O)O[C@H](C)[C@H](NC(=O)[C@@H](NC(=O)[C@@H](COS(=O)(=O)O)OC)C(C)C)C(=O)N[C@@H](CCCCN)C(=O)N[C@H]2CC[C@@H](O)N1C2=O,6.441872222222221,6.404149246031743,6.423010734126982
CC[C@@H](C)[C@H]1C(=O)N(C)[C@@H](Cc2ccc(OC)c(Br)c2)C(=O)N[C@@H]([C@@H](C)CC)C(=O)O[C@H](C)[C@H](NC(=O)[C@H](NC(=O)[C@@H](COS(=O)(=O)O)OC)C(C)C)C(=O)N[C@@H](CCCCN)C(=O)N[C@H]2CC[C@@H](O)N1C2=O,6.441872222222221,6.404149246031743,6.423010734126982
CCCCCCCCCCCCCCCCC(=O)NC(CO[C@@H]1O[C@H](CO)[C@@H](O[C@H]2O[C@H](CO)[C@H](O)[C@H](O[C@]3(C(=O)O)C[C@H](O)[C@@H](NC(=O)CO)[C@H]([C@@H](O)[C@@H](CO)OC)O3)[C@H]2O)[C@H](O)[C@H]1O)C(O)/C=C/CCCCCCCCCCC(C)C,6.3859,6.4600074999999935,6.422953749999997
COC(=O)[C@H](CSC)N(C)C(=O)[C@@H]1CSSC[C@@H](NC(=O)c2nc3ccccc3cc2O)C(=O)NCC(=O)N1C,6.310394444444449,6.535107380952378,6.4227509126984135
CCCCCCCCCCCCCCCC(=O)N(C)CCCOc1c(Br)cc(CCNC(=O)C2=NO[C@]3(C=C(Br)C(OC)=C(Br)[C@@H]3O)C2)cc1Br,6.467288888888889,6.377593796296294,6.422441342592592
CCCCCCCCCCCCCCCC(=O)NC(CO[C@@H]1O[C@H](CO)[C@@H](O[C@H]2O[C@H](CO)[C@H](O)[C@H](O[C@]3(C(=O)O)C[C@H](O)[C@@H](NC(=O)CO)[C@H]([C@@H](O)[C@@H](CO)OC)O3)[C@H]2O)[C@H](O)[C@H]1O)C(O)/C=C/CCCCCCCCCCC(C)C,6.383577777777778,6.4600074999999935,6.421792638888886
CCCCCCCCCCCCCC/C=C/[C@@H](O)[C@H](CO[C@@H]1O[C@H](CO)[C@@H](O[C@@H]2O[C@H](CO)[C@H](O)[C@H](O[C@]3(C(=O)O)C[C@H](O)[C@@H](NC(C)=O)[C@H](C(O)C(CO)OC)O3)[C@H]2O)C(O)[C@H]1O)NC(=O)[C@H](O)CCCCCCCCCCCCCCCCCCCC,6.3822333333333345,6.4600074999999935,6.421120416666664
CC[C@H](C)[C@H](NC(=O)[C@H](O)CNC=O)C(=O)N[C@H]1CNC(=O)[C@H](Cc2c[nH]c3ccccc23)NC(=O)/C=C/c2csc(n2)[C@H](COC)NC(=O)C(=O)[C@H]([C@@H](C)CC)NC(=O)[C@H](C)NC1=O,6.29556666666667,6.546077182539684,6.420821924603177
CCC(C)[C@H](NC(=O)[C@H](O)CNC=O)C(=O)N[C@H]1CNC(=O)[C@H](Cc2c[nH]c3ccccc23)NC(=O)/C=C/c2csc(n2)[C@H](COC)NC(=O)C(=O)[C@@H](C(C)CC)NC(=O)[C@H](C)NC1=O,6.29556666666667,6.546077182539684,6.420821924603177
CO[C@H](C)[C@@H]1NC(=O)[C@H](CCC(N)=O)N(C)C(=O)[C@H](CC(C)C)NC(=O)[C@@H](CCCN)NC(=O)[C@@H](CO)NC(=O)[C@H](NC(=O)[C@@H](NC(=O)[C@H](O)[C@H](O)[C@H](CCC(N)=O)NC(=O)[C@@H](CCCN)NC(=O)[C@H](C)[C@H](O)[C@H](C)[C@H](C)CC(C)C)[C@@H](C)[C@@H](C)C(N)=O)[C@@H]([C@H](C)C(C)C)OC(=O)[C@@H]2CCCCN2C(=O)[C@@H](CC(=O)O)NC1=O,6.408883333333331,6.432033988095234,6.420458660714282
CC[C@@H](C)[C@@H](C)[C@@H](O)[C@@H](C)C(=O)N[C@H](CCCN)C(=O)N[C@@H](CCC(N)=O)[C@@H](O)[C@@H](O)C(=O)N[C@H](C(=O)N[C@H]1C(=O)N[C@H](CO)C(=O)N[C@H](CCCN)C(=O)N[C@@H](CC(C)C)C(=O)N(C)[C@@H](CCC(N)=O)C(=O)N[C@@H]([C@@H](C)OC)C(=O)N[C@H](CC(=O)O)C(=O)N2CCCC[C@H]2C(=O)O[C@@H]1[C@H](C)C(C)C)[C@@H](C)[C@@H](C)C(N)=O,6.408883333333331,6.432033988095234,6.420458660714282
CCC[C@@H](C)[C@@H](C)[C@@H](O)[C@@H](C)C(=O)N[C@H](CCCN)C(=O)N[C@@H](CCC(=O)O)[C@@H](O)[C@@H](O)C(=O)N[C@H](C(=O)N[C@H]1C(=O)N[C@H](CO)C(=O)N[C@H](CCCN)C(=O)N[C@@H](CC(C)C)C(=O)N(C)[C@@H](CCC(N)=O)C(=O)N[C@@H]([C@@H](C)OC)C(=O)N[C@H](CC(=O)O)C(=O)N2CCCC[C@H]2C(=O)O[C@@H]1[C@H](C)C(C)C)[C@@H](C)[C@@H](C)C(N)=O,6.408883333333331,6.432033988095234,6.420458660714282
CC[C@@H](C)C[C@@H](C)[C@@H](O)[C@@H](C)C(=O)N[C@H](CCCN)C(=O)N[C@@H](CCC(=O)O)[C@@H](O)[C@@H](O)C(=O)N[C@H](C(=O)N[C@H]1C(=O)N[C@H](CO)C(=O)N[C@H](CCCN)C(=O)N[C@@H](CC(C)C)C(=O)N(C)[C@@H](CCC(N)=O)C(=O)N[C@@H]([C@@H](C)OC)C(=O)N[C@H](CC(=O)O)C(=O)N2CCCC[C@H]2C(=O)O[C@@H]1[C@H](C)C(C)C)[C@@H](C)[C@@H](C)C(N)=O,6.408883333333331,6.432033988095234,6.420458660714282
CC[C@@H](C)C[C@@H](C)[C@@H](C)[C@@H](O)[C@@H](C)C(=O)N[C@H](CCCN)C(=O)N[C@@H](CCC(=O)O)[C@@H](O)[C@@H](O)C(=O)N[C@H](C(=O)N[C@H]1C(=O)N[C@H](CO)C(=O)N[C@H](CCCN)C(=O)N[C@@H](CC(C)C)C(=O)N(C)[C@@H](CCC(N)=O)C(=O)N[C@@H]([C@@H](C)OC)C(=O)N[C@H](CC(=O)O)C(=O)N2CCCC[C@H]2C(=O)O[C@@H]1[C@H](C)C(C)C)[C@@H](C)[C@@H](C)C(N)=O,6.408883333333331,6.432033988095234,6.420458660714282
CO[C@H](C)[C@@H]1NC(=O)[C@H](CCC(N)=O)N(C)C(=O)[C@H](CC(C)C)NC(=O)[C@@H](CCCN)NC(=O)[C@@H](CO)NC(=O)[C@H](NC(=O)[C@@H](NC(=O)[C@H](O)[C@H](O)[C@H](CCC(=O)O)NC(=O)[C@@H](CCCN)NC(=O)[C@H](C)[C@H](O)[C@H](C)[C@H](C)CC(C)C)[C@@H](C)[C@@H](C)C(N)=O)[C@@H]([C@H](C)C(C)C)OC(=O)[C@@H]2CCCCN2C(=O)[C@@H](CC(=O)O)NC1=O,6.408883333333331,6.432033988095234,6.420458660714282
CO[C@H](C)[C@@H]1NC(=O)[C@H](CCC(N)=O)N(C)C(=O)[C@H](CC(C)C)NC(=O)[C@@H](CCCN)NC(=O)[C@@H](CO)NC(=O)[C@H](NC(=O)[C@@H](NC(=O)[C@H](O)[C@H](O)[C@H](CCC(N)=O)NC(=O)[C@@H](CCCN)NC(=O)[C@H](C)[C@H](O)[C@H](C)C(C)C)[C@@H](C)[C@@H](C)C(N)=O)[C@@H]([C@H](C)C(C)C)OC(=O)[C@@H]2CCCCN2C(=O)[C@@H](CC(=O)O)NC1=O,6.408883333333331,6.432033988095234,6.420458660714282
CO[C@H](C)[C@@H]1NC(=O)[C@H](CCC(N)=O)N(C)C(=O)[C@H](CC(C)C)NC(=O)[C@@H](CCCN)NC(=O)[C@@H](CO)NC(=O)[C@H](NC(=O)[C@@H](NC(=O)[C@H](O)[C@H](O)[C@H](CCC(=O)O)NC(=O)[C@@H](CCCN)NC(=O)[C@H](C)[C@H](O)[C@H](C)C(C)C)[C@@H](C)[C@@H](C)C(N)=O)[C@@H]([C@H](C)C(C)C)OC(=O)[C@@H]2CCCCN2C(=O)[C@@H](CC(=O)O)NC1=O,6.408883333333331,6.432033988095234,6.420458660714282
CC[C@@H](C)C[C@@H](C)[C@@H](C)[C@@H](O)[C@@H](C)C(=O)N[C@H](CCCN)C(=O)N[C@@H](CCC(N)=O)[C@@H](O)[C@@H](O)C(=O)N[C@H](C(=O)N[C@H]1C(=O)N[C@H](CO)C(=O)N[C@H](CCCN)C(=O)N[C@@H](CC(C)C)C(=O)N(C)[C@@H](CCC(N)=O)C(=O)N[C@@H]([C@@H](C)OC)C(=O)N[C@H](CC(=O)O)C(=O)N2CCCC[C@H]2C(=O)O[C@@H]1[C@H](C)C(C)C)[C@@H](C)[C@@H](C)C(N)=O,6.408883333333331,6.432033988095234,6.420458660714282
CCC[C@@H](C)[C@@H](C)[C@@H](O)[C@@H](C)C(=O)N[C@H](CCCN)C(=O)N[C@@H](CCC(N)=O)[C@@H](O)[C@@H](O)C(=O)N[C@H](C(=O)N[C@H]1C(=O)N[C@H](CO)C(=O)N[C@H](CCCN)C(=O)N[C@@H](CC(C)C)C(=O)N(C)[C@@H](CCC(N)=O)C(=O)N[C@@H]([C@@H](C)OC)C(=O)N[C@H](CC(=O)O)C(=O)N2CCCC[C@H]2C(=O)O[C@@H]1[C@H](C)C(C)C)[C@@H](C)[C@@H](C)C(N)=O,6.408883333333331,6.432033988095234,6.420458660714282
CNCCCOc1cc(Br)c(CCNC(=O)C2=NO[C@]3(C=C(Br)C(OC)=C(Br)[C@@H]3O)C2)c(Br)c1,6.614953333333334,6.225154880952378,6.420054107142856
COC(=O)[C@@H]1CCCN1C(=O)[C@@H](Cc1ccccc1)N(C)C(=O)[C@H](C)NC(=O)[C@@H](NC(=O)C[C@H](O)[C@H](CC(C)C)NC(=O)[C@H](CC(N)=O)NC(=O)[C@H](CC(C)C)NC(=O)[C@H](OC(=O)[C@@H](OC(=O)[C@H](C(C)C)N(C)C)C(C)C)C(C)C)[C@@H](C)O,6.518444444444444,6.320188720238093,6.419316582341269
CC[C@H](C)[C@H](NC(=O)C[C@H](O)[C@H](CC(C)C)NC(=O)[C@H](CCC(N)=O)N(C)C(=O)[C@H](CC(C)C)NC(=O)[C@H](C)OC(=O)[C@H](Cc1ccccc1)N(C)C)C(=O)N[C@@H](C)C(=O)N(C)[C@H](Cc1ccccc1)C(=O)N1CCC[C@H]1C(=O)OC,6.489077777777776,6.349320327380949,6.419199052579362
CSC[C@H]1C(=O)SC[C@@H](NC(=O)c2nc3ccccc3cc2O)C(=O)NCC(=O)N(C)[C@H]2CSSC[C@@H](C(=O)N1C)N(C)C(=O)CNC(=O)[C@H](NC(=O)c1ccc3ccccc3n1)CSC(=O)[C@H](CSC)N(C)C2=O,6.316461111111112,6.5218194769119755,6.419140294011544
CC[C@H](NC(=O)[C@@H](NC(=O)C[C@H](O)[C@H](CC(C)C)NC(=O)[C@H](CC(N)=O)NC(=O)[C@H](CC(C)C)NC(=O)[C@H](OC(=O)[C@@H](OC(=O)[C@H](C(C)C)N(C)C)C(C)C)C(C)C)[C@@H](C)O)C(=O)N(C)[C@H](Cc1ccccc1)C(=O)N1CCC[C@H]1C(=O)OC,6.513155555555555,6.320188720238093,6.416672137896824
COC1=C(Br)[C@H](O)[C@@]2(C=C1Br)CC(C(=O)NCCc1cc(Br)c(OCCC[N+](C)(C)[O-])c(Br)c1)=NO2,6.606654444444445,6.225154880952378,6.415904662698411
C/C=C(\NC(=O)[C@@H](NC(=O)CNC(=O)C(C)(O)C(O)/C=C\C(C)=C\C(C)CC)[C@@H](C)O)C(=O)N[C@H](C(=O)N[C@H]1C(=O)N[C@H](COC)C(=O)NCC(=O)N[C@@H](C)C(=O)N(C)[C@@H]([C@@H](C)O)C(=O)N[C@H]([C@H](OC)c2ccc(O[C@@H]3O[C@@H](C)[C@H](O)[C@@H](O)[C@H]3O)cc2)C(=O)N2CC[C@H](Cl)C[C@H]2C(=O)O[C@@H]1C(C)C)[C@@H](C)[C@@H](C)C(N)=O,6.431027777777778,6.40043847222222,6.415733124999999
CN(C)CCCOc1c(Br)cc(C/C(=N\O)C(=O)NCCc2cnc(N)[nH]2)cc1Br,6.468688888888892,6.362341111111108,6.415514999999999
CSC[C@H]1C(=O)SC[C@@H](NC(=O)c2nc3ccccc3cc2O)C(=O)NCC(=O)N(C)[C@H]2CSSC[C@@H](C(=O)N1C)N(C)C(=O)CNC(=O)[C@H](NC(=O)c1nc3ccccc3cc1O)CSC(=O)[C@H](CSC)N(C)C2=O,6.308350000000001,6.5218194769119755,6.415084738455988
CC[C@H](C)[C@H](NC(=O)[C@@H](NC(=O)CC(CC(C)CC(CC(=O)NCCCCCC(N)C(=O)NC1CCCCN1)OC)OC)C(C)C)C(=O)N[C@@H](C)C(=O)N[C@H](Cc1ccccc1)C(=O)N(C)[C@H](C(=O)OC)[C@@H](C)CC.Cl,6.592505555555557,6.237241988095234,6.414873771825396
C/C=C(/NC(=O)[C@@H](NC(=O)CNC(=O)C(C)C(O)/C=C\C(C)=C\C(C)CC)[C@@H](C)O)C(=O)N[C@H](C(=O)N[C@H]1C(=O)N[C@H](COC)C(=O)NCC(=O)N[C@@H](C)C(=O)N[C@@H]([C@@H](C)O)C(=O)N[C@H]([C@H](OC)c2ccc(O)cc2)C(=O)N2CCCC[C@H]2C(=O)O[C@@H]1C(C)C)[C@@H](C)[C@@H](C)C(N)=O,6.438627777777777,6.389851210317455,6.4142394940476155
CCC(C)/C=C(C)/C=C\C(O)C(C)(O)C(=O)NCC(=O)N[C@H](C(=O)N[C@H](C(=O)N[C@H](C(=O)N[C@H]1C(=O)N[C@H](COC)C(=O)NCC(=O)N[C@@H](C)C(=O)N(C)[C@@H]([C@@H](C)O)C(=O)N[C@H]([C@H](OC)c2ccc(O[C@@H]3O[C@@H](C)[C@H](O)[C@@H](O)[C@H]3O)cc2)C(=O)N2CC[C@H](Cl)C[C@H]2C(=O)O[C@@H]1C(C)C)[C@@H](C)[C@@H](C)C(N)=O)[C@@H](C)N)[C@@H](C)O,6.451361111111112,6.372220833333333,6.411790972222223
COC[C@H]1NC(=O)[C@H](NC(=O)[C@@H](NC(=O)[C@@H](NC(=O)[C@H](NC(=O)[C@H](NC(=O)CC(O)/C=C\C(C)CC(C)C)[C@H](O)C(N)=O)[C@H](O)CC(N)=O)[C@H](C)N)[C@@H](C)[C@@H](C)C(N)=O)[C@@H](C)OC(=O)[C@H](C)N(C)C(=O)[C@@H]([C@H](OC)c2ccc(O)cc2)NC(=O)[C@H](CCC(N)=O)N(C)C(=O)[C@H](CC(C)C)NC(=O)CNC1=O,6.46166111111111,6.361690119047617,6.411675615079364
CC[C@@H](C)[C@@H](C(=O)N(C)[C@H](C(=O)N(C)[C@@H](CC(C)C)C(=O)N[C@@H](CC(N)=O)C(=O)N[C@@H]1C(=O)N[C@@H](CC(N)=O)C(=O)N(C)CC(=O)N[C@@H](CC(N)=O)C(=O)N[C@@H](C)C(=O)N[C@H]([C@H](C)CC)C(=O)N[C@H]2CC(=O)N[C@@]2(O)[C@H](C)C(=O)N[C@@H](CC(=O)NC(N)=O)C(=O)N[C@H](C)C(=O)N(C)[C@H]([C@@H](C)CC)C(=O)O[C@@H]1C)C(C)C)N(C)C(=O)[C@H](CC(N)=O)N(C)C(=O)[C@H](C(C)C)N(C)C(=O)[C@@H](Cc1ccccc1)NC(=O)COC,6.468238888888891,6.354292228835976,6.411265558862434
CC[C@@H](C)[C@@H](C(=O)N(C)[C@@H](CC(N)=O)C(=O)N(C)[C@H](C(=O)N(C)[C@H](C(=O)N(C)[C@@H](CC(C)C)C(=O)N[C@@H](CC(N)=O)C(=O)NC1C(=O)N[C@@H](CC(N)=O)C(=O)N(C)CC(=O)N[C@@H](CC(N)=O)C(=O)N[C@@H](C)C(=O)N[C@H]([C@H](C)CC)C(=O)N[C@H]2CC(=O)N[C@@]2(O)[C@H](C)C(=O)N[C@@H](CC(=O)NC(N)=O)C(=O)N[C@H](C)C(=O)N(C)[C@H]([C@@H](C)CC)C(=O)O[C@@H]1C)C(C)C)[C@H](C)CC)N(C)C(=O)[C@@H](Cc1ccccc1)NC(=O)COC,6.468238888888891,6.354292228835976,6.411265558862434
COc1ccc(/C=C/CCCC[C@H](C)[C@H](O)[C@@H](O)[C@H]2NC(=O)C[C@@H](O)CNC(=O)CNC(=O)[C@@H](Cc3c(C(=O)O)[nH]c4ccccc34)NC(=O)CN(C)C(=O)/C=C3/NC(=O)C[C@H]3NC(=O)[C@H]2O)cc1,6.329533333333333,6.4928593452380925,6.411196339285713
COC[C@H]1NC(=O)[C@H](NC(=O)[C@@H](NC(=O)[C@@H](NC(=O)[C@@H](NC(=O)[C@H](NC(=O)C[C@H](O)/C=C\[C@@H](C)CC(C)C)[C@H](O)C(N)=O)[C@@H](C)O)[C@H](C)N)[C@@H](C)CC(N)=O)[C@@H](C)OC(=O)[C@H](C)N(C)C(=O)[C@@H]([C@H](OC)c2ccc(O)cc2)NC(=O)[C@H](CCC(N)=O)N(C)C(=O)[C@H](CC(C)C)NC(=O)CNC1=O,6.4603611111111094,6.361690119047617,6.411025615079364
COc1ccc(C/C(=N\O)C(=O)NCCc2cc(Br)c(OCCCN)c(Br)c2)cc1Br,6.442023333333328,6.379734365079364,6.410878849206346
COc1c(Br)cc(C/C(=N\O)C(=O)NCCCOc2ccc(CCN)cc2Br)cc1Br,6.442023333333328,6.379734365079364,6.410878849206346
COc1ccc(C/C(=N\O)C(=O)NCCCOc2c(Br)cc(CCN)cc2Br)cc1Br,6.442023333333328,6.379734365079364,6.410878849206346
COc1c(Br)cc(C/C(=N\O)C(=O)NCCc2ccc(OCCCN)c(Br)c2)cc1Br,6.442023333333328,6.379734365079364,6.410878849206346
COc1ccc(/C=C/CCCC[C@H](C)[C@H](O)[C@@H](O)C2NC(=O)C[C@@H](O)CNC(=O)CNC(=O)[C@@H](Cc3c(C(=O)O)[nH]c4ccccc34)NC(=O)CN(C)C(=O)C[C@@]3(O)NC(=O)C[C@@H]3NC(=O)[C@H]2O)cc1,6.328122222222223,6.4928593452380925,6.4104907837301575
CC[C@@H](C)[C@@H](C(=O)N(C)[C@H](C(=O)N(C)[C@@H](CC(C)C)C(=O)N[C@@H](CC(N)=O)C(=O)N[C@H](Cc1ccccc1)C(=O)N1CCC[C@H]1C(=O)N1CCC[C@@H]1C(=O)O)C(C)C)N(C)C(=O)[C@H](CC(N)=O)N(C)C(=O)[C@H](C(C)C)N(C)C(=O)[C@@H](Cc1ccccc1)NC(=O)COC,6.390968888888889,6.429876130952379,6.410422509920634
COc1c(Br)cc(C/C(=N\O)C(=O)NCCc2cc(Br)c(OCCCN(C)C)c(Br)c2)cc1Br.Cl,6.497723333333334,6.321934940476188,6.4098291369047615
COC[C@H]1NC(=O)[C@H](NC(=O)[C@@H](NC(=O)[C@@H](NC(=O)[C@@H](NC(=O)[C@H](NC(=O)C[C@H](O)/C=C\[C@@H](C)CC(C)C)[C@H](O)C(N)=O)[C@@H](C)O)[C@H](C)N)[C@@H](C)[C@@H](C)C(N)=O)[C@@H](C)OC(=O)[C@H](C)N(C)C(=O)[C@@H]([C@H](OC)c2ccc(O)cc2)NC(=O)[C@H](CCC(N)=O)N(C)C(=O)[C@H](CC(C)C)NC(=O)CNC1=O,6.45796111111111,6.361690119047617,6.409825615079363
CCC[C@H](C)/C=C\[C@@H](O)CC(=O)N[C@@H](C(=O)N[C@H](C(=O)N[C@H](C(=O)N[C@H](C(=O)N[C@H]1C(=O)N[C@H](COC)C(=O)NCC(=O)N[C@@H](CC(C)C)C(=O)N(C)[C@@H](CCC(N)=O)C(=O)N[C@H]([C@H](OC)c2ccc(O)cc2)C(=O)N(C)[C@@H](C)C(=O)O[C@@H]1C)[C@@H](C)[C@@H](C)C(N)=O)[C@H](C)N)[C@@H](C)O)[C@H](O)C(N)=O,6.4577277777777775,6.361690119047617,6.409708948412698
CCC(C)/C=C(C)/C=C\C(O)C(C)(O)C(=O)NCC(=O)N[C@H](C(=O)N[C@H](C(=O)N[C@H](C(=O)N[C@H]1C(=O)N[C@H](COC)C(=O)NCC(=O)N[C@@H](C)C(=O)N(C)[C@@H]([C@@H](C)O)C(=O)N[C@H]([C@H](OC)c2ccc(O)cc2)C(=O)N2CC[C@H](Cl)C[C@H]2C(=O)O[C@@H]1C(C)C)[C@@H](C)[C@@H](C)C(N)=O)[C@@H](C)N)[C@@H](C)O,6.446894444444444,6.372220833333333,6.409557638888888
C/C=C(\NC(=O)CNC(=O)C(C)C(O)/C=C\C(C)=C\C(C)CC)C(=O)N[C@H](C(=O)N[C@H](C(=O)N[C@H]1C(=O)N[C@H](COC)C(=O)NCC(=O)N[C@@H](C)C(=O)N(C)[C@@H]([C@@H](C)O)C(=O)N[C@H]([C@H](OC)c2ccc(O[C@@H]3O[C@@H](C)[C@H](O)[C@@H](O)[C@H]3O)cc2)C(=O)N2CC[C@H](Cl)C[C@H]2C(=O)O[C@@H]1C(C)C)[C@@H](C)[C@@H](C)C(N)=O)[C@H](C)N,6.4463944444444445,6.372220833333333,6.4093076388888885
CCCCCC/C=C\CC(=O)N[C@@H](Cc1ccc(O)cc1)[C@@H](O)CC(=O)N[C@H](C(=O)N[C@@H](CO)[C@@H](O)CC(=O)N[C@H](C(=O)N[C@@H](CO)[C@@H](O)CC(=O)N[C@H](C(=O)N[C@@H]1/C=C/C(=O)N[C@@H](C(C)C)C(=O)N(C)[C@@H](Cc2ccc(O)cc2)C(=O)OC1)C(C)C)C(C)C)C(C)C,6.439927777777775,6.376606230158729,6.408267003968252
COC[C@@H]([C@H](O)[C@H](O)C(=O)N[C@H](C)C[C@H](C)c1nc(/C=C/C[C@@H]2O[C@]3(C[C@@H](O)[C@@H]2C)O[C@H]([C@@H](C[C@H](O)[C@H](C)[C@H](O)[C@H](C)/C=C(C)/C(C)=C/C=C/C(C)=C\C#N)OC)[C@H](OP(=O)(O)OP(=O)(O)O)C3(C)C)co1)N(C)C,6.24872222222222,6.567295522486768,6.408008872354494
COC1=C(Br)[C@H](O)[C@@]2(C=C1Br)CC(C(=O)NCCCOc1ccc([C@H](O)CNC(=O)C3=NO[C@]4(C=C(Br)C(OC)=C(Br)[C@@H]4O)C3)cc1Br)=NO2,6.6561111111111115,6.159816078042326,6.407963594576719
COC1=C(Br)C[C@]2(OC=C1Br)ON=C(C(=O)NCCCOc1c(Br)cc(CCNC(=O)CO)cc1Br)[C@@H]2O,6.636707777777781,6.1791945899470875,6.407951183862434
COC[C@H]1NC(=O)[C@H](NC(=O)[C@@H](NC(=O)[C@@H](NC(=O)[C@@H](NC(=O)[C@@H](CC(N)=O)NC(=O)C[C@H](O)/C=C\[C@@H](C)CC(C)C)[C@@H](C)O)[C@H](C)N)[C@@H](C)[C@@H](C)C(N)=O)[C@@H](C)OC(=O)[C@H](C)N(C)C(=O)[C@@H]([C@H](OC)c2ccc(O)cc2)NC(=O)[C@H](CCC(N)=O)N(C)C(=O)[C@H](CC(C)C)NC(=O)CNC1=O,6.4535277777777775,6.3608387301587275,6.4071832539682525
C/C=C(\NC(=O)[C@@H](NC(=O)[C@H](NC(=O)C[C@H](O)/C=C\[C@@H](C)CC(C)C)[C@H](O)C(N)=O)[C@@H](C)O)C(=O)N[C@H](C(=O)N[C@H]1C(=O)N[C@H](COC)C(=O)NCC(=O)N[C@@H](CC(C)C)C(=O)N(C)[C@@H](CCC(N)=O)C(=O)N[C@H]([C@H](OC)c2ccc(O)cc2)C(=O)N(C)[C@@H](C)C(=O)O[C@@H]1C)[C@@H](C)[C@@H](C)C(N)=O,6.452616666666664,6.361690119047617,6.407153392857141
COC1=C(Br)[C@H](O)[C@@]2(C=C1Br)CC(C(=O)NCCCOc1c(Br)cc(C/C(=N\O)C(=O)NCCc3cnc(N)[nH]3)cc1Br)=NO2,6.636861111111116,6.176331574074072,6.406596342592595
COc1ccc(C/C(=N\O)C(=O)NCCc2ccc(OCCCN)c(Br)c2)cc1Br,6.433289999999991,6.379734365079364,6.406512182539677
CO[C@H](C)[C@@H]1NC(=O)[C@H](CCC(N)=O)N(C)C(=O)[C@H](CC(C)C)NC(=O)[C@@H](CCCNC(=N)N)NC(=O)[C@@H](CO)NC(=O)[C@H](NC(=O)[C@@H](NC(=O)[C@H](O)[C@H](O)[C@H](CCCNC(=N)N)NC(=O)[C@@H](C)NC(=O)[C@H](C)[C@H](O)[C@H](C)C[C@H](C)CC(C)C)[C@@H](C)[C@@H](C)C(N)=O)[C@@H](C)OC(=O)[C@@H]2CCCCN2C(=O)[C@@H](CC(=O)O)NC1=O,6.380944444444443,6.432033988095234,6.406489216269838
COC1=C(Br)[C@@H](O)[C@]2(C=C1Br)CC(C(=O)NCCCOc1c(Br)cc(C[C@H](N)C(=O)NCCc3c[nH]c(N)n3)cc1Br)=NO2,6.636533333333336,6.176331574074072,6.4064324537037045
C/C=C(\NC(=O)[C@@H](NC(=O)[C@@H](CC(N)=O)NC(=O)C[C@H](O)/C=C\[C@@H](C)CC(C)C)[C@@H](C)O)C(=O)N[C@H](C(=O)N[C@H]1C(=O)N[C@H](COC)C(=O)NCC(=O)N[C@@H](CC(C)C)C(=O)N(C)[C@@H](CCC(N)=O)C(=O)N[C@H]([C@H](OC)c2ccc(O)cc2)C(=O)N(C)[C@@H](C)C(=O)O[C@@H]1C)[C@@H](C)[C@@H](C)C(N)=O,6.450727777777775,6.3608387301587275,6.405783253968251
CCC(C)[C@H](NC(=O)[C@H](C(C)C)N(C)C(=O)[C@H](C(C)C)N(C)C(=O)[C@H](C(C)C)N(C)C(=O)[C@@H](NC(=O)[C@H](C(C)C)N(C)C(=O)[C@H]([C@H](C)O[C@]1(CO)O[C@H](CO)[C@@H](O)[C@@H]1O)N(C)C(=O)[C@@H](NC(=O)[C@H](C)N)[C@H](C)O)C(C)C)C(=O)N(C)[C@H](C(=O)N(C)CC(=O)Nc1ccccc1C(=O)O)C(C)C,6.468677777777779,6.342774451058199,6.405726114417989
C/C=C(\NC(=O)CNC(=O)C(C)(O)C(O)/C=C\C(C)=C\C(C)CC)C(=O)N[C@H](C(=O)N[C@H](C(=O)N[C@H]1C(=O)N[C@H](COC)C(=O)NCC(=O)N[C@@H](C)C(=O)N(C)[C@@H]([C@@H](C)O)C(=O)N[C@H]([C@H](OC)c2ccc(O)cc2)C(=O)N2CC[C@H](Cl)C[C@H]2C(=O)O[C@@H]1C(C)C)[C@@H](C)[C@@H](C)C(N)=O)[C@H](C)N,6.439005555555556,6.372220833333333,6.405613194444444
Oc1c(Oc2ccc(Br)cc2Br)cc(Br)c(Br)c1Br,6.211026666666667,6.598789154401159,6.404907910533913
CC[C@H](C)[C@H]1C(=O)N[C@@H](C)C(=O)N(C)[C@@H](CC(C)C)C(=O)N[C@@H](Cc2ccc(OC)cc2)C(=O)N(C)[C@H](C)C(=O)O[C@H](C)[C@H](N(C)C(=O)[C@H](CC(C)C)N(C)C(=O)[C@H](COC)N(C)C(=O)[C@H](OC(=O)[C@H](C(C)C)N(C)C)C(C)C)C(=O)N(C)[C@@H](COC)C(=O)N1C,6.479205555555553,6.329925119047619,6.404565337301586
CC[C@H](C)[C@H]1C(=O)N[C@@H](C)C(=O)N(C)[C@@H](CC(C)C)C(=O)N[C@@H](Cc2ccc(OC)cc2)C(=O)N(C)[C@@H](C)C(=O)O[C@H](C)[C@H](N(C)C(=O)[C@H](CC(C)C)N(C)C(=O)[C@H](COC)N(C)C(=O)[C@@H](OC(=O)[C@H](C(C)C)N(C)C)C(C)C)C(=O)N(C)[C@@H](COC)C(=O)N1C,6.479205555555553,6.329925119047619,6.404565337301586
CC[C@H](C)[C@@H]([C@@H](CC(=O)N1CCC[C@H]1[C@H](OC)[C@@H](C)C(=O)N[C@@H](Cc1ccccc1)c1nccs1)OC)N(C)C(=O)[C@@H](NC(=O)[C@H](C(C)C)N(C)C)C(C)C,6.491494444444452,6.317083805014428,6.40428912472944
CCO[C@]1(OC)C(Br)=C[C@@](O)(CC(=O)NC(C)NC(=O)C[C@]2(O)C=C(Br)[C@](OC)(OCC)C(Br)=C2)C=C1Br,6.6383611111111085,6.169619087301586,6.403990099206347
CCO[C@]1(OC)C(Br)=C[C@@](O)(CC(=O)NC(C)NC(=O)C[C@]2(O)C=C(Br)[C@@](OC)(OCC)C(Br)=C2)C=C1Br,6.6383611111111085,6.169619087301586,6.403990099206347
CC[C@H]1C=CCC[C@@]2(C[C@@H]3CC[C@@H]4[C@H](C(=O)OCCCCCCCCCCCCCCCCCC(=O)N(CCCN)CCCC(N)=O)[C@]5(CCC[C@@H](C)O5)N=C(N2)N34)O1,6.4982333333333315,6.309447420634919,6.4038403769841254
CC[C@H]1C=CCC[C@@]2(C[C@@H]3CC[C@H]4[C@@H](C(=O)OCCCCCCCCCCCCCCCC(=O)N(CCCN)C[C@@H](O)CCN)[C@]5(CCC[C@@H](C)O5)NC(=N2)N34)O1,6.411327777777774,6.395778670634915,6.403553224206345
COc1ccc(/C=C/CCCC[C@H](C)[C@H](O)[C@@H](O)C2NC(=O)C[C@@H](O)CNC(=O)CNC(=O)[C@@H](Cc3c(C(=O)O)[nH]c4ccccc34)NC(=O)CN(C)C(=O)C[C@@]3(O)NC(=O)[C@H](O)[C@@H]3NC(=O)[C@H]2O)cc1,6.313538888888891,6.4928593452380925,6.403199117063492
CCCCCCCCCCCCCCCCCCCCCC[C@@H](O)C(=O)N[C@@H](CO[C@@H]1O[C@H](CO)[C@@H](O[C@H]2O[C@H](CO)[C@H](O)[C@H](O[C@]3(C(=O)O)C[C@H](O)[C@@H](NC(=O)CO[C@]4(C(=O)O)C[C@H](O)[C@@H](NC(C)=O)[C@H]([C@H](O)[C@@H](CO)OC)O4)[C@H](C(O)C(O)CO)O3)[C@H]2O)[C@H](O)[C@H]1O)[C@H](O)[C@H](O)CCCCCCCCCCCCCC,6.379933333333333,6.426056646825392,6.402994990079362
CSC[C@H]1C(=O)SC[C@@H](NC(=O)c2nc3ccccc3cc2O)C(=O)NCC(=O)N(C)[C@H]2CSSC[C@@H](C(=O)N1C)N(C)C(=O)CNC(=O)[C@H](NC(=O)c1nc3ccccc3cc1O)CSC(=O)[C@H](C[S+](C)[O-])N(C)C2=O,6.283505555555558,6.5218194769119755,6.402662516233766
C/C=C(\NC(=O)CNC(=O)C(C)C(O)/C=C\C(C)=C\C(C)CC)C(=O)N[C@H](C(=O)N[C@H](C(=O)N[C@H]1C(=O)N[C@H](COC)C(=O)NCC(=O)N[C@@H](C)C(=O)N(C)[C@@H]([C@@H](C)O)C(=O)N[C@H]([C@H](OC)c2ccc(O)cc2)C(=O)N2CC[C@H](Cl)C[C@H]2C(=O)O[C@@H]1C(C)C)[C@@H](C)[C@@H](C)C(N)=O)[C@H](C)N,6.445627777777777,6.359510277777776,6.402569027777776
CCC(C)[C@@H](C(=O)N[C@H](C(=O)N(C)[C@@H]([C@@H](C)CC)[C@@H](CC(=O)N1CCC[C@H]1[C@H](OC)[C@@H](C)C(=O)N[C@@H](Cc1ccccc1)c1nccs1)OC)C(C)C)N(C)C,6.487961111111119,6.317083805014428,6.402522458062773
CC[C@H](C)[C@@H]([C@@H](CC(=O)N1CCC[C@H]1[C@H](OC)[C@@H](C)C(=O)N[C@@H](Cc1ccccc1)c1nccs1)OC)N(C)C(=O)[C@@H](NC(=O)[C@H]([C@@H](C)CC)N(C)C)C(C)C,6.487961111111119,6.317083805014428,6.402522458062773
CCC(C)[C@H](NC(=O)[C@H](O)CNC=O)C(=O)N[C@H]1CNC(=O)[C@H](Cc2c(Br)[nH]c3ccc(O)cc23)NC(=O)/C=C/c2csc(n2)[C@H](COC)NC(=O)C(=O)[C@@H](C(C)CC)NC(=O)[C@H](C)NC1=O,6.2935611111111145,6.511254801587302,6.402407956349208
Oc1cc(Br)c(Br)c(Br)c1Oc1ccc(Br)cc1Br,6.2058333333333335,6.598789154401159,6.4023112438672465
CC[C@@H](C)[C@H]1C(=O)N(C)[C@@H](Cc2ccc(OC)c(Br)c2)C(=O)N[C@@H]([C@@H](C)CC)C(=O)O[C@H](C)[C@H](NC(=O)[C@H](NC(=O)[C@@H](COS(=O)(=O)O)OC)C(C)C)C(=O)N[C@@H](CCCNC(=N)N)C(=O)N[C@H]2CC[C@@H](O)N1C2=O,6.422194444444443,6.3823849404761885,6.402289692460316
COc1ccc(/C=C/CCCC[C@H](C)[C@H](O)[C@@H](O)[C@H]2NC(=O)C[C@@H](O)CNC(=O)CNC(=O)[C@@H](Cc3c[nH]c4ccccc34)NC(=O)CN(C)C(=O)/C=C3/NC(=O)C[C@H]3NC(=O)[C@H]2O)cc1,6.311505555555555,6.4928593452380925,6.402182450396824
CNCCCOc1c(Br)cc(C/C(=N\O)C(=O)NCCc2cnc(N)[nH]2)cc1Br,6.4232111111111125,6.379433075396822,6.401322093253967
CCOC(=O)C[C@@H](NC(=O)[C@@H](Cc1c(Br)[nH]c2ccccc12)N(C)C(=O)[C@H](C)NC(=O)[C@@H](C)C/C(C)=C/[C@H](C)C[C@H](C)O)c1ccc(O)cc1,6.3929222222222215,6.40888854256854,6.400905382395381
COc1c(Br)c(Br)c(Br)c(Br)c1Oc1cc(Br)cc(Br)c1O,6.249325555555554,6.551576960678212,6.400451258116883
COC1=C(Br)[C@H](O)[C@@]2(C=C1Br)CC(C(=O)NCC(O)c1cc(Br)c(OC[C@@H](O)CNC(=O)C3=NO[C@]4(C=C(Br)C(OC)=C(Br)[C@@H]4O)C3)c(Br)c1)=NO2,6.640605555555557,6.159816078042326,6.400210816798941
COC1=C(Br)[C@H](O)[C@@]2(C=C1Br)CC(C(=O)NCC(O)COc1c(Br)cc(C(O)CNC(=O)C3=NO[C@]4(C=C(Br)C(OC)=C(Br)[C@@H]4O)C3)cc1Br)=NO2,6.640605555555557,6.159816078042326,6.400210816798941
COC1=C(Br)[C@H](O)[C@@]2(C=C1Br)CC(C(=O)NCC(O)c1cc(Br)c(OC[C@H](O)CNC(=O)C3=NO[C@]4(C=C(Br)C(OC)=C(Br)[C@@H]4O)C3)c(Br)c1)=NO2,6.640605555555557,6.159816078042326,6.400210816798941
COC1=C(Br)[C@@H](O)[C@]2(C=C1Br)CC(C(=O)NCC(O)c1cc(Br)c(OCC(O)CNC(=O)C3=NO[C@]4(C=C(Br)C(OC)=C(Br)[C@@H]4O)C3)c(Br)c1)=NO2,6.640605555555557,6.159816078042326,6.400210816798941
CC(C)[C@@H](NC(=O)[C@@H]1CCCN1C(=O)[C@H](Cc1ccccc1)NC(=O)[C@@H](C)NC=O)C(=O)N[C@H](C(=O)N[C@H](Cc1c[nH]c2ccccc12)C(=O)N[C@@H](CCCNC(=N)N)C(=O)N[C@H](CS(=O)(=O)O)C(=O)N[C@@H]1C(=O)N(C)[C@@H](CCC(N)=O)C(=O)N[C@H](Cc2ccccc2)C(=O)N[C@@H]([C@@H](C)O)C(=O)N[C@@H](CC(N)=O)C(=O)N(C)CC(=O)O[C@@H]1C)C(C)(C)C,6.3412444444444445,6.4580472089947065,6.399645826719576
COCc1cc(O)c(O)c(Br)c1Cc1cc(O)c(O)c(Br)c1Br,6.37061777777778,6.4282117384559845,6.399414758116882
CNC(Cc1cc(Br)c(O)c(Br)c1)C(=O)N(C)CCCOc1c(Br)cc(CCN(C)C)cc1Br,6.521115555555554,6.277184197330441,6.399149876442998
CC[C@@H]1C=CCC[C@]2(C[C@H]3CC[C@H]4[C@@H](C(=O)OCCCCCCCCCCCCCCCC(=O)N(CCCN)CCCCN)[C@@]5(CCC[C@H](C)O5)N=C(N2)N34)O1,6.48799444444444,6.309447420634919,6.39872093253968
CC(C)[C@@H](NC(=O)[C@@H]1CCCN1C(=O)[C@H](Cc1ccc(Br)cc1)NC(=O)[C@@H](C)NC=O)C(=O)C[C@H](C(=O)N[C@H](Cc1c[nH]c2ccccc12)C(=O)N[C@@H](CCCNC(=N)N)C(=O)N[C@H](CS(=O)(=O)O)C(=O)N[C@@H]1C(=O)N(C)[C@@H](CCC(N)=O)C(=O)N[C@H](Cc2ccccc2)C(=O)NC([C@@H](C)O)C(=O)N[C@@H](CC(N)=O)C(=O)N(C)CC(=O)O[C@@H]1C)C(C)(C)C,6.342511111111111,6.454714966931213,6.398613039021162
COC(=O)c1ccccc1NC(=O)[C@H](CCS(C)(=O)=O)NC(=O)c1cnc2c(n1)c(=O)n(C)c(=O)n2C,6.247861111111114,6.549143253968257,6.398502182539685
C/C=C(\NC(=O)CNC(=O)C(C)(O)C(O)/C=C\C(C)=C\C(C)CC)C(=O)N[C@H](C(=O)N[C@H](C(=O)N[C@H]1C(=O)N[C@H](COC)C(=O)NCC(=O)N[C@@H](C)C(=O)N(C)[C@@H]([C@@H](C)O)C(=O)N[C@H]([C@H](OC)c2ccc(O[C@@H]3O[C@@H](C)[C@H](O)[C@@H](O)[C@H]3O)cc2)C(=O)N2CC[C@H](Cl)C[C@H]2C(=O)O[C@@H]1C(C)C)[C@@H](C)[C@@H](C)C(N)=O)[C@H](C)N,6.424772222222223,6.372220833333333,6.398496527777778
C/C1=C\[C@H](C)C[C@H](C)OC(=O)[C@H](C)NC(=O)[C@@H](Cc2ccc(O)c(I)c2)N(C)C(=O)[C@H](CO)NC(=O)[C@@H](C)C1,6.484750000000002,6.3115333333333306,6.398141666666666
CC=C(NC(=O)[C@H](NC(=O)CNC(=O)C(C)(O)C(O)/C=C\C(C)=C\C(C)CC)[C@@H](C)O)C(=O)N[C@H](C(=O)N[C@H]1C(=O)N[C@H](COC)C(=O)NCC(=O)N[C@@H](C)C(=O)NC([C@@H](C)O)C(=O)NC(C(OC)c2ccc(O)cc2)C(=O)N2CCCC[C@H]2C(=O)O[C@@H]1C(C)C)[C@@H](C)[C@@H](C)C(N)=O,6.419594444444445,6.376678432539678,6.398136438492061
CC[C@H](C)[C@@H]1NC(=O)[C@@H]2CCCN2C(=O)[C@H](CCCCN)NC(=O)[C@H](CO)NC(=O)CNC(=O)[C@H](Cc2ccccc2)NC(=O)CNC(=O)C[C@@H](C(=O)N[C@@H](CO)C(=O)N[C@@H](Cc2ccccc2)C(=O)NCC(=O)N[C@@H](CC(C)C)C(=O)N[C@@H](CO)C(=O)N[C@@H](Cc2c[nH]c3ccccc23)C(=O)N[C@@H](CC(C)C)C(=O)O)NC1=O,6.442088888888889,6.353337956349205,6.397713422619047
CCC(C)(C)[C@H](CC(=O)[C@H](NC(=O)[C@@H]1CCCN1C(=O)[C@H](Cc1ccccc1)NC(=O)[C@@H](C)NC=O)C(C)(C)C)C(=O)N[C@H](Cc1c[nH]c2ccccc12)C(=O)N[C@@H](CCCNC(=N)N)C(=O)N[C@H](CS(=O)(=O)O)C(=O)N[C@@H]1C(=O)N(C)[C@@H](CCC(N)=O)C(=O)N[C@H](CC(C)C)C(=O)NC([C@@H](C)O)C(=O)N[C@@H](CC(N)=O)C(=O)N(C)CC(=O)O[C@@H]1C,6.337244444444445,6.4580472089947065,6.397645826719575
CC[C@@H](NC=O)C(=O)N[C@@H](Cc1ccccc1)C(=O)N1CCC[C@H]1C(=O)N[C@@H](C(=O)C[C@H](C(=O)N[C@H](Cc1c[nH]c2ccccc12)C(=O)N[C@@H](CCCNC(=N)N)C(=O)N[C@H](CS(=O)(=O)O)C(=O)N[C@@H]1C(=O)N(C)[C@@H](CCC(N)=O)C(=O)N[C@H](CC(C)C)C(=O)NC([C@@H](C)O)C(=O)N[C@@H](CC(N)=O)C(=O)N(C)CC(=O)O[C@@H]1C)C(C)(C)C)C(C)(C)C,6.337244444444445,6.4580472089947065,6.397645826719575
CC[C@@H]1C=CCC[C@]2(C[C@H]3CC[C@H]4[C@@H](C(=O)OCCCCCCCCCCCCCCC[C@@H]5O[C@](O)(CCN)[C@H](O)N(CCCN)C5=O)[C@@]5(CCC[C@H](C)O5)N=C(N2)N34)O1,6.396988888888887,6.398184920634918,6.397586904761903
CC(C)[C@H](CC(=O)[C@H](NC(=O)[C@@H]1CCCN1C(=O)[C@H](Cc1ccc(Br)cc1)NC(=O)[C@@H](C)NC=O)C(C)C)C(=O)N[C@H](Cc1c[nH]c2ccccc12)C(=O)N[C@@H](CCCNC(=N)N)C(=O)N[C@H](CS(=O)(=O)O)C(=O)N[C@@H]1C(=O)N(C)[C@@H](CCC(N)=O)C(=O)N[C@H](Cc2ccccc2)C(=O)NC([C@@H](C)O)C(=O)N[C@@H](CC(N)=O)C(=O)N(C)CC(=O)O[C@@H]1C,6.340311111111111,6.454714966931213,6.397513039021162
CC(C)C[C@H]1NC(=O)[C@H](CCC(N)=O)N(C)C(=O)[C@@H](NC(=O)[C@@H](CS(=O)(=O)O)NC(=O)[C@H](CCCNC(=N)N)NC(=O)[C@@H](Cc2c[nH]c3ccccc23)NC(=O)[C@@H](CC(=O)[C@H](NC(=O)[C@@H]2CCCN2C(=O)[C@H](Cc2ccccc2)NC(=O)[C@@H](C)NC=O)C(C)(C)C)C(C)(C)C)[C@@H](C)OC(=O)CN(C)C(=O)[C@H](CC(N)=O)NC(=O)C([C@@H](C)O)NC1=O,6.335044444444445,6.4580472089947065,6.396545826719576
CC(C)C[C@H]1NC(=O)[C@H](CCC(N)=O)N(C)C(=O)[C@@H](NC(=O)[C@@H](CS(=O)(=O)O)NC(=O)[C@H](CCCNC(=N)N)NC(=O)[C@@H](Cc2c[nH]c3ccccc23)NC(=O)[C@@H](CC(=O)[C@H](NC(=O)[C@@H]2CCCN2C(=O)[C@H](Cc2ccccc2)NC(=O)[C@@H](C)NC=O)C(C)(C)C)C(C)C)[C@@H](C)OC(=O)CN(C)C(=O)[C@H](CC(N)=O)NC(=O)C([C@@H](C)O)NC1=O,6.335044444444445,6.4580472089947065,6.396545826719576
CC(C)C[C@H]1NC(=O)[C@H](CCC(N)=O)N(C)C(=O)[C@@H](NC(=O)[C@@H](CS(=O)(=O)O)NC(=O)[C@H](CCCNC(=N)N)NC(=O)[C@@H](Cc2c[nH]c3ccccc23)NC(=O)[C@@H](CC(=O)[C@H](NC(=O)[C@@H]2CCCN2C(=O)[C@H](Cc2ccccc2)NC(=O)[C@@H](C)NC=O)C(C)C)C(C)C)[C@@H](C)OC(=O)CN(C)C(=O)[C@H](CC(N)=O)NC(=O)C([C@@H](C)O)NC1=O,6.335044444444445,6.4580472089947065,6.396545826719576
CC(C)C[C@H]1NC(=O)[C@H](CCC(N)=O)N(C)C(=O)[C@@H](NC(=O)[C@@H](CS(=O)(=O)O)NC(=O)[C@H](CCCNC(=N)N)NC(=O)[C@@H](Cc2c[nH]c3ccccc23)NC(=O)[C@@H](CC(=O)[C@H](NC(=O)[C@@H]2CCCN2C(=O)[C@H](Cc2ccccc2)NC(=O)[C@@H](C)NC=O)C(C)C)C(C)(C)C)[C@@H](C)OC(=O)CN(C)C(=O)[C@H](CC(N)=O)NC(=O)C([C@@H](C)O)NC1=O,6.335044444444445,6.4580472089947065,6.396545826719576
C[C@@H]1NC(=O)[C@@H](C)C/C=C/[C@H](C)C[C@H](C)OC(=O)C[C@H](c2ccc(O)cc2)NC(=O)[C@@H](Cc2c(Br)[nH]c3ccccc23)N(C)C1=O,6.393661111111113,6.398735363756606,6.396198237433859
COC1=C(Br)[C@@H](O)[C@]2(C=C1Br)CC(C(=O)NCC(O)c1cc(Br)c(OCCCNC(=O)C3=NO[C@]4(C=C(Br)C(OC)=C(Br)[C@@H]4O)C3)c(Br)c1)=NO2,6.631744444444445,6.159816078042326,6.395780261243385
CC[C@H]1C=CCC[C@@]2(C[C@@H]3CC[C@@H]4[C@H](C(=O)OCCCCCCCCCCCCCCCC5=NCCCN5C[C@@H](O)CCN)[C@]5(CCC[C@@H](C)O5)NC(=[N+]34)N2)O1.[Cl-],6.299272222222221,6.49124081349206,6.39525651785714
Cc1c(Cl)cc2c(c(C3=N[C@@](C)(C(=O)N[C@H](C)C(=O)N[C@@H](CO)C(=O)O)CO3)cn2C)c1O,6.415457777777775,6.374516812169313,6.394987294973544
CCCCCCCCCCCCCCC/C=C/C[C@@H](O)[C@@H](O)[C@@H](NC(=O)[C@H](O)CCCCCCCCCCCCCCCCCCCCCC)O[C@@H]1O[C@H](CO)[C@@H](O[C@@H]2O[C@H](CO[C@]3(C(=O)O)C[C@H](O)[C@@H](CC(=O)CC)[C@H]([C@@H](O)C(CO)OC)O3)[C@H](O)[C@H](O[C@@H]3O[C@H](CO)[C@H](O)[C@H](O[C@]4(C(=O)O)C[C@H](O)[C@@H](NC(=O)CO)[C@H]([C@@H](O)C(CO)OC)O4)[C@H]3NC(C)=O)[C@H]2O)[C@H](O)[C@H]1O,6.329372222222221,6.4600074999999935,6.394689861111107
CCCCCCCCCCCCCCCCC(O)C(=O)NC(CO[C@@H]1O[C@H](CO[C@]2(C(=O)O)C[C@H](O)[C@@H](NC(C)=O)[C@H]([C@@H](O)C(O)COC)O2)[C@@H](O)[C@H](O)[C@H]1O)C(O)C(O)CCCCCCCCCCCCCC,6.287288888888888,6.501815853174597,6.394552371031743
COc1c(Br)cc(C/C(=N\O)C(=O)NCCCN(C)CCCCN(C)CCCNC(=O)/C(Cc2cc(Br)c(O)c(Br)c2)=N/O)cc1Br,6.5446577777777755,6.244388740079364,6.39452325892857
CC[C@@H](C)[C@H]1NC(=O)[C@H](C)NC(=O)[C@@H](NC(=O)[C@@H](NC(=O)[C@H](CCC(N)=O)NC=O)[C@@H](C)CC)CNC(=O)[C@H](Cc2c[nH]c3ccc(O)cc23)NC(=O)/C=C/c2csc(n2)[C@H](COC)NC(=O)C1=O,6.263755555555561,6.525278928571431,6.394517242063497
CC[C@H](C)[C@H](NC(=O)[C@H](CCC(N)=O)NC=O)C(=O)N[C@H]1CNC(=O)[C@H](Cc2c[nH]c3ccc(O)cc23)NC(=O)/C=C/c2csc(n2)[C@H](COC)NC(=O)C(=O)[C@H]([C@@H](C)CC)NC(=O)[C@H](C)NC1=O,6.263755555555561,6.525278928571431,6.394517242063497
CCC(C)/C=C(C)/C=C\C(O)C(C)(O)C(=O)NCC(=O)N[C@@H](C(=O)N[C@H](C(=O)N[C@H](C(=O)N[C@H]1C(=O)N[C@H](COC)C(=O)NCC(=O)N[C@@H](C)C(=O)NC([C@@H](C)O)C(=O)NC(C(OC)c2ccc(O)cc2)C(=O)N2CCCC[C@H]2C(=O)O[C@@H]1C(C)C)[C@@H](C)[C@@H](C)C(N)=O)[C@H](C)N)[C@@H](C)O,6.429916666666666,6.358360793650791,6.394138730158728
CCC(C)/C=C(C)/C=C\C(O)C(C)(O)C(=O)NCC(=O)N[C@H](C(=O)N[C@H](C(=O)N[C@H](C(=O)N[C@H]1C(=O)N[C@H](COC)C(=O)NCC(=O)N[C@@H](C)C(=O)NC([C@@H](C)O)C(=O)N[C@H]([C@H](OC)c2ccc(O)cc2)C(=O)N2CCCC[C@H]2C(=O)O[C@@H]1C(C)C)[C@@H](C)[C@@H](C)C(N)=O)[C@@H](C)N)[C@@H](C)O,6.429916666666666,6.358360793650791,6.394138730158728
CC[C@@H](C)/C=C(C)/C=C\[C@@H](O)[C@](C)(O)C(=O)NCC(=O)N[C@@H](C(=O)N[C@H](C(=O)N[C@H](C(=O)N[C@H]1C(=O)N[C@H](COC)C(=O)NCC(=O)N[C@@H](C)C(=O)N[C@@H]([C@@H](C)O)C(=O)N[C@H]([C@H](OC)c2ccc(O)cc2)C(=O)N2CCCC[C@H]2C(=O)O[C@@H]1C(C)C)[C@@H](C)[C@@H](C)C(N)=O)[C@H](C)N)[C@@H](C)O,6.429916666666666,6.358360793650791,6.394138730158728
CC[C@@H]1C=CCC[C@]2(C[C@H]3CC[C@H]4[C@@H](C(=O)OCCCCCCCCCCCCCC[C@@H]5O[C@](O)(CCN)[C@H](O)N(CCCN)C5=O)[C@@]5(CCC[C@H](C)O5)N=C(N2)N34)O1,6.3895222222222205,6.398184920634918,6.393853571428569
CC/C=C/[C@@H]1CC[C@]2(C[C@H]3CC[C@H]4[C@@H](C(=O)OCCCCCCCCCCCCCC[C@@H]5O[C@](O)(CCN)[C@H](O)N(CCCN)C5=O)[C@@]5(CCC[C@H](C)O5)N=C(N2)N34)O1,6.3895222222222205,6.398184920634918,6.393853571428569
CC[C@@H](C)[C@@H](C(=O)N(C)[C@@H](CC(N)=O)C(=O)N(C)[C@H](C(=O)N(C)[C@H](C(=O)N(C)[C@@H](CC(C)C)C(=O)N[C@@H](CC(N)=O)C(=O)N[C@H](Cc1ccccc1)C(=O)N1CCC[C@H]1C(=O)NCCC(=O)N[C@@H](CCCNC(=N)N)C(=O)O)C(C)C)[C@H](C)CC)N(C)C(=O)[C@@H](Cc1ccccc1)NC(=O)COC,6.385524444444445,6.401887440476189,6.393705942460317
COCC(=O)N[C@H](Cc1ccccc1)C(=O)N(C)[C@H](C(=O)N(C)[C@@H](CC(N)=O)C(=O)N(C)[C@H](C(=O)N(C)[C@H](C(=O)N(C)[C@@H](CC(C)C)C(=O)N[C@@H](CC(N)=O)C(=O)N[C@H](Cc1ccccc1)C(=O)N1CCC[C@H]1C(=O)NCCC(=O)N[C@@H](CCCNC(=N)N)C(=O)O)C(C)C)C(C)C)C(C)C,6.385524444444445,6.401887440476189,6.393705942460317
CC[C@@H](C)[C@@H](C(=O)N(C)[C@H](C(=O)N(C)[C@@H](CC(C)C)C(=O)N[C@@H](CC(N)=O)C(=O)N[C@H](Cc1ccccc1)C(=O)N1CCC[C@H]1C(=O)NCCC(=O)N[C@@H](CCCNC(=N)N)C(=O)O)C(C)C)N(C)C(=O)[C@H](CC(N)=O)N(C)C(=O)[C@H](C(C)C)N(C)C(=O)[C@@H](Cc1ccccc1)NC(=O)COC,6.385524444444445,6.401887440476189,6.393705942460317
CO[C@H](c1ccccc1)[C@@H]1NC(=O)[C@H](C)NC(=O)[C@H](CC(C)C)N(C)C(=O)[C@H]([C@H](O)c2cn(C(C)(C)[C@@H]3CO3)c3ccccc23)NC(=O)[C@H]([C@H](C)C=C(C)C)NC(=O)[C@H](CC(C)C)N(C)C(=O)[C@H](C(C)C)NC1=O,6.3895277777777775,6.396835562169308,6.393181669973543
CNC(Cc1cc(Br)c(OC)c(Br)c1)C(=O)NCCCN(C)CCCCN(C)CCCNC(=O)/C(Cc1cc(Br)c(OC)c(Br)c1)=N/O,6.541727777777776,6.244388740079364,6.39305825892857
CCCCCC/C=C\CC(=O)N[C@@H](CO)[C@@H](O)CC(=O)N[C@H](C(=O)N[C@@H](CO)[C@@H](O)CC(=O)N[C@H](C(=O)N[C@@H]1/C=C/C(=O)N(C)[C@@H](C(C)C)C(=O)N(C)[C@@H](Cc2ccc(O)cc2)C(=O)OC1)C(C)C)C(C)C,6.408850000000002,6.376606230158729,6.392728115079366
CCCCCCCCCCCCCCCCCCCC[C@@H](O)C(=O)N[C@@H](CO[C@@H]1O[C@H](CO)[C@@H](O[C@H]2O[C@H](CO)[C@H](O)[C@H](O[C@]3(C(=O)O)C[C@H](O)[C@@H](NC(=O)CO[C@]4(C(=O)O)C[C@H](O)[C@@H](NC(C)=O)[C@H]([C@H](O)[C@@H](CO)OC)O4)[C@H](C(O)C(O)CO)O3)[C@H]2O)[C@H](O)[C@H]1O)[C@H](O)[C@H](O)CCCCCCCCCCCCC,6.357544444444444,6.426056646825392,6.3918005456349185
CCCCCCCCCCCCCCCCCCCC[C@@H](O)C(=O)N[C@@H](CO[C@@H]1O[C@H](CO)[C@@H](O[C@H]2O[C@H](CO)[C@H](O)[C@H](O[C@]3(C(=O)O)C[C@H](O)[C@@H](NC(=O)CO[C@]4(C(=O)O)C[C@H](O)[C@@H](NC(C)=O)[C@H]([C@H](O)[C@@H](CO)OC)O4)[C@H](C(O)C(O)CO)O3)[C@H]2O)[C@H](O)[C@H]1O)[C@H](O)[C@H](O)CCCCCCCCCCCCCC,6.357544444444444,6.426056646825392,6.3918005456349185
CCCCCCCCCCCCCCCCCCCCC[C@@H](O)C(=O)N[C@@H](CO[C@@H]1O[C@H](CO)[C@@H](O[C@H]2O[C@H](CO)[C@H](O)[C@H](O[C@]3(C(=O)O)C[C@H](O)[C@@H](NC(=O)CO[C@]4(C(=O)O)C[C@H](O)[C@@H](NC(C)=O)[C@H]([C@H](O)[C@@H](CO)OC)O4)[C@H](C(O)C(O)CO)O3)[C@H]2O)[C@H](O)[C@H]1O)[C@H](O)[C@H](O)CCCCCCCCCCCCC,6.357544444444444,6.426056646825392,6.3918005456349185
CCOCc1c(Cc2cc(O)c(O)c(Br)c2Br)cc(O)c(O)c1Br,6.227847777777777,6.555399590367968,6.391623684072872
COCC(=O)N[C@@H](C(=O)N1NCCC[C@H]1C(=O)N[C@@H](Cc1ccccc1)[C@@H](O)[C@H](C)C(=O)N[C@H]1CCC(=O)NC1=O)[C@H](O)C(C)C,6.271983333333336,6.510161150793651,6.391072242063494
CCCCCCCCCCCCCCCCCCCCC[C@@H](O)C(=O)N[C@@H](CO[C@@H]1O[C@H](CO)[C@@H](O[C@H]2O[C@H](CO)[C@H](O)[C@H](O[C@]3(C(=O)O)C[C@H](O)[C@@H](NC(=O)CO[C@]4(C(=O)O)C[C@H](O)[C@@H](NC(C)=O)[C@H]([C@H](O)[C@@H](CO)OC)O4)[C@H](C(O)C(O)CO)O3)[C@H]2O)[C@H](O)[C@H]1O)[C@H](O)[C@H](O)CCCCCCCCCCCCCC,6.355999999999999,6.426056646825392,6.391028323412696
CCCCCCCCCCCCCCCCCCCCCC[C@@H](O)C(=O)N[C@@H](CO[C@@H]1O[C@H](CO)[C@@H](O[C@H]2O[C@H](CO)[C@H](O)[C@H](O[C@]3(C(=O)O)C[C@H](O)[C@@H](NC(=O)CO[C@]4(C(=O)O)C[C@H](O)[C@@H](NC(C)=O)[C@H]([C@H](O)[C@@H](CO)OC)O4)[C@H](C(O)C(O)CO)O3)[C@H]2O)[C@H](O)[C@H]1O)[C@H](O)[C@H](O)CCCCCCCCCCCCC,6.355999999999999,6.426056646825392,6.391028323412696
COC(=O)CCCNC(=O)N(Cc1cc(O)c(O)c(Br)c1Br)Cc1cc(O)c(O)c(Br)c1Cc1cc(O)c(O)c(Br)c1Br,6.485735555555554,6.296219645923525,6.390977600739539
Oc1cc(Cc2c(COCc3cc(O)c(O)c(Br)c3Cc3cc(O)c(O)c(Br)c3Br)cc(O)c(O)c2Br)c(Br)c(Br)c1O,6.354240000000002,6.4276261147186196,6.390933057359311
COC[C@H]1O[C@H](O[C@]2(C)CC[C@@H](C(C)(C)O)O[C@H]2CC/C(C)=C/CC/C=C(\C)CC[C@@H]2O[C@H](C(C)(C)O)CC[C@@]2(C)O[C@H]2O[C@H](COC)[C@@H](O)[C@H](O)[C@H]2NC(C)=O)[C@H](NC(C)=O)[C@@H](O)[C@@H]1O,6.481594444444441,6.300066329365076,6.390830386904758
CC[C@H](C)[C@@H]([C@@H](CC(=O)N1CCC[C@H]1[C@H](OC)[C@@H](C)C(=O)O[C@@H](Cc1ccccc1)C(=O)O)OC)N(C)C(=O)[C@@H](NC(=O)[C@H](C(C)C)N(C)C)C(C)C,6.41595555555556,6.365390248015871,6.390672901785715
COC1=C(Br)C[C@]2(OC=C1Br)ON=C(C(=O)NCCCOc1c(Br)cc(CC[N+](C)(C)C)cc1Br)[C@@H]2O,6.5917333333333366,6.188548075396823,6.39014070436508
CC(C)C[C@@H]1NC(=O)[C@H](C)NC(=O)[C@@H]2CSSCC(NC(=O)[C@H](CC(=O)O)NC(=O)[C@H](C(C)C)NC1=O)C(=O)NCC(=O)N1CCC[C@H]1C(=O)NC(CC(N)=O)C(=O)NC(CCCNC(=N)N)C(=O)N1CCC[C@H]1C(=O)N[C@H]1CSSCC(C(=O)O)NC(=O)C(CC(=O)O)NC(=O)C(CSSCC(NC(=O)[C@H](Cc3ccccc3)NC(=O)[C@@H](N)Cc3ccccc3)C(=O)N3CCC[C@H]3C(=O)NC(Cc3ccccc3)C(=O)NCC(=O)N2)NC(=O)[C@H](CO)NC(=O)[C@H](CC[S@@+](C)[O-])NC(=O)C(Cc2ccccc2)NC(=O)CNC(=O)[C@H](C(C)O)NC(=O)[C@H](CC(=O)O)NC(=O)[C@H](CCCNC(=N)N)NC1=O,6.422583333333332,6.357594146825394,6.390088740079364
CC(C)C[C@@H]1NC(=O)[C@H](C)NC(=O)[C@@H]2CSSCC(NC(=O)[C@H](CC(=O)O)NC(=O)[C@H](C(C)C)NC1=O)C(=O)NCC(=O)N1CCC[C@H]1C(=O)NC(CC(N)=O)C(=O)NC(CCCNC(=N)N)C(=O)N1CCC[C@H]1C(=O)N[C@H]1CSSCC(C(=O)O)NC(=O)C(CC(=O)O)NC(=O)C(CSSCC(NC(=O)[C@H](Cc3ccccc3)NC(=O)[C@@H](N)Cc3ccccc3)C(=O)N3CCC[C@H]3C(=O)NC(Cc3ccccc3)C(=O)NCC(=O)N2)NC(=O)[C@H](CO)NC(=O)[C@H](CC[S@+](C)[O-])NC(=O)C(Cc2ccccc2)NC(=O)CNC(=O)[C@H](C(C)O)NC(=O)[C@H](CC(=O)O)NC(=O)[C@H](CCCNC(=N)N)NC1=O,6.422583333333332,6.357594146825394,6.390088740079364
Oc1cc(Cl)ccc1Oc1ccc(Cl)cc1Cl,6.239786666666695,6.5397760075757665,6.389781337121231
C=C1C[C@H](C)C(=O)N[C@@H](C)C(=O)N(C)[C@H](Cc2c(Br)[nH]c3ccccc23)C(=O)N[C@@H](c2ccc(O)cc2)CC(=O)O[C@@H](C)C[C@@H](C)[C@@H]1O,6.4543833333333325,6.324282962962956,6.389333148148144
C=C1C[C@H](C)C(=O)N[C@@H](C)C(=O)N(C)[C@H](Cc2c(Br)[nH]c3ccccc23)C(=O)N[C@@H](c2ccc(O)cc2)CC(=O)O[C@@H](C)C[C@@H](C)C1O,6.4543833333333325,6.324282962962956,6.389333148148144
C=C1C[C@H](C)C(=O)N[C@@H](C)C(=O)N(C)[C@H](Cc2c(Br)[nH]c3ccccc23)C(=O)N[C@@H](c2ccc(O)cc2)CC(=O)O[C@@H](C)C[C@@H](C)[C@H]1O,6.4543833333333325,6.324282962962956,6.389333148148144
Cc1ccc(C(=O)N[C@@H]2C(=O)N[C@H](C(C)C)C(=O)N3CCC[C@H]3C(=O)N(C)CC(=O)N(C)[C@@H](C(C)C)C(=O)O[C@@H]2C)c2c1Oc1c(c(C(=O)N[C@@H]3C(=O)N[C@H](C(C)C)C(=O)N4CCC[C@H]4C(=O)N(C)CC(=O)N(C)[C@@H](C(C)C)C(=O)O[C@@H]3C)c3nc(CC(C)C)oc3c1C)N2,6.404055555555553,6.372408920755168,6.388232238155361
C[S+]([O-])CC[C@@H]1NC(=O)[C@@H]2CCCN2C(=O)[C@@H]2CCCN2C(=O)[C@H](CC[S+](C)[O-])NC(=O)c2csc(n2)[C@H](Cc2ccccc2)NC(=O)[C@@H]2CCCN2C1=O,6.494646666666668,6.2809435019841295,6.387795084325399
CCCCCC/C=C\CC(=O)N[C@@H](CO)C(=O)N[C@H](C(=O)N[C@@H](CO)[C@@H](O)CC(=O)N[C@H](C(=O)N[C@@H]1/C=C/C(=O)N(C)[C@@H](C(C)C)C(=O)N(C)[C@@H](Cc2ccc(O)cc2)C(=O)OC1)C(C)C)C(C)C,6.3987500000000015,6.376606230158729,6.387678115079366
CCC(C)[C@H]1C(=O)NCCC(=O)N[C@H](C(C)CC)C(=O)N(C)[C@@H](C(C)C)C(=O)N(C)[C@@H](C)C(=O)NCCC(=O)N[C@H](CC(C)C)C(=O)N(C)[C@H](C(C)CC)C(=O)O[C@H](C)[C@H](NC(=O)[C@H](CC(C)C)N(C)C(=O)[C@@H](NC(=O)COC)C(C)C)C(=O)NCCC(=O)N[C@H](CC(C)C)CN1C,6.406833333333335,6.366780218253967,6.3868067757936515
CCC/C=C\c1ccccc1/C=C/C(=O)N[C@@H]1C(=O)N(C)/C(=C/c2ccc(O)cc2)C(=O)N[C@@H](CC(C)C)C(=O)N[C@H](Cc2ccccc2)C(=O)N[C@@H]([C@H](C)O)C(=O)N[C@@H](CC(N)=O)C(=O)N[C@@H](CO)C(=O)OC[C@H](NC(=O)C/C=C2/C=CNC[C@H]2/C=C\CCC)C(=O)N(C)[C@@H](Cc2ccc(O)cc2)C(=O)N[C@@H](CC(C)C)C(=O)N[C@H](Cc2ccccc2)C(=O)N[C@@H]([C@H](C)O)C(=O)N[C@@H](CC(N)=O)C(=O)N[C@@H](CO)C(=O)O[C@@H]1C,6.416761111111113,6.356533432539679,6.386647271825396
C[C@@H](/C=C/C=C/C=C/c1ccccc1)[C@H](O)[C@@H](O)[C@H]1NC(=O)C[C@@H](O)CNC(=O)CNC(=O)[C@@H](Cc2c[nH]c3ccccc23)NC(=O)CN(C)C(=O)C[C@]2(O)NC(=O)C[C@H]2NC(=O)[C@H]1O,6.201455555555557,6.570796230158729,6.386125892857143
CCC(C)[C@H](NC(=O)[C@H](O)CNC=O)C(=O)N[C@H]1CNC(=O)/C(=C/c2c[nH]c3ccccc23)NC(=O)/C=C/c2csc(n2)[C@H](COC)NC(=O)C(=O)[C@@H](C(C)CC)NC(=O)[C@H](C)NC1=O,6.2731333333333374,6.4987142460317475,6.3859237896825425
CCC(C)[C@H](NC(=O)[C@H](O)CNC=O)C(=O)N[C@H]1CNC(=O)/C(=C/c2c[nH]c3ccccc23)NC(=O)/C=C/c2csc(n2)[C@H](COC)NC(=O)C(=O)[C@H](C(C)CC)NC(=O)[C@H](C)NC1=O,6.2731333333333374,6.4987142460317475,6.3859237896825425
CN(C)CCc1ccc(OCCCNC(=O)c2cc(Br)c(Br)[nH]2)c(Br)c1,6.356548888888888,6.414801360028856,6.3856751244588725
CC[C@H](C)[C@H]1C(=O)N2CCCC[C@H]2C(=O)O[C@H](C(C)(C)C)C[C@@H](C)C[C@H](O)[C@H](C)C2=N[C@@H](/C=C(\C)C(=O)N[C@@H](Cc3ccc(OC)cc3)C(=O)N(C)[C@@H](C)C(=O)N1C)CS2,6.58562777777778,6.185292189153435,6.385459983465607
CN(C)CCc1ccc(OCCCNC(=O)c2cc(Br)c[nH]2)c(I)c1,6.355862777777772,6.414801360028856,6.385332068903314
CCCCCCCCCCCCCCCCCC(=O)NCCc1cc(Br)c(OCCCNC(=O)C2=NO[C@@]3(CC(Br)=C(OC)C(Br)=CO3)[C@H]2O)c(Br)c1,6.436255555555553,6.334074451058199,6.385165003306875
COC1=C(Br)[C@H](O)[C@@]2(C=C1Br)CC(C(=O)NCCc1cc(Br)c(OCCCN(C)C(=O)CCCCCCCCCCCC(C)C)c(Br)c1)=NO2,6.392544444444445,6.377593796296294,6.385069120370369
CCCCCC/C=C\CC(=O)N[C@@H](CO)C(=O)N[C@H](C(=O)N[C@@H](CO)[C@@H](O)CC(=O)N[C@H](C(=O)N[C@@H]1/C=C/C(=O)N[C@@H](C(C)C)C(=O)N(C)[C@@H](Cc2ccccc2)C(=O)OC1)C(C)C)C(C)C,6.350683333333336,6.419340138888885,6.38501173611111
C/C1=C\[C@H](C)C[C@H](C)OC(=O)/C=C(/c2ccc(O)c(O)c2)NC(=O)[C@@H](Cc2c(Br)[nH]c3ccccc23)N(C)C(=O)[C@H](C)NC(=O)[C@@H](C)C1,6.432861111111114,6.336974768518514,6.384917939814814
COc1c(Br)cc(CC(O)C(=O)NCCc2ccc(O)c(I)c2)cc1Br,6.36294333333333,6.40664545400433,6.38479439366883
COC1=C(Br)C[C@]2(OC=C1Br)ON=C(C(=O)NCCCOc1c(Br)cc(CCNC=O)cc1Br)[C@@H]2O,6.628441111111112,6.140627288359788,6.38453419973545
COC(=O)CCCNC(=O)NCc1cc(O)c(O)c(Br)c1Cc1cc(O)c(O)c(Br)c1Br,6.502415555555555,6.26642506259019,6.384420309072873
CCC(C)[C@H]1C(=O)NCCC(=O)N[C@H](C(C)CC)C(=O)N(C)[C@@H](C(C)C)C(=O)N(C)[C@@H](C)C(=O)NC(=O)CCN[C@H](CC(C)C)C(=O)N(C)[C@H](C(C)CC)C(=O)O[C@H](C)[C@H](NC(=O)[C@@H](CC(C)C)NC(=O)[C@@H](NC(=O)COC)C(C)C)C(=O)N(C)CCC(=O)N[C@H](CC(C)C)C(=O)N1C,6.384266666666667,6.3840868849206345,6.384176775793651
CC[C@@H](C)[C@@H](C(=O)N(C)[C@H](C(=O)N(C)[C@@H](CC(C)C)C(=O)N[C@@H](CC(N)=O)C(=O)NC1C(=O)N[C@@H](CC(N)=O)C(=O)N(C)CC(=O)N[C@@H](CC(N)=O)C(=O)N[C@@H](C)C(=O)N[C@H]([C@H](C)CC)C(=O)N[C@H]2CC(=O)N/C2=C(/C)C(=O)N[C@@H](CC(=O)NC(N)=O)C(=O)N[C@H](C)C(=O)N(C)[C@H]([C@@H](C)CC)C(=O)O[C@@H]1C)C(C)C)N(C)C(=O)[C@H](CC(N)=O)N(C)C(=O)[C@H](C(C)C)N(C)C(=O)[C@@H](Cc1ccccc1)NC(=O)COC,6.480794444444446,6.286616038359788,6.383705241402117
COC(=O)CCCN(Cc1cc(O)c(O)c(Br)c1Br)C(=O)NCc1cc(O)c(O)c(Br)c1Br,6.437204444444445,6.3302045665584465,6.383704505501446
CCCCCCCCCCCCCCCC(=O)NCCc1cc(Br)c(OCCCNC(=O)C2=NO[C@@]3(CC(Br)=C(OC)C(Br)=CO3)[C@H]2O)c(Br)c1,6.431822222222219,6.334074451058199,6.382948336640209
CN(C)CCc1ccc(OCCCNC(=O)c2cc(Br)c[nH]2)c(Br)c1,6.350715555555553,6.414801360028856,6.382758457792205
C[C@@H]1NC(=O)[C@@H](C)C/C(C=O)=C\[C@H](C)C[C@H](C)OC(=O)C[C@H](c2ccc(O)cc2)NC(=O)[C@@H](Cc2c(Br)[nH]c3ccccc23)N(C)C1=O,6.440550000000002,6.324282962962956,6.382416481481479
CCCCCCCCCCC/C=C/[C@@H](O)[C@H](COP(=O)(O)O[C@@H]1[C@H](O)[C@H](O[C@]2(C(=O)O)C[C@H](O)C(NC(=O)CO[C@]3(C(=O)O)C[C@H](O)[C@@H](NC(=O)CO)[C@H]([C@H](O)[C@H](O)COC)O3)[C@H]([C@H](O)[C@H](O)COC)O2)[C@@H](O)[C@H](O)[C@H]1O)NC(=O)CCCCCCCCCCCCCCCCCCCCC,6.227666666666668,6.535766706349201,6.381716686507934
CC/C=C/[C@@H]1CC[C@]2(C[C@H]3CC[C@H]4[C@@H](C(=O)OCCCCCCCCCCCCCCCC(=O)N(CCCN)CC(O)CCN)[C@@]5(CCC[C@H](CCC)O5)NC(=[N+]34)N2)O1,6.300977777777777,6.462167810846554,6.381572794312166
CCC[C@H]1CCC[C@]2(NC3=[N+]4[C@H](CC[C@H]4[C@H]2C(=O)OCCCCCCCCCCCCCCCC(=O)N(CCCN)CC(O)CCN)C[C@]2(CCC=C[C@@H](CC)O2)N3)O1,6.300977777777777,6.462167810846554,6.381572794312166
COC(=O)CCCN(Cc1cc(Br)c(O)c(O)c1Br)C(=O)NCc1c(Br)c(O)c(O)c(Br)c1Br,6.4326333333333325,6.3302045665584465,6.381418949945889
O=S(=O)(O)OCc1cc(O)c(OS(=O)(=O)Oc2c(O)cc(COS(=O)(=O)O)c(Br)c2Br)c(Br)c1Br,6.382260000000005,6.380341428571432,6.381300714285718
CCCCCC/C=C\CC(=O)N[C@@H](Cc1ccccc1)[C@@H](O)CC(=O)N[C@H](C(=O)N[C@@H](CO)[C@@H](O)CC(=O)N[C@H](C(=O)N[C@@H](CO)[C@@H](O)CC(=O)N[C@H](C(=O)N[C@@H]1/C=C/C(=O)N(C)[C@@H](C(C)C)C(=O)N(C)[C@@H](Cc2ccc(O)cc2)C(=O)OC1)C(C)C)C(C)C)C(C)C,6.384400000000002,6.376606230158729,6.380503115079366
Oc1c(Br)cc(Br)c(Br)c1Oc1ccc(Br)cc1Br,6.161346666666667,6.598789154401159,6.3800679105339135
Oc1c(Br)c(Br)cc(Br)c1Oc1ccc(Br)cc1Br,6.161346666666667,6.598789154401159,6.3800679105339135
COC1=C(Br)[C@@H](O)[C@]2(C=C1Br)CC(C(=O)NCCCOc1c(Br)cc(C/C(=N\O)C(=O)NCCCCN)cc1Br)=NO2,6.581205555555554,6.17846671296296,6.379836134259257
COCc1c(Br)c(O)c(O)c(Br)c1Cc1c(Br)c(O)c(O)c(Br)c1Br,6.331291111111111,6.4282117384559845,6.379751424783548
Oc1c(O)c(Br)c(COCc2c(Br)c(O)c(O)c(Br)c2Br)c(Br)c1Br,6.312701111111112,6.446449626623382,6.379575368867247
CCCCCCCCCCCCCC(=O)NCCc1cc(Br)c(OCCCNC(=O)C2=NO[C@@]3(CC(Br)=C(OC)C(Br)=CO3)[C@H]2O)c(Br)c1,6.424588888888886,6.334074451058199,6.379331669973542
CC[C@H](C)[C@@H]1NC(=O)[C@@H]2CCCN2C(=O)[C@@H](NC(=O)[C@@H]2CCCN2C(=O)[C@@H](COC)NS(=O)(=O)[O-])COC(=O)/C(C)=C/C(C)=C/c2csc(n2)[C@H](Cc2ccc(O)cc2)NC(=O)C1=O.[Na+],6.402811111111112,6.355734133597883,6.379272622354497
CC[C@@H](C)[C@@H]1NC(=O)[C@@H]2CCCN2C(=O)[C@@H](NC(=O)[C@@H]2CCCN2C(=O)[C@@H](COC)NS(=O)(=O)[O-])COC(=O)/C(C)=C\C(C)=C\c2csc(n2)[C@H](Cc2ccc(O)cc2)NC(=O)C1=O.[Na+],6.402811111111112,6.355734133597883,6.379272622354497
CCC1OC(O)(C(C)(O)C(=O)N[C@@H]2C(=O)N3NCCC[C@@H]3C(=O)N(O)[C@@H](COC)C(=O)N3NCC(O[C@H]4C[C@H](OC)[C@H](O[C@H]5C[C@H](OC)[C@H](O)[C@H](C)O5)[C@H](C)O4)=CC3C(=O)N3CC[C@@](C)(O)[C@H]3C(=O)N(O)[C@@H](CC)C(=O)O[C@H]2C(C)C)CCC1C(=O)C(C)(O)CC,6.292005555555556,6.466148994708992,6.379077275132274
CN(C)CCc1ccc(OCCCNC(=O)c2cc(Br)c(Br)[nH]2)c(I)c1,6.342240555555554,6.414801360028856,6.378520957792205
C=CC(C)(C)[C@@]12C[C@@]3(OC)C(=O)N/C(=C/c4cn(C(C)(C)CC(C)=O)cn4)C(=O)N3[C@]1(C)Nc1ccccc12,6.290911111111112,6.466040701058205,6.378475906084658
CCCCC/C=C\CCCCCCCCCCCC(=O)NCCc1cc(Br)c(OCCCNC(=O)C2=NO[C@@]3(CC(Br)=C(OC)C(Br)=CO3)[C@H]2O)c(Br)c1,6.422555555555553,6.334074451058199,6.378315003306875
COc1c(Br)cc(Br)cc1Oc1c(O)cc(Br)c(Br)c1Br,6.204342222222224,6.551576960678212,6.377959591450218
COc1cc(Br)c(Br)c(Br)c1Oc1cc(Br)cc(Br)c1O,6.204342222222224,6.551576960678212,6.377959591450218
COc1ccc(Cc2nc(-c3cc(Br)c(OCCCN(C)C)c(Br)c3)c[nH]c2=O)cc1Br,6.2996099999999995,6.454579475108221,6.37709473755411
CN(C)CCCOc1c(Br)cc(/C=C/C(=O)NCCCOc2c(Br)cc(CCN(C)C)cc2Br)cc1Br,6.4499499999999985,6.303818155663776,6.376884077831887
CCC(C)[C@H]1NC(=O)CCNC(=O)[C@H](C(C)C)N(C)C(=O)[C@@H](CC(C)C)NC(=O)CCNC(=O)[C@@H](NC(=O)[C@@H](CC(C)C)NC(=O)[C@@H](NC(=O)COC)C(C)C)[C@@H](C)OC(=O)[C@@H](C(C)CC)N(C)C(=O)[C@@H](CC(C)C)NCCC(=O)NC(=O)[C@H](C)N(C)C(=O)[C@H](C(C)C)N(C)C1=O,6.384972222222222,6.367764246031745,6.376368234126984
CCC(C)[C@H]1C(=O)NCCC(=O)N[C@H](C(C)C)C(=O)N(C)[C@@H](C(C)C)C(=O)N(C)[C@@H](C)C(=O)NC(=O)CCN[C@H](CC(C)C)C(=O)N(C)[C@H](C(C)CC)C(=O)O[C@H](C)[C@H](NC(=O)[C@@H](CC(C)C)NC(=O)[C@@H](NC(=O)COC)C(C)C)C(=O)NCCC(=O)N[C@H](CC(C)C)C(=O)N1C,6.384972222222222,6.367764246031745,6.376368234126984
CCC(C)[C@H]1C(=O)NCCC(=O)N[C@H](C(C)CC)C(=O)N(C)[C@@H](C(C)C)C(=O)N(C)[C@@H](C)C(=O)NC(=O)CCN[C@H](CC(C)C)C(=O)N(C)[C@H](C(C)C)C(=O)O[C@H](C)[C@H](NC(=O)[C@@H](CC(C)C)NC(=O)[C@@H](NC(=O)COC)C(C)C)C(=O)NCCC(=O)N[C@H](CC(C)C)C(=O)N1C,6.384972222222222,6.367764246031745,6.376368234126984
COc1c(Br)cc(CC(O)C(=O)NCCc2ccc(O)c(Br)c2)cc1Br,6.345789999999999,6.40664545400433,6.376217727002165
CC/C=C1/NC(=O)/C=C/[C@H]([C@@H](C)CC)OC(=O)C(C)(C)[C@H](C[C@H](/C=C/C=C/C/C=C\CCC(C)C)OC)OC(=O)CNC(=O)[C@H](CNC(N)=O)NC(=O)CNC(=O)[C@@H](CCCNC(N)=O)NC1=O,6.51965222222222,6.232575277777772,6.3761137499999965
CCCCC/C=C\CCCCCCCCC(=O)NCCc1cc(Br)c(OCCCNC(=O)C2=NO[C@@]3(CC(Br)=C(OC)C(Br)=CO3)[C@H]2O)c(Br)c1,6.4178222222222185,6.334074451058199,6.375948336640208
CC(C)C[C@H]1NC(=O)[C@H](CCC(N)=O)N(C)C(=O)[C@@H](NC(=O)[C@@H](CS(=O)(=O)O)NC(=O)[C@H](CCCNC(=N)N)NC(=O)[C@@H](Cc2c[nH]c3ccccc23)NC(=O)[C@@H](CC(=O)[C@H](NC(=O)[C@@H]2CCCN2C(=O)[C@H](Cc2ccc(O)cc2)NC(=O)[C@@H](C)NC=O)C(C)(C)C)C(C)(C)C)[C@@H](C)OC(=O)CN(C)C(=O)[C@H](CC(N)=O)NC(=O)C([C@@H](C)O)NC1=O,6.323099999999999,6.428567050264547,6.375833525132274
COC(=O)CCCN(Cc1c(Br)c(O)c(O)c(Br)c1Br)C(=O)NCc1c(Br)c(O)c(O)c(Br)c1Br,6.421144444444443,6.3302045665584465,6.375674505501445
Oc1c(Br)cc(Br)cc1Oc1c(O)c(Br)c(Br)c(Br)c1Br,6.288968888888888,6.462157428210682,6.375563158549785
CCC(C)[C@H]1C(=O)NCCC(=O)N[C@H](C(C)CC)C(=O)N(C)[C@@H](C(C)C)C(=O)N(C)[C@@H](C)C(=O)NC(=O)CCN[C@H](CC(C)C)C(=O)N(C)[C@H](C(C)CC)C(=O)O[C@H](C)[C@H](NC(=O)[C@@H](CC(C)C)NC(=O)[C@@H](NC(=O)COC)C(C)C)C(=O)NCCC(=O)N[C@H](CC(C)C)C(=O)N1C,6.383238888888889,6.367764246031745,6.375501567460317
COC1=C(Br)[C@H](O)[C@@]2(C=C1Br)CC(C(=O)NCCCOc1c(Br)cc(CCNC(=O)C3=NO[C@]4(C=C(Br)C(OC)=C(Br)[C@@H]4O)C3)cc1Br)=NO2,6.591066666666669,6.159816078042326,6.375441372354498
CC[C@H](C)[C@H]1C(=O)N(C)[C@@H](C(C)C)C(=O)N(C)[C@@H](COC)C(=O)N2CCC[C@H]2C(=O)N(C)[C@@H](C(C)C)C(=O)N2CCC[C@H]2C(=O)O[C@H](C(C)C)CCC[C@@H](O)[C@@H](C)C(=O)O[C@H](C)[C@@H](C)C/C=C(\C)C(=O)CC(=O)N1C,6.528499999999997,6.221991307118803,6.3752456535594
CC[C@H](C)[C@H]1C(=O)N2CCC[C@H]2C(=O)O[C@H](C(C)(C)C)C[C@@H](C)C[C@H](O)[C@H](C)C2=N[C@@H](/C=C(\C)C(=O)N[C@@H](Cc3ccc(OC)cc3)C(=O)N(C)[C@@H](C)C(=O)N1C)C[S+]2[O-],6.651744444444446,6.098659570105815,6.37520200727513
COc1c(Br)cc(C/C(=N\O)C(=O)NCCCN(C)CCCCN(C)CCCNC(=O)/C(Cc2cc(Br)c(OC)c(Br)c2)=N/O)cc1Br,6.505891111111111,6.244388740079364,6.375139925595237
CN1CC(=O)N[C@H](Cc2cn(C(N)=O)c3cc(Cl)ccc23)C(=O)NCC(=O)NC[C@H](O)CC(=O)N[C@H]([C@H](O)[C@@H](O)C/C=C/c2ccccc2)[C@H](O)C(=O)N[C@@H]2CC(=O)N[C@@]2(O)CC1=O,6.271550000000007,6.478540694444441,6.375045347222224
CC[C@H](C)[C@H]1NC(=O)[C@@H](N2CN(C)[C@@H](CC(C)C)C2=O)[C@@H](C)OC(=O)[C@H](Cc2ccc(OC)cc2)N(C)C(=O)[C@@H]2CCCN2C(=O)[C@H](CC(C)C)NC(=O)[C@@H](C)C(=O)[C@H](C(C)C)OC(=O)C[C@@H]1O,6.511638888888887,6.238020522486769,6.374829705687828
CC(C)[C@@H](NC(=O)[C@@H]1CCCN1C(=O)[C@H](Cc1ccc(Br)cc1)NC(=O)[C@@H](C)NC=O)C(=O)N[C@H](C(=O)N[C@H](C[C@@]1(O)C(=O)Nc2ccccc21)C(=O)N[C@@H](CCCNC(=N)N)C(=O)N[C@H](CS(=O)(=O)O)C(=O)N[C@@H]1C(=O)N(C)[C@@H](CCC(N)=O)C(=O)N[C@H](Cc2ccccc2)C(=O)N[C@@H]([C@@H](C)O)C(=O)N[C@@H](CC(N)=O)C(=O)N(C)CC(=O)O[C@@H]1C)C(C)(C)C,6.364044444444445,6.385392982804229,6.374718713624336
CC(C)[C@@H](NC(=O)[C@@H]1CCCN1C(=O)[C@H](Cc1ccc(Br)cc1)NC(=O)[C@@H](C)NC=O)C(=O)N[C@H](C(=O)N[C@H](C[C@]1(O)C(=O)Nc2ccccc21)C(=O)N[C@@H](CCCNC(=N)N)C(=O)N[C@H](CS(=O)(=O)O)C(=O)N[C@@H]1C(=O)N(C)[C@@H](CCC(N)=O)C(=O)N[C@H](Cc2ccccc2)C(=O)N[C@@H]([C@@H](C)O)C(=O)N[C@@H](CC(N)=O)C(=O)N(C)CC(=O)O[C@@H]1C)C(C)(C)C,6.364044444444445,6.385392982804229,6.374718713624336
CN1CC(=O)N[C@H](Cc2c[nH]c3cc(Cl)ccc23)C(=O)NCC(=O)NC[C@H](O)CC(=O)N[C@H]([C@H](O)[C@@H](O)C/C=C/c2ccccc2)[C@H](O)C(=O)N[C@@H]2CC(=O)N[C@@]2(O)CC1=O,6.2706444444444465,6.478540694444441,6.374592569444443
CCC(C)/C=C(C)/C=C\C(O)CC(=O)N[C@H](CO)C(=O)N[C@H](C(=O)N[C@H](C(=O)N[C@H](C(=O)N[C@H]1C(=O)N[C@H](COC)C(=O)NCC(=O)N[C@@H](CC(C)C)C(=O)N(C)[C@@H](CCC(N)=O)C(=O)N[C@H]([C@H](OC)c2ccc(O)cc2)C(=O)N(C)[C@@H](C)C(=O)O[C@@H]1C)[C@@H](C)[C@@H](C)C(N)=O)[C@H](C)N)[C@@H](C)O,6.466683333333333,6.282390813492061,6.3745370734126965
CO[C@H](c1ccc(O)cc1)[C@@H](NC(=O)[C@H](CCC(N)=O)N(C)C(=O)[C@H](CC(C)C)NC(=O)[C@@H](CCCNC(=N)N)NC(=O)[C@H](NC(=O)[C@H](NC(=O)[C@@H](NC(=O)[C@H](O)[C@H](O)[C@H](CCCNC(=N)N)NC(=O)[C@@H](C)NC(=O)[C@H](C)[C@H](O)[C@H](C)CC(C)C)[C@@H](C)CC(N)=O)[C@@H](C)O)[C@@H](C)O)C(=O)N1CCCC[C@H]1C(=O)O,6.3998833333333325,6.348356835317458,6.374120084325395
COc1c(Br)cc(C/C(=N\O)C(=O)NCCc2cc(Br)c(OCCCN)c(Br)c2)cc1Br,6.368436666666665,6.379734365079364,6.3740855158730145
COc1c(Br)cc(C/C(=N\O)C(=O)NCCCOc2c(Br)cc(CCN)cc2Br)cc1Br,6.368436666666665,6.379734365079364,6.3740855158730145
Oc1cc(Br)c(Br)c(Br)c1Oc1ccccc1Br,6.147513333333331,6.598789154401159,6.373151243867245
CC(C)C[C@H]1NC(=O)[C@@H](NC(=O)c2ncccc2O)[C@@H](C)OC(=O)[C@H](CC(C)C)N(C)C(=O)[C@H](C)NC(=O)[C@H]([C@H](C)C(C)C)N(C)C(=O)CN(C)C(=O)[C@H]2C[C@@H](O)CN2C1=O,6.434996666666666,6.311304000120247,6.373150333393456
CNCCCOc1c(Br)cc(CCNC(=O)/C(Cc2ccc(O)c(Br)c2)=N/O)cc1Br,6.412706666666661,6.333279206349204,6.3729929365079325
C=C1C[C@H](C)C(=O)N[C@@H](C)C(=O)N(C)[C@H](Cc2c(Br)[nH]c3ccccc23)C(=O)N[C@@H](c2ccc(O)cc2)CC(=O)O[C@@H](C)C[C@@H](C)C1=O,6.421683333333334,6.324282962962956,6.372983148148145
CC[C@@H]1CCCC[C@@H](O)[C@@H](C)C(=O)O[C@H](C)[C@@H](C)C/C=C(/C)C(=O)CC(=O)N(C)[C@@H]([C@@H](C)CC)C(=O)N(C)[C@@H](C(C)C)C(=O)N(C)[C@@H](COC)C(=O)N2CCC[C@H]2C(=O)N(C)[C@@H](C(C)C)C(=O)N2CCC[C@H]2C(=O)O1,6.523899999999998,6.221991307118803,6.3729456535594
CCCCCC/C=C\CC(=O)N[C@@H](CO)C(=O)N[C@@H](CO)C(=O)N[C@@H](CO)C(=O)N[C@H](C(=O)N[C@@H]1/C=C/C(=O)N[C@@H](C(C)C)C(=O)N(C)[C@@H](Cc2ccc(O)cc2)C(=O)OC1)C(C)C,6.368000000000002,6.376606230158729,6.372303115079365
CC[C@@H](C)[C@@H](C(=O)N(C)[C@H](C(=O)N(C)[C@@H](CC(C)C)C(=O)N[C@@H](CC(N)=O)C(=O)NC1C(=O)N[C@@H](CC(N)=O)C(=O)N(C)CC(=O)N[C@@H](CC(N)=O)C(=O)N[C@@H](C)C(=O)N[C@H]([C@H](C)CC)C(=O)N[C@H]2CC(=O)N/C2=C(/C)C(=O)N[C@@H](CC(N)=O)C(=O)N[C@H](C)C(=O)N(C)[C@H]([C@@H](C)CC)C(=O)O[C@@H]1C)C(C)C)N(C)C(=O)[C@H](CC(N)=O)N(C)C(=O)[C@H](C(C)C)N(C)C(=O)[C@@H](Cc1ccccc1)NC(=O)COC,6.457683333333334,6.286616038359788,6.37214968584656
COC1=C(Br)[C@@H](O)[C@]2(C=C1Br)CC(C(=O)NCCCOc1c(Br)cc(C[C@H](C(=O)O)N(C)C)cc1Br)=NO2,6.585096666666668,6.159147705026452,6.37212218584656
COC1=C(Br)[C@@H](O)[C@]2(C=C1Br)CC(C(=O)NCCCOc1c(Br)cc(C[C@@H](C(=O)O)N(C)C)cc1Br)=NO2,6.585096666666668,6.159147705026452,6.37212218584656
CO[C@H](COS(=O)(=O)[O-])C(=O)N[C@@H](C(=O)N1[C@H](C(=O)NCCC2=CC[N+](=C(N)N)C2)C[C@@H]2C[C@H](O)[C@@H](O)C[C@@H]21)[C@H](Cl)C(C)C,6.494861111111114,6.249153075396825,6.37200709325397
Oc1c(Oc2ccc(Br)cc2Br)ccc(Br)c1Br,6.144219999999999,6.598789154401159,6.371504577200579
CN1CC(=O)NC(Cc2c[nH]c3cc(Cl)ccc23)C(=O)NCC(=O)NCC(O)CC(=O)NC(C(O)C(O)C/C=C/c2ccccc2)C(O)C(=O)N[C@@H]2CC(=O)N/C2=C/C1=O,6.2859388888888885,6.456001349206345,6.370970119047617
COc1ccc2oc3c(O)c4c(c(O)c3c(=O)c2c1O)-c1c(cc(CC(C)=O)c(C(=O)N[C@@](C)(CO)C(=O)O)c1O)CC4,6.242622222222224,6.498998148148144,6.370810185185183
CCCCCC/C=C\CC(=O)N[C@@H](CO)C(=O)N[C@H](C(=O)N[C@@H](CO)[C@@H](O)CC(=O)N[C@H](C(=O)N[C@@H](CO)[C@@H](O)CC(=O)N[C@H](C(=O)N[C@@H]1/C=C/C(=O)N[C@@H](C(C)C)C(=O)N(C)[C@@H](Cc2ccc(O)cc2)C(=O)OC1)C(C)C)C(C)C)C(C)C,6.364933333333337,6.376606230158729,6.3707697817460325
CO[C@H](c1ccc(O)cc1)[C@@H](NC(=O)[C@H](CCC(N)=O)N(C)C(=O)[C@H](CC(C)C)NC(=O)[C@@H](CCCNC(=N)N)NC(=O)[C@H](NC(=O)[C@H](NC(=O)[C@@H](NC(=O)[C@H](O)[C@H](O)[C@H](CCCNC(=N)N)NC(=O)[C@@H](C)NC(=O)[C@H](C)[C@H](O)[C@H](C)CC(C)C)[C@@H](C)[C@@H](C)C(N)=O)[C@@H](C)O)[C@@H](C)O)C(=O)N1CCCC[C@H]1C(=O)O,6.3929166666666655,6.348356835317458,6.370636750992062
CN(C)CCc1cc(Br)c(OCCCN(C)C(=O)C(Cc2cc(Br)c(O)c(Br)c2)N(C)C)c(Br)c1,6.507715555555553,6.23322398268398,6.370469769119767
CC[C@H]1NC(=O)[C@@H](C)C/C(C)=C/[C@H](C)C[C@H](C)OC(=O)C[C@H](c2ccc(O)cc2)NC(=O)[C@@H](Cc2c(Br)[nH]c3ccccc23)N(C)C1=O,6.416538888888891,6.324282962962956,6.370410925925923
COC(=O)[C@H](CCCN(O)C=O)NC(=O)[C@@H](CC(N)=O)NC(=O)[C@H](CCCN(O)C=O)NC(=O)[C@@H](CO)NC(=O)C[C@H](O)[C@@H](N)CCCCNC(=O)c1cccc(O)c1O,6.3600611111111105,6.380619384920635,6.370340248015873
CC[C@H]1NC(=O)[C@@H]2CSC(=N2)[C@@H](Cc2ccccc2)N(C)C(=O)[C@@H]2CCCN2C(=O)[C@H](C(C)C)N(C)C(=O)[C@H](Cc2ccccc2)OC(=O)[C@H](C)[C@@H](C)NC(=O)[C@@H]([C@@H](C)O)NC(=O)[C@@H](CC(C)C)N(C)C(=O)[C@@H]2CSC1=N2,6.524494444444444,6.214882648208269,6.369688546326357
CC[C@H]1NC(=O)[C@@H]2CSC(=N2)[C@H](Cc2ccccc2)N(C)C(=O)[C@@H]2CCCN2C(=O)[C@H](C(C)C)N(C)C(=O)[C@H](Cc2ccccc2)OC(=O)[C@H](C)[C@@H](C)NC(=O)[C@@H]([C@@H](C)O)NC(=O)[C@@H](CC(C)C)N(C)C(=O)[C@@H]2CSC1=N2,6.524494444444444,6.214882648208269,6.369688546326357
CCC(C)CCCCCCCCCCCCCCC(=O)NCCc1cc(Br)c(OCCCNC(=O)C2=NO[C@@]3(CC(Br)=C(OC)C(Br)=CO3)[C@H]2O)c(Br)c1,6.405138888888889,6.334074451058199,6.369606669973544
CC[C@H](C)[C@@H]([C@@H](CC(=O)N1CC[C@@H]([C@H](OC)[C@@H](C)C(=O)NC(Cc2ccccc2)c2nccs2)C1)OC)N(C)C(=O)[C@@H](NC(=O)[C@H](C(C)C)N(C)C)C(C)C,6.459822222222228,6.278954797077921,6.369388509650074
COC1=C(Br)[C@H](O)[C@@]2(C=C1Br)CC(C(=O)N(C)CCc1cc(Br)c(OCCCN(C)C)c(Br)c1)=NO2,6.63523,6.103539742063488,6.369384871031744
C=CCCCC[C@@H](C)C(=O)N(C)[C@@H](C)C(=O)N(C)[C@H](C(=O)N1CCC[C@H]1C(=O)N(C)[C@H](C(=O)N(C)[C@H](C(=O)N(C)[C@@H](Cc1ccc(OC)cc1)C(=O)N(C)Cc1nccs1)C(C)C)C(C)C)C(C)C,6.5594077777777775,6.179211751443001,6.369309764610389
CCCCCCCCCC(=O)N[C@@H](CO)C(=O)N[C@H](C(=O)N[C@@H](CO)[C@@H](O)CC(=O)N[C@@H](CO)C(=O)N[C@H](C(=O)N[C@@H]1/C=C/C(=O)N[C@@H](C(C)C)C(=O)N(C)[C@@H](Cc2ccc(O)cc2)C(=O)OC1)C(C)C)C(C)C,6.360627777777781,6.376606230158729,6.3686170039682555
CCCCCC/C=C\CC(=O)N[C@@H](CO)C(=O)N[C@H](C(=O)N[C@@H](CO)[C@@H](O)CC(=O)N[C@@H](CO)C(=O)N[C@H](C(=O)N[C@@H]1/C=C/C(=O)N[C@@H](C(C)C)C(=O)N(C)[C@@H](Cc2ccc(O)cc2)C(=O)OC1)C(C)C)C(C)C,6.3604277777777805,6.376606230158729,6.368517003968255
COCC(OC)C(=O)OC(CCC(C)C(CC1OC(=O)CC(O)CC(SC[C@H](NC(=O)CC[C@H](N)C(=O)O)C(=O)NCC(=O)O)CC(=O)C(C)C(OC)c2coc(n2)-c2coc(n2)-c2coc(n2)/C=C/CC(OC)C1C)OC)C(C)C(OC(C)=O)C(C)/C=C/N(C)C=O,6.252696031746032,6.484173161375658,6.368434596560845
C/C1=C\[C@H](C)C[C@H](C)OC(=O)C[C@H](c2ccc(O)cc2)NC(=O)[C@@H](Cc2c(Br)[nH]c3ccccc23)N(C)C(=O)[C@H](C)NC(=O)[C@@H](C)C1,6.412016666666667,6.324282962962956,6.368149814814812
C/C1=C\[C@H](C)C[C@H](C)OC(=O)C[C@H](c2ccc(O)cc2)NC(=O)C(Cc2c(Br)[nH]c3ccccc23)N(C)C(=O)[C@H](C)NC(=O)[C@@H](C)C1,6.412016666666667,6.324282962962956,6.368149814814812
COC1=C(Br)[C@@H](O)[C@]2(C=C1Br)CC(C(=O)NCC(O)c1cc(Br)c(OCC(=O)CNC(=O)C3=NO[C@]4(C=C(Br)C(OC)=C(Br)[C@@H]4O)C3)c(Br)c1)=NO2,6.575985555555555,6.159816078042326,6.36790081679894
CC[C@@H]1C=CCC[C@]2(C[C@H]3CC[C@H]4[C@@H](C(=O)OCCCCCCCCCCCCCCCC(=O)N(CCCCNC(=N)N)CCCNC=O)[C@@]5(CCC[C@H](C)O5)NC(=N2)N34)O1,6.425372222222225,6.309447420634919,6.367409821428572
COC1=C(Br)C[C@]2(OC=C1Br)ON=C(C(=O)NCCCOc1c(Br)cc(CCNC(=O)CCCCCCCCCCCCC(C)C)cc1Br)[C@@H]2O,6.400705555555555,6.334074451058199,6.367390003306877
CCC(C)CCCCCCCCCCCCC(=O)NCCc1cc(Br)c(OCCCNC(=O)C2=NO[C@@]3(CC(Br)=C(OC)C(Br)=CO3)[C@H]2O)c(Br)c1,6.400705555555555,6.334074451058199,6.367390003306877
C/C1=C\[C@H](C)C[C@H](C)OC(=O)C[C@H](c2ccc(O)c(Br)c2)NC(=O)[C@@H](Cc2c(Br)[nH]c3ccccc23)N(C)C(=O)[C@H](C)NC(=O)[C@@H](C)C1,6.410383333333334,6.324282962962956,6.367333148148145
COCC(=O)N[C@@H](C(=O)N1NCCC[C@H]1C(=O)N[C@@H](Cc1ccccc1)[C@@H](O)[C@H](C)C(=O)NC1CCN(C(C)=O)C1=O)[C@H](O)C(C)C,6.279411111111115,6.454707380952381,6.367059246031747
CNCCCOc1c(Br)cc(/C=C/C(=O)NCCCOc2c(Br)cc(CCN(C)C)cc2Br)cc1Br,6.424357777777777,6.308518016774887,6.366437897276332
CNCCCOc1c(Br)cc(/C=C/C(=O)N(C)CCCOc2c(Br)cc(CCNC)cc2Br)cc1Br,6.424357777777777,6.308518016774887,6.366437897276332
CC[C@H]1NC(=O)[C@@]2(C)CSC(=N2)[C@H](Cc2ccccc2)N(C)C(=O)[C@@H]2CCCN2C(=O)[C@H](C(C)C)N(C)C(=O)[C@H](Cc2ccccc2)OC(=O)[C@H](C)[C@@H](C)NC(=O)[C@H]([C@@H](C)O)NC(=O)[C@H](CC(C)C)N(C)C(=O)[C@@H]2CSC1=N2,6.517433333333333,6.214882648208269,6.366157990770801
CC[C@H]1NC(=O)[C@@]2(C)CSC(=N2)[C@H](Cc2ccccc2)N(C)C(=O)[C@@H]2CCCN2C(=O)[C@H](C(C)C)N(C)C(=O)[C@H](Cc2ccccc2)OC(=O)[C@H](C)[C@@H](C)NC(=O)[C@@H]([C@@H](C)O)NC(=O)[C@@H](CC(C)C)N(C)C(=O)[C@@H]2CSC1=N2,6.517433333333333,6.214882648208269,6.366157990770801
CCCCCCCCCC(=O)N[C@@H](CO)C(=O)N[C@@H](CO)C(=O)N[C@H](C(=O)N[C@@H]1/C=C/C(=O)N[C@@H](C(C)C)C(=O)N(C)[C@@H](Cc2ccc(O)cc2)C(=O)OC1)C(C)C,6.355435555555555,6.376606230158729,6.366020892857142
CCCCCCCC[C@@H](C)C(=O)N1CCC[C@H]1C(=O)N[C@H](C(=O)NC(C)(C)C(=O)NC(C)(C)C(=O)N[C@H](C(=O)N[C@H](C(=O)NC(C)(C)C(=O)NC(C)(C)C(=O)N[C@@H](C)CN(C)CCO)C(C)C)[C@@H](C)CC)[C@H](C)C/C=C/C(=O)CC,6.5388,6.191533363997114,6.3651666819985575
COc1ccc(C/C(=N\O)C(=O)NC[C@H](O)c2cc(Br)c(OCCCN(C)C)c(Br)c2)cc1Br,6.412123333333332,6.3176366468253935,6.364879990079363
CCC(C)[C@H]1C(=O)NCCC(=O)N[C@H](C(C)CC)C(=O)N(C)[C@@H](C(C)C)C(=O)N(C)[C@@H](C)C(=O)NCCC(=O)N[C@H](CC(C)C)C(=O)N(C)[C@H](C(C)CC)C(=O)O[C@H](C)[C@H](NC(=O)[C@H](CC(C)C)N(C)C(=O)[C@@H](NC(=O)COC)C(C)C)C(=O)N(C)CCC(=O)N[C@H](CC(C)C)C(=O)N1C,6.361994444444445,6.366780218253967,6.3643873313492065
CCC[C@H]1NC(=O)[C@H](C)N(C)C(=O)C(C)(C)C(=O)C(C)NC(=O)[C@H](Cc2ccc(OC)cc2)N(C)C(=O)[C@H](C(C)C)N(C)C(=O)CNC(=O)C(CC(C)C)N(C)C(=O)CNC(=O)[C@H]([C@@H](C)CC)OC(=O)[C@H]1C,6.495833333333332,6.232840029761902,6.364336681547616
CCC/C=C\c1ccccc1/C=C/C(=O)N[C@@H]1C(=O)N(C)/C(=C/c2ccc(O)cc2)C(=O)N[C@@H](CC(C)C)C(=O)N[C@H](Cc2ccccc2)C(=O)N[C@@H]([C@H](C)O)C(=O)N[C@@H](CC(N)=O)C(=O)N[C@@H](CO)C(=O)O[C@H](C)[C@H](NC(=O)C/C=C2/C=CNC[C@H]2/C=C\CCC)C(=O)N(C)/C(=C/c2ccc(O)cc2)C(=O)N[C@@H](CC(C)C)C(=O)N[C@H](Cc2ccccc2)C(=O)N[C@@H]([C@H](C)O)C(=O)N[C@@H](CC(N)=O)C(=O)N[C@@H](CO)C(=O)O[C@@H]1C,6.372605555555555,6.3558560515873,6.364230803571427
COCc1cc(O)c(Oc2c(Cc3c(COC)cc(O)c(O)c3Br)cc(O)c(O)c2Br)c(Br)c1Br,6.489661111111116,6.237871567099564,6.363766339105339
CNCCCOc1c(Br)cc(CCNC(=O)/C(Cc2ccccc2)=N/O)cc1Br,6.3629088888888825,6.364054861111107,6.363481874999994
CC[C@@H](C)[C@H]1C(=O)N(C)[C@@H](Cc2ccc(OC)c(Br)c2)C(=O)N[C@@H]([C@@H](C)CC)C(=O)O[C@H](C)[C@H](NC(=O)[C@H](NC(=O)[C@H](O)COS(=O)(=O)O)C(C)C)C(=O)N[C@@H](CCCCN)C(=O)N[C@H]2CC[C@@H](O)N1C2=O,6.322727777777777,6.404149246031743,6.36343851190476
CC[C@@H](C)[C@@H]1OC(=O)[C@@H](C)[C@@H](CC)NC(=O)[C@H](C)NC(=O)C(C)(C)C(=O)[C@@H](C)NC(=O)[C@H](Cc2ccc(OC)cc2)N(C)C(=O)[C@H](C(C)C)N(C)C(=O)CNC(=O)[C@H](CC(C)C)N(C)C(=O)CNC1=O,6.487994444444443,6.238880605158727,6.363437524801585
CC[C@@H](C)[C@@H]1OC(=O)[C@@H](C)[C@@H](CC)NC(=O)[C@H](C)NC(=O)C(C)(C)C(=O)[C@H](C)NC(=O)[C@H](Cc2ccc(OC)cc2)N(C)C(=O)[C@H](C(C)C)N(C)C(=O)CNC(=O)[C@H](CC(C)C)N(C)C(=O)CNC1=O,6.487994444444443,6.238880605158727,6.363437524801585
COC[C@@H](NC(=O)[C@H](NC(=O)[C@@H](NC(=O)[C@@H](NC(=O)[C@@H](NC(=O)[C@H](NC(=O)C[C@H](O)/C=C\[C@@H](C)CC(C)C)[C@H](O)C(N)=O)[C@@H](C)O)[C@H](C)N)[C@@H](C)[C@@H](C)C(N)=O)[C@@H](C)O)C(=O)NCC(=O)N[C@@H](CC(C)C)C(=O)N(C)[C@@H](CCC(N)=O)C(=O)N[C@@H](C(=O)N(C)[C@@H](C)C(=O)O)[C@H](OC)c1ccc(O)cc1,6.444505555555556,6.28218716269841,6.363346359126982
C/C1=C\CC[C@H](C)OC(=O)C[C@H](c2ccc(O)cc2)NC(=O)[C@@H](Cc2c(Br)[nH]c3ccccc23)N(C)C(=O)[C@H](C)NC(=O)[C@@H](C)C1,6.3898111111111096,6.336636832010576,6.363223971560843
CCCCCC(O[C@@H]1O[C@H](COC(C)=O)[C@H](O)[C@H](O[C@@H]2O[C@H](CO)[C@H](O)[C@H](O)[C@H]2O)[C@H]1O[C@H]1O[C@@H](CO)[C@H](O)[C@@H](O)[C@@H]1O)C(O)CCCCCCC(=O)CCCCCCCCCCCCC(=O)NCCCN(C)CCCCCN(C)C,6.513461111111108,6.211848419913419,6.362654765512264
CC(C)C[C@@H]1NC(=O)[C@@H](NC(=O)[C@@H](NC(=O)[C@H](C)NC(=O)[C@H](CCCc2ccc(O)cc2)NC(=O)[C@H](O)CO)C(C)C)[C@@H](C)OC(=O)[C@H](C(C)C)NC(=O)[C@H](Cc2ccc(O)c(Br)c2)N(C)C(=O)[C@@H]2[C@H](C)O[C@@H]3CC[C@H](NC1=O)C(=O)N23,6.3354777777777755,6.389651256613757,6.362564517195766
COC1=C(Br)[C@H](O)[C@@]2(C=C1Br)CC(C(=O)NCCc1cc(Br)c(OCC[C@@H](C(=O)[O-])[N+](C)(C)C)c(Br)c1)=NO2,6.574157777777778,6.150851772486769,6.362504775132273
Oc1c(Br)cc(Br)cc1Oc1cc(Br)c(Br)c(Br)c1O,6.262440000000001,6.462157428210682,6.362298714105341
CCCCCC/C=C\CC(=O)N[C@@H](Cc1ccccc1)[C@@H](O)CC(=O)N[C@H](C(=O)N[C@@H](CO)[C@@H](O)CC(=O)N[C@H](C(=O)N[C@@H](CO)[C@@H](O)CC(=O)N[C@H](C(=O)N[C@@H]1/C=C/C(=O)N[C@@H](C(C)C)C(=O)N(C)[C@@H](Cc2ccc(O)cc2)C(=O)OC1)C(C)C)C(C)C)C(C)C,6.347855555555554,6.376606230158729,6.362230892857141
CCCCCC/C=C\CC(=O)N[C@@H](CO)C(=O)N[C@H](C(=O)N[C@H](C(=O)N[C@@H](CO)[C@@H](O)CC(=O)N[C@H](C(=O)N[C@@H]1/C=C/C(=O)N[C@@H](C(C)C)C(=O)N(C)[C@@H](Cc2ccc(O)cc2)C(=O)OC1)C(C)C)C(C)C)C(C)C,6.347222222222222,6.376606230158729,6.361914226190476
C/C=C(\NC(=O)C(NC(=O)C(NC(=O)C(NC(=O)C(NC(=O)C(O)C(CCCCCCCCCC(Cl)CCC)O[C@@H]1OC[C@@H](O)[C@@H](O[C@@H]2O[C@H](C(=O)O)[C@H](O)[C@H](O)[C@H]2O)[C@@H]1O)C(C)O)C(C)O)C(C)O)C(O)c1ccc(O)cc1)C(=O)N[C@@H](CCC(N)=O)C(=O)NCC(=O)N(C)C(C(=O)N[C@H](CCC(N)=O)C(=O)O)C(C)O[C@@H]1O[C@H](CO)[C@@H](O)[C@H](O)[C@@H]1O,6.291044444444442,6.432427261904758,6.361735853174601
CC[C@H](C)[C@H]1NC(=O)[C@@H](NC(=O)[C@@H](CC(C)C)N(C)C(=O)C2CCCN2C(=O)C(C)O)[C@@H](C)OC(=O)[C@H](Cc2ccc(OC)cc2)N(C)C(=O)C2CCCN2C(=O)[C@H](CC(C)C)NC(=O)[C@@H](C)C(=O)[C@H](C(C)C)OC(=O)C[C@@H]1C,6.536427777777777,6.187039867724864,6.3617338227513205
CC[C@H](C)[C@H]1C(=O)N2CCC[C@H]2C(=O)O[C@H](C(C)(C)C)C[C@@H](C)C/C=C/C2=N[C@@H](CCC(=O)N[C@@H](Cc3ccc(OC)cc3)C(=O)N(C)[C@@H](C)C(=O)N1C)CS2,6.611794444444446,6.1108051058201065,6.361299775132276
C/C1=C\[C@H](C)C[C@H](C)OC(=O)[C@H](C)NC(=O)[C@@H](Cc2ccc(O)c(Br)c2)N(C)C(=O)[C@H](CO)NC(=O)[C@@H](C)C1,6.41094666666667,6.3115333333333306,6.3612400000000004
CN1CC(=O)NC(Cc2cn(C(N)=O)c3cc(Cl)ccc23)C(=O)NCC(=O)NCC(O)CC(=O)NC(C(O)C(O)C/C=C/c2ccccc2)C(O)C(=O)N[C@@H]2CC(=O)N/C2=C/C1=O,6.266405555555556,6.456001349206345,6.36120345238095
COc1c(Br)cc(O)c(O)c1C=O,6.376265555555556,6.345430975829727,6.360848265692642
CC(C)C[C@H]1NC(=O)[C@@H](NC(=O)c2ncccc2O)[C@@H](C)OC(=O)[C@H](c2ccccc2)N(C)C(=O)[C@H](CO)NC(=O)[C@H]([C@H](C)C(C)C)N(C)C(=O)CN(C)C(=O)[C@H]2C[C@@H](O)CN2C1=O,6.401246666666668,6.320345289802788,6.360795978234728
CCCCCC/C=C\CC(=O)N[C@@H](CO)C(=O)N[C@@H](CO)C(=O)N[C@H](C(=O)N[C@@H]1/C=C/C(=O)N[C@@H](C(C)C)C(=O)N(C)[C@@H](Cc2ccc(O)cc2)C(=O)OC1)C(C)C,6.344757777777776,6.376606230158729,6.360682003968252
COC[C@@H]([C@H](O)[C@H](O)C(=O)NCC[C@H](C)c1nc(/C=C/C[C@H]2O[C@@]3(C[C@H](O)[C@H]2C)O[C@H]([C@H](C[C@H](O)[C@H](C)[C@H](O)[C@H](C)/C=C(C)/C(C)=C/C=C/C(C)=C\C#N)OC)[C@H](O)C3(C)C)co1)N(C)C,6.316288888888889,6.404925992063487,6.360607440476188
COC[C@@H]([C@H](O)[C@H](O)C(=O)NCC[C@H](C)c1nc(/C=C/C[C@@H]2O[C@@]3(C[C@@H](O)[C@@H]2C)O[C@H]([C@H](C[C@H](O)[C@H](C)[C@H](O)[C@H](C)/C=C(C)/C(C)=C/C=C/C(C)=C\C#N)OC)[C@H](O)C3(C)C)co1)N(C)C,6.316288888888889,6.404925992063487,6.360607440476188
COC1=C(Br)C[C@]2(OC=C1Br)ON=C(C(=O)NCCCOc1c(Br)cc(CCNC(=O)CCCCCCCC/C=C\CCCC(C)C)cc1Br)[C@@H]2O,6.3871055555555545,6.334074451058199,6.360590003306877
COC(COS(=O)(=O)[O-])C(=O)NC(C(=O)N1[C@H](C(=O)NCCC2=CC[N+](=C(N)N)C2)C[C@@H]2C[C@H](O)[C@@H](O[C@H]3O[C@H](CO)[C@@H](O)[C@H](O)[C@H]3O)C[C@@H]21)C(C)C,6.44742777777778,6.273751197089946,6.360589487433863
CC(=O)O[C@@H]1[C@@H](OC(C)=O)[C@H](O[C@@H]2[C@@H](O)[C@H](O[C@H]3CO[C@@H](O[C@@H](CCC(C)C)[C@@H](CCCCCCCC(=O)CCCCCCCCCCCC(=O)NCCCCN(C)C)OC(C)=O)[C@H](O)[C@H]3O)OC[C@@H]2O)OC[C@@H]1OC(C)=O,6.498311111111108,6.222581455627704,6.360446283369406
Oc1cc(Br)cc(Br)c1Oc1c(O)cc(Br)c(Br)c1Br,6.258353333333332,6.462157428210682,6.360255380772007
CC[C@H](C)[C@H]1C(=O)N2CCC[C@H]2C(=O)O[C@H](C(C)C)C[C@@H](C)C[C@H](O)[C@H](C)C2=N[C@@H](/C=C(\C)C(=O)N[C@@H](Cc3ccc(OC)cc3)C(=O)N(C)[C@@H](C)C(=O)N1C)CS2,6.6216944444444445,6.098659570105815,6.36017700727513
COC1=C(Br)[C@@H](O)[C@]2(C=C1Br)CC(C(=O)NCCCOc1c(Br)cc(CCNC(=O)Cc3cc(Br)c(OC)c(Br)c3O)cc1Br)=NO2,6.548416666666668,6.17192437169312,6.360170519179894
COCc1cc(Br)c(O)c(O)c1Cc1cc(Br)c(O)c(Cc2cc(Br)c(O)c(O)c2Cc2ccc(O)c(Br)c2)c1,6.372725555555555,6.3473027702020195,6.360014162878787
CC[C@H](C)[C@H]1C(=O)N(C)[C@@H](C(C)C)C(=O)N(C)[C@@H](COC)C(=O)N2CCC[C@H]2C(=O)N(C)[C@@H](C(C)C)C(=O)N2CCC[C@H]2C(=O)O[C@H](C(C)C)CCCC[C@@H](O)[C@@H](C)C(=O)O[C@H](C)[C@@H](C)C/C=C(/C)C(=O)CC(=O)N1C,6.497999999999998,6.221991307118803,6.359995653559401
CC(C)C[C@H]1NC(=O)[C@@H](NC(=O)c2ncccc2O)[C@@H](C)OC(=O)[C@@H](c2ccccc2)N(C)C(=O)[C@H](C)NC(=O)[C@H]([C@H](C)C(C)C)N(C)C(=O)CN(C)C(=O)[C@H]2C[C@@H](O)CN2C1=O,6.453885555555557,6.265783881072626,6.359834718314092
CCC(C)[C@@H](C(=O)N(C)[C@@H](C)C(=O)N(C)[C@H](C(=O)N(C)[C@H](C(=O)N(C)[C@H](C(=O)N(C)[C@H](C(=O)N(C)[C@@H](C)C(=O)N(C)[C@H](C(=O)N(C)[C@H](C(=O)N(C)C1CSSCC(C(=O)N[C@H](CO)Cc2ccccc2)N(C)C1=O)C(C)C)C(C)C)C(C)C)C(C)C)C(C)C)C(C)C)N(C)C(=O)[C@H](Cc1ccccc1)NC(=O)[C@@H]1CCC(=O)N1C,6.50397777777778,6.215629911616163,6.359803844696971
CCC(C)[C@@H](C(=O)N(C)[C@@H](C)C(=O)N(C)[C@H](C(=O)N(C)[C@H](C(=O)N(C)[C@H](C(=O)N(C)[C@H](C(=O)N(C)[C@@H](C)C(=O)N(C)[C@H](C(=O)N(C)[C@H](C(=O)N(C)[C@H]1CSSC[C@@H](C(=O)N[C@H](CO)Cc2ccccc2)N(C)C1=O)C(C)C)C(C)C)C(C)C)C(C)C)C(C)C)C(C)C)N(C)C(=O)[C@H](Cc1ccccc1)NC(=O)[C@@H]1CCC(=O)N1C,6.50397777777778,6.215629911616163,6.359803844696971
CCC(=O)N[C@@H](CO)COc1ccc([C@@H](O)CNC(=O)[C@@H](O)CCC[C@H](O)[C@H]2O[C@H]2CCCCCCC[C@H](O)CCCCCCCCCCCCOC[C@@H](N)CO)cc1,6.322655555555555,6.396555021103897,6.359605288329726
CCOCc1cc(Oc2c(COCC)cc(O)c(O)c2Br)c(O)c(Br)c1Br,6.403376666666667,6.315577960678213,6.35947731367244
CC(=O)O[C@H](CC(=O)O[C@@H]1COC(=O)c2csc(n2)[C@H](C(C)C)OC(=O)[C@@H](C)[C@H](CCCC(C)(Cl)Cl)OC(=O)c2csc1n2)[C@H](CC(C)C)NC(=O)[C@H](C(C)C)N(C)C,6.224700000000002,6.494036157407408,6.359368078703705
CCC(=O)N(C)CCc1ccc(OCCCNC(=O)Cc2ccc(O)cc2)c(I)c1,6.2983555555555535,6.42019743145743,6.359276493506492
CCCCCCC[C@@H](C/C=C/CCC(=O)NC/C(=C\Cl)C/C(=C\C(=O)N1C(=O)C=C(OC)[C@@H]1CO)OC)OC,6.414994444444447,6.3032469642857105,6.359120704365079
CCCCCCC[C@@H](C/C=C/CCC(=O)NC/C(=C\Cl)C/C(=C\C(=O)N1C(=O)C=C(OC)[C@H]1CO)OC)OC,6.414994444444447,6.3032469642857105,6.359120704365079
COC1NC(=O)N/C1=C\[C@@H]1N/C=C(/C(=O)N2CCC[C@H]2C(=O)N[C@@H](CC(C)C)C(=O)N[C@@H](Cc2ccccc2)C(=O)NCC(N)=O)NC(=O)[C@H](C(C)C)NC(=O)[C@@H]2CCCN2C(=O)[C@@H]2CCCN2C(=O)[C@H](CC(C)C)NC(=O)[C@H](CC(C)C)NC(=O)[C@@H]2C[C@@H](O)CN2C1=O,6.453266666666666,6.264507718253965,6.358887192460315
CNCCc1cc(Br)c(OCCCNC=C2C(=O)[C@@H]3[C@H](C2=O)[C@H]2C(O)[C@@H]3C(=O)[C@H]2Br)c(Br)c1,6.481007777777774,6.2357977380952345,6.358402757936505
CNCCc1cc(Br)c(OCCCNC(=O)C2=CO[C@@]3(CC(Br)=C(OC)C(Br)=CO3)[C@H]2O)c(Br)c1,6.605457777777779,6.110962886904761,6.358210332341271
C/C1=C\[C@H](C)C[C@H](C)OC(=O)C[C@H](c2ccc(O)cc2)NC(=O)[C@@H](Cc2c(Br)[nH]c3cc(Br)ccc23)N(C)C(=O)[C@H](C)NC(=O)[C@@H](C)C1,6.391961111111112,6.324282962962956,6.358122037037034
CCCCCCCCCC(=O)N[C@@H](CO)C(=O)N[C@H](C(=O)N[C@@H](CO)[C@@H](O)CC(=O)N[C@H](C(=O)N[C@@H]1/C=C/C(=O)N[C@@H](C(C)C)C(=O)N(C)[C@@H](Cc2ccc(O)cc2)C(=O)OC1)C(C)C)C(C)C,6.337683333333334,6.376606230158729,6.357144781746031
CC(/C=C/c1ccccc1)=C\C=C\[C@H](C)[C@H](O)[C@@H](O)[C@H]1NC(=O)C[C@@H](O)CNC(=O)CNC(=O)[C@@H](Cc2c[nH]c3ccccc23)NC(=O)CN(C)C(=O)C[C@]2(O)NC(=O)C[C@H]2NC(=O)[C@H]1O,6.232166666666668,6.481457658730154,6.356812162698411
C/C1=C/[C@H](C)C(=O)N[C@@H](C)C(=O)N(C)[C@H](Cc2c(Br)[nH]c3ccccc23)C(=O)N[C@@H](c2ccc(O)cc2)CC(=O)O[C@@H](C)C[C@@H](C)[C@H]1O,6.3889000000000005,6.324282962962956,6.356591481481479
Oc1cc(COCc2cc(O)c(O)c(Br)c2Br)c(Br)c(Br)c1O,6.266547777777779,6.446449626623382,6.3564987022005806
CCO[C@H](C(N)=O)[C@@H]1NC(=O)[C@H](CCC(N)=O)N(C)C(=O)[C@H](CC(C)C)NC(=O)[C@@H](CCCCN)NC(=O)[C@@H]([C@@H](C)O)NC(=O)[C@H](NC(=O)[C@@H](NC(=O)[C@H](O)[C@H](O)[C@H](CCC(N)=O)NC(=O)[C@@H](CC(=O)O)NC(=O)[C@H](C)[C@H](O)[C@H](C)CC(C)C)[C@@H](C)[C@@H](C)C(N)=O)[C@@H]([C@H](C)C(C)C)OC(=O)[C@@H]2CCCCN2C(=O)[C@@H](CC(=O)O)NC1=O,6.3264388888888865,6.386438273809521,6.356438581349204
C/C1=C\[C@H](C)C[C@H](C)OC(=O)C[C@H](c2ccc(O)cc2)NC(=O)[C@@H](Cc2c(Br)[nH]c3ccccc23)N(C)C(=O)[C@H](C)NC(=O)CC1,6.387994444444443,6.324282962962956,6.356138703703699
CC(C)C[C@@H]1C(=O)N[C@H]([C@@H](C)O)C(=O)N[C@H](C)[C@@H](C)C(=O)O[C@@H](Cc2ccccc2)C(=O)N(C)[C@@H](C(C)C)C(=O)N2CCC[C@H]2C(=O)N(C)[C@H](Cc2ccccc2)C2=N[C@@H](CS2)C(=O)N[C@H](C)C2=N[C@@H](CS2)C(=O)N1C,6.493494444444444,6.2184918743987465,6.355993159421596
NCCCCNC(=O)/C(Cc1cc(Br)c(OCCCNC(=O)/C(Cc2ccc(O)c(Br)c2)=N/O)c(Br)c1)=N/O,6.4904299999999955,6.220893373015874,6.3556616865079345
COCC(=O)N[C@@H](C(=O)N1NCCC[C@H]1C(=O)N[C@@H](Cc1ccccc1)[C@@H](O)[C@H](C)C(=O)N[C@H]1CNC(=O)NC1=O)[C@H](O)C(C)C,6.200955555555558,6.510161150793651,6.3555583531746045
CC[C@@H](C)[C@H]1NC(=O)CCNC(=O)[C@H]([C@@H](C)CC)N(C)C(=O)[C@@H](CC(C)C)NC(=O)CCNC(=O)[C@@H](NC(=O)[C@@H](CC(C)C)N(C)C(=O)[C@@H](NC(=O)COC)C(C)C)[C@@H](C)OC(=O)[C@@H]([C@@H](C)CC)N(C)C(=O)[C@@H](CC(C)C)NC(=O)CCNC(=O)[C@H](C)N(C)C(=O)[C@H](C(C)C)N(C)C1=O,6.342661111111111,6.366780218253967,6.354720664682539
CC[C@H](C)[C@H]1C(=O)NCCC(=O)N[C@H]([C@@H](C)CC)C(=O)N(C)[C@@H](C(C)C)C(=O)N[C@@H](C)C(=O)NCCC(=O)N[C@H](CC(C)C)C(=O)N(C)[C@H]([C@@H](C)CC)C(=O)O[C@H](C)[C@H](NC(=O)[C@@H](CC(C)C)N(C)C(=O)[C@@H](NC(=O)COC)C(C)C)C(=O)N(C)CCC(=O)N[C@H](CC(C)C)C(=O)N1C,6.342661111111111,6.366780218253967,6.354720664682539
CCC(C)[C@H]1C(=O)NCCC(=O)N[C@H](C(C)CC)C(=O)N(C)[C@@H](C(C)C)C(=O)N(C)[C@@H](C)C(=O)NCCC(=O)N[C@H](CC(C)C)C(=O)N(C)[C@H](C(C)CC)C(=O)O[C@H](C)[C@H](NC(=O)[C@H](CC(C)C)N(C)C(=O)[C@@H](NC(=O)COC)C(C)C)C(=O)NCCC(=O)N[C@H](CC(C)C)C(=O)N1C,6.342661111111111,6.366780218253967,6.354720664682539
Oc1cc(Br)c(COCc2c(Br)c(O)c(O)c(Br)c2Br)c(Br)c1O,6.262970000000003,6.446449626623382,6.354709813311692
CCC(C)[C@H]1C(=O)NCCC(=O)N[C@H](C(C)CC)C(=O)N(C)[C@@H](C(C)C)C(=O)N[C@@H](C)C(=O)NCCC(=O)N[C@H](CC(C)C)C(=O)N(C)[C@H](CC(C)C)C(=O)O[C@@H](C)[C@H](NC(=O)[C@H](CC(C)C)N(C)C(=O)[C@@H](NC(=O)COC)C(C)C)C(=O)NCCC(=O)N[C@H](CC(C)C)C(=O)N1C,6.342366666666666,6.366780218253967,6.354573442460317
CCC(=O)N[C@@H](CO)COc1ccc([C@H](CNC(=O)[C@@H](O)CCC[C@H](O)[C@H]2O[C@H]2CCCCCCC[C@H](O)CCCCCCCCCCCCOC[C@@H](N)CO)OC(C)=O)cc1,6.43162222222222,6.27742540800866,6.35452381511544
COC1=C(Br)[C@H](O)[C@@]2(C=C1Br)CC(C(=O)NCCCOc1c(Br)cc(CCNC=O)cc1Br)=NO2,6.539829999999998,6.169133300264548,6.354481650132273
CC[C@H](C)C1OC(=O)[C@@H](C)[C@@H](CC)NC(=O)[C@H](C)NC(=O)C(C)(C)C(=O)C(C)NC(=O)[C@H](Cc2ccc(OC)cc2)N(C)C(=O)[C@H](C(C)C)N(C)C(=O)CNC(=O)[C@H](C(C)C(C)C)N(C)C(=O)CNC1=O,6.480555555555554,6.226416319444442,6.353485937499999
CCCCCC/C=C\CC(=O)N[C@@H](CO)C(=O)N[C@H](C(=O)N[C@@H](CO)[C@@H](O)CC(=O)N[C@H](C(=O)N[C@@H]1/C=C/C(=O)N[C@@H](C(C)C)C(=O)N(C)[C@@H](Cc2ccc(O)cc2)C(=O)OC1)C(C)C)C(C)C,6.330072222222222,6.376606230158729,6.353339226190476
CC[C@H](C)[C@H]1C(=O)N(C)[C@@H](CC(C)C)C(=O)N(C)[C@@H]([C@@H](C)CC)C(=O)N(C)[C@@H](C)C(=O)N(C)CC(=O)N(C)[C@@H](CC(C)C)C(=O)N2CCC[C@H]2C(=O)N(C)[C@@H](Cc2ccc(OC)cc2)C(=O)N[C@@H](C)C(=O)N1C,6.511527777777777,6.194940505952384,6.35323414186508
CC[C@H](C)[C@H]1C(=O)NCCC(=O)N[C@H](C(C)C)C(=O)N(C)[C@@H](C(C)C)C(=O)N(C)[C@@H](C)C(=O)NCCC(=O)N[C@H](CC(C)C)C(=O)N(C)[C@H](C(C)C)C(=O)O[C@H](C)[C@H](NC(=O)[C@@H](CC(C)C)N(C)C(=O)[C@@H](NC(=O)COC)C(C)C)C(=O)NCCC(=O)N[C@H](CC(C)C)C(=O)N1C,6.339566666666666,6.366780218253967,6.353173442460317
COC(=O)c1ccccc1NC(=O)[C@H](CC[S+](C)[O-])NC(=O)c1cnc2c(n1)c(=O)n(C)c(=O)n2C,6.155872222222227,6.549143253968257,6.352507738095242
CCCCCCCCCCC/C=C/[C@@H](O)[C@H](COP(=O)(O)O[C@H]1[C@H](O)[C@H](O[C@]2(C(=O)O)C[C@H](O)[C@@H](NC(=O)CO[C@]3(C(=O)O)C[C@H](O)[C@@H](NC(=O)CO[C@]4(C(=O)O)C[C@H](O)[C@@H](NC(=O)CO)[C@H]([C@H](O)[C@H](O)COC)O4)[C@H]([C@H](O)[C@H](O)COC)O3)[C@H]([C@H](O)[C@H](O)COC)O2)[C@@H](O)[C@H](O)[C@H]1O)NC(=O)CCCCCCCCCCCCCCCCCCCCCCC,6.16873888888889,6.535766706349201,6.3522527976190455
CCCCCCCCCCC/C=C/[C@@H](O)[C@H](COP(=O)(O)O[C@H]1[C@H](O)[C@H](O[C@]2(C(=O)O)C[C@H](O)[C@@H](NC(=O)CO[C@]3(C(=O)O)C[C@H](O)[C@@H](NC(=O)CO[C@]4(C(=O)O)C[C@H](O)[C@@H](NC(=O)CO)[C@H]([C@H](O)[C@H](O)COC)O4)[C@H]([C@H](O)[C@H](O)COC)O3)[C@H]([C@H](O)[C@H](O)COC)O2)[C@@H](O)[C@H](O)[C@H]1O)NC(=O)CCCCCCCCCCCCCCCCCCCCCC,6.16873888888889,6.535766706349201,6.3522527976190455
CCCCCCCCCCC/C=C/[C@@H](O)[C@H](COP(=O)(O)O[C@H]1[C@H](O)[C@H](O[C@]2(C(=O)O)C[C@H](O)[C@@H](NC(=O)CO[C@]3(C(=O)O)C[C@H](O)[C@@H](NC(=O)CO[C@]4(C(=O)O)C[C@H](O)[C@@H](NC(=O)CO)[C@H]([C@H](O)[C@H](O)COC)O4)[C@H]([C@H](O)[C@H](O)COC)O3)[C@H]([C@H](O)[C@H](O)COC)O2)[C@@H](O)[C@H](O)[C@H]1O)NC(=O)CCCCCCCCCCCCCCCCCCCCC,6.16873888888889,6.535766706349201,6.3522527976190455
CCC[C@H]1NC(=O)[C@H](C)NC(=O)[C@H](CC(C)C)N(C)C(=O)[C@H](Cc2ccccc2)NC(=O)[C@H](CC[S+](C)[O-])NC(=O)[C@@H](Cc2ccccc2)N(C)C(=O)[C@@H](C(C)C)OC(=O)[C@H]1C,6.332329999999999,6.371551934523805,6.351940967261902
CCC[C@H]1NC(=O)[C@H](C)NC(=O)[C@H](CC(C)C)N(C)C(=O)[C@H](Cc2ccccc2)NC(=O)[C@H](CC[S+](C)[O-])NC(=O)[C@@H](Cc2ccccc2)N(C)C(=O)[C@@H](C(C)C)OC(=O)[C@@H]1C,6.332329999999999,6.371551934523805,6.351940967261902
CCCC(=O)N[C@@H](CC(C)C)[C@@H](CC(=O)OC[C@@H](O)c1nc(C(=O)O[C@@H](CCCC(C)(Cl)Cl)[C@H](C)C(=O)O[C@H](c2nc(C(=O)OC)cs2)C(C)(C)O)cs1)OC(C)=O,6.313094444444446,6.390735138888885,6.351914791666665
NCCC(O)CNC(=O)/C(Cc1cc(Br)c(OCCCNC(=O)/C(Cc2ccc(O)c(Br)c2)=N/O)c(Br)c1)=N/O,6.482057777777772,6.220893373015874,6.351475575396823
CCCCCCCC[C@@H](C)C(=O)N1CCC[C@H]1C(=O)N[C@@H](C[C@H](C)C[C@@H](O)CC(=O)CC)C(=O)NC(C)(C)C(=O)NC(C)(C)C(=O)N[C@H](C(=O)N[C@H](C(=O)NC(C)(C)C(=O)NC(C)(C)C(=O)N[C@@H](C)CN(C)CCO)C(C)C)C(C)CC,6.547388888888889,6.154711944444444,6.351050416666666
C/C1=C\[C@H](C)C[C@H](C)OC(=O)C[C@H](c2ccc(O)c(O)c2)NC(=O)[C@@H](Cc2c(Br)[nH]c3ccccc23)N(C)C(=O)[C@H](C)NC(=O)[C@@H](C)C1,6.39163888888889,6.31023764550264,6.350938267195765
CCCCCC/C=C\CC(=O)N[C@@H](Cc1ccc(O)cc1)[C@@H](O)CC(=O)N[C@H](C(=O)N[C@@H]1/C=C/C(=O)N[C@@H](C(C)C)C(=O)N(C)[C@@H](Cc2ccc(O)cc2)C(=O)OC1)C(C)C,6.324255555555555,6.376606230158729,6.350430892857142
CSCCC(NC(=S)C(NC(=O)C(C)=O)C(C)C)C(=S)NC(C)C(=O)NC(C)C(=S)NC(C)C(=S)NC(C)C(=O)NC1C(=O)NC(C(C)C)C(=O)NC(C)C(=O)NC(Cc2ccccc2)C(=O)NC(C(O)c2cn(C)c[n+]2C)C(=O)N/C=C\SC1C,6.326322222222223,6.3731462896825395,6.349734255952381
CO[C@H](c1ccc(O)cc1)[C@H]1NC(=O)[C@H](CCC(N)=O)N(C)C(=O)[C@H](CC(C)C)NC(=O)[C@@H](CCCNC(=N)N)NC(=O)[C@@H]([C@@H](C)O)NC(=O)[C@H](NC(=O)[C@@H](NC(=O)[C@H](O)[C@H](O)[C@H](CCCNC(=N)N)NC(=O)[C@@H](C)NC(=O)[C@H](C)[C@H](O)[C@H](C)CC(C)C)[C@@H](C)CC(N)=O)[C@@H](C)OC(=O)[C@@H]2CCCCN2C1=O,6.395055555555555,6.303933432539677,6.349494494047615
CC(C)C[C@@H]1NC(=O)[C@@H](NC(=O)[C@@H](NC(=O)[C@H](C)NC(=O)[C@H](CCCc2ccc(O)cc2)NC(=O)[C@H](O)CO)C(C)C)[C@@H](C)OC(=O)[C@H](C(C)C)NC(=O)[C@H](Cc2ccc(O)c(Br)c2)N(C)C(=O)[C@H]([C@H](C)O)N2C(=O)[C@H](CC[C@H]2O)NC1=O,6.337277777777776,6.360966547619046,6.349122162698411
C/C=C1\NC(=O)C(C(O)c2ccc(O)cc2)NC(=O)C(C(C)O)NC(=O)C(NC(=O)C(NC(=O)C(O)C(CCCCCCCCCC(Cl)CCC)O[C@@H]2OC[C@@H](O)[C@@H](O[C@@H]3O[C@H](C(=O)O)[C@H](O)[C@H](O)[C@H]3O)[C@@H]2O)C(C)O)C(C)OC(=O)[C@@H](CCC(N)=O)NC(=O)C(C(C)O[C@@H]2O[C@H](CO)[C@@H](O)[C@H](O)[C@@H]2O)N(C)C(=O)CNC(=O)[C@H](CCC(N)=O)NC1=O,6.2889777777777764,6.40843829365079,6.348708035714283
C=C1C[C@H](C)C(=O)N[C@@H](C)C(=O)N(C)[C@H](CC2(OC)OC(=O)Nc3ccccc32)C(=O)N[C@@H](c2ccc(O)cc2)CC(=O)O[C@@H](C)C[C@@H](C)C1=O,6.461422222222228,6.235955456349201,6.348688839285714
CC[C@H](C)[C@@H](OC(=O)[C@H](Cc1ccccc1)N(C)C)C(=O)N1CCC[C@H]1C(=O)NCC(=O)N(C)[C@@H](CC(C)C)C(=O)N[C@@H](C)C(=O)N(C)[C@H](Cc1ccccc1)C(=O)N1CCC[C@H]1C(=O)OC,6.484805555555554,6.212435009920634,6.348620282738095
COc1c(Br)cc(C(O)[C@@H](NC(=O)Cc2ccc(OCCCNC(C)=O)cc2)C(=O)NCCc2cc(Br)c(O)c(Br)c2)cc1Br,6.439461111111112,6.257711726190478,6.348586418650795
COC(COS(=O)(=O)[O-])C(=O)NC(C(=O)N1[C@H](C(=O)NCCC2=CC[N+](=C(N)N)C2)C[C@@H]2C[C@H](O)[C@@H](O)C[C@@H]21)C(C)C,6.4698222222222235,6.2271649007936505,6.3484935615079365
CC[C@H]1C=CCC[C@@]2(C[C@@H]3CC[C@@H]4[C@H](C(=O)OCCCCCCCCCCCCCCCC(=O)N(CCCN)C[C@@H](O)CCN)[C@]5(CCC[C@@H](C)O5)NC(=[N+]34)N2)O1,6.300977777777777,6.395778670634915,6.348378224206346
CC[C@H]1C=CCC[C@@]2(C[C@@H]3CC[C@@H]4[C@H](C(=O)OCCCCCCCCCCCCCCCCC(=O)N(CCCN)CC(O)CCN)[C@]5(CCC[C@@H](C)O5)NC(=[N+]34)N2)O1,6.300977777777777,6.395778670634915,6.348378224206346
CC[C@H]1C=CCC[C@@]2(C[C@@H]3CC[C@@H]4[C@H](C(=O)OCCCCCCCCCCCCCCC(=O)N(CCCN)CC(O)CCN)[C@]5(CCC[C@@H](C)O5)NC(=[N+]34)N2)O1,6.300977777777777,6.395778670634915,6.348378224206346
CC[C@H]1C=CCC[C@@]2(C[C@@H]3CC[C@H]4[C@@H](C(=O)OCCCCCCCCCCCCCCCC(=O)N(CCCN)C[C@@H](O)CCN)[C@@]5(CCC[C@@H](C)O5)NC(=[N+]34)N2)O1,6.300977777777777,6.395778670634915,6.348378224206346
COC1/C=C/C=C/CC/C=C/C=C/C(=O)NC(C(O)C(=O)O)C(=O)OC(C(NC(=O)C(C)C(O)CCC(C)C(O)/C(C)=C/C(C)(C)C(O)C(CC(C)C)NC(=O)/C=C/C(C)(C)C(=O)C(C)C(O)C(C)C)C(C)O)C(C)C(O)C/C=C(\C)C(O)C(C)/C=C(\C)C(O)C(C)C(O)CC2CC(C)CC1O2,6.400855555555558,6.295581984126975,6.348218769841266
CCCCCC/C=C\CC(=O)N[C@@H](Cc1ccc(O)cc1)C(=O)N[C@H](C(=O)N[C@@H](CO)[C@@H](O)CC(=O)N[C@H](C(=O)N[C@@H]1/C=C/C(=O)N(C)[C@@H](C(C)C)C(=O)N(C)[C@@H](Cc2ccc(O)cc2)C(=O)OC1)C(C)C)C(C)C,6.319672222222219,6.376606230158729,6.348139226190474
CSCC[C@@H]1NC(=O)[C@@H]2CCCN2C(=O)[C@@H]2CCCN2C(=O)[C@H](CCSC)NC(=O)c2csc(n2)[C@H](Cc2ccccc2)NC(=O)[C@@H]2CCCN2C1=O,6.423505555555556,6.27260723214286,6.348056393849208
CCCCC[C@H]1OC(=O)[C@H](C(C)C)NC(=O)[C@@H]2CCCN2C(=O)[C@@H]2CCCN2C(=O)[C@H](Cc2ccccc2)OC(=O)[C@H](C(C)C)N(C)C(=O)[C@H](C)N(C)C(=O)[C@H](C)N(C)C(=O)[C@H]([C@@H](C)CC)NC(=O)C1(C)C,6.45042777777778,6.2453981911375624,6.347912984457672
COC1/C=C/C=C/C=C/C=C/C=C/C(=O)N[C@@H](C(=O)O)[C@@H](O)C(=O)OC(C(NC(=O)C(C)C(O)CCC(C)C(O)/C(C)=C/C(C)C(O)C(CC(C)C)NC(=O)/C=C/C(C)(C)C(=O)C(C)C(O)C(C)C)C(C)O)C(C)C(O)C/C=C(\C)C(O)C(C)/C=C(\C)C(O)C(C)C(O)CC2CC(C)CC1O2,6.400155555555558,6.295581984126975,6.347868769841266
COC1/C=C/C=C/C=C/C=C/C=C/C(=O)NC(C(O)C(=O)O)C(=O)OC(C(NC(=O)CC(O)CCC(C)C(O)/C(C)=C/C(C)[C@@H](O)[C@H](NC(=O)/C=C/C(C)(C)C(=O)[C@@H](C)[C@@H](O)C(C)C)C(O)C(C)C)C(C)O)CC(O)C/C=C/[C@@H](O)[C@@H](C)/C=C(\C)[C@H](O)[C@@H](C)[C@H](O)C[C@@H]2C[C@H](C)[C@H](OC)[C@@H]1O2,6.429733333333337,6.265938968253961,6.347836150793649
CC[C@H]1C=CCC[C@@]2(C[C@@H]3CC[C@]4(O)[C@@H](C(=O)OCCCCCCCCCCCCCCCC(=O)N(CCCN)CC(O)CCN)[C@@]5(CCC[C@@H](C)O5)NC(=[N+]34)N2)O1.[Cl-],6.226288888888887,6.468072619047614,6.347180753968251
COC1/C=C/C=C/CC/C=C/C=C/C(=O)NC(C(O)C(=O)O)C(=O)OC(C(NC(=O)C(C)C(O)CCC(C)C(O)/C(C)=C/C(C)C(O)C(CC(C)C)NC(=O)/C=C/C(C)(C)C(=O)C(C)C(O)C(C)C)C(C)O)C(C)C(O)C/C=C(\C)C(O)C(C)/C=C(\C)C(O)C(C)C(O)CC2CC(C)CC1O2,6.398088888888891,6.295581984126975,6.3468354365079325
CCCC(=O)N[C@@H](CCC(N)=O)C(=O)N[C@@H]1C(=O)N[C@@H](CCCNC(N)=O)C(=O)N[C@H]2CC[C@@H](O)N(C2=O)[C@@H]([C@H](C)CC)C(=O)N(C)[C@@H](Cc2ccc(OC)c(Br)c2)C(=O)N[C@@H](C(C)C)C(=O)O[C@@H]1C,6.375944444444445,6.317505892857138,6.346725168650792
COC1/C=C/C=C/CC/C=C/C=C/C(=O)N[C@@H](C(=O)O)[C@@H](O)C(=O)OC(C(NC(=O)C(C)C(O)CCC(C)C(O)/C(C)=C/C(C)C(O)C(CC(C)C)NC(=O)/C=C/C(C)(C)C(=O)C(C)C(O)C(C)C)C(C)O)CC(O)C/C=C(\C)C(O)C(C)/C=C(\C)C(O)C(C)C(O)CC2CC(C)CC1O2,6.397688888888891,6.295581984126975,6.346635436507933
C#CCCC[C@H]1OC(=O)[C@H](C(C)C)NC(=O)[C@@H]2CCCN2C(=O)[C@@H]2CCCN2C(=O)[C@H](Cc2ccccc2)OC(=O)[C@H](C(C)C)N(C)C(=O)[C@H](C)N(C)C(=O)[C@H](C)N(C)C(=O)[C@H]([C@@H](C)CC)NC(=O)C1(C)C,6.447827777777779,6.2453981911375624,6.346612984457671
CC[C@@H](C)[C@H]1NC(=O)CCNC(=O)[C@H]([C@@H](C)CC)N(C)C(=O)[C@@H](CC(C)C)NC(=O)CCNC(=O)[C@@H](NC(=O)[C@@H](CC(C)C)N(C)C(=O)[C@@H](NC(=O)C[S+](C)[O-])C(C)C)[C@@H](C)OC(=O)[C@@H]([C@@H](C)CC)N(C)C(=O)[C@@H](CC(C)C)NC(=O)CCNC(=O)[C@H](C)N(C)C(=O)[C@H](C(C)C)N(C)C1=O,6.376233333333332,6.316804880952376,6.3465191071428535
CNC(Cc1cc(Br)c(OCCCN(C)C)c(Br)c1)C(=O)N(C)CCCOc1c(Br)cc(CCN(C)C)cc1Br,6.536266666666664,6.156341498917743,6.346304082792203
C[N+](C)(C)C[C@H](c1c[nH]c2cc(Br)ccc12)c1c(O)c(NC(=O)CS(=O)(=O)[O-])c2c3c(nccc13)C=CN2,6.35618888888889,6.336211091269839,6.346199990079365
C[N+](C)(C)C[C@@H](c1c[nH]c2cc(Br)ccc12)c1c(O)c(NC(=O)CS(=O)(=O)[O-])c2c3c(nccc13)C=CN2,6.35618888888889,6.336211091269839,6.346199990079365
COC1(CC2C(=O)N[C@@H](c3ccc(O)cc3)CC(=O)O[C@@H](C)C[C@@H](C)/C=C(\C)C[C@H](C)C(=O)N[C@@H](C)C(=O)N2C)OC(=O)Nc2ccccc21,6.456411111111119,6.235955456349201,6.346183283730159
COC1(C[C@@H]2C(=O)N[C@@H](c3ccc(O)cc3)CC(=O)O[C@@H](C)C[C@@H](C)/C=C(\C)C[C@H](C)C(=O)N[C@@H](C)C(=O)N2C)OC(=O)Nc2ccccc21,6.456411111111119,6.235955456349201,6.346183283730159
CO[C@H](c1ccc(O)cc1)[C@H]1NC(=O)[C@H](CCC(N)=O)N(C)C(=O)[C@H](CC(C)C)NC(=O)[C@@H](CCCNC(=N)N)NC(=O)[C@@H]([C@@H](C)O)NC(=O)[C@H](NC(=O)[C@@H](NC(=O)[C@H](O)[C@H](O)[C@H](CCCNC(=N)N)NC(=O)[C@@H](C)NC(=O)[C@H](C)[C@H](O)[C@H](C)CC(C)C)[C@@H](C)[C@@H](C)C(N)=O)[C@@H](C)OC(=O)[C@@H]2CCCCN2C1=O,6.3880888888888885,6.303933432539677,6.346011160714283
CC[C@H](C)[C@H]1C(=O)O[C@H](C(C)C)C(=O)N(C)[C@@H](C)C(=O)N(C)[C@@H](CC(C)C)C(=O)N(C)[C@@H](C(C)C)C(=O)N2CCC[C@H]2C(=O)N[C@@H](C(C)C)C(=O)N[C@H](CC)[C@H](C)C(=O)N[C@@H](CC(C)C)C(=O)N1C,6.446935555555556,6.244447119708995,6.345691337632275
CCCCCC/C=C\CC(=O)N[C@@H](Cc1ccc(O)cc1)[C@@H](O)CC(=O)N[C@H](C(=O)N[C@@H](CO)[C@@H](O)CC(=O)N[C@H](C(=O)N[C@@H]1/C=C/C(=O)N(C)[C@@H](C(C)C)C(=O)N(C)[C@@H](Cc2ccc(O)cc2)C(=O)OC1)C(C)C)C(C)C,6.31447222222222,6.376606230158729,6.345539226190475
CC[C@H](C)[C@H]1C(=O)NCCC(=O)N[C@H](C(C)C)C(=O)N(C)[C@@H](C(C)C)C(=O)N(C)[C@@H](C)C(=O)NCCC(=O)N[C@H](CC(C)C)C(=O)N(C)[C@H]([C@@H](C)CC)C(=O)O[C@H](C)[C@H](NC(=O)[C@@H](CC(C)C)N(C)C(=O)[C@@H](NC(=O)C[S+](C)[O-])C(C)C)C(=O)NCCC(=O)N[C@H](CC(C)C)C(=O)N1C,6.374138888888887,6.316804880952376,6.345471884920632
CC[C@H]1C=CCC[C@@]2(C[C@@H]3CC[C@@H]4C(C(=O)OCCCCCCCCCCCCC(=O)OC)[C@]5(CCC[C@@H](C)O5)NC(=N2)N34)O1,6.235505555555555,6.454903415704666,6.345204485630111
CCC(=O)N(C)CCc1ccc(OCCCNC(=O)Cc2ccc(O)cc2)c(Br)c1,6.270211111111111,6.42019743145743,6.3452042712842704
C/C1=C\[C@H](C)C[C@H](C)OC(=O)C[C@H](c2ccc(O)cc2)NC(=O)[C@@H](Cc2ncnc3ccccc23)N(C)C(=O)C(C)NC(=O)[C@@H](C)C1,6.282030000000003,6.408284563492059,6.345157281746031
CN[C@H](C(=O)N[C@H](C(=O)N[C@@H]1C(=O)N(C)[C@@H]([C@@H](C)O)C(=O)N[C@@H](C(C)C)C(=O)N(C)[C@@H](CC(C)C)C(=O)N[C@@H](C(C)C)C(=O)N(C)[C@@H](C(C)C)C(=O)N(C)[C@@H](Cc2c[nH]c3cccc(OC)c23)C(=O)N[C@@H](C(C)C)C(=O)NC([C@H](O)c2ccccc2)C(=O)N[C@@H](C(C)C)C(=O)O[C@@H]1C)C(C)C)C(C)C,6.460305555555554,6.229890224867721,6.345097890211638
COc1c(Br)c(Br)cc(Br)c1Oc1cc(Br)cc(Br)c1O,6.137282222222223,6.551576960678212,6.344429591450218
COc1c(Br)cc(Br)c(Br)c1Oc1cc(Br)cc(Br)c1O,6.137282222222223,6.551576960678212,6.344429591450218
COc1c(Br)cc(Br)cc1Oc1c(Br)cc(Br)c(Br)c1O,6.137282222222223,6.551576960678212,6.344429591450218
Oc1c(Br)cc(Br)cc1Oc1c(Br)ccc(Br)c1O,6.226497777777779,6.462157428210682,6.34432760299423
CC[C@H]1C=CCC[C@@]2(C[C@@H]3CC[C@@H]4C(C(=O)OCCCCCCCCCCCCCCC(=O)OC)[C@]5(CCC[C@@H](C)O5)NC(=N2)N34)O1,6.2337388888888885,6.454903415704666,6.344321152296777
CC[C@H]1C=CCC[C@@]2(C[C@@H]3CC[C@@H]4C(C(=O)OCCCCCCCCCCCCCC(=O)OC)[C@]5(CCC[C@@H](C)O5)NC(=N2)N34)O1,6.233672222222222,6.454903415704666,6.344287818963444
CC[C@H](C)[C@H]1C(=O)N2CCC[C@H]2C(=O)O[C@H](C(C)(C)C)C[C@@H](C)C[C@H](O)[C@H](C)C2=N[C@@H](/C=C(\C)C(=O)N[C@@H](Cc3ccc(OC)cc3)C(=O)N(C)[C@@H](C)C(=O)N1C)CS2,6.58982777777778,6.098659570105815,6.344243673941797
CCCC(=O)N(C)[C@H](C(=O)N1CCC[C@H]1C(=O)N(C)[C@@H](Cc1ccccc1)C(=O)N[C@@H](CC(C)C)C(=O)N(C)[C@H](C(=O)N(C)Cc1nccs1)C(C)C)C(C)C,6.460157777777782,6.228314017857144,6.344235897817463
CCCCC[C@H](O[C@@H]1OC[C@H](O[C@@H]2OC[C@H](O)[C@H](O[C@@H]3OC[C@H](OC(C)=O)[C@H](OC(C)=O)[C@H]3OC(C)=O)[C@H]2O)[C@H](O)[C@H]1O)[C@@H](CCCCCCCC(=O)CCCCCCCCCCCC(=O)NCCCCN(C)C)OC(C)=O,6.465855555555553,6.222581455627704,6.344218505591629
CC[C@H](C)[C@H]1C(=O)N(C)[C@@H](C)C(=O)N(C)CC(=O)N(C)[C@@H](CC(C)C)C(=O)N2CCC[C@H]2C(=O)N(C)[C@@H](Cc2ccc(OC)cc2)C(=O)N[C@@H](C)C(=O)N(C)[C@@H](C(C)C)C(=O)N(C)[C@@H](CC(C)C)C(=O)N1C,6.493427777777778,6.194940505952384,6.344184141865081
COCC(=O)N[C@@H](C(=O)N1NCCC[C@H]1C(=O)N[C@@H](Cc1ccccc1)[C@@H](O)[C@H](C)C(=O)NC1CCN(C(N)=O)C1=O)[C@H](O)C(C)C,6.219472222222224,6.468711230158728,6.344091726190476
COC1/C=C/C=C/CC/C=C/C=C/C(=O)NC(C(O)C(=O)O)C(=O)OC(C(NC(=O)C(C)C(O)CCC(C)C(OC)/C(C)=C/C(C)C(O)C(CC(C)C)NC(=O)/C=C/C(C)(C)C(=O)C(C)C(O)C(C)C)C(C)O)C(C)C(O)C/C=C(\C)C(O)C(C)/C=C(\C)C(O)C(C)C(O)CC2CC(C)CC1O2,6.392577777777781,6.295581984126975,6.344079880952378
C#CCCC[C@H]1OC(=O)[C@H](C(C)C)NC(=O)[C@@H]2CCCN2C(=O)[C@@H]2CCCN2C(=O)[C@@H](C(C)C)OC(=O)[C@H](C(C)C)N(C)C(=O)[C@H](C(C)C)N(C)C(=O)[C@H](C)N(C)C(=O)[C@H]([C@@H](C)CC)NC(=O)C1(C)C,6.441688888888891,6.2453981911375624,6.3435435400132265
CCC(C)(C)C(NC(=O)[C@H](NC(=O)[C@@H]1CCCN1C(=O)[C@H](Cc1ccc(Br)cc1)NC(=O)[C@@H](C)NC=O)C(C)(C)C)C(=O)N[C@H](Cc1c[nH]c2ccccc12)C(=O)N[C@@H](CCCNC(=N)N)C(=O)N[C@H](CS(=O)(=O)[O-])C(=O)NC1C(=O)N(C)C(CCC(N)=O)C(=O)N[C@H](C(C)C)C(=O)N2CCC[C@H]2C(=O)N[C@H](CC(N)=O)C(=O)O[C@@H]1C.[Na+],6.300455555555555,6.386609728835976,6.343532642195766
COc1cc(CCN(C)C)c2c(c1O)SSc1c(CCN(C)C)cc(OC)c(O)c1SS2,6.487335555555557,6.199029394300144,6.3431824749278505
C=CC(C)(C)n1cc(C(O)[C@@H]2NC(=O)[C@H]([C@H](C)C=C(C)C)NC(=O)[C@H](CC(C)C)N(C)C(=O)[C@H](C(C)C)NC(=O)[C@H]([C@H](OC)c3ccccc3)NC(=O)[C@H](C)NC(=O)[C@H](C[C@@H](C)CO)N(C)C2=O)c2ccccc21,6.309555555555555,6.376779265873012,6.343167410714283
CCCC(=O)N[C@H](C(=O)N[C@@H]1C(=O)N[C@@H](CCCCN)C(=O)N[C@H]2CC[C@@H](O)N(C2=O)[C@@H]([C@@H](C)CC)C(=O)N(C)[C@@H](Cc2ccc(OC)c(Br)c2)C(=O)N[C@@H](C(C)C)C(=O)O[C@@H]1C)C(C)C,6.373355555555554,6.312676031746028,6.343015793650791
CC[C@@H](C)[C@H]1NC(=O)CCNC(=O)[C@H]([C@@H](C)CC)N(C)C(=O)[C@@H](CC(C)C)NC(=O)CCN(C)C(=O)[C@@H](NC(=O)[C@@H](CC(C)C)N(C)C(=O)[C@@H](NC(C)=O)C(C)C)[C@@H](C)OC(=O)[C@@H]([C@@H](C)CC)N(C)C(=O)[C@@H](CC(C)C)NC(=O)CCNC(=O)[C@H](C)N(C)C(=O)[C@H](C(C)C)N(C)C1=O,6.369027777777779,6.316804880952376,6.342916329365078
CCC[C@@H](CC[C@@H](C)[C@@H]1OC(=O)[C@H](C)NC(=O)[C@H]([C@@H](C)CCO)N(C)C(=O)[C@]2(C)CSC(=N2)[C@H](C)NC(=O)C1(C)C)OC,6.454599999999998,6.230584853294849,6.342592426647424
CCC(C)[C@H]1C(=O)NCCC(=O)N[C@H](C(C)CC)C(=O)N(C)[C@@H](C(C)CC)C(=O)N(C)[C@@H](C)C(=O)N[C@@H](C)C(=O)N[C@H](CC(C)C)C(=O)N(C)[C@H](CC(C)C)C(=O)O[C@H](C)[C@H](NC(=O)[C@@H](CC(C)C)N(C)C(=O)[C@@H](NC(=O)COC)C(C)C)C(=O)N(C)CCC(=O)N[C@H](C(C)C)C(=O)N1C,6.362227777777778,6.32258765873016,6.342407718253969
CC[C@H](C)[C@H]1C(=O)N2CCC[C@H]2C(=O)O[C@H]([C@@H](C)CC(C)(C)C)C[C@@H](C)C[C@H](O)[C@H](C)C2=N[C@@H](/C=C(\C)C(=O)N[C@@H](Cc3ccc(OC)cc3)C(=O)N(C)[C@@H](C)C(=O)N1C)CS2,6.584661111111112,6.098659570105815,6.341660340608463
CCO[C@H](C(N)=O)[C@@H]1NC(=O)[C@H](CCC(N)=O)N(C)C(=O)[C@H](CC(C)C)NC(=O)[C@@H](CCCCN)NC(=O)[C@@H]([C@@H](C)O)NC(=O)[C@H](NC(=O)[C@@H](NC(=O)[C@H](O)[C@H](O)[C@H](CCC(N)=O)NC(=O)[C@H](NC(=O)[C@H](C)[C@H](O)[C@H](C)CC(C)C)[C@H](O)C(=O)O)[C@@H](C)[C@@H](C)C(N)=O)[C@@H]([C@H](C)C(C)C)OC(=O)[C@@H]2CCCCN2C(=O)[C@@H](CC(=O)O)NC1=O,6.2968,6.386438273809521,6.341619136904761
COC1=C(Br)[C@H](O)[C@@]2(C=C1Br)CC(C(=O)CC[C@H](O)c1cc(Br)c(OCCCNC(=O)C3=NO[C@]4(C=C(Br)C(OC)=C(Br)[C@@H]4O)C3)c(Br)c1)=NO2,6.51129111111111,6.17192437169312,6.341607741402115
CCCCCC/C=C\CC(=O)N[C@@H](Cc1ccccc1)[C@@H](O)CC(=O)N[C@H](C(=O)N[C@@H](CO)[C@@H](O)CC(=O)N[C@H](C(=O)N[C@@H]1/C=C/C(=O)N(C)[C@@H](C(C)C)C(=O)N(C)[C@@H](Cc2ccc(O)cc2)C(=O)OC1)C(C)C)C(C)C,6.304972222222222,6.376606230158729,6.340789226190475
CC(=O)N[C@@H](CO)COc1ccc([C@@H](O)CNC(=O)[C@@H](O)CCC[C@H](O)[C@H]2O[C@H]2CCCCCCC[C@H](O)CCCCCCCCCCCCOC[C@@H](N)CO)cc1,6.317955555555554,6.362951866341991,6.340453710948772
CCC(C)[C@H](NC(=O)[C@H](C(C)C)N(C)C(=O)[C@H](C(C)C)N(C)C(=O)[C@H](C(C)C)N(C)C(=O)[C@@H](NC(=O)[C@H](C(C)C)N(C)C(=O)[C@H]([C@H](C)O)N(C)C(=O)[C@@H](NC(=O)[C@H](C)N)[C@H](C)O)C(C)C)C(=O)N(C)[C@H](C(=O)N(C)CC(=O)Nc1ccccc1C(=O)O)C(C)C,6.459022222222222,6.21706821428571,6.338045218253966
CNCCCCN(C)CCCNC(=O)/C(Cc1cc(Br)c(OC)c(Br)c1)=N/O,6.462654444444441,6.213296914682533,6.3379756795634865
CCCCCC/C=C\CC(=O)N[C@@H](Cc1ccccc1)C(=O)N[C@H](C(=O)N[C@@H](CO)[C@@H](O)CC(=O)N[C@H](C(=O)N[C@@H]1/C=C/C(=O)N(C)[C@@H](C(C)C)C(=O)N(C)[C@@H](Cc2ccc(O)cc2)C(=O)OC1)C(C)C)C(C)C,6.298505555555553,6.376606230158729,6.337555892857141
O=S(=O)(O)OCCc1cc(O)c(O)c(Br)c1Cc1cc(O)c(O)c(Br)c1Br,6.361088888888892,6.313785368686871,6.337437128787881
C/C1=C\[C@H](C)C[C@H](C)OC(=O)C[C@H](c2ccc(O)cc2)NC(=O)[C@@H](Cc2c(Br)[nH]c3ccccc23)N(C)C(=O)[C@H](C)NC(=O)[C@@H](C)C1O,6.3889000000000005,6.2858152248677195,6.33735761243386
CCCC(=O)N[C@@H](CC(C)C)[C@H](O)CC(=O)OC[C@@H](O)c1nc(C(=O)O[C@@H](CCCC(C)(Cl)Cl)[C@H](C)C(=O)O[C@H](c2nc(C(=O)OC)cs2)C(C)(C)O)cs1,6.282911111111116,6.390735138888885,6.3368231250000004
CC[C@H](C)[C@H]1C(=O)N(C)[C@@H](C(C)C)C(=O)N(C)[C@@H](COC)C(=O)N2CCC[C@H]2C(=O)N(C)[C@@H](C(C)C)C(=O)N2CCC[C@H]2C(=O)O[C@H](C(C)C)CCCC[C@@H](O)[C@@H](C)C(=O)O[C@H](C)[C@@H](C)C/C=C(C)/C(OC)=C\C(=O)N1C,6.45163333333333,6.221991307118803,6.336812320226066
COC1=C(Br)C[C@]2(OC=C1Br)ON=C(C(=O)NCCCOc1c(Br)cc(CCNC(C)=O)cc1Br)[C@@H]2OC(C)=O,6.629783333333328,6.042687546296296,6.336235439814812
CC(C)[C@@H](NC(=O)[C@@H]1CCCN1C(=O)[C@H](Cc1ccc(Br)cc1)NC(=O)[C@@H](C)NC=O)C(=O)N[C@H](C(=O)N[C@H](Cc1c[nH]c2ccccc12)C(=O)N[C@@H](CCCNC(=N)N)C(=O)N[C@H](COS(=O)(=O)[O-])C(=O)N[C@H](C(=O)N(C)[C@@H](CCC(N)=O)C(=O)N[C@H](Cc1ccccc1)C(N)=O)[C@@H](C)O)C(C)(C)C.[Na+],6.3701444444444455,6.301890575396827,6.336017509920636
CCCCCCCCCCCCCCCCCC(=O)NCC(O)c1cc(Br)c(OCCCNC(=O)C2=NO[C@@]3(CC(Br)=C(OC)C(Br)=CO3)[C@H]2O)c(Br)c1,6.337794444444442,6.334074451058199,6.33593444775132
CC[C@@H](C)[C@@H]1OC(=O)[C@@H](C)[C@@H](CC)NC(=O)[C@H](C)NC(=O)C(C)(C)C(=O)[C@@H](C)NC(=O)[C@H](Cc2ccccc2)N(C)C(=O)[C@H](C(C)C)N(C)C(=O)CNC(=O)[C@H](CC(C)C)N(C)C(=O)CNC1=O,6.413416666666668,6.258231319444441,6.335823993055555
CC[C@@H](C)[C@@H]1OC(=O)[C@@H](C)[C@@H](CC)NC(=O)[C@H](C)NC(=O)C(C)(C)C(=O)[C@H](C)NC(=O)[C@H](Cc2ccccc2)N(C)C(=O)[C@H](C(C)C)N(C)C(=O)CNC(=O)[C@H](CC(C)C)N(C)C(=O)CNC1=O,6.413416666666668,6.258231319444441,6.335823993055555
CCCCC/C=C\CCCCCCCCCCCC(=O)NCC(O)c1cc(Br)c(OCCCNC(=O)C2=NO[C@@]3(CC(Br)=C(OC)C(Br)=CO3)[C@H]2O)c(Br)c1,6.3372055555555535,6.334074451058199,6.335640003306876
CC[C@@H]1CCCC[C@@H](O)[C@@H](C)C(=O)O[C@H](C)[C@@H](C)C/C=C(C)/C(OC)=C\C(=O)N(C)[C@@H]([C@@H](C)CC)C(=O)N(C)[C@@H](C(C)C)C(=O)N(C)[C@@H](COC)C(=O)N2CCC[C@H]2C(=O)N(C)[C@@H](C(C)C)C(=O)N2CCC[C@H]2C(=O)O1,6.448999999999997,6.221991307118803,6.3354956535594
COC1=C(Br)[C@H](O)[C@]2(CC(C(=O)NCCCOc3c(Br)cc(CCNS(=O)(=O)O)cc3Br)=NO2)CC1Br,6.495983333333336,6.1747861772486745,6.335384755291005
CSCC[C@@H]1NC(=O)[C@@H]2CCCN2C(=O)[C@@H]2CCCN2C(=O)[C@H](CC[S+](C)[O-])NC(=O)c2csc(n2)[C@H](Cc2ccccc2)NC(=O)[C@@H]2CCCN2C1=O,6.389452222222223,6.2809435019841295,6.335197862103176
C=CC(C)(C)n1cc([C@@H](O)[C@@H]2NC(=O)[C@H]([C@H](C)C=C(C)C)NC(=O)[C@H](CC(C)C)N(C)C(=O)[C@H](C(C)C)NC(=O)[C@H]([C@H](OC)c3ccccc3)NC(=O)[C@H](C)NC(=O)[C@H](C[C@@H](C)CO)NC2=O)c2ccccc21,6.295844444444442,6.373766468253964,6.334805456349203
C/C=C1\NC(=O)C(O)C(CCC(C)CC)NC(=O)C(CC(N)=O)NC(=O)C(Cc2ccc(O)c(Br)c2)NC(=O)C2CCCN2C(=O)C(C(C)OC)NC(=O)C(C(O)C(N)=O)NC(=O)CN(C)C1=O,6.342466666666667,6.327099761904759,6.334783214285713
COCC(=O)N[C@@H](C(=O)N1N=CCC[C@H]1C(=O)N[C@@H](Cc1ccccc1)[C@@H](O)[C@H](C)C(=O)N[C@H]1CCNC1=O)[C@H](O)C(C)C,6.270500000000003,6.398947837301588,6.334723918650795
CCCCCCCCCCC/C=C/[C@@H](O)[C@H](COP(=O)(O)O[C@@H]1[C@H](O)[C@H](O[C@]2(C(=O)O)C[C@H](O)C(NC(=O)CO)[C@H]([C@H](O)[C@H](O)COC)O2)[C@@H](O)[C@H](O)[C@H]1O)NC(=O)CCCCCCCCCCCCCCCCCCCCC,6.172311111111113,6.496800873015867,6.33455599206349
CC[C@H](C)[C@H]1NC(=O)[C@@H](NC(=O)[C@@H](CC(C)C)NC)[C@@H](C)OC(=O)[C@H](Cc2ccc(OC)cc2)N(C)C(=O)C2CCCN2C(=O)[C@H](CC(C)C)NC(=O)[C@@H](C)C(=O)[C@H](C(C)C)OC(=O)C[C@@H]1C,6.464066666666665,6.20496681216931,6.334516739417987
CC[C@@H]1C=CCC[C@]2(C[C@H]3CC[C@H]4[C@@H](C(=O)OCCCCCCCCCCCCCCCC(=O)N(CCCCN)CCCNC(=N)N)[C@@]5(CCC[C@H](C)O5)NC(=N2)N34)O1,6.359483333333331,6.309447420634919,6.3344653769841255
CC[C@@H]1C=CCC[C@]2(C[C@H]3CC[C@H]4[C@@H](C(=O)OCCCCCCCCCCCCCCCC(=O)N(CCCN)CCCCNC(=N)N)[C@@]5(CCC[C@H](C)O5)NC(=N2)N34)O1,6.359483333333331,6.309447420634919,6.3344653769841255
CC[C@H](C)[C@H]1C(=O)N(C)[C@@H](C(C)C)C(=O)N(C)[C@@H](COC)C(=O)N2CCC[C@H]2C(=O)N(C)[C@@H](C(C)C)C(=O)N2CCC[C@H]2C(=O)O[C@H](C(C)C)CCC[C@@H](O)[C@@H](C)C(=O)O[C@H](C)[C@@H](C)C/C=C(\C)C(OC)=CC(=O)N1C,6.44673333333333,6.221991307118803,6.334362320226067
CC(C)C[C@H]1NC(=O)[C@@H](CO)NC(=O)[C@H](C(C)C)NC(=O)[C@H](CCNC(=O)c2ccc(O)cc2)NC(=O)[C@@H]2C[C@@H](OS(=O)(=O)[O-])CN2C(=O)[C@H](C(C)C)NC(=O)[C@@H](CCCCNC(=N)N)NC1=O.[Na+],6.3917855555555585,6.276850555555553,6.334318055555556
C[S+]([O-])CC[C@@H]1NC(=O)c2csc(n2)[C@H](Cc2ccccc2)NC(=O)[C@@H]2CCCN2C(=O)[C@H](CCS(C)(=O)=O)NC(=O)[C@@H]2CCCN2C(=O)[C@@H]2CCCN2C1=O,6.3876911111111125,6.2809435019841295,6.3343173065476215
CC/C=C/[C@@H]1CC[C@]2(C[C@H]3CC[C@H]4[C@@H](C(=O)OCCCCCCCCCCCCCCCC(=O)N(CCCN)CCCCN)[C@@]5(CCC[C@H](CCC)O5)NC(=[N+]34)N2)O1,6.29871111111111,6.3697529497354495,6.33423203042328
CCC[C@H]1CCC[C@]2(NC3=[N+]4[C@H](CC[C@H]4[C@H]2C(=O)OCCCCCCCCCCCCCCCC(=O)N(CCCN)CCCCN)C[C@]2(CCC=C[C@@H](CC)O2)N3)O1,6.29871111111111,6.3697529497354495,6.33423203042328
CCCC(=O)N[C@@H](CC(C)C)[C@@H](CC(=O)OC[C@@H](O)c1nc(C(=O)O[C@@H](CCCC(C)(Cl)Cl)[C@H](C)C(=O)O[C@H](c2nc(C(=O)OC)cs2)C(C)C)cs1)OC(C)=O,6.276105555555557,6.390735138888885,6.333420347222221
CCCCCCCC/C=C\CC(=O)N[C@@H](CO)C(=O)N[C@H](C(=O)N[C@@H](CO)[C@@H](O)CC(=O)N[C@H](C(=O)N[C@@H]1/C=C/C(=O)N[C@@H](C(C)C)C(=O)N(C)[C@@H](Cc2ccc(O)cc2)C(=O)OC1)C(C)C)C(C)C,6.2899722222222225,6.376606230158729,6.333289226190476
CCCCCCCCCCCCCC(=O)NCC(O)c1cc(Br)c(OCCCNC(=O)C2=NO[C@@]3(CC(Br)=C(OC)C(Br)=CO3)[C@H]2O)c(Br)c1,6.332094444444442,6.334074451058199,6.33308444775132
CCCCCCCC1CC(=O)N[C@@H](C(C)C)C(=O)NC(C(O)C(C)C)C(=O)N[C@@H](CCO)C(=O)N[C@H](CC(C)C)C(=O)N[C@@H](CCC(N)=O)C(=O)N(C)[C@@H]([C@@H](C)CC)C(=O)NC(C(O)C(N)=O)C(=O)N[C@@H]([C@@H](C)O)C(=O)N2CCC[C@H]2C(=O)N[C@H](Cc2ccccc2)C(=O)N[C@@H]([C@@H](C)O)C(=O)N1,6.3534666666666695,6.312697341269841,6.333082003968255
CCC[C@H]1NC(=O)[C@H](C)N(C)C(=O)C(C)(C)C(=O)[C@H](C)NC(=O)[C@H](Cc2ccccc2)N(C)C(=O)[C@H](C(C)C)N(C)C(=O)CNC(=O)[C@H](CC(C)C)N(C)C(=O)CNC(=O)[C@H]([C@@H](C)CC)OC(=O)[C@H]1C,6.424394444444446,6.24151991071428,6.332957177579363
CC[C@H](C)[C@@H]1NC(=O)CNC(=O)[C@H](Cc2ccccc2)NC(=O)[C@@H]2CNCCCC[C@@H](C(=O)O)NC(=O)[C@@H]3NC(=O)[C@H]([C@@H](C)O)NC(=O)CNC(=O)[C@H]([C@@H](O)C(=O)O)NC(=O)[C@@H]4CS[C@@H](C)[C@@H](NC(=O)[C@H](CO)NC(=O)[C@H](C)NC(=O)[C@@H](NC(=O)[C@H](CCC(=O)O)[N+](C)(C)C)CS[C@H]3C)C(=O)N[C@@H](CS[C@@H](C)[C@@H](NC(=O)[C@H](C(C)C)NC1=O)C(=O)N[C@@H]([C@@H](C)CC)C(=O)N[C@@H](C(C)C)C(=O)N4)C(=O)N2,6.313377777777778,6.352463670634918,6.332920724206348
COC1/C=C/C=C/CC/C=C/C=C/C(=O)NC(C(O)C(=O)O)C(=O)OC(C(C)C(O)C(NC(=O)C(C)C(O)CCC(C)C(O)/C(C)=C/C(C)(C)C(O)C(CC(C)C)NC(=O)/C=C/C(C)(C)C(=O)C(C)C(O)C(C)C)C(C)O)C/C=C(/C)C(O)C(C)/C=C(\C)C(O)C(C)C(O)CC2CC(C)CC1O2,6.369350000000002,6.295581984126975,6.332465992063488
O=S(=O)(O)OCc1cc(O)c(OS(=O)(=O)OCc2cc(O)c(COS(=O)(=O)O)c(Br)c2Br)c(Br)c1Br,6.39255888888889,6.270227130230888,6.331393009559889
CCCCCCCC(=O)N[C@@H](CO)C(=O)N[C@H](C(=O)N[C@@H](CO)[C@@H](O)CC(=O)N[C@H](C(=O)N[C@@H]1/C=C/C(=O)N[C@@H](C(C)C)C(=O)N(C)[C@@H](Cc2ccc(O)cc2)C(=O)OC1)C(C)C)C(C)C,6.285927777777779,6.376606230158729,6.331267003968254
CC(C)CCCC/C=C\CCCCCCCC(=O)ONCCCOc1c(Br)cc(C/C(=N\O)C(=O)NCCc2c[nH]c(N)n2)cc1Br,6.389977777777774,6.272265634920632,6.331121706349203
CCCCC[C@H](O[C@@H]1OC[C@H](O[C@@H]2OC[C@H](O)[C@H](O[C@@H]3OC[C@H](OC(C)=O)[C@H](OC(C)=O)[C@H]3OC(C)=O)[C@H]2O)[C@H](O)[C@H]1O)[C@@H](CCCCCCCCC(=O)CCCCCCCCCCCC(=O)NCCCCN(C)C)OC(C)=O,6.439555555555554,6.222581455627704,6.331068505591629
CCCCC[C@H](O[C@@H]1OC[C@H](O[C@@H]2OC[C@H](O)[C@H](O[C@@H]3OC[C@H](OC(C)=O)[C@H](OC(C)=O)[C@H]3OC(C)=O)[C@H]2O)[C@H](O)[C@H]1O)[C@@H](CCCCCCCC(=O)CCCCCCCCCCCCC(=O)NCCCCN(C)C)OC(C)=O,6.439555555555554,6.222581455627704,6.331068505591629
CCCCCC[C@H](O[C@@H]1OC[C@H](O[C@@H]2OC[C@H](O)[C@H](O[C@@H]3OC[C@H](OC(C)=O)[C@H](OC(C)=O)[C@H]3OC(C)=O)[C@H]2O)[C@H](O)[C@H]1O)[C@@H](CCCCCCCC(=O)CCCCCCCCCCCC(=O)NCCCCN(C)C)OC(C)=O,6.439555555555554,6.222581455627704,6.331068505591629
CCCCCC[C@H](O[C@@H]1OC[C@H](O[C@@H]2OC[C@H](O)[C@H](O[C@@H]3OC[C@H](OC(C)=O)[C@H](OC(C)=O)[C@H]3OC(C)=O)[C@H]2O)[C@H](O)[C@H]1O)[C@@H](CCCCCCC(=O)CCCCCCCCCCCCC(=O)NCCCCN(C)C)OC(C)=O,6.439555555555554,6.222581455627704,6.331068505591629
CC[C@H](C)[C@H](NC(=O)C(C)(C)NC(=O)[C@@H](NC(=O)[C@H]1CCCN1C(=O)C(C)(C)NC(=O)[C@H](CC(C)C)NC(=O)[C@H](CO)NC(=O)[C@H](C)NC(=O)C(C)(C)NC(=O)C(C)(C)NC(=O)[C@H](CCC(N)=O)NC(=O)C(C)(C)NC(=O)C(C)(C)NC(=O)[C@H](C)NC(=O)[C@H](C)NC(=O)C(C)(C)NC(C)=O)C(C)C)C(=O)N[C@@H](CCC(=O)OC)C(=O)N[C@@H](CCC(N)=O)C(=O)N[C@H](CO)Cc1ccccc1,6.387533333333332,6.274562956349204,6.331048144841268
CC[C@H](C)[C@H](NC(=O)C(C)(C)NC(=O)[C@@H](NC(=O)[C@@H]1CCCN1C(=O)C(C)(C)NC(=O)[C@H](CC(C)C)NC(=O)[C@H](CO)NC(=O)C(C)(C)NC(=O)C(C)(C)NC(=O)C(C)(C)NC(=O)[C@H](CCC(N)=O)NC(=O)C(C)(CC)NC(=O)C(C)(C)NC(=O)[C@H](C)NC(=O)[C@H](C)NC(=O)C(C)(C)NC(C)=O)C(C)C)C(=O)N[C@@H](CCC(=O)OC)C(=O)N[C@@H](CCC(N)=O)C(=O)N[C@H](CO)Cc1ccccc1,6.387533333333332,6.274562956349204,6.331048144841268
CC[C@H](C)[C@H](NC(=O)C(C)(C)NC(=O)[C@H](CC(C)C)NC(=O)[C@@H]1CCCN1C(=O)C(C)(C)NC(=O)[C@H](CC(C)C)NC(=O)[C@H](CO)NC(=O)C(C)(C)NC(=O)C(C)(C)NC(=O)C(C)(C)NC(=O)[C@H](CCC(N)=O)NC(=O)C(C)(C)NC(=O)C(C)(C)NC(=O)[C@H](C)NC(=O)[C@H](C)NC(=O)C(C)(C)NC(C)=O)C(=O)N[C@@H](CCC(=O)OC)C(=O)N[C@@H](CCC(N)=O)C(=O)N[C@H](CO)Cc1ccccc1,6.387533333333332,6.274562956349204,6.331048144841268
CC[C@H](C)[C@H](NC(=O)C(C)(C)NC(=O)[C@@H](NC(=O)[C@@H]1CCCN1C(=O)C(C)(C)NC(=O)[C@H](CC(C)C)NC(=O)[C@H](CO)NC(=O)[C@H](C)NC(=O)C(C)(C)NC(=O)C(C)(C)NC(=O)[C@H](CCC(N)=O)NC(=O)C(C)(CC)NC(=O)C(C)(C)NC(=O)[C@H](C)NC(=O)[C@H](C)NC(=O)C(C)(C)NC(C)=O)C(C)C)C(=O)N[C@@H](CCC(=O)OC)C(=O)N[C@@H](CCC(N)=O)C(=O)N[C@H](CO)Cc1ccccc1,6.387533333333332,6.274562956349204,6.331048144841268
COC1=C(Br)[C@H](O)[C@@]2(C=C1Br)CC(C(=O)NCCCOc1c(Br)cc(CCN(O)C=O)cc1Br)=NO2,6.49288,6.169133300264548,6.331006650132274
COc1ccc(C/C(=N\O)C(=O)NCCc2cc(Br)c(OCCCNC(=O)CCCCCCCCCCCC(C)C)c(Br)c2)cc1Br,6.288588888888884,6.371995099206348,6.3302919940476166
CCCCCC/C=C\CC(=O)N[C@@H](CO)[C@@H](O)CC(=O)N[C@H](C(=O)N[C@@H](CO)[C@@H](O)CC(=O)N[C@H](C(=O)N[C@@H]1/C=C/C(=O)N[C@@H](C(C)C)C(=O)N(C)[C@@H](Cc2ccc(O)cc2)C(=O)OC1)C(C)C)C(C)C,6.2838166666666675,6.376606230158729,6.330211448412698
CN[C@@]12CN3[C@@H](C[C@@H](OC(=O)[C@H](C(C)C)N(C)C)C[C@H]3C)C[C@@]1(O)C(C)(C)[C@@]1(C2)C(=O)Nc2c(C(=O)[C@H]3OC3(C)C)cccc21,6.4202499999999985,6.23971183201058,6.329980916005289
CN[C@]12CN3[C@H](C[C@H](OC(=O)[C@H](C(C)C)N(C)C)C[C@@H]3C)C[C@]1(O)C(C)(C)[C@@]1(C2)C(=O)Nc2c(C(=O)[C@H]3OC3(C)C)cccc21,6.4202499999999985,6.23971183201058,6.329980916005289
CN[C@]12CN3[C@H](C[C@H](OC(=O)[C@H](C(C)C)N(C)C)C[C@@H]3C)C[C@]1(O)C(C)(C)[C@]1(C2)C(=O)Nc2c(C(=O)C3OC3(C)C)cccc21,6.4202499999999985,6.23971183201058,6.329980916005289
CCC[C@H](NC(=O)[C@@H](NC(=O)C(O)C(C)CC)C(C)CC)C(=O)N[C@H]1CCCNC(=O)[C@H](Cc2c(Br)[nH]c3ccc(O)cc23)NC(=O)/C=C/c2coc(n2)[C@H](CC)NC(=O)C(=O)C(CC(C)C)NC(=O)[C@@H]2CCCN2C1=O,6.444811111111111,6.214995317460314,6.329903214285713
CN(C)CCCOc1c(Br)cc(CC(C(=O)N(C)CCCOc2c(Br)cc(CCN(C)C)cc2Br)N(C)C)cc1Br,6.544027777777776,6.115635133477631,6.329831455627703
CC(C)C[C@@H]1NC(=O)[C@@H](NC(=O)[C@@H](NC(=O)[C@H](C)NC(=O)[C@H](CCCc2ccc(O)cc2)NC(=O)[C@H](O)CO)C(C)C)[C@@H](C)OC(=O)[C@H](C(C)C)NC(=O)[C@H](Cc2ccc(O)c(Cl)c2)N(C)C(=O)[C@H]([C@H](C)O)N2C(=O)[C@H](CC[C@H]2O)NC1=O,6.333366666666665,6.32533359126984,6.329350128968253
CCCC[C@H](O[C@@H]1OC[C@@H](O)[C@H](O[C@@H]2OC[C@@H](O[C@@H]3OC[C@H](OC(C)=O)[C@H](OC(C)=O)[C@H]3OC(C)=O)[C@H](O)[C@H]2O)[C@H]1O[C@@H]1OC[C@H](OC(C)=O)[C@H](OC(C)=O)[C@H]1O)[C@@H](O)CCCCCCCC(=O)CCCCCCCCCCCCCC(=O)NCCCCCN(C)C,6.435955555555555,6.222581455627704,6.32926850559163
CC/C=C1/NC(=O)/C=C/[C@H](C(C)C)OC(=O)C(C)(C)[C@H](C[C@H](/C=C/C=C/C/C=C\CCC(C)C)OC)OC(=O)CNC(=O)[C@H](CNC(N)=O)NC(=O)CNC(=O)[C@@H](CCCNC(N)=O)NC1=O,6.42586888888889,6.232575277777772,6.329222083333331
CC(=O)Nc1cc(COCc2ccc(O)c(NC(C)=O)c2)ccc1O,6.3894888888888905,6.268820695165947,6.329154792027419
C/C=C(/C)C(=O)OC[C@H]1C2=C(C[C@H]3[C@@H]4C5=C(C(=O)C(C)=C(OC)C5=O)[C@H](OC)[C@@H]([C@H](O)N13)N4C)C(=O)C(C)=C(OC)C2=O,6.45752777777778,6.2006935995670975,6.329110688672438
Oc1ccc(Br)cc1Oc1ccc(Br)cc1,6.059320000000007,6.598789154401159,6.3290545772005835
CCCCCCCCCCC/C=C/[C@@H](O)[C@H](COP(=O)(O)O[C@@H]1[C@H](O)[C@H](O[C@]2(C(=O)O)C[C@H](O)[C@@H](NC(C)=O)[C@H]([C@H](O)[C@H](O)COC)O2)[C@@H](O)[C@H](O)[C@H]1O)NC(=O)CCCCCCCCCCCCCCCCCCCCCCC,6.1608888888888895,6.496800873015867,6.328844880952378
CO[C@H]1[S+]([O-])/C2=C/C(=O)[C@](C)(O[C@H]3CC[C@H](N(C)C)[C@@H](C)O3)[C@H](O)CC/C(C)=C\[C@@H]3[C@@H](C)[C@](C)(Cl)[C@@H](C[C@H]3O[C@H]3CC[C@H](N(C)C)[C@@H](C)O3)OC(=O)[C@@H]3CSC(=N3)[C@]1(C)N2,6.537438888888886,6.119928895502642,6.328683892195764
CCCCCC/C=C\CC(=O)N[C@@H](Cc1ccccc1)[C@@H](O)CC(=O)N[C@H](C(=O)N[C@@H]1/C=C/C(=O)N[C@@H](C(C)C)C(=O)N(C)[C@@H](Cc2ccc(O)cc2)C(=O)OC1)C(C)C,6.280411111111111,6.376606230158729,6.32850867063492
COC1C/C=C/C=C(\C)C(=O)NC(C(C)C)C(=O)N(C)C(Cc2ccccc2)C(=O)N(C)C(C(C)C)C(=O)N(C)C(C(C)C)C(=O)N2CCCC2C(=O)N(C)C(CC(N)=O)C(=O)N(C)C(C)C(=O)OC(C)CCC/C=C/CC1,6.576811111111112,6.0798107804232755,6.3283109457671936
CCCCCC(O[C@@H]1O[C@H](COC(C)=O)[C@H](O)[C@H](O[C@@H]2O[C@H](CO)[C@H](O)[C@H](O)[C@H]2O)[C@H]1O[C@H]1O[C@@H](CO)[C@H](O)[C@@H](O)[C@@H]1O)C(O)CCCCCCC(=O)CCCCCCCCCCCCC(=O)NCCCCCN(C)C,6.433866666666662,6.222581455627704,6.328224061147184
CC(C)C[C@H]1NC(=O)[C@@H](CO)NC(=O)[C@H](C(C)C)NC(=O)[C@H](CCNC(=O)c2ccc(O)cc2)NC(=O)[C@@H]2[C@H](O)[C@@H](OS(=O)(=O)[O-])CN2C(=O)[C@H](C(C)C)NC(=O)[C@@H](CCCCNC(=N)N)NC1=O.[Na+],6.380574444444446,6.275562777777777,6.328068611111112
O=C(NCCc1ccc(OS(=O)(=O)[O-])c(Br)c1)/C(Cc1cc(Br)c(O)c(Br)c1)=N/O.[Na+],6.552967777777778,6.102350259920637,6.327659018849207
CCC[C@H](C)[C@H]1OC(=O)[C@H](C(C)C)NC(=O)[C@H]([C@@H](O)C(N)=O)NC(=O)[C@H]([C@@H](C)C(N)=O)NC(=O)CNC(=O)[C@H](CO)NC(=O)C[C@H](O)CNC(=O)/C=C/C=C/C[C@H](OC)[C@@H]1C,6.306361111111115,6.348084047619042,6.3272225793650785
COC1=C(Br)C[C@]2(OC=C1Br)ON=C(C(=O)NCCCOc1c(Br)cc(C(OC)OC)cc1Br)[C@@H]2O,6.594060000000002,6.06026845238095,6.327164226190476
CCCCCCCC[C@@H](C)C(=O)N1CCC[C@H]1C(=O)N[C@H](C(=O)NC(C)(C)C(=O)NC(C)(C)C(=O)N[C@H](C(=O)N[C@H](C(=O)NC(C)(C)C(=O)NC(C)(C)C(=O)N[C@@H](C)CN(C)CCO)C(C)C)[C@@H](C)CC)[C@H](C)C[C@H](O)CC(=O)CC,6.499316666666669,6.154711944444444,6.327014305555556
CC/C=C1/NC(=O)/C=C/[C@H](C(C)C)OC(=O)C(C)(C)[C@H](C[C@H](/C=C/C=C/C/C=C\CCCC)OC)OC(=O)CNC(=O)[C@H](CNC(N)=O)NC(=O)CNC(=O)[C@@H](CCCNC(N)=O)NC1=O,6.421235555555559,6.232575277777772,6.326905416666666
CC[C@H]1C=CCC[C@@]2(C[C@@H]3CC[C@H]4[C@@H](C(=O)OCCCCCCCCCCCCCCCC(=O)N(CCCN)CC(O)CCN)[C@@]5(CCC[C@@H](C)O5)NC(=[N+]34)N2)O1.[Cl-],6.260233333333334,6.39338684523809,6.326810089285711
CC[C@H]1C=CCC[C@@]2(C[C@@H]3CC[C@@H]4[C@H](C(=O)OCCCCCCCCCCCCCCCC(=O)N(CCCN)C[C@@H](O)CCN)[C@]5(CCC[C@@H](C)O5)NC(=[N+]34)N2)O1.[Cl-],6.260233333333334,6.39338684523809,6.326810089285711
C/C=C(/C)C(=O)OC[C@H]1C2=C(C[C@H]3[C@H]4C5=C(C(=O)C(C)=C(OC)C5=O)[C@H](O)[C@@H](C(=O)N13)N4C)C(=O)C(C)=C(OC)C2=O,6.452811111111113,6.2006935995670975,6.326752355339105
C/C=C(/C)C(=O)OC[C@H]1C2=C(C[C@@H]3[C@@H]4C5=C(C(=O)C(C)=C(OC)C5=O)[C@@H](O)[C@H](C(=O)N31)N4C)C(=O)C(C)=C(OC)C2=O,6.452811111111113,6.2006935995670975,6.326752355339105
CCCCC[C@H]1OC(=O)[C@H](C(C)C)NC(=O)[C@@H]2CCCN2C(=O)[C@@H]2CCCN2C(=O)[C@@H](C(C)C)OC(=O)[C@H](C(C)C)N(C)C(=O)[C@H](C(C)C)N(C)C(=O)[C@H](C)N(C)C(=O)[C@H]([C@@H](C)CC)NC(=O)C1(C)C,6.406433333333334,6.2453981911375624,6.325915762235448
CN1C(=O)N(C)[C@]2(Oc3c(O)cc4c(c3C3=C2C(=O)c2c(CCN)c[nH]c2C3=O)CC[N+]4(C)C)C1=O,6.141555555555556,6.510105403439152,6.325830479497354
CC(=O)O[C@@H]1[C@@H](O)[C@H](O[C@H]2[C@H](O[C@@H](CC(C)C)[C@@H](O)CCCCCCCC(=O)CCCCCCCCCCCCCC(=O)NCCCCCN(C)C)OC[C@@H](O)[C@@H]2O[C@@H]2OC[C@@H](O[C@@H]3OC[C@H](OC(C)=O)[C@H](OC(C)=O)[C@H]3OC(C)=O)[C@H](O)[C@H]2O)OC[C@@H]1OC(C)=O,6.428472222222221,6.222581455627704,6.325526838924963
COc1cc(CCN(C)C)c2c(c1O)SSc1c(CCN(C)C)c(SC)c(OC)c(OC)c1SSc1c(CCN(C)C)cc(OC)c(O)c1S2,6.4864500000000005,6.1624944141414115,6.324472207070706
CC[C@H](C)[C@@H]1OC(=O)[C@@H](C)[C@@H](CC)NC(=O)[C@H](C)NC(=O)C(C)(C)C(=O)[C@H](C)NC(=O)[C@H](Cc2ccccc2)N(C)C(=O)[C@H](C(C)C)N(C)C(=O)CNC(=O)[C@H]([C@@H](C)CC)N(C)C(=O)CNC1=O,6.424150000000002,6.223975049603171,6.324062524801587
C/C=C(/C)C(=O)OCC1C2=C(C=C3[C@@H]4C5=C(C(=O)C(C)=C(OC)C5=O)[C@H](OC)[C@@H](C(=O)N31)N4C)C(=O)C(C)=C(OC)C2=O,6.511491111111114,6.135193715728715,6.323342413419914
CCC[C@H](O[C@@H]1OC[C@@H](O)[C@H](O[C@@H]2OC[C@@H](O[C@@H]3OC[C@H](OC(C)=O)[C@H](OC(C)=O)[C@H]3OC(C)=O)[C@H](O)[C@H]2O)[C@H]1O[C@@H]1OC[C@H](OC(C)=O)[C@H](O)[C@H]1O)[C@@H](O)CCCCCCCC(=O)CCCCCCCCCCCCCC(=O)NCCCCCN(C)C,6.424099999999999,6.222581455627704,6.323340727813852
Oc1c(Br)cc(Br)cc1Oc1c(O)c(Br)cc(Br)c1Br,6.184038888888887,6.462157428210682,6.323098158549785
Oc1c(Br)cc(Br)cc1Oc1c(Br)cc(Br)c(Br)c1O,6.184038888888887,6.462157428210682,6.323098158549785
CCC(C)(C)[C@H](NC(=O)[C@H](NC(=O)[C@@H]1CCCN1C(=O)[C@H](Cc1ccc(Br)cc1)NC(=O)[C@@H](C)NC=O)C(C)(C)C)C(=O)N[C@H](Cc1c[nH]c2ccccc12)C(=O)N[C@@H](CCCNC(=N)N)C(=O)N[C@H](CS(=O)(=O)O)C(=O)N[C@@H]1C(=O)N(C)[C@@H](CCC(N)=O)C(=O)N[C@H](C(C)C)C(=O)N2CCC[C@H]2C(=O)N[C@H](CC(=O)O)C(=O)O[C@@H]1C,6.271238888888887,6.374596435185181,6.3229176620370335
CCC(C)(C)[C@H](NC(=O)[C@H](NC(=O)[C@@H]1CCCN1C(=O)[C@H](Cc1ccc(Br)cc1)NC(=O)[C@@H](C)NC=O)C(C)C)C(=O)N[C@H](Cc1c[nH]c2ccccc12)C(=O)N[C@@H](CCCNC(=N)N)C(=O)N[C@H](CS(=O)(=O)O)C(=O)N[C@@H]1C(=O)N(C)[C@@H](CCC(N)=O)C(=O)N[C@H](C(C)C)C(=O)N2CCC[C@H]2C(=O)N[C@H](CC(=O)O)C(=O)O[C@@H]1C,6.271238888888887,6.374596435185181,6.3229176620370335
Cc1ccc(C(=O)N[C@@H]2C(=O)N[C@H](C(C)C)C(=O)N3CCC[C@H]3C(=O)N(C)CC(=O)N(C)[C@@H](C(C)C)C(=O)O[C@@H]2C)c2c1Oc1c(c(C(=O)N[C@@H]3C(=O)N[C@H](C(C)C)C(=O)N4CCC[C@H]4C(=O)N(C)CC(=O)N(C)[C@@H](C(C)C)C(=O)O[C@@H]3C)c3ncoc3c1C)N2,6.3640833333333315,6.281279277898027,6.32268130561568
CC[C@H](C)[C@@H]1NC(=O)[C@H](C)N(C)C(=O)[C@H](Cc2ccc(OC)cc2)NC(=O)/C(C)=C/[C@H]2CSC(=N2)[C@@H](C)[C@@H](O)C[C@H](C)C[C@@H](C(C)(C)C)OC(=O)[C@@H]2CCCN2C1=O,6.478172222222224,6.1670077248677195,6.3225899735449715
COC(=O)c1ccccc1C(=O)OCCOCCOC(=O)c1ccccc1C(=O)OCCOCCOC(=O)c1ccccc1C(=O)OCCOCCOC(=O)c1ccccc1C(=O)OCCOCCOC(=O)c1ccccc1C(=O)OCCOCCOC(=O)c1ccccc1C(=O)OCCOCCO,6.252546666666669,6.3921521327561335,6.322349399711401
CCCCCC/C=C\CC(=O)N[C@@H](Cc1ccc(O)cc1)C(=O)N[C@H](C(=O)N[C@@H](CO)[C@@H](O)CC(=O)N[C@H](C(=O)N[C@@H]1/C=C/C(=O)N[C@@H](C(C)C)C(=O)N(C)[C@@H](Cc2ccc(O)cc2)C(=O)OC1)C(C)C)C(C)C,6.267927777777775,6.376606230158729,6.322267003968252
COCC(=O)N[C@@H](C(=O)N1N=CCC[C@H]1C(=O)N[C@@H](Cc1ccccc1)[C@@H](O)[C@H](C)C(=O)N[C@H]1CCN(C(N)=O)C1=O)[C@H](O)C(C)C,6.245427777777781,6.398947837301588,6.3221878075396845
C/C=C1\NC(=O)[C@H](CC(N)=O)N(C)C(=O)[C@H]([C@@H](C)O)NC(=O)[C@H](CCCc2ccc(OC)cc2)NC(=O)[C@H](C(C)C)NC(=O)/C(=C\C)NC(=O)[C@H](O)[C@@H](C[C@@H](O)CCCCCCC)NC(=O)[C@H](C)NC(=O)CN(C)C(=O)[C@H](CCC(N)=O)NC1=O,6.2999166666666655,6.344367678571424,6.322142172619045
COC1=C(Br)C[C@]2(OC=C1Br)ON=C(C(=O)NCCCOc1c(Br)cc(CCNC=C3C(=O)CC(Cl)C3=O)cc1Br)[C@@H]2O,6.549952222222221,6.09375549182299,6.321853857022606
C[N+](C)(C)CCOP(=O)([O-])OC[C@H](O)COC(=O)/C=C/CCCCC[C@H]1O[C@]2(CCCCCCCCCCCCCCOC[C@@H](N)COS(=O)(=O)O)CC[C@@H](O)C1O2,6.432655555555556,6.211013617724866,6.321834586640211
C/C=C(\NC(=O)C(NC(=O)C(NC(=O)C(NC(=O)C(NC(=O)C(O)C(CCCCCCCCCCCCC)O[C@@H]1OC[C@@H](O)[C@@H](O[C@@H]2O[C@H](C(=O)O)[C@H](O)[C@H](O)[C@H]2O)[C@@H]1O)C(C)O)C(C)O)C(C)O)C(O)c1ccc(O)cc1)C(=O)N[C@@H](CCC(N)=O)C(=O)NCC(=O)N(C)C(C(=O)N[C@H](CCC(N)=O)C(=O)O)C(C)O[C@@H]1O[C@H](CO)[C@@H](O)[C@H](O)[C@@H]1O,6.193316666666664,6.449345436507932,6.321331051587299
COC(=O)c1ccccc1C(=O)OCCOCCOC(=O)c1ccccc1C(=O)OCCOCCOC(=O)c1ccccc1C(=O)OCCOCCOC(=O)c1ccccc1C(=O)OCCOCCOC(=O)c1ccccc1C(=O)OCCOCCO,6.249280000000006,6.3921521327561335,6.32071606637807
CC(=O)O[C@@H]1[C@@H](OC(C)=O)[C@H](O[C@@H]2CO[C@@H](O[C@@H]3[C@@H](O[C@@H]4OC[C@H](OC(C)=O)[C@H](O)[C@H]4O)[C@H](OC(CC(C)C)C(O)CCCCCCCC(=O)CCCCCCCCCCCCC(=O)NCCCCCN(C)C)OC[C@H]3O)[C@H](O)[C@H]2O)OC[C@@H]1OC(C)=O,6.418449999999999,6.222581455627704,6.320515727813852
CCCCCC/C=C\CC(=O)N[C@@H](Cc1ccc(O)cc1)[C@@H](O)CC(=O)N[C@H](C(=O)N[C@@H](CO)[C@@H](O)CC(=O)N[C@H](C(=O)N[C@@H]1/C=C/C(=O)N[C@@H](C(C)C)C(=O)N(C)[C@@H](Cc2ccc(O)cc2)C(=O)OC1)C(C)C)C(C)C,6.2642944444444435,6.376606230158729,6.320450337301587
CC[C@H](C)[C@H]1NC(=O)[C@@H](NC(=O)[C@@H](CC(C)C)N(C)C(=O)[C@@H]2CCCN2C(=O)C(C)=O)[C@@H](C)OC(=O)[C@H](Cc2ccc(OC)cc2)N(C)C(=O)[C@H]2CCCN2C(=O)[C@H](CC(C)C)NC(=O)[C@@H](C)C(=O)[C@H](C(C)C)OC(=O)C[C@@H]1O,6.453855555555555,6.187039867724864,6.32044771164021
CC/C=C1/NC(=O)/C=C/[C@H]([C@@H](C)CC)OC(=O)C(C)(C)[C@H](C[C@H](/C=C/C=C/C/C=C\CCC(C)C)OC)OC(=O)CNC(=O)[C@H](CNC(N)=O)NC(=O)CNC(=O)[C@@H](CCCNC(=O)NS(=O)(=O)[O-])NC1=O.[Na+],6.407757777777775,6.232575277777772,6.320166527777774
CCCCCCCCCC(=O)N[C@@H](Cc1ccc(O)cc1)C(=O)N[C@H](C(=O)N[C@@H](CO)[C@@H](O)CC(=O)N[C@H](C(=O)N[C@@H]1/C=C/C(=O)N[C@@H](C(C)C)C(=O)N(C)[C@@H](Cc2ccc(O)cc2)C(=O)OC1)C(C)C)C(C)C,6.263372222222221,6.376606230158729,6.319989226190475
CCCCC[C@H](O[C@@H]1OC[C@@H](O)[C@H](O[C@@H]2OC[C@@H](O[C@@H]3OC[C@H](OC(C)=O)[C@H](OC(C)=O)[C@H]3OC(C)=O)[C@H](O)[C@H]2O)[C@H]1O[C@@H]1OC[C@H](OC(C)=O)[C@H](OC(C)=O)[C@H]1O)[C@@H](O)CCCCCCCC(=O)CCCCCCCCCCCCCC(=O)NCCCCCN(C)C,6.417288888888889,6.222581455627704,6.319935172258297
CC[C@H](C)[C@@H](C(=O)N[C@@H](CC(C)C)C(=O)O)N(C)C(=O)[C@H](Cc1ccccc1)N(C)C(=O)[C@H](C(C)C)N(C)C(=O)[C@H](C(C)C)N(C)C(=O)[C@@H]1CCCN1C(=O)[C@H](C(C)C)N(C)C(=O)[C@@H](NC(=O)[C@@H](NC(=O)[C@@H](NC(=O)[C@H](C(C)C)N(C)C(=O)[C@H](C)NC)C(C)C)[C@@H](C)O)C(C)C,6.5200111111111125,6.119771240079364,6.319891175595238
CO[C@H](c1ccc(O)cc1)[C@@H]1NC(=O)[C@H](CCC(N)=O)N(C)C(=O)[C@H](CC(C)C)NC(=O)[C@@H](CCCNC(=N)N)NC(=O)[C@@H]([C@@H](C)O)NC(=O)[C@H](NC(=O)[C@@H](NC(=O)[C@H](O)[C@H](O)[C@H](CCCNC(=N)N)NC(=O)[C@H](CC(N)=O)NC(=O)[C@H](C)[C@H](O)[C@H](C)CC(C)C)[C@@H](C)[C@@H](C)C(N)=O)[C@@H](C)OC(=O)[C@@H]2CCCCN2C(=O)[C@@H](CC(N)=O)NC1=O,6.372038888888889,6.267686468253963,6.319862678571425
COC(c1ccc(O)cc1)C1NC(=O)[C@H](CCC(N)=O)N(C)C(=O)[C@H](CC(C)C)NC(=O)[C@@H](CCCNC(=N)N)NC(=O)[C@@H]([C@@H](C)O)NC(=O)[C@H](NC(=O)[C@@H](NC(=O)C(O)C(O)[C@H](CCCNC(=N)N)NC(=O)[C@H](CC(N)=O)NC(=O)C(C)C(O)C(C)CC(C)C)[C@@H](C)[C@@H](C)C(N)=O)[C@@H](C)OC(=O)[C@@H]2CCCCN2C(=O)[C@@H](CC(N)=O)NC1=O,6.372038888888889,6.267686468253963,6.319862678571425
C/C=C(/C)C(=O)OC[C@H]1C2=C(C[C@@H]3[C@@H]4C5=C(C(=O)C(C)=C(OC)C5=O)[C@@H](O)[C@H](CN31)N4C)C(=O)C(C)=C(OC)C2=O,6.43801666666667,6.201669452741703,6.319843059704186
C/C=C(/C)C(=O)OC[C@H]1C2=C(C[C@H]3[C@H]4C5=C(C(=O)C(C)=C(OC)C5=O)[C@H](O)[C@@H](CN13)N4C)C(=O)C(C)=C(OC)C2=O,6.43801666666667,6.201669452741703,6.319843059704186
CCCCCC/C=C\CC(=O)N[C@@H](CC(C)C)C(=O)N[C@H](C(=O)N[C@@H](CO)[C@@H](O)CC(=O)N[C@H](C(=O)N[C@@H]1/C=C/C(=O)N[C@@H](C(C)C)C(=O)N(C)[C@@H](Cc2ccc(O)cc2)C(=O)OC1)C(C)C)C(C)C,6.262583333333333,6.376606230158729,6.319594781746031
COC1=C(C)C(=O)C2=C(C1=O)[C@@H]1[C@@H]3CC4=C(C(=O)C(OC)=C(C)C4=O)[C@H](CO)N3[C@@H](CC(C)=O)[C@H](C2)N1C,6.371688888888889,6.266598297258294,6.3191435930735915
CO[C@@H]1C[C@H]([C@H](C)CC(=O)C=C(C)C)[C@@]2(C)CC[C@@]3(O)C(=C12)CCC1C(C)(C)[C@@H](O[C@@H]2OC[C@@H](O[C@@H]4O[C@H](CO)[C@H](O)[C@H](O)[C@H]4NC(C)=O)[C@H](O)[C@H]2O[C@@H]2O[C@H](CO[C@@H]4O[C@H](CO)[C@@H](O)[C@H](O)[C@H]4O[C@@H]4O[C@H](CO)[C@@H](O)[C@H](O)[C@H]4O)[C@@H](O)[C@H](O)[C@H]2NC(C)=O)CC[C@@]13C,6.376238888888889,6.261833789682536,6.319036339285712
CO[C@H]1C[C@H]([C@H](C)CC(=O)C=C(C)C)[C@@]2(C)CC[C@@]3(O)C(=C12)CCC1C(C)(C)[C@@H](O[C@@H]2OC[C@@H](O[C@@H]4O[C@H](CO)[C@H](O)[C@H](O)[C@H]4NC(C)=O)[C@H](O)[C@H]2O[C@@H]2O[C@H](CO[C@@H]4O[C@H](CO)[C@@H](O)[C@H](O)[C@H]4O[C@@H]4O[C@H](CO)[C@@H](O)[C@H](O)[C@H]4O)[C@@H](O)[C@H](O)[C@H]2NC(C)=O)CC[C@@]13C,6.376238888888889,6.261833789682536,6.319036339285712
CCC[C@H](NC(=O)[C@@H](NC(=O)[C@@H](O)[C@@H](C)CC)C(C)CC)C(=O)N[C@H]1CCCNC(=O)[C@H](Cc2c(Br)[nH]c3ccc(O)cc23)NC(=O)/C=C/c2coc(n2)[C@H](C)NC(=O)C(=O)[C@H](CC(C)C)NC(=O)[C@@H]2CCCN2C1=O,6.4229722222222225,6.214995317460314,6.318983769841268
CC[C@H]1C=CCC[C@@]2(C[C@@H]3CC[C@@H]4[C@H](C(=O)OCCCCCCCCCCCCCC(=O)OC)[C@]5(CCC[C@@H](C)O5)NC(=[N+]34)N2)O1,6.19662222222222,6.440619447450696,6.318620834836458
CCCCCC/C=C\CC(=O)N[C@H](C(=O)N[C@@H](CO)[C@@H](O)CC(=O)N[C@H](C(=O)C(O)[C@H](N)[C@@H](O)CC(=O)N[C@H](C(=O)N[C@@H]1/C=C/C(=O)N[C@@H](C(C)C)C(=O)N(C)[C@@H](Cc2ccc(O)cc2)C(=O)OC1)C(C)C)C(C)C)C(C)C,6.26158888888889,6.375538015873015,6.318563452380952
CCC(C)C(O)C(=O)N[C@H](C(=O)N[C@@H](CC)C(=O)N[C@H]1CCCNC(=O)[C@H](Cc2c(Br)[nH]c3ccc(O)cc23)NC(=O)/C=C/c2coc(n2)[C@H](CC)NC(=O)C(=O)C(CC(C)C)NC(=O)[C@@H]2CCCN2C1=O)C(C)CC,6.4221055555555555,6.214995317460314,6.318550436507935
CO[C@@H]1C[C@H]([C@H](C)CC(=O)CC(C)(C)O)[C@@]2(C)CC[C@@]3(O)C(=C12)CC[C@H]1C(C)(C)[C@@H](O[C@@H]2OC[C@@H](O[C@@H]4O[C@H](CO)[C@H](O)[C@H](O)[C@H]4NC(C)=O)[C@H](O)[C@H]2O[C@@H]2O[C@H](CO[C@@H]4O[C@H](CO)[C@@H](O)[C@H](O)[C@H]4O[C@@H]4O[C@H](CO)[C@@H](O)[C@H](O)[C@H]4O)[C@@H](O)[C@H](O)[C@H]2NC(C)=O)CC[C@@]13C,6.375105555555556,6.261833789682536,6.318469672619045
CCC(C)C(O)C(=O)N[C@H](C(=O)N[C@@H](CC)C(=O)N[C@H]1CCCNC(=O)[C@H](Cc2c(Br)[nH]c3ccc(O)cc23)NC(=O)/C=C/c2coc(n2)[C@H](C)NC(=O)C(=O)C(CC(C)C)NC(=O)[C@@H]2CCCN2C1=O)C(C)CC,6.421849999999999,6.214995317460314,6.318422658730157
CCCCCC/C=C\CC(=O)N[C@@H](CO)C(=O)N[C@H](C(=O)N[C@H](C(=O)N[C@@H]1/C=C/C(=O)N[C@@H](C(C)C)C(=O)N(C)[C@@H](Cc2ccc(O)cc2)C(=O)OC1)C(C)C)C(C)C,6.260185555555555,6.376606230158729,6.318395892857142
COc1c(Br)cc(C/C(=N\O)C(=O)NCCCOc2c(Br)cc(CCNC(=O)CCCCCCCCCCCC(C)C)cc2Br)c(O)c1Br,6.264699999999998,6.371995099206348,6.318347549603173
CCCCCCCC[C@@H](C)C(=O)N1CCC[C@H]1C(=O)N[C@H](C(=O)NC(C)(C)C(=O)NC(C)(C)C(=O)N[C@H](C(=O)N[C@H](C(=O)NC(C)(C)C(=O)NC(C)(C)C(=O)N[C@@H](C)CN(C)CCO)C(C)C)C(C)C)[C@H](C)C[C@H](O)CC(=O)CC,6.480605555555557,6.154711944444444,6.3176587500000005
Oc1cc(COCc2cc(O)c(O)c(Br)c2)cc(Br)c1O,6.188824444444449,6.446449626623382,6.317637035533915
CO[C@H](c1ccc(O)cc1)[C@H]1NC(=O)[C@H](CCC(N)=O)N(C)C(=O)[C@H](CC(C)C)NC(=O)[C@@H](CCCNC(=N)N)NC(=O)[C@@H]([C@@H](C)O)NC(=O)[C@H](NC(=O)C(NC(=O)[C@H](O)[C@H](O)[C@H](CCCNC(=N)N)NC(=O)[C@H](CC(N)=O)NC(=O)[C@H](C)[C@H](O)[C@H](C)CC(C)C)C(C)C(C)C(N)=O)[C@@H](C)OC(=O)[C@@H]2CCCCN2C1=O,6.3673722222222215,6.267686468253963,6.317529345238093
CC(C)C[C@H]1NC(=O)[C@H](CCC(N)=O)N(C)C(=O)[C@@H](NC(=O)[C@@H](CS(=O)(=O)O)NC(=O)[C@H](CCCNC(=N)N)NC(=O)[C@@H](CC(=O)c2ccccc2N)NC(=O)[C@@H](CC(=O)[C@H](NC(=O)[C@@H]2CCCN2C(=O)[C@H](Cc2ccccc2)NC(=O)[C@@H](C)NC=O)C(C)(C)C)C(C)(C)C)[C@@H](C)OC(=O)CN(C)C(=O)[C@H](CC(N)=O)NC(=O)C([C@@H](C)O)NC1=O,6.350461111111111,6.284561097883594,6.317511104497353
CCCC1NC(=O)[C@H](Cc2ccccc2)N(C)C(=O)[C@@H]2CCCN2C(=O)C(C(C)C)N(C)C(=O)[C@@H]2CCCN2C(=O)[C@H]([C@@H](C)CC)NC(=O)C(C(C)C)N(C)C(=O)[C@@H]2CCCN2C(=O)C(C(C)C)N(C)C(=O)C(C(C)C)N(C)C(=O)[C@H](C(C)C)NC(=O)[C@H](C)NC(=O)[C@@H](C(C)C)OC(=O)C1C,6.3837111111111104,6.251009083994708,6.317360097552909
CCC(C)[C@@H]1NC(=O)[C@@H]2[C@@H](C)CCN2C(=O)[C@@H](C[C@H](O)CCl)OC(=O)CCNC(=O)[C@H](C)N(C)C(=O)[C@H](C(C)C)N(C)C1=O,6.433118888888893,6.201488512566133,6.317303700727512
CCC(C)C[C@@H](C)[C@@H](O)[C@@H](C)C(=O)N[C@@H](CC(N)=O)C(=O)N[C@@H](CCCNC(=N)N)[C@@H](O)[C@@H](O)C(=O)NC(C(=O)N[C@H]1C(=O)N[C@H]([C@@H](C)O)C(=O)N[C@H](CCCNC(=N)N)C(=O)N[C@@H](CC(C)C)C(=O)N(C)[C@@H](CCC(N)=O)C(=O)N[C@H]([C@H](OC)c2ccc(O)cc2)C(=O)N2CCCC[C@H]2C(=O)O[C@@H]1C)C(C)C(C)C(N)=O,6.3665055555555545,6.267686468253963,6.317096011904759
CO/C(C)=C1/NC(=O)[C@H]([C@@H](C)O)NC(=O)c2csc(n2)-c2cc(O)c(-c3nc(C(=O)NC(=O)C(N)=O)cs3)nc2-c2csc(n2)[C@@H]2COC(=O)c3[nH]c4cccc5c4c3CO[C@H]([C@H](O[C@H]3C[C@](C)(O)[C@H](N(C)C)[C@H](C)O3)C(=O)OC5)[C@H](NC(=O)c3csc1n3)c1nc(cs1)C(=O)N2,6.240655555555562,6.393368927970176,6.317012241762869
CCC(C)[C@@H]1NC(=O)[C@H](C)NC(=O)[C@H](CC[S+](C)[O-])NC(=O)[C@H](C)NC(=O)[C@@H](CC(=O)OC)NC(=O)[C@H](Cc2ccccc2)NC(=O)[C@@H]2CCCN2C1=O,6.2832188888888885,6.350711458333332,6.31696517361111
CC[C@H](C)[C@@H]1NC(=O)[C@H](C)NC(=O)[C@H](CC[S+](C)[O-])NC(=O)[C@H](C)NC(=O)[C@H](CC(N)=O)NC(=O)[C@H](Cc2ccccc2)NC(=O)[C@@H]2CCCN2C1=O,6.260752222222221,6.37288191468254,6.31681706845238
COc1c(Br)cc(C/C(=N\O)C(=O)NCCc2cc(Br)c(O)c(Br)c2)cc1Br,6.400514444444446,6.23297833531746,6.316746389880953
C[N+](C)(C)CCOP(=O)([O-])OC[C@H](O)COC(=O)/C=C/CCCCC[C@H]1O[C@]2(CCCCCCCCCCCCCCOC[C@H](CO)NS(=O)(=O)O)CC[C@@H](O)C1O2,6.42245,6.211013617724866,6.316731808862434
O=S(=O)(O)Oc1cc(CO)c(Br)c(Br)c1OS(=O)(=O)O,6.246856666666671,6.386582142857146,6.316719404761908
CC(=O)O[C@@H]1[C@@H](OC(C)=O)[C@H](O[C@@H]2CO[C@@H](O[C@@H]3[C@@H](O[C@@H]4OC[C@H](OC(C)=O)[C@H](O)[C@H]4O)[C@H](O[C@@H](CC(C)C)[C@@H](O)CCCCCCCC(=O)CCCCCCCCCCCCCC(=O)NCCCCCN(C)C)OC[C@H]3O)[C@H](O)[C@H]2O)OC[C@@H]1OC(C)=O,6.4098944444444435,6.222581455627704,6.316237950036074
CC(C)CCCCC[C@@H]1CC(=O)N[C@H](CC(=O)O)C(=O)N[C@H](Cc2ccccc2)C(=O)N[C@@H](CO)C(=O)N[C@H](C(C)C)C(=O)N2CCC[C@H]2C(=O)N[C@@H](CO)C(=O)N[C@H](CC(C)C)C(=O)N[C@@H](Cc2ccccc2)C(=O)N[C@@H](CCCCN)C(=O)N2CCC[C@H]2C(=O)O1,6.510522222222222,6.121786329365077,6.316154275793649
C=CC(C)(C)[C@@]12CCN(C)[C@@H]1N(Cc1cc(Br)c3c(c1O)[C@]1(C/C=C(\C)CCC=C(C)C)CCN(C)[C@@H]1N3)c1cc(Br)ccc12,6.430024444444443,6.20203429563492,6.316029370039682
CC(=O)OC[C@H](COP(=O)([O-])OCC[N+](C)(C)C)OC(=O)/C=C/CCCCC[C@H]1O[C@]2(CCCCCCCCCCCCCCOC[C@H](CO)NS(=O)(=O)O)CC[C@@H](O)C1O2,6.4208166666666635,6.211013617724866,6.315915142195765
C/C=C1\NC(=O)C(C(O)c2ccc(O)cc2)NC(=O)C(C(C)O)NC(=O)C(NC(=O)C(NC(=O)C(O)C(CCCCCCCCCCCCC)O[C@@H]2OC[C@@H](O)[C@@H](O[C@@H]3O[C@H](C(=O)O)[C@H](O)[C@H](O)[C@H]3O)[C@@H]2O)C(C)O)C(C)OC(=O)[C@@H](CCC(N)=O)NC(=O)C(C(C)O[C@@H]2O[C@H](CO)[C@@H](O)[C@H](O)[C@@H]2O)N(C)C(=O)CNC(=O)[C@H](CCC(N)=O)NC1=O,6.193049999999999,6.438680694444441,6.3158653472222195
CC(C)=CC(=O)NCCCOc1c(I)cc(CCNC(=O)Cc2ccc(O)cc2)cc1I,6.44406666666666,6.187624137806633,6.315845402236647
CC[C@H](C)[C@@H](C(=O)N[C@@H](CC(C)C)C(=O)O)N(C)C(=O)[C@H](Cc1ccccc1)N(C)C(=O)[C@H](C(C)C)N(C)C(=O)[C@H](C(C)C)N(C)C(=O)[C@@H]1CCCN1C(=O)[C@H](C(C)C)N(C)C(=O)[C@@H](NC(=O)[C@@H](NC(=O)[C@H](C(C)C)N(C)C(=O)[C@H](C)NC)C(C)C)[C@@H](C)O,6.511777777777778,6.119771240079364,6.315774508928571
CO[C@H](c1ccc(O)cc1)[C@H]1NC(=O)[C@H](CCC(=O)O)N(C)C(=O)[C@H](CC(C)C)NC(=O)[C@@H](CCCNC(=N)N)NC(=O)[C@@H]([C@@H](C)O)NC(=O)[C@H](NC(=O)C(NC(=O)[C@H](O)[C@H](O)[C@H](CCCNC(=N)N)NC(=O)[C@H](CC(N)=O)NC(=O)[C@H](C)[C@H](O)[C@H](C)CC(C)C)C(C)C(C)C(N)=O)[C@@H](C)OC(=O)[C@@H]2CCCCN2C1=O,6.363772222222221,6.267686468253963,6.315729345238092
CC[C@H](C)[C@H](NC(=O)C[C@H](O)[C@H](CC(C)C)NC(=O)[C@H](CCC(N)=O)N(C)C(=O)[C@H](CC(C)C)NC(=O)[C@H](C)O)C(=O)N[C@@H](C)C(=O)N(C)[C@H](Cc1ccccc1)C(=O)N1CCC[C@H]1C(=O)OC,6.413638888888889,6.217811855158727,6.315725372023808
CO/C(=C1/NC(=O)[C@@H](Cc2ccc(O)c(Br)c2)N(C)C(=O)[C@H](C)NC(=O)C[C@H](O)C/C=C(\C)CC[C@H](C)OC1=O)c1ccccc1,6.42448555555556,6.206776349206344,6.3156309523809515
C/C=C(/C)C(=O)OC[C@H]1C2=C(C=C3C4C5=C(C(=O)C(C)=C(OC)C5=O)[C@H](O)[C@@](O)(C(=O)N31)N4C)C(=O)C(C)=C(OC)C2=O,6.460135555555557,6.1708053546176025,6.3154704550865794
C/C=C(/C)C(=O)OCC1C2=C(C=C3[C@@H]4C5=C(C(=O)C(C)=C(OC)C5=O)[C@H](O)[C@@](O)(C(=O)N31)N4C)C(=O)C(C)=C(OC)C2=O,6.460135555555557,6.1708053546176025,6.3154704550865794
CC[C@H](C)[C@H]1NC(=O)[C@@H](NC(=O)[C@@H](CC(C)C)N(C)C(=O)C(C)O)[C@@H](C)OC(=O)[C@H](Cc2ccc(OC)cc2)N(C)C(=O)C2CCCN2C(=O)[C@H](CC(C)C)NC(=O)[C@@H](C)C(=O)[C@H](C(C)C)OC(=O)C[C@@H]1C,6.443166666666665,6.187039867724864,6.315103267195765
COC1=C(Br)C(O)C2(C=C1Br)CC(C(=O)NCC(O)c1cc(Br)c(OC[C@@H]3COC(=O)N3)c(Br)c1)=NO2,6.460609999999998,6.169133300264548,6.3148716501322735
CC[C@@](C)(NC(=O)[C@H](CC(C)C)NC(=O)CCNC(=O)[C@H](O)C(C)(C)NC(=O)[C@H](C)NC(=O)[C@@H]1CCCN1C(=O)[C@@](C)(CC)NC(=O)[C@H](Cc1ccccc1)NC(=O)C(C)(C)NC(=O)C(C)(C)NC(=O)[C@H](C)NC(=O)[C@@H]1CCCN1C(=O)C(C)(C)NC(C)=O)C(=O)NCCC(=O)N[C@H](CC(C)C)C(=O)N[C@@](C)(CC)C(=O)NC(C)(C)C(=O)N[C@H](CC(C)C)C(=O)NCCC(=O)NCCO,6.423216666666667,6.206200376984125,6.314708521825396
CC[C@@](C)(NC(=O)[C@H](CC(C)C)NC(=O)CCNC(=O)[C@H](O)C(C)(C)NC(=O)[C@H](C)NC(=O)[C@@H]1CCCN1C(=O)[C@@](C)(CC)NC(=O)[C@H](Cc1ccccc1)NC(=O)C(C)(C)NC(=O)C(C)(C)NC(=O)[C@H](C)NC(=O)[C@@H]1CCCN1C(=O)C(C)(C)NC(C)=O)C(=O)NCCC(=O)N[C@H](CC(C)C)C(=O)NC(C)(C)C(=O)NC(C)(C)C(=O)N[C@H](CC(C)C)C(=O)NCCC(=O)NCCO,6.423216666666667,6.206200376984125,6.314708521825396
CCC(C)CCCCCCCCCCCCCCC(=O)NCC(O)c1cc(Br)c(OCCCNC(=O)C2=NO[C@@]3(CC(Br)=C(OC)C(Br)=CO3)[C@H]2O)c(Br)c1,6.294794444444442,6.334074451058199,6.314434447751321
Cc1cc(O)cc(Oc2cc(O)cc(CO)c2)c1,6.323242222222222,6.304866997294374,6.314054609758298
CO[C@@H]1CC2C(=C3CC[C@H]([C@H](C)CC(=O)C=C(C)C)[C@]31C)CCC1(O)C(C)(C)[C@@H](O[C@@H]3OC[C@@H](O[C@@H]4O[C@H](CO)[C@H](O)[C@H](O)[C@H]4NC(C)=O)[C@H](O)[C@H]3O[C@@H]3O[C@H](CO[C@@H]4OC[C@@H](O)[C@H](O)[C@H]4O[C@@H]4O[C@H](CO)[C@@H](O)[C@H](O)[C@H]4O)[C@@H](O)[C@H](O)[C@H]3NC(C)=O)CC[C@]21C,6.36623888888889,6.261833789682536,6.314036339285712
CC(C)=CC(=O)NCCCOc1c(Br)cc(CCNC(=O)Cc2ccc(O)cc2)cc1I,6.44042777777777,6.187624137806633,6.314025957792202
CCCCCCCCCCCCCCCCCCC(=O)ONCCCOc1c(Br)cc(C/C(=N\O)C(=O)NCCc2c[nH]c(N)n2)cc1Br,6.338629999999996,6.289176894841267,6.313903447420632
CC[C@@H](C)[C@@H]1NC(=O)[C@H](NC(=O)[C@@H](C)[C@@H](O)C(C)C)[C@H](C)OC(=O)[C@H]2COC(=O)CNC(=O)/C=C/[C@@](O)(CCl)[C@H](C)Oc3ccc(cc3)[C@@H](NC1=O)C(=O)N(C)[C@H](Cc1ccccc1)C(=O)N[C@@H]([C@H](C)O)C(=O)N2,6.33545,6.291776448412699,6.31361322420635
COCC(OC)C(=O)OC(CCC(C)C(CC1OC(=O)CC(O)C/C=C/C(=O)CC(C)C(=O)NC(=O)c2coc(n2)-c2coc(n2)/C=C/CC(OC)C1C)OC)C(C)C(OC(C)=O)C(C)/C=C/N(C)C=O,6.344766666666671,6.28197266534391,6.313369666005291
CCCCCC/C=C\CC(=O)N[C@@H](Cc1ccccc1)C(=O)N[C@H](C(=O)N[C@@H](CO)[C@@H](O)CC(=O)N[C@H](C(=O)N[C@@H]1/C=C/C(=O)N[C@@H](C(C)C)C(=O)N(C)[C@@H](Cc2ccc(O)cc2)C(=O)OC1)C(C)C)C(C)C,6.2496722222222205,6.376606230158729,6.313139226190475
COC(=O)c1ccccc1C(=O)OCCOCCOC(=O)c1ccccc1C(=O)OCCOCCOC(=O)c1ccccc1C(=O)OCCOCCOC(=O)c1ccccc1C(=O)OCCOCCO,6.233502222222228,6.3921521327561335,6.312827177489181
C/C=C1\NC(=O)[C@H](O)[C@@H](CCC(C)C)NC(=O)[C@H](CC(N)=O)NC(=O)[C@H](Cc2ccccc2O)NC(=O)[C@@H]2C[C@H](C)CN2C(=O)[C@H]([C@@H](C)OC)NC(=O)[C@@H]([C@H](O)C(=O)NC(N)=O)NC(=O)CN(C)C1=O,6.278366666666668,6.346621646825394,6.31249415674603
CC[C@H](C)[C@@H](NC(=O)[C@@H](NC(=O)[C@@H](CC(C)C)NC)[C@@H](C)O)[C@@H](O)CC(=O)O[C@H](C(=O)[C@H](C)C(=O)N[C@@H](CC(C)C)C(=O)N1CCC[C@H]1C(=O)N(C)[C@@H](Cc1ccc(OC)cc1)C(=O)O)C(C)C,6.399288888888887,6.225639613095236,6.312464250992061
CCC(C)(C)[C@H](NC(=O)[C@H](NC(=O)[C@@H]1CCCN1C(=O)C(NC(=O)[C@@H](C)NC=O)C(O)c1ccc(Br)cc1)C(C)(C)C)C(=O)N[C@H](Cc1c[nH]c2ccccc12)C(=O)N[C@@H](CCCNC(=N)N)C(=O)N[C@H](CS(=O)(=O)O)C(=O)N[C@@H]1C(=O)N(C)[C@@H](CCC(N)=O)C(=O)N[C@H](C(C)C)C(=O)N2CCC[C@H]2C(=O)N[C@H](CC(=O)O)C(=O)O[C@@H]1C,6.271705555555554,6.353160046296295,6.312432800925924
CC(C)C[C@H](NC(=O)N[C@@H]1CCCCNC(=O)C(Cc2c(Br)[nH]c3ccc(O)cc23)NC(=O)[C@H](CC(C)C)N(C)C(=O)[C@H](CC(C)C)NC(=O)[C@H](C)NC1=O)C(=O)O,6.424361111111109,6.200346428571429,6.312353769841269
CC(C)C[C@H](NC(=O)N[C@H]1CCCCNC(=O)[C@H](Cc2c(Br)[nH]c3ccc(O)cc23)NC(=O)[C@H](CC(C)C)N(C)C(=O)[C@H](CC(C)C)NC(=O)[C@H](C)NC1=O)C(=O)O,6.424361111111109,6.200346428571429,6.312353769841269
Cc1cc(O)cc(Oc2cc(C)c(O)c(O)c2)c1,6.441331111111106,6.183330873015874,6.31233099206349
CCC(C)CCCCCCCCCCCCC(=O)NCC(O)c1cc(Br)c(OCCCNC(=O)C2=NO[C@@]3(CC(Br)=C(OC)C(Br)=CO3)[C@H]2O)c(Br)c1,6.290361111111108,6.334074451058199,6.312217781084653
Cc1nc2c(C(=O)N[C@@H]3C(=O)N[C@H](C(C)C)C(=O)N4CCC[C@H]4C(=O)N(C)CC(=O)N(C)[C@@H](C(C)C)C(=O)O[C@@H]3C)c3c(c(C)c2o1)Oc1c(C)ccc(C(=O)N[C@@H]2C(=O)N[C@H](C(C)C)C(=O)N4CCC[C@H]4C(=O)N(C)CC(=O)N(C)[C@@H](C(C)C)C(=O)O[C@@H]2C)c1N3,6.34283333333333,6.281279277898027,6.312056305615679
CCCCCC/C=C\CC(=O)N[C@@H](Cc1ccccc1)[C@@H](O)CC(=O)N[C@H](C(=O)N[C@@H](CO)[C@@H](O)CC(=O)N[C@H](C(=O)N[C@@H]1/C=C/C(=O)N[C@@H](C(C)C)C(=O)N(C)[C@@H](Cc2ccc(O)cc2)C(=O)OC1)C(C)C)C(C)C,6.247394444444444,6.376606230158729,6.312000337301587
COC(=O)C[C@@H]1NC(=O)[C@@H]2CCCN2C(=O)[C@@H]2CCCN2C(=O)[C@@H]2CCCN2C(=O)[C@H](CC(C)C)NC(=O)[C@H](C(C)C)NC(=O)[C@H](Cc2ccccc2)NC1=O,6.377463333333333,6.24644399801587,6.311953665674602
COc1ccc(CC2C(=O)OC(C)C(NC(=O)C(CC(C)C)N(C)C(=O)C3CCCN3C(=O)C(C)O)C(=O)NC(CC(C)C)C(O)CC(=O)OC(C(C)C)C(=O)C(C)C(=O)NC(CC(C)C)C(=O)N3CCCC3C(=O)N2C)cc1,6.436766666666665,6.187039867724864,6.311903267195765
C/C=C(/C)C(=O)OC[C@H]1C2=C(C[C@H]3[C@H]4C5=C(C(=O)C(C)=C(OC)C5=O)[C@H](OCC)[C@@H]([C@H](CC(C)=O)N13)N4C)C(=O)C(C)=C(OC)C2=O,6.387444444444445,6.235947245670994,6.31169584505772
CS[C@@H]1C(=O)N(C)[C@](Cc2ccc(OC/C=C(\C)C(=O)NCCC(=O)O)cc2)(SC)C(=O)N1C,6.338112222222222,6.285087956349206,6.311600089285713
CC[C@H](C)[C@H]1NC(=O)[C@@H](NC(=O)[C@@H](CC(C)C)N(C)C(=O)C2CCCN2C(=O)C(C)O)[C@@H](C)OC(=O)[C@H](Cc2ccc(OC)cc2)N(C)C(=O)[C@@H]2CCCN2C(=O)[C@H](CC(C)C)NC(=O)[C@@H](C)C(=O)[C@H](C(C)C)OC(=O)C[C@@H]1O,6.435899999999999,6.187039867724864,6.311469933862432
CC[C@H](C)[C@H]1NC(=O)[C@@H](NC(=O)[C@@H](CC(C)C)N(C)C(=O)[C@@H]2CCCN2C(=O)[C@H](C)O)[C@@H](C)OC(=O)[C@H](Cc2ccc(OC)cc2)N(C)C(=O)[C@H]2CCCN2C(=O)[C@H](CC(C)C)NC(=O)[C@@H](C)C(=O)[C@H](C(C)C)OC(=O)C[C@@H]1O,6.435899999999999,6.187039867724864,6.311469933862432
COC1=C(Br)C[C@]2(OC=C1Br)ON=C(C(=O)NCCCOc1c(Br)cc(C(O)CNC(=O)CCCCCCCCCCCC(C)C)cc1Br)[C@@H]2O,6.288361111111109,6.334074451058199,6.311217781084654
CCC(C)CCCCCCCCCCCC(=O)NCC(O)c1cc(Br)c(OCCCNC(=O)C2=NO[C@@]3(CC(Br)=C(OC)C(Br)=CO3)[C@H]2O)c(Br)c1,6.288361111111109,6.334074451058199,6.311217781084654
CO[C@@H]1[C@H](O[C@@H]2CO[C@@H](O[C@@H]3[C@@H](O)[C@H](O)CO[C@H]3N3C(=O)/C(=C(O)/C=C/C=C/C=C/C=C/C=C(Cl)/C=C/C=C/[C@H]4O[C@H](C)C[C@@H]4Cl)C(=O)[C@@H]3CC(N)=O)[C@@H](O)[C@@H]2O)O[C@H](C)[C@H]1O,6.366948888888898,6.2554186177248665,6.311183753306882
CO[C@@H]1[C@H](O[C@@H]2CO[C@@H](O[C@@H]3[C@@H](O)[C@H](O)CO[C@H]3N3C(=O)/C(=C(O)/C=C/C=C/C=C/C=C/C=C(Cl)/C=C/C=C\[C@@H]4O[C@H](C)C[C@@H]4Cl)C(=O)[C@@H]3CC(N)=O)[C@@H](O)[C@@H]2O)O[C@H](C)[C@H]1O,6.366948888888898,6.2554186177248665,6.311183753306882
CC(=O)OC[C@H](COP(=O)([O-])OCC[N+](C)(C)C)OC(=O)/C=C/CCCCC[C@H]1O[C@]2(CCCCCCCCCCCCCCOC[C@H](N)COS(=O)(=O)O)CC[C@@H](O)C1O2,6.410599999999997,6.211013617724866,6.310806808862432
CCC[C@H](O)CC(=O)N1CC[C@@]23c4ccccc4N[C@@H]4N(C)c5cccc6c5[C@@]42CCN([C@@H]13)[C@@H]6[C@H]1OC1(C)C,6.326683333333336,6.294890496031738,6.310786914682537
C=CC(C)(C)n1cc(C[C@@H]2NC(=O)[C@@H]3CCCN3C(=O)[C@@H]3CCCN3C(=O)[C@H](C)NC(=O)CNC(=O)[C@@H]3CCCN3C(=O)[C@H](CC(C)C)NC(=O)[C@@H]3CCCN3C(=O)[C@@H]3CCCN3C(=O)[C@H](Cc3ccccc3)NC(=O)[C@H](CC(C)C)NC2=O)c2ccccc21,6.431116666666665,6.190265238095237,6.310690952380951
CNC(=O)C[C@H]1C(=O)N(C)[C@@H](C)C(=O)OC(C)CCC/C=C/CCC(OC)C/C=C/C=C(\C)C(=O)N[C@H](C(C)C)C(=O)N(C)[C@@H](Cc2ccccc2)C(=O)N(C)[C@@H](C(C)C)C(=O)N(C)[C@@H](C(C)C)C(=O)N2CCC[C@H]2C(=O)N1C,6.541566666666668,6.0798107804232755,6.310688723544972
CCC(C)[C@H]1NC(=O)[C@@H](NC(=O)[C@@H](CC(C)C)N(C)C(=O)[C@@H]2CCCN2C(=O)[C@H](C)O)[C@@H](C)OC(=O)[C@H](Cc2ccc(OC)cc2)N(C)C(=O)[C@@H]2CCCN2C(=O)[C@H](CC(C)C)NC(=O)[C@H](C(C)C)OC(=O)C[C@@H]1O,6.434127777777777,6.187039867724864,6.310583822751321
CC[C@H](C)[C@H]1NC(=O)[C@@H](NC(=O)[C@@H](CC(C)C)N(C)C(=O)[C@@H]2CCCN2C(=O)[C@H](C)O)[C@@H](C)OC(=O)[C@H](Cc2ccc(OC)cc2)N(C)C(=O)[C@@H]2CCCN2C(=O)[C@H](CC(C)C)NC(=O)[C@H](C(C)C)OC(=O)C[C@@H]1O,6.434127777777777,6.187039867724864,6.310583822751321
C/C1=C\[C@H](C)C[C@H](C)OC(=O)[C@H](CO)NC(=O)[C@@H](Cc2ccc(O)c(I)c2)N(C)C(=O)[C@H](C)NC(=O)[C@@H](C)C1,6.520583333333336,6.1004372023809506,6.310510267857143
COc1ccc(C[C@H]2C(=O)O[C@H](C)[C@H](NC(=O)[C@@H](CC(C)C)N(C)C(=O)[C@@H]3CCCN3C(=O)[C@H](C)O)C(=O)N[C@H](C(C)C)[C@@H](O)CC(=O)O[C@@H](C(C)C)C(=O)N[C@@H](CC(C)C)C(=O)N3CCC[C@H]3C(=O)N2C)cc1,6.43322222222222,6.187039867724864,6.3101310449735415
CCCCCCC(C)CCCCCCCC(=O)NCCc1cc(Br)c(OCCCNC(=O)C2=NO[C@@]3(C=C(Br)C(OC)=C(Br)[C@H]3O)C2)c(Br)c1,6.284866666666665,6.334074451058199,6.309470558862432
CCCCCCC(C)CCCCCCCCCCC(=O)NCCc1cc(Br)c(OCCCNC(=O)C2=NO[C@]3(C=C(Br)C(OC)=C(Br)[C@@H]3O)C2)c(Br)c1,6.284866666666665,6.334074451058199,6.309470558862432
CCCCCCC(C)CCCCCCCCC(=O)NCCc1cc(Br)c(OCCCNC(=O)C2=NO[C@]3(C=C(Br)C(OC)=C(Br)[C@@H]3O)C2)c(Br)c1,6.284866666666665,6.334074451058199,6.309470558862432
COC1=C(Br)C[C@]2(OC=C1Br)ON=C(C(=O)NCCCOc1c(Br)cc(C(O)CNC(=O)CCCCCCCC/C=C\CCCC(C)C)cc1Br)[C@@H]2O,6.284394444444442,6.334074451058199,6.3092344477513205
C[N+](C)(C)C[C@H](c1c[nH]c2cc(Br)ccc12)c1c2ccnc3c2c(c2nc(CS(=O)(=O)[O-])oc12)NC=C3,6.312544444444445,6.3055081613756565,6.30902630291005
C[N+](C)(C)C[C@@H](c1c[nH]c2cc(Br)ccc12)c1c2ccnc3c2c(c2nc(CS(=O)(=O)[O-])oc12)NC=C3,6.312544444444445,6.3055081613756565,6.30902630291005
CCC[C@H](CC(=O)N[C@@H](Cc1ccccc1)C(=O)N(C)[C@@H](C(=O)N[C@H](C(=O)N(C)[C@H](C(=O)N(C)[C@@H](Cc1ccccc1)C(=O)N(C)Cc1nccs1)[C@@H](C)CC)C(C)C)C(C)C)OC,6.416491111111119,6.200722416125538,6.308606763618329
COC(=O)NC1=C2/C(=C\CSSSC)[C@](O)(C#C/C=C\C#C[C@@H]2O[C@@H]2O[C@H](C)[C@@](SC)([C@H](CO)O[C@H]3C[C@H](O)[C@H](SC)[C@@H](C)O3)[C@H](O)[C@H]2O[C@H]2C[C@H](OC)[C@@H](NC(C)C)CO2)CC1=O,6.4286499999999975,6.188503670634921,6.308576835317459
COC(=O)c1ccccc1C(=O)OCCOCCOC(=O)c1ccccc1C(=O)OCCOCCOC(=O)c1ccccc1C(=O)OCCOCCO,6.224434444444452,6.3921521327561335,6.308293288600293
CC[C@H](C)[C@H]1C(=O)N(C)[C@@H](C)C(=O)O[C@H](C(C)(C)C)C[C@@H](C)C[C@H](O)[C@H](C)C2=NC(/C=C(\C)C(=O)N[C@@H](Cc3ccc(OC)cc3)C(=O)N(C)[C@@H](C)C(=O)N1C)CS2,6.507272222222228,6.107632645502641,6.3074524338624345
COC(c1ccc(O)cc1)C1NC(=O)[C@H](CCC(N)=O)N(C)C(=O)[C@H](CC(C)C)NC(=O)[C@@H](CCCNC(=N)N)NC(=O)C([C@@H](C)O)NC(=O)[C@H](NC(=O)[C@@H](NC(=O)[C@H](O)[C@H](O)[C@H](CCCNC(=N)N)NC(=O)[C@@H](C)NC(=O)[C@H](C)[C@H](O)[C@H](C)CC(C)C)[C@@H](C)[C@@H](C)C(N)=O)[C@@H](C)OC(=O)[C@H](C)N(C)C1=O,6.4167,6.198035238095234,6.307367619047617
COC(c1ccc(O)cc1)[C@@H]1NC(=O)[C@H](CCC(N)=O)N(C)C(=O)[C@H](CC(C)C)NC(=O)[C@@H](CCCNC(=N)N)NC(=O)[C@H](C(C)O)NC(=O)[C@@H](NC(=O)[C@@H](NC(=O)[C@H](O)[C@H](O)[C@H](CCCNC(=N)N)NC(=O)[C@H](C)NC(=O)[C@H](C)[C@H](O)[C@@H](C)CC(C)C)[C@@H](C)[C@@H](C)C(N)=O)[C@@H](C)OC(=O)[C@H](C)N(C)C1=O,6.4167,6.198035238095234,6.307367619047617
CO[C@H](c1ccc(O)cc1)[C@H]1NC(=O)[C@H](CCC(N)=O)N(C)C(=O)[C@H](CC(C)C)NC(=O)[C@@H](CCCNC(=N)N)NC(=O)[C@@H]([C@@H](C)O)NC(=O)[C@H](NC(=O)[C@@H](NC(=O)[C@H](O)[C@H](O)[C@H](CCCNC(=N)N)NC(=O)[C@@H](C)NC(=O)[C@H](C)[C@H](O)[C@H](C)CC(C)C)[C@@H](C)[C@@H](C)C(N)=O)[C@@H](C)OC(=O)[C@H](C)N(C)C1=O,6.4167,6.198035238095234,6.307367619047617
CC(=O)Nc1c(C(=O)N[C@@H]2C(=O)N[C@H](C(C)C)C(=O)N3CCC[C@H]3C(=O)N(C)CC(=O)N(C)[C@@H](C(C)C)C(=O)O[C@@H]2C)c2nc3c(C(=O)N[C@@H]4C(=O)N[C@H](C(C)C)C(=O)N5CCC[C@H]5C(=O)N(C)CC(=O)N(C)[C@@H](C(C)C)C(=O)O[C@@H]4C)ccc(C)c3oc-2c(C)c1=O,6.333333333333332,6.281279277898027,6.307306305615679
CCCCC(C)CCC/C=C\CCCCCCC(=O)NCCc1cc(Br)c(OCCCNC(=O)C2=NO[C@@]3(C=C(Br)C(OC)=C(Br)[C@H]3O)C2)c(Br)c1,6.280266666666666,6.334074451058199,6.307170558862433
COC1=C(Br)[C@H](O)[C@@]2(C=C1Br)CC(C(=O)NCCCOc1c(Br)cc(CCNC(=O)CCCCCCCCCCCC(C)C)cc1Br)=NO2,6.280133333333332,6.334074451058199,6.307103892195766
C/C=C1\NC(=O)[C@H](O)[C@@H](CCC(C)C)NC(=O)[C@H](CC(N)=O)NC(=O)[C@H](Cc2ccccc2O)NC(=O)[C@@H]2C[C@H](C)CN2C(=O)[C@H]([C@@H](C)OC)NC(=O)[C@@H]([C@@H]2OC(=O)NC2=O)NC(=O)CN(C)C1=O,6.299433333333336,6.314559510582008,6.306996421957672
CCCC(=O)N[C@@H](C(C)C)[C@@H](CC(=O)OC[C@@H](O)c1nc(C(=O)O[C@@H](CCCC(C)(Cl)Cl)[C@@H](C)C(=O)O[C@@H](c2nc(C(=O)OC)cs2)[C@@](C)(O)CC)cs1)OC(C)=O,6.2609833333333365,6.352704007936504,6.306843670634921
CC(=O)OC[C@H](COP(=O)([O-])OCC[N+](C)(C)C)OC(=O)/C=C/CCCCC[C@H]1O[C@]2(CCCCCCCCCCCCCCOC[C@H](CO)NS(=O)(=O)O)CC[C@@H](OC(C)=O)C1O2,6.4259911111111085,6.187660760582008,6.306825935846558
CO[C@@H]1/C=C(C)/C=C/[C@@H](C)/C=C(\C)C(=O)O[C@H](/C(C)=C/C=C(\C)CNC(=O)[C@H](COS(=O)(=O)[O-])NC=O)[C@@H](C)/C=C/C=C/[C@@H](OC)CC/C=C(C)\C=C\C1.[Na+],6.32402222222222,6.289265218253963,6.306643720238092
COC1/C=C(C)/C=C/C(C)/C=C(\C)C(=O)OC(/C(C)=C/C=C(\C)CNC(=O)[C@H](COS(=O)(=O)[O-])NC=O)C(C)/C=C/C=C/C(OC)CC/C=C(C)/C=C/C1.[Na+],6.32402222222222,6.289265218253963,6.306643720238092
CC[C@H](C)[C@H](NC(=O)[C@@H](CC(=O)NC)NC(=O)CNC(=O)[C@H](NC(=O)[C@@H](NC(=O)[C@H](NC(=O)[C@@H](NC(=O)[C@@H](CC(=O)NC)NC(=O)CNC(=O)CNC(=O)[C@H](C)NC(=O)[C@H](NC(=O)[C@@H](NC(=O)[C@@H](CC(=O)NC)NC(=O)[C@@H](NC(=O)CNC(=O)[C@H](C)NC(=O)CNC(=O)[C@@H](NC(=O)[C@@H](CC(=O)NC)NC(=O)[C@H](C)NC(=O)[C@H](NC(=O)[C@H](C)NC(=O)CNC(=O)[C@H](C)NC(=O)[C@H](NC(=O)[C@@H](NC(=O)[C@@H](C)NC(=O)[C@@H](NC(=O)[C@H](NC(=O)[C@@H](NC(=O)CNC(=O)[C@@H](NC(=O)CNC(=O)C(=O)CCC(C)(C)C)C(C)(C)CC)C(C)(C)C)C(C)(C)C)C(C)(C)C)C(C)(C)C)C(C)(C)C)C(C)(C)C)C(C)(C)O)C(C)(C)C)[C@@H](C)CC(N)=O)C(C)(C)O)[C@@H](C)CC)[C@@H](O)C(=O)NC)C(C)(C)C)C(C)(C)O)C(=O)N[C@H](CC(=O)NC)C(=O)N[C@H](C(=O)N[C@@H](C(=O)N[C@@H](C)C(=O)N[C@H](CC(=O)NC)C(=O)N[C@H](C(=O)N[C@H](CO)C(=O)N[C@H](C(=O)N[C@H](CC(N)=O)C(=O)N[C@H](C(=O)N[C@H](CC(N)=O)C(=O)N[C@@H](CCC(N)=O)C(=O)N[C@@H](C(=O)N[C@H](C(=O)O)[C@@H](C)O)[C@@H](C)O)C(C)(C)C[S@@+](C)[O-])C(C)C)C(C)C)[C@@H](O)C(=O)NC)C(C)C,6.357166666666665,6.255521706349202,6.306344186507934
CC[C@H](C)[C@H](NC(=O)[C@@H](CC(=O)NC)NC(=O)CNC(=O)[C@H](NC(=O)[C@@H](NC(=O)[C@H](NC(=O)[C@@H](NC(=O)[C@@H](CC(=O)NC)NC(=O)CNC(=O)CNC(=O)[C@H](C)NC(=O)[C@H](NC(=O)[C@@H](NC(=O)[C@@H](CC(=O)NC)NC(=O)[C@@H](NC(=O)CNC(=O)[C@H](C)NC(=O)CNC(=O)[C@@H](NC(=O)[C@@H](CC(=O)NC)NC(=O)[C@H](C)NC(=O)[C@H](NC(=O)[C@H](C)NC(=O)CNC(=O)[C@H](C)NC(=O)[C@H](NC(=O)[C@@H](NC(=O)[C@@H](C)NC(=O)[C@@H](NC(=O)[C@H](NC(=O)[C@@H](NC(=O)CNC(=O)[C@@H](NC(=O)CNC(=O)C(=O)CCC(C)(C)C)C(C)(C)CC)C(C)(C)C)C(C)(C)C)C(C)(C)C)C(C)(C)C)C(C)(C)C)C(C)(C)C)C(C)(C)O)C(C)(C)C)[C@@H](C)CC(N)=O)C(C)(C)O)[C@@H](C)CC)[C@@H](O)C(=O)NC)C(C)(C)C)C(C)(C)O)C(=O)N[C@H](CC(=O)NC)C(=O)N[C@H](C(=O)N[C@@H](C(=O)N[C@@H](C)C(=O)N[C@H](CC(=O)NC)C(=O)N[C@H](C(=O)N[C@H](CO)C(=O)N[C@H](C(=O)N[C@H](CC(N)=O)C(=O)N[C@H](C(=O)N[C@H](CC(N)=O)C(=O)N[C@@H](CCC(N)=O)C(=O)N[C@@H](C(=O)N[C@H](C(=O)O)[C@@H](C)O)[C@@H](C)O)C(C)(C)C[S@+](C)[O-])C(C)C)C(C)C)[C@@H](O)C(=O)NC)C(C)C,6.357166666666665,6.255521706349202,6.306344186507934
CCC[C@@H](C)[C@@H]1OC(=O)[C@H](C(C)C)N(C)C(=O)[C@H](CO)NC(=O)[C@H]([C@H](C)C(N)=O)NC(=O)[C@@H]([C@H](C)OC(N)=O)NC(=O)[C@H](O)CNC(=O)/C=C/C=C/C[C@H](O)[C@H]1C,6.295288888888892,6.316828531746029,6.30605871031746
C[C@@H](NC(=O)[C@@]1(C)COC(c2cn(C)c3cc(Cl)cc(O)c23)=N1)C(=O)N[C@@H](CO)C(=O)O,6.316400000000002,6.295447943121696,6.305923971560849
CC[C@H](C)[C@H](NC(=O)C[C@H](O)[C@H](Cc1ccccc1)NC(=O)[C@@H]1CCCN1C(=O)[C@H](OC(=O)[C@@H](O)C(C)C)[C@@H](C)CC)C(=O)NCC(=O)N(C)[C@H](Cc1ccccc1)C(=O)N1CCC[C@H]1C(=O)OC,6.372594444444445,6.2390972123015835,6.305845828373014
CC[C@H](C)[C@@H](NC(=O)C[C@H](O)[C@H](Cc1ccccc1)NC(=O)[C@@H]1CCCN1C(=O)[C@H](OC(=O)[C@@H](O)C(C)C)[C@@H](C)CC)C(=O)NCC(=O)N(C)[C@H](Cc1ccccc1)C(=O)N1CCC[C@H]1C(=O)OC,6.372594444444445,6.2390972123015835,6.305845828373014
C/C=C1/NC(=O)[C@H](O)[C@H](CCC(C)C)NC(=O)[C@H](CC(N)=O)NC(=O)[C@H](Cc2ccccc2)NC(=O)[C@@H]2C[C@H](C)CN2C(=O)[C@H]([C@@H](C)OC)NC(=O)[C@@H]([C@H](O)C(N)=O)NC(=O)CN(C)C1=O,6.252938888888891,6.358106329365075,6.305522609126983
CCC(=O)N[C@@H](CO)COc1ccc([C@@H](O)CNC(=O)[C@@H](O)CCC[C@H](O)[C@@H](O)[C@H](Cl)CCCCCCC[C@H](O)CCCCCCCCCCCCOC[C@@H](N)CO)cc1,6.297611111111109,6.31333202507215,6.30547156809163
CC[C@H](C)[C@H](NC(=O)C[C@H](O)[C@H](CC(C)C)NC(=O)[C@H](CCC(N)=O)N(C)C(=O)[C@H](CC(C)C)NC(=O)[C@H](O)[C@@H](C)CC)C(=O)NCC(=O)N(C)[C@H](Cc1ccccc1)C(=O)N1CCC[C@H]1C(=O)OC,6.392833333333337,6.217811855158727,6.305322594246032
COc1cc(CC(=O)NCCCNCCCCNCCCNC(=O)Cc2ccc(O)c(OC)c2)ccc1O,6.426427777777776,6.184047279040403,6.305237528409089
C=C1N[C@@H](CC(C)C)C(=O)N(C)[C@@H](CCC(N)=O)C(=O)NC(C(OC)c2ccc(O)cc2)C(=O)N2CCCC[C@H]2C(=O)O[C@H](C)[C@@H](NC(=O)C(NC(=O)[C@H](O)[C@H](O)[C@H](CCCNC(=N)N)NC(=O)[C@@H](CC(N)=O)NC(=O)C(C)C(O)C(C)CC(C)C)C(C)C(C)C(N)=O)C(=O)N[C@H]([C@@H](C)O)C(=O)N[C@@H]1CCCNC(=N)N,6.345883333333331,6.264259821428566,6.305071577380948
CC[C@@H]1C=CCC[C@]2(C[C@H]3CC[C@H]4[C@@H](C(=O)OCCCCCCCCCCCCCCCC(=O)N(CCCCNC(=N)N)CCCNC(=N)N)[C@@]5(CCC[C@H](C)O5)NC(=N2)N34)O1,6.30057222222222,6.309447420634919,6.30500982142857
C=C[C@@](C)(CCC=C(C)C)c1ccc2c3c1NC(=O)[C@@]3(O)C[C@@H](CO)NC(=O)[C@H](C(C)C)N2C,6.287344444444446,6.322237619047616,6.304791031746031
CCC(=O)N(C)CCc1ccc(OCCCN(C)C(=O)Cc2ccc(O)cc2)c(Br)c1,6.42484666666667,6.18428537301587,6.304566019841269
CC[C@H](C)[C@H]1NC(=O)[C@@H](NC(=O)[C@@H](CC(C)C)N(C)C(=O)C2CCCN2C(=O)C(C)OC(=O)C(CCC(N)=O)NC(=O)C(CCC(N)=O)NC(=O)C2CCC(=O)N2)[C@@H](C)OC(=O)[C@H](Cc2ccc(OC)cc2)N(C)C(=O)C2CCCN2C(=O)[C@H](CC(C)C)NC(=O)[C@@H](C)C(=O)[C@H](C(C)C)OC(=O)C[C@@H]1C,6.404027777777777,6.20496681216931,6.304497294973544
C=CC(C)(C)c1[nH]c2c(C/C=C(\C)CO)cc(CC=C(C)C)cc2c1C[C@@H]1NC(=O)[C@H](C)NC1=O,6.364988888888887,6.243384395743144,6.304186642316015
C=CC(C)(C)c1[nH]c2c(C/C=C(/C)CO)cc(CC=C(C)C)cc2c1C[C@@H]1NC(=O)[C@H](C)NC1=O,6.364988888888887,6.243384395743144,6.304186642316015
CC[C@H](C)[C@@H]1NC(=O)[C@@H]2[C@@H](C)CCN2C(=O)[C@@H](C[C@H](O)CCl)OC(=O)CCNC(=O)[C@H](C)N(C)C(=O)[C@H]([C@@H](C)CC)N(C)C1=O,6.40670777777778,6.201488512566133,6.304098145171956
CC[C@H]1C=CCC[C@@]2(C[C@@H]3CC[C@@H]4[C@H](C(=O)OCCCCCCCCCCCCCCCC(=O)N(CCCN)CCCCN)[C@]5(CCC[C@@H](C)O5)NC(=[N+]34)N2)O1,6.29871111111111,6.309447420634919,6.304079265873014
CC/C=C/[C@@H]1CC[C@]2(C[C@H]3CC[C@H]4[C@@H](C(=O)OCCCCCCCCCCCCCCCC(=O)N(CCCN)CCCCN)[C@@]5(CCC[C@H](C)O5)NC(=[N+]34)N2)O1,6.29871111111111,6.309447420634919,6.304079265873014
CCCCCCCCCCCCCCCCCCCCCC[C@@H](O)C(=O)N[C@@H](CO[C@@H]1O[C@H](CO)[C@@H](O[C@@H]2O[C@H](CO)[C@H](O)[C@H](O[C@]3(C(=O)O)C[C@H](O)[C@@H](NC(=O)CO[C@]4(C(=O)O)C[C@H](O)[C@@H](NC(=O)CO[C@]5(C(=O)O)C[C@H](O)[C@@H](NC(=O)CO)[C@H]([C@H](O)[C@@H](CO)OC)O5)[C@H]([C@H](O)[C@H](O)CO)O4)[C@H]([C@H](O)[C@H](O)CO)O3)[C@H]2O)[C@H](O)[C@H]1O)[C@H](O)[C@H](O)CCCCCCCCCCCCCC,6.1818111111111085,6.426056646825392,6.30393387896825
CCCCCCCCCCCCCCCCCCCCC[C@@H](O)C(=O)N[C@@H](CO[C@@H]1O[C@H](CO)[C@@H](O[C@@H]2O[C@H](CO)[C@H](O)[C@H](O[C@]3(C(=O)O)C[C@H](O)[C@@H](NC(=O)CO[C@]4(C(=O)O)C[C@H](O)[C@@H](NC(=O)CO[C@]5(C(=O)O)C[C@H](O)[C@@H](NC(=O)CO)[C@H]([C@H](O)[C@@H](CO)OC)O5)[C@H]([C@H](O)[C@H](O)CO)O4)[C@H]([C@H](O)[C@H](O)CO)O3)[C@H]2O)[C@H](O)[C@H]1O)[C@H](O)[C@H](O)CCCCCCCCCCCCC,6.1818111111111085,6.426056646825392,6.30393387896825
CCCCCCCCCCCCCCCCCCCC[C@@H](O)C(=O)N[C@@H](CO[C@@H]1O[C@H](CO)[C@@H](O[C@@H]2O[C@H](CO)[C@H](O)[C@H](O[C@]3(C(=O)O)C[C@H](O)[C@@H](NC(=O)CO[C@]4(C(=O)O)C[C@H](O)[C@@H](NC(=O)CO[C@]5(C(=O)O)C[C@H](O)[C@@H](NC(=O)CO)[C@H]([C@H](O)[C@@H](CO)OC)O5)[C@H]([C@H](O)[C@H](O)CO)O4)[C@H]([C@H](O)[C@H](O)CO)O3)[C@H]2O)[C@H](O)[C@H]1O)[C@H](O)[C@H](O)CCCCCCCCCCCCCC,6.1818111111111085,6.426056646825392,6.30393387896825
CCCCCCCCCCCCCCCCCCCC[C@@H](O)C(=O)N[C@@H](CO[C@@H]1O[C@H](CO)[C@@H](O[C@@H]2O[C@H](CO)[C@H](O)[C@H](O[C@]3(C(=O)O)C[C@H](O)[C@@H](NC(=O)CO[C@]4(C(=O)O)C[C@H](O)[C@@H](NC(=O)CO[C@]5(C(=O)O)C[C@H](O)[C@@H](NC(=O)CO)[C@H]([C@H](O)[C@@H](CO)OC)O5)[C@H]([C@H](O)[C@H](O)CO)O4)[C@H]([C@H](O)[C@H](O)CO)O3)[C@H]2O)[C@H](O)[C@H]1O)[C@H](O)[C@H](O)CCCCCCCCCCCCC,6.1818111111111085,6.426056646825392,6.30393387896825
CCCCCCCCCCCCCCCCCCCCC[C@@H](O)C(=O)N[C@@H](CO[C@@H]1O[C@H](CO)[C@@H](O[C@@H]2O[C@H](CO)[C@H](O)[C@H](O[C@]3(C(=O)O)C[C@H](O)[C@@H](NC(=O)CO[C@]4(C(=O)O)C[C@H](O)[C@@H](NC(=O)CO[C@]5(C(=O)O)C[C@H](O)[C@@H](NC(=O)CO)[C@H]([C@H](O)[C@@H](CO)OC)O5)[C@H]([C@H](O)[C@H](O)CO)O4)[C@H]([C@H](O)[C@H](O)CO)O3)[C@H]2O)[C@H](O)[C@H]1O)[C@H](O)[C@H](O)CCCCCCCCCCCCCC,6.1818111111111085,6.426056646825392,6.30393387896825
CCCCCCCCCCCCCCCCCCCCCC[C@@H](O)C(=O)N[C@@H](CO[C@@H]1O[C@H](CO)[C@@H](O[C@@H]2O[C@H](CO)[C@H](O)[C@H](O[C@]3(C(=O)O)C[C@H](O)[C@@H](NC(=O)CO[C@]4(C(=O)O)C[C@H](O)[C@@H](NC(=O)CO[C@]5(C(=O)O)C[C@H](O)[C@@H](NC(=O)CO)[C@H]([C@H](O)[C@@H](CO)OC)O5)[C@H]([C@H](O)[C@H](O)CO)O4)[C@H]([C@H](O)[C@H](O)CO)O3)[C@H]2O)[C@H](O)[C@H]1O)[C@H](O)[C@H](O)CCCCCCCCCCCCC,6.1818111111111085,6.426056646825392,6.30393387896825
COC1=C(Br)[C@H](O)[C@@]2(C=C1Br)CC(C(=O)NCCCCNC(=O)C1=NO[C@]3(C=C(Br)C(OC)=C(Br)[C@@H]3O)C1)=NO2,6.5868277777777795,6.020937943121689,6.303882860449734
CCCCCC/C=C\CC(=O)N[C@@H](CO)C(=O)N[C@H](C(=O)N[C@@H]1/C=C/C(=O)N[C@@H](C(C)C)C(=O)N(C)[C@@H](Cc2ccc(O)cc2)C(=O)OC1)C(C)C,6.231063333333331,6.376606230158729,6.30383478174603
CC(C)=CC(=O)NCCCOc1c(Br)cc(CCNC(=O)Cc2ccc(O)cc2)cc1Br,6.419841111111106,6.187624137806633,6.30373262445887
CCC(C)[C@H]1NC(=O)[C@@H](NC(=O)[C@H](C)[C@H](O)C(C)C)[C@@H](C)OC(=O)[C@@H]2COC(=O)CNC(=O)/C=C/[C@](O)(CO)[C@@H](C)Oc3ccc(cc3)[C@H](NC1=O)C(=O)N(C)[C@@H](Cc1ccccc1)C(=O)N[C@H](C(C)O)C(=O)N2,6.309716666666665,6.29724107142857,6.303478869047618
CCC(C)/C=C/C=C/C[C@@H]1NC(=O)[C@H]2C[C@@H](O)CNN2C(=O)COC(=O)[C@](C)(CO)NC(=O)[C@@H]2C[C@H](O)CNN2C(=O)[C@H]2C[C@H](Cl)CNN2C1=O,6.316166666666668,6.290652599206344,6.303409632936505
COC1=C(Br)[C@H](O)[C@@]2(C=C1Br)CC(C(=O)NCCCOc1c(Br)cc(CCNS(=O)(=O)[O-])cc1Br)=NO2.[Na+],6.43741,6.169133300264548,6.303271650132274
COc1c(O)cc(CO)c(Cc2cc(O)c(O)c(Br)c2Br)c1O,6.15193777777778,6.454537602813856,6.303237690295818
CO/C(C)=C/C(=O)N(C)[C@@H](Cc1ccc(OC)cc1)C(=O)N(C)[C@@H](CC(C)C)C(=O)N(C)[C@H](C(=O)N1CCC[C@H]1c1nccs1)C(C)C,6.504438888888892,6.101963690476189,6.303201289682541
CO[C@@H]1[C@H](O[C@@H]2CO[C@@H](O[C@@H]3[C@@H](O)[C@H](O)CO[C@H]3N3C(=O)/C(=C(O)/C=C/C=C/C=C/C=C/C=C(Cl)/C=C/C=C(\Cl)[C@H]4O[C@H](C)C[C@@H]4Cl)C(=O)[C@@H]3CC(N)=O)[C@@H](O)[C@@H]2O)O[C@H](C)[C@H]1O,6.350218888888894,6.2554186177248665,6.30281875330688
CN[C@@H](CCCN(O)C=O)C(=O)N[C@@H](CO)C(=O)N[C@@H](CCCN(O)C=O)C(=O)N(C)[C@H]1CCCN(O)C1=O,6.408724444444444,6.196778333333335,6.30275138888889
CC(=O)N[C@@H](CO)COc1ccc([C@@H](O)CNC(=O)[C@@H](O)CCC[C@H](O)[C@@H](O)[C@H](Cl)CCCCCCC[C@H](O)CCCCCCCCCCCCOC[C@@H](N)CO)cc1,6.311211111111109,6.294241013167388,6.302726062139248
CC(=O)O[C@@H]1CC[C@]2(CCCCCCCCCCCCCCOC[C@H](CO)NS(=O)(=O)O)OC1[C@@H](CCCCC/C=C/C(=O)O[C@H](CO)COP(=O)([O-])OCC[N+](C)(C)C)O2,6.4174277777777755,6.187660760582008,6.302544269179892
CC(=O)O[C@@H]1CC[C@]2(CCCCCCCCCCCCCCOC[C@H](CO)NS(=O)(=O)O)OC1[C@@H](CCCCC/C=C/C(=O)OC[C@@H](O)COP(=O)([O-])OCC[N+](C)(C)C)O2,6.4174277777777755,6.187660760582008,6.302544269179892
C/C=C1/NC(=O)[C@H](O)[C@H](CCC(C)C)NC(=O)[C@H](CC(N)=O)NC(=O)[C@H](Cc2ccccc2O)NC(=O)[C@@H]2C[C@H](C)CN2C(=O)[C@H]([C@@H](C)OC)NC(=O)[C@@H]([C@H](O)C(N)=O)NC(=O)CN(C)C1=O,6.258305555555558,6.346621646825394,6.302463601190476
CCCCCCC[C@@H](O)CC(=O)NC(=O)CC[C@H](NC)C(=O)N[C@@H](CCC(N)=O)C(=O)N[C@@H](CCC(N)=O)C(=O)N[C@@H](CCC(N)=O)C(=O)O[C@@H](C)C(=O)N1CCC[C@H]1C(=O)N(C)[C@H](CC(C)C)C(=O)N[C@@H]1C(=O)N[C@H]([C@@H](C)CC)[C@@H](O)CC(=O)O[C@@H](C(C)C)C(=O)[C@H](C)C(=O)N[C@@H](CC(C)C)C(=O)N2CCC[C@H]2C(=O)N(C)[C@@H](Cc2ccc(OC)cc2)C(=O)O[C@@H]1C,6.4178555555555565,6.187039867724864,6.302447711640211
CC(C)/C=C/C=C/C[C@@H]1NC(=O)[C@H]2C[C@@H](O)CNN2C(=O)COC(=O)[C@](C)(CO)NC(=O)[C@@H]2CCCNN2C(=O)[C@H]2C[C@H](Cl)CNN2C1=O,6.314235555555555,6.290652599206344,6.302444077380949
COC1=C(Br)C[C@]2(OC=C1Br)ON=C(C(=O)NCCCOc1c(Br)cc(CCNC=C3C(=O)C=CC3=O)cc1Br)[C@@H]2O,6.523506666666664,6.0810836267436255,6.302295146705145
COC(=O)N[C@H]1[C@@H](C)O[C@@H](O[C@H]2CC=C(C)[C@@H]3C=C[C@@H]4[C@@H](O[C@H]5C[C@@H](O)[C@@H](O)[C@H](C)O5)[C@@H](C)C[C@H](C)[C@H]4[C@]3(C)C(=O)C3=C(O)[C@@]4(C[C@@H](C)C(CO)=C[C@H]4C=C2C)OC3=O)C[C@]1(C)[N+](=O)[O-],6.310105555555555,6.294237962962958,6.302171759259257
CNCCCOc1c(Br)cc(-c2c[nH]c(=O)c(Cc3ccc(OC)c(Br)c3)n2)cc1Br,6.181082222222221,6.423190566378062,6.302136394300142
CC[C@H](C)[C@@H]1NC(=O)C2CSC(=N2)C(CC(C)C)NC(=O)[C@H](CO)NC(=O)[C@@H]2CCCN2C(=O)[C@H](CC(N)=O)NC(=O)c2csc(n2)[C@H](Cc2ccc(O)cc2)NC(=O)[C@H](CC(C)C)NC1=O,6.328733333333333,6.273837281746031,6.301285307539683
CC[C@H](C)CC(=O)N[C@@H](CC)C(=O)N[C@H]1CCCNC(=O)[C@H](Cc2c(Br)[nH]c3ccc(O)cc23)NC(=O)/C=C/c2coc(n2)[C@H](C)NC(=O)C(=O)[C@H](CC(C)C)NC(=O)[C@@H]2CCCN2C1=O,6.378127777777781,6.224150138888884,6.301138958333333
CC[C@H](C)[C@@H](OC(=O)[C@H](Cc1ccc(OC)cc1)N(C)C)C(=O)N[C@H](C(=O)N(C)[C@@H](Cc1ccc(O)cc1)C(=O)N(C)[C@@H](Cc1ccc(O)cc1)C(=O)OC)C(C)C,6.601233333333335,6.000942763888883,6.301088048611109
CNC(CC(C)C)C(=O)NC1C(=O)NC(CC(C)C)C(O)CC(=O)OC(C(C)C)C(=O)C(C)C(=O)NC(CC(C)C)C(=O)N2CCCC2C(=O)N(C)C(Cc2ccc(OC)cc2)C(=O)OC1C,6.414688888888886,6.187039867724864,6.3008643783068745
CNCCc1cc(Br)c(OCCCNC(=O)C#N)c(Br)c1,6.213192777777773,6.388357610028858,6.300775193903315
COC(=O)N[C@H]1[C@@H](C)O[C@@H](O[C@H]2CC=C(C)[C@@H]3C=C[C@@H]4[C@@H](O[C@H]5C[C@@H](O[C@H]6C[C@@H](O)[C@@H](O[C@@H]7C[C@@H](O)[C@@H](OC)[C@H](C)O7)[C@H](C)O6)[C@@H](O)[C@H](C)O5)[C@H](C)C[C@H](C)[C@H]4[C@]3(C)/C(O)=C3/C(=O)O[C@]4(C[C@@H](C)C(CO)=C[C@H]4C=C2C)C3=O)C[C@]1(C)[N+](=O)[O-],6.307305555555555,6.294237962962958,6.3007717592592565
CO[C@@H](C(=O)N[C@H]1CC[C@H](OC(=O)[C@H](OC)[C@H](O)[C@@H](O)[C@H](O)CCC(C)C)CN(C)C1=O)[C@H](O)[C@@H](O)[C@H](O)/C=C/C(C)C,6.280016666666663,6.321400753968248,6.300708710317456
CCCCCC/C=C\CC(=O)N[C@H](C(=O)N[C@@H](CO)[C@@H](O)CC(=O)N[C@H](C(=O)N[C@@H]1/C=C/C(=O)N[C@@H](C(C)C)C(=O)N(C)[C@@H](Cc2ccc(O)cc2)C(=O)OC1)C(C)C)C(C)C,6.224805555555556,6.376606230158729,6.300705892857143
COc1cc2c(cc1O)CCN[C@]21CS[C@@H]2c3c(OC(C)=O)c(C)c4c(c3[C@H](COC1=O)N1[C@@H](C(C=O)C=O)C3Cc5cc(C)c(OC)c(O)c5C([C@H]21)N3C)OCO4,6.547311111111113,6.053897710437711,6.300604410774412
COC1=C(Br)[C@@H](O)[C@]2(C=C1Br)CC(C(=O)NCCc1cn(CCCNC(=O)C3=NO[C@]4(C=C(Br)C(OC)=C(Br)[C@@H]4O)C3)cn1)=NO2,6.543127777777782,6.0578672486772485,6.300497513227516
COC1=C(Br)[C@H](O)[C@@]2(C=C1Br)CC(C(=O)NCCCn1cnc(CCNC(=O)C3=NO[C@]4(C=C(Br)C(OC)=C(Br)[C@@H]4O)C3)c1)=NO2,6.543127777777782,6.0578672486772485,6.300497513227516
COCn1cc(C[C@@H]2NC(=O)[C@@H]3CCCN3C2=O)c2ccccc21,6.172777777777776,6.428211598124096,6.300494687950936
CC[C@H](C)[C@H]1NC(=O)[C@@H](NC(=O)[C@@H](CC(C)C)NC)[C@@H](C)OC(=O)[C@H](Cc2ccc(OC)cc2)N(C)C(=O)[C@H]2CCCN2C(=O)[C@H](CC(C)C)NC(=O)[C@@H](C)C(=O)[C@H](C(C)C)OC(=O)C[C@@H]1O,6.41392222222222,6.187039867724864,6.300481044973542
CC[C@H](C)[C@H]1NC(=O)[C@@H](NC(=O)[C@@H](CC(C)C)NC)[C@@H](C)OC(=O)[C@H](Cc2ccc(OC)cc2)N(C)C(=O)[C@@H]2CCCN2C(=O)[C@H](CC(C)C)NC(=O)[C@@H](C)C(=O)[C@@H](C(C)C)OC(=O)C[C@@H]1O,6.41392222222222,6.187039867724864,6.300481044973542
CC[C@H](C)[C@H]1NC(=O)[C@@H](NC(=O)[C@@H](CC(C)C)NC)[C@@H](C)OC(=O)[C@H](Cc2ccc(OC)cc2)N(C)C(=O)[C@@H]2CCCN2C(=O)[C@H](CC(C)C)NC(=O)[C@@H](C)C(=O)[C@H](C(C)C)OC(=O)C[C@@H]1O,6.41392222222222,6.187039867724864,6.300481044973542
C#CCCCCCC(=O)N(C)[C@@H](C)C(=O)N(C)[C@H](C(=O)N1CCC[C@H]1C(=O)N(C)[C@H](C(=O)N(C)[C@H](C(=O)N(C)[C@@H](Cc1ccc(OC)cc1)C(=O)N(C)Cc1nccs1)C(C)C)C(C)C)C(C)C,6.459896666666668,6.140914112554113,6.300405389610391
C/C=C(/C)C(=O)OC[C@H]1C2=C(C[C@H]3[C@H]4C5=C(C(=O)C(C)=C(OC)C5=O)[C@H](O)[C@@H]([C@H](CC(C)=O)N13)N4C)C(=O)C(C)=C(OC)C2=O,6.347405555555557,6.253210459956706,6.300308007756131
COc1ccc(C[C@@H]2NC(=O)/C(C)=C/C3CSC(=N3)[C@@H](C)[C@@H](O)C[C@H](C)C[C@@H](C(C)(C)C)OC(=O)[C@H](C)N(C)C(=O)[C@H](C(C)C)N(C)C(=O)[C@H](C)N(C)C2=O)cc1,6.492955555555562,6.107632645502641,6.3002941005291015
COC(=O)N[C@H]1[C@@H](C)O[C@@H](O[C@H]2CC=C(C)[C@@H]3C=C[C@@H]4[C@@H](O[C@H]5C[C@@H](O[C@H]6C[C@@H](O)[C@@H](O[C@@H]7C[C@@H](O)[C@@H](OC)[C@H](C)O7)[C@H](C)O6)[C@@H](O)[C@H](C)O5)[C@@H](C)C[C@H](C)[C@H]4[C@]3(C)C(=O)C3=C(O)[C@@]4(C[C@@H](C)C(CO)=C[C@H]4C=C2C)OC3=O)C[C@]1(C)NO,6.306044444444447,6.294237962962958,6.300141203703703
Oc1ccc(Oc2c(O)cc(Br)c(Br)c2Br)c(Br)c1,6.137826666666664,6.462157428210682,6.299992047438673
COC1=C(Br)[C@H](O)[C@@]2(C=C1Br)CC(C(=O)NCCCOc1c(Br)cc(C[C@H](N)C(=O)O)cc1Br)=NO2,6.43084111111111,6.169133300264548,6.299987205687829
CC[C@H](C)[C@H](NC(=O)C[C@H](O)[C@H](CC(C)C)NC(=O)[C@H](CCC(N)=O)N(C)C(=O)[C@H](CC(C)C)NC(=O)[C@H](C)O)C(=O)NCC(=O)N(C)[C@H](Cc1ccccc1)C(=O)N1CCC[C@H]1C(=O)OC,6.381977777777782,6.217811855158727,6.299894816468255
N=C(N)NCCC[C@@H](NC(=O)c1cccc(O)c1O)C(=O)N[C@@H](COC(=O)[C@H](COC(=O)[C@H](CO)NC(=O)[C@@H](CCCNC(=N)N)NC(=O)c1cccc(O)c1O)NC(=O)[C@@H](CCCNC(=N)N)NC(=O)c1cccc(O)c1O)C(=O)O,6.425485555555551,6.1733605476190485,6.2994230515873
CC[C@H](C)[C@H]1NC(=O)[C@@H](NC(=O)[C@@H](CC(C)C)N(C)C(=O)[C@@H]2CCCN2C(=O)[C@H](C)O)[C@@H](C)OC(=O)[C@H](Cc2ccccc2)N(C)C(=O)[C@@H]2CCCN2C(=O)[C@H](CC(C)C)NC(=O)[C@@H](C)C(=O)[C@@H](C(C)C)OC(=O)C[C@@H]1O,6.404033333333331,6.194545740740735,6.299289537037033
CC[C@H](C)[C@H]1NC(=O)[C@@H](NC(=O)[C@@H](CC(C)C)N(C)C(=O)[C@@H]2CCCN2C(=O)[C@H](C)OC(=O)[C@H](CCC(=O)O)NC(=O)[C@@H](CCC(N)=O)NC)[C@@H](C)OC(=O)[C@H](Cc2ccc(OC)cc2)N(C)C(=O)[C@@H]2CCCN2C(=O)[C@H](CC(C)C)NC(=O)[C@@H](C)C(=O)[C@H](C(C)C)OC(=O)C[C@@H]1O,6.411422222222223,6.187039867724864,6.299231044973544
CCCCCCCCCCCCCCCC(=O)NC(C[S+]([O-])CC(CO)C[C@@H]1C[C@H](O)[C@]2(C)O[C@@H]3C[C@@H]4O[C@@H]5C[C@]6(C)O[C@]7(C)CC[C@@H]8O[C@@H]9C[C@]%10(C)O[C@@H]%11C(C)=CC(=O)O[C@H]%11C[C@H]%10O[C@H]9C[C@@H](C)[C@H]8O[C@H]7C[C@H]6O[C@@]5(C)C/C=C\[C@H]4O[C@H]3C[C@H]2O1)C(=O)O,6.311350000000002,6.287056686507933,6.299203343253968
COC1/C=C(C)/C=C/C(C)/C=C(\C)C(=O)OC(/C(C)=C/C=C(\C)CNC(=O)[C@H](CO)NC=O)C(C)/C=C/C=C/C(OC)CC/C=C(C)/C=C/C1,6.348705555555554,6.249489424603167,6.299097490079361
CO[C@@H]1/C=C(C)/C=C/[C@@H](C)/C=C(\C)C(=O)O[C@H](/C(C)=C/C=C(\C)CNC(=O)[C@H](CO)NC=O)[C@@H](C)/C=C/C=C/[C@@H](OC)CC/C=C(C)\C=C\C1,6.348705555555554,6.249489424603167,6.299097490079361
CC(C)C[C@@H]1NC(=O)[C@@H](C)C(=O)[C@@H](C(C)C)OC(=O)C[C@H](O)[C@@H](C(C)C)NC(=O)[C@@H](NC(=O)[C@@H](CC(C)C)N(C)C(=O)[C@@H]2CCCN2C(=O)[C@H](C)O)[C@@H](C)OC(=O)[C@H](Cc2ccccc2)N(C)C(=O)[C@@H]2CCCN2C1=O,6.4034944444444415,6.194545740740735,6.299020092592588
CC(C)/C=C/C=C/C[C@@H]1NC(=O)[C@H]2C[C@@H](O)CNN2C(=O)COC(=O)[C@](C)(CO)NC(=O)[C@@H]2C[C@H](O)CNN2C(=O)[C@H]2C[C@H](Cl)CNN2C1=O,6.306900000000002,6.290652599206344,6.298776299603173
CC[C@H](C)[C@H]1C(=O)N[C@@H](C(C)C)C(=O)N[C@H](C)[C@@H](C)C(=O)N[C@@H](CC(C)C)C(=O)N[C@@H](Cc2ccccc2)C(=O)O[C@@H](C(C)C)C(=O)N2CCC[C@H]2C(=O)N(C)[C@@H](C)C(=O)N(C)[C@@H](CC(C)C)C(=O)N1C,6.352985555555555,6.244447119708995,6.298716337632275
CCCCCCCCCCCCCCCCCCCCCCC[C@@H](O)C(=O)N[C@@H](CO[C@@H]1O[C@H](CO[C@]2(C(=O)O)C[C@H](O[C@]3(C(=O)O)C[C@H](O)[C@@H](NC(=O)CO[C@@H]4O[C@@H](C)[C@@H](O)[C@@H](O)[C@@H]4O)[C@H]([C@H](O)[C@H](O)CO)O3)[C@@H](NC(C)=O)[C@H]([C@H](O)[C@H](O)CO)O2)[C@@H](O)[C@H](O)[C@H]1O)[C@H](O)[C@H](O)CCCCCCCCCCC(C)C,6.364611111111113,6.232091726190472,6.2983514186507925
CCCCCCCCCCCCCCCCCCCCC[C@@H](O)C(=O)N[C@@H](CO[C@@H]1O[C@H](CO[C@]2(C(=O)O)C[C@H](O[C@]3(C(=O)O)C[C@H](O)[C@@H](NC(=O)CO[C@@H]4O[C@@H](C)[C@@H](O)[C@@H](O)[C@@H]4O)[C@H]([C@H](O)[C@H](O)CO)O3)[C@@H](NC(C)=O)[C@H]([C@H](O)[C@H](O)CO)O2)[C@@H](O)[C@H](O)[C@H]1O)[C@H](O)[C@H](O)CCCCCCCCCCCCC(C)C,6.364611111111113,6.232091726190472,6.2983514186507925
CCCCCCCCCCCCCCCCCCCCCC[C@@H](O)C(=O)N[C@@H](CO[C@@H]1O[C@H](CO[C@]2(C(=O)O)C[C@H](O[C@]3(C(=O)O)C[C@H](O)[C@@H](NC(=O)CO[C@@H]4O[C@@H](C)[C@@H](O)[C@@H](O)[C@@H]4O)[C@H]([C@H](O)[C@H](O)CO)O3)[C@@H](NC(C)=O)[C@H]([C@H](O)[C@H](O)CO)O2)[C@@H](O)[C@H](O)[C@H]1O)[C@H](O)[C@H](O)CCCCCCCCCCCC(C)C,6.364611111111113,6.232091726190472,6.2983514186507925
CCC[C@H]1NC(=O)c2csc(n2)[C@H](C(C)C)NC(=O)[C@H](Cc2ccc(OC)cc2)N(C)C(=O)[C@H](Cc2ccc(OC)cc2)N(C)C(=O)[C@H](C(C)C)NC(=O)[C@H]1C,6.366994444444448,6.2294760019841275,6.298235223214288
CCC(C)[C@@H]1NC(=O)[C@@H]2CCCN2C(=O)[C@H](C(C)C)NC(=O)[C@@H]2CCCN2C(=O)[C@H](C(C)CC)NC(=O)C2C[C@@]3(O)c4ccccc4N([C@H]3N2)[C@]23C[C@H](NC1=O)C(=O)N1[C@@H](Cc4ccc(O)cc4)C(=O)N(c4ccccc42)[C@@H]13,6.326668888888892,6.2694293591269865,6.298049124007939
CCC(C)[C@@H]1NC(=O)[C@@H]2CCCN2C(=O)[C@H](C(C)C)NC(=O)[C@@H]2CCCN2C(=O)[C@H](C(C)CC)NC(=O)C2C[C@]3(O)c4ccccc4N([C@@H]3N2)[C@]23C[C@H](NC1=O)C(=O)N1[C@@H](Cc4ccc(O)cc4)C(=O)N(c4ccccc42)[C@@H]13,6.326668888888892,6.2694293591269865,6.298049124007939
CCC(C)[C@@H]1NC(=O)[C@@H]2CCCN2C(=O)[C@H](C(C)C)NC(=O)[C@@H]2CCCN2C(=O)[C@H](C(C)CC)NC(=O)[C@@H](N)Cc2cn(c3ccccc23)[C@]23C[C@H](NC1=O)C(=O)N1[C@@H](Cc4ccc(O)cc4)C(=O)N(c4ccccc42)[C@@H]13,6.4003111111111135,6.19555763888889,6.297934375000002
CN1C(=O)N=C([N-]c2nc(Cc3ccc4c(c3)OCO4)cn2C)C1=O.CN1C(=O)N=C([N-]c2nc(Cc3ccc4c(c3)OCO4)cn2C)C1=O.[Zn+2],6.453372222222229,6.142432764550268,6.297902493386248
C=C[C@@](C)(CCC=C(C)C)c1ccc2c3c(c[nH]c13)C[C@@H](COC(C)=O)NC(=O)[C@H](C(C)C)N2C,6.182216666666665,6.413422629870129,6.297819648268398
C=C1C(O)C[C@H](O[C@H]2C[C@](C)([N+](=O)[O-])[C@@H](NC(=O)OC)[C@@H](C)O2)/C(C)=C/[C@@H]2C=C(CO)[C@H](C)C[C@]23OC(=O)C(=C3O)C(=O)[C@@]2(C)[C@H]3[C@H](C=C[C@@H]12)[C@@H](O[C@H]1C[C@@H](O[C@@H]2C[C@@H](C)[C@H](O[C@H]4C[C@@H](O)[C@@H](OC)[C@H](C)O4)[C@H](O)O2)[C@@H](O)[C@H](C)O1)[C@@H](C)C[C@@H]3C,6.30063888888889,6.294237962962958,6.2974384259259235
CNCCCOc1c(Br)cc(CCNC(=O)OC)cc1Br,6.328840000000004,6.26488916756854,6.296864583784272
COc1cc(CC(=O)NCCCCNC(=O)CC(=O)NCCC(=O)c2ccccc2NC=O)ccc1O,6.397410000000007,6.196222110389612,6.296816055194809
C/C=C1\NC(=O)[C@H](O)[C@@H](CC[C@@H](C)CC)NC(=O)[C@H](CC(N)=O)NC(=O)[C@H](Cc2ccccc2O)NC(=O)[C@@H]2C[C@H](C)CN2C(=O)[C@H]([C@@H](C)OC)NC(=O)[C@@H]([C@H](O)C(=O)NC(N)=O)NC(=O)CN(C)C1=O,6.274077777777778,6.319356607142854,6.296717192460316
CCC(C)CC(C)C(O)C(C)C(=O)N[C@H](CN)C(=O)NC(C(O)C(O)C(=O)NC(C(=O)N[C@H]1C(=O)N[C@H]([C@@H](C)O)C(=O)N[C@H](CCCN)C(=O)N[C@@H](CC(C)C)C(=O)N(C)[C@@H](CCC(N)=O)C(=O)NC(C(OC)C(N)=O)C(=O)N[C@H](CC(N)=O)C(=O)N(C)[C@@H](CC(C)C)C(=O)O[C@@H]1C)C(C)C(C)C(N)=O)C(C)(C)O,6.430894444444443,6.162356111111104,6.296625277777774
CO[C@H](c1ccccc1)[C@@H]1NC(=O)[C@H](C)NC(=O)[C@H](C[C@@H](C)CO)N(C)C(=O)[C@H]([C@H](O)C2=CC(C)c3ccccc32)NC(=O)[C@H]([C@H](C)C=C(C)C)NC(=O)[C@H](CC(C)C)N(C)C(=O)[C@H](C(C)C)NC1=O,6.2798500000000015,6.313278246031741,6.296564123015871
CCCCCCCCCCCCCCCCCCCCCC[C@@H](O)C(=O)N[C@@H](CO[C@@H]1O[C@H](CO)[C@@H](O[C@H]2O[C@H](CO)[C@H](O)[C@H](O[C@]3(C(=O)O)C[C@H](O[C@H]4C[C@H](CO)[C@H](O[C@@H]5O[C@H](C(C)O)[C@@H](O)[C@@H]5O)[C@H](O)[C@H]4O)[C@@H](NC(C)=O)[C@H](C(O)C(O)CO)O3)[C@H]2O)[C@H](O)[C@H]1O)[C@H](O)[C@H](O)CCCCCCCCCCCC,6.370838888888889,6.222206170634918,6.296522529761903
CCCCCCCCCCCCCCCCCCCCCC(=O)N[C@@H](CO[C@@H]1O[C@H](CO[C@]2(C(=O)O)C[C@H](O[C@]3(C(=O)O)C[C@H](O)[C@@H](NC(=O)CO[C@@H]4O[C@@H](C)[C@@H](O)[C@@H](O)[C@@H]4O)[C@H](C(O)C(O)CO)O3)[C@@H](NC(C)=O)[C@H](C(O)C(O)CO)O2)[C@@H](O)[C@H](O)[C@H]1O)[C@H](O)/C=C/CCCCCCCCC(C)CC,6.351966666666667,6.24105924603174,6.296512956349203
CCCCCCCCCCCCCCCCCCCCCCC[C@@H](O)C(=O)N[C@@H](CO[C@@H]1O[C@H](CO[C@]2(C(=O)O)C[C@H](O[C@]3(C(=O)O)C[C@H](O)[C@@H](NC(=O)CO)[C@H](C(O)C(CO)O[C@@H]4C[C@@H](C)[C@@H](O)[C@@H](O)[C@@H]4O)O3)[C@@H](NC(C)=O)[C@H](C(O)C(O)CO)O2)[C@@H](O)[C@H](O)[C@H]1O)[C@H](O)[C@H](O)CCCCCCCC(C)CC,6.360666666666669,6.232091726190472,6.29637919642857
C=CCCC[C@@H]1OC(=O)[C@H](C)NC(=O)[C@H](CC(C)C)NC(=O)[C@@H]2CCCN2C(=O)[C@H]([C@@H](C)CC)OC(=O)[C@H](C(C)C)N(C)C(=O)[C@H](C(C)C)NC(=O)C1(C)C,6.321222222222222,6.271263419312166,6.296242820767194
CC[C@@H](C)[C@@H]1NC(=O)[C@@H](CC(C)C)NC(=O)[C@H](CC(C)C)NC(=O)[C@H](Cc2c[nH]c3ccccc23)NC(=O)CNC(=O)[C@H](CC(=O)O)NC1=O,6.3557,6.236726319444443,6.296213159722221
CCCC(=O)N[C@@H](CC(C)C)[C@@H](CC(=O)O[C@@H]1COC(=O)c2csc(n2)[C@H](C(C)(C)O)OC(=O)[C@@H](C)[C@H](CCCC(C)(Cl)Cl)OC(=O)c2csc1n2)OC(C)=O,6.31665777777778,6.275464186507934,6.296060982142857
C/C1=C\[C@H](C)C[C@@H](C)OC(=O)C[C@H](c2ccc(O)cc2)NC(=O)[C@@H](Cc2ccc(O)c(I)c2)N(C)C(=O)[C@H](C)NC(=O)[C@@H](C)C1,6.435755555555554,6.1562222023809445,6.295988878968249
COC(=O)N[C@H]1[C@@H](C)O[C@@H](O[C@H]2CC=C(C)[C@@H]3C=C[C@@H]4[C@@H](O[C@H]5C[C@@H](O[C@H]6C[C@@H](O)[C@@H](O[C@@H]7C[C@@H](O)[C@@H](OC)[C@H](C)O7)[C@H](C)O6)[C@@H](O)[C@H](C)O5)[C@@H](C)C[C@H](C)[C@H]4[C@]3(C)C(=O)C3=C(O)[C@@]4(C[C@@H](C)C(CO)=C[C@H]4C=C2C)OC3=O)C[C@]1(C)[N+](=O)[O-],6.297738888888889,6.294237962962958,6.295988425925923
COc1c(O)cc(C[C@H]2c3c(cc(Br)c(OC)c3O)C[C@@H]3c4c(Br)c(O)c(OC)c(Br)c4CCN32)cc1Br,6.266683333333332,6.325253025974023,6.295968179653677
CN(C)CCCOc1ccc(CCNC(=O)c2cc(Br)c[nH]2)cc1Br,6.350715555555553,6.241087579365074,6.295901567460314
CC[C@H](C)[C@@H]1NC(=O)[C@@H]2CCCN2C(=O)[C@H](Cc2c[nH]c3ccccc23)NC(=O)[C@@H]2CCCN2C(=O)[C@H](C(C)C)NC(=O)[C@H](Cc2ccccc2)NC(=O)[C@H](CO)NC1=O,6.269777777777777,6.321547936507937,6.295662857142856
COC(=O)c1ccccc1C(=O)OCCOCCOC(=O)c1ccccc1C(=O)OCCOCCO,6.198915555555565,6.3921521327561335,6.295533844155849
COC(=O)N[C@H]1[C@@H](C)O[C@@H](O[C@H]2CC=C(C)[C@@H]3C=C[C@@H]4[C@@H](O[C@@H]5C[C@@H](O[C@@H]6C[C@@H](O)[C@@H](O[C@@H]7C[C@@H](O)[C@@H](OC)[C@H](C)O7)[C@H](C)O6)[C@@H](O)[C@H](C)O5)[C@@H](C)C[C@H](C)[C@H]4[C@]3(C)C(=O)C3=C(O)[C@@]4(C[C@@H](C)C(COC(C)=O)=C[C@H]4C=C2C)OC3=O)C[C@]1(C)N,6.295988888888892,6.294237962962958,6.2951134259259245
CCOC(=O)c1c(O)c(O)cc(Br)c1OC,6.147510000000005,6.442650082972584,6.295080041486294
CC(C)C[C@H](NC(=O)[C@@H]1CCCN1C(=O)/C1=C/N[C@@H](Cc2cnc[nH]2)C(=O)N2C[C@H](O)C[C@H]2C(=O)N[C@@H](CC(C)C)C(=O)N[C@@H](CC(C)C)C(=O)N2CCC[C@H]2C(=O)N2CCC[C@H]2C(=O)N[C@@H](C(C)C)C(=O)N1)C(=O)N[C@@H](Cc1ccccc1)C(=O)NCC(N)=O,6.41963888888889,6.170495119047618,6.295067003968254
COC1=C(Br)[C@H](O)[C@@]2(C=C1Br)CC(C(=O)NCCC(O)CNC(=O)C1=NO[C@]3(C=C(Br)C(OC)=C(Br)[C@@H]3O)C1)=NO2,6.5685111111111105,6.020937943121689,6.2947245271164
COC(=O)N[C@@H]1[C@H](C)O[C@@H](O[C@@H]2C/C=C(/C)[C@H]3C=C[C@H]4[C@H](O)[C@H](C)C[C@@H](C)[C@@H]4[C@@]3(C)C(=O)C3=C(O)C4(C[C@H](C)C(CO)=C[C@H]4/C=C\2C)OC3=O)C[C@@]1(C)N,6.294794444444445,6.294237962962958,6.294516203703702
COC1=C(Br)[C@H](O)[C@]2(C=C1Br)CN=C(C(=O)NCCCC(=O)CNC(=O)C1=NO[C@]3(C=C(Br)C(OC)=C(Br)[C@@H]3O)C1)C2,6.568088888888892,6.020937943121689,6.294513416005291
COC1/C=C(C)/C=C/C(C)/C=C/C(=O)OC(/C(C)=C/C=C(\C)CNC(=O)[C@H](COS(=O)(=O)[O-])NC=O)C(C)/C=C/C=C/C(OC)CC/C=C(C)/C=C/C1.[Na+],6.299688888888888,6.289265218253963,6.294477053571425
CO[C@@H]1/C=C(C)/C=C/[C@@H](C)/C=C/C(=O)O[C@H](/C(C)=C/C=C(\C)CNC(=O)[C@H](COS(=O)(=O)[O-])NC=O)[C@@H](C)/C=C/C=C/[C@@H](OC)CC/C=C(C)\C=C\C1.[Na+],6.299688888888888,6.289265218253963,6.294477053571425
CC[C@H](C)[C@@H](C(=O)N[C@@H](CC(C)C)C(=O)O)N(C)C(=O)[C@H](Cc1ccccc1)N(C)C(=O)[C@H](C(C)C)N(C)C(=O)[C@H](C(C)C)N(C)C(=O)[C@@H]1CCCN1C(=O)[C@H](C(C)C)N(C)C(=O)[C@@H](NC(=O)[C@@H](NC(=O)[C@@H](NC(=O)[C@H](C(C)C)N(C)C(=O)[C@H](C)N(C)C(C)=O)C(C)C)[C@@H](C)O)C(C)C,6.469155555555558,6.119771240079364,6.294463397817461
C/C=C1\NC(=O)[C@H](O)[C@@H](CCC(C)C)NC(=O)[C@H](CC(N)=O)NC(=O)[C@@H](Cc2ccccc2O)NC(=O)[C@@H]2C[C@H](C)CN2C(=O)[C@H]([C@@H](C)OC)NC(=O)[C@@H]([C@H](OS(=O)(=O)O)C(=O)NC(N)=O)NC(=O)CN(C)C1=O,6.241944444444446,6.346621646825394,6.29428304563492
CC[C@@H](C)[C@@H]1NC(=O)[C@H](NC(=O)[C@@H](C)[C@@H](O)C(C)C)[C@H](C)OC(=O)[C@H]2COC(=O)CNC(=O)/C=C/[C@@]3(CO3)[C@H](C)Oc3ccc(cc3)[C@@H](NC1=O)C(=O)N(C)[C@H](Cc1ccccc1)C(=O)N[C@@H]([C@H](C)O)C(=O)N2,6.29126111111111,6.29724107142857,6.294251091269841
CC[C@@H](C)[C@H]1NC(=O)CCNC(=O)[C@H]([C@@H](C)CC)N(C)C(=O)[C@@H](CC(C)C)NC(=O)CCNC(=O)[C@H]([C@@H](C)O)NC(=O)[C@@H]([C@@H](C)CC)N(C)C(=O)[C@@H](CC(C)C)NC(=O)CCNC(=O)[C@H](C)NC(=O)[C@H](C(C)C)N(C)C1=O,6.360113333333334,6.228154176587299,6.294133754960317
C[C@@H]1C[C@@]23C[C@H]4C(C)(C)[C@@]5(C[C@]4(C[N+]2([O-])C1)N(C)C3=O)C(=O)Nc1c5ccc2c1C(=O)CC(C)(C)O2,6.1530777777777805,6.435173865740742,6.294125821759261
C/C1=C\[C@H](C)C[C@H](C)OC(=O)[C@H](C)NC(=O)[C@@H](Cc2ccc(O)c(I)c2)N(C)C(=O)CNC(=O)[C@@H](C)C1,6.524652222222224,6.063527103174599,6.294089662698411
O=S(=O)(O)OCc1cc(O)c(OS(=O)(=O)O)c(Br)c1Br,6.2077200000000055,6.380341428571432,6.294030714285719
CC(=O)O[C@@H]1CC[C@]2(CCCCCCCCCCCCCCOC[C@@H](N)COS(=O)(=O)O)OC1[C@@H](CCCCC/C=C/C(=O)OC[C@@H](O)COP(=O)([O-])OCC[N+](C)(C)C)O2,6.40032222222222,6.187660760582008,6.293991491402114
CC[C@H](C)[C@H]1NC(=O)[C@@H](NC(=O)[C@@H](CC(C)C)N(C)C(=O)[C@@H]2CCCN2C(=O)[C@H](C)OC(=O)[C@H](CCC(N)=O)NC(=O)[C@@H]2CCC(=O)N2)[C@@H](C)OC(=O)[C@H](Cc2ccc(OC)cc2)N(C)C(=O)[C@@H]2CCCN2C(=O)[C@H](CC(C)C)NC(=O)[C@@H](C)C(=O)[C@H](C(C)C)OC(=O)C[C@@H]1O,6.400300000000001,6.187039867724864,6.293669933862432
COC1=C(Br)[C@H](O)[C@@]2(C=C1Br)CC(C(=O)NCCCCCNC(=O)C1=NO[C@]3(C=C(Br)C(OC)=C(Br)[C@@H]3O)C1)=NO2,6.566172222222223,6.020937943121689,6.293555082671956
CC[C@H](C)[C@@H]1NC(=O)[C@H](C)NC(=O)[C@@H]2NC(=O)[C@H]([C@@H](C)CC)NC(=O)[C@@H]3CCCN3C(=O)CNC(=O)[C@H](CO)NC(=O)[C@@H]3CNCCCC[C@@H](C(=O)O)NC(=O)[C@@H]4NC(=O)[C@H]([C@@H](C)O)NC(=O)CNC(=O)[C@H]([C@@H](O)C(=O)O)NC(=O)[C@H](CS[C@@H](C)[C@@H](NC(=O)[C@H](CO)NC(=O)[C@H](C)NC(=O)[C@@H](NC(=O)[C@H](CCC(=O)O)[N+](C)(C)C)CS[C@H]4C)C(=O)N[C@@H](CS[C@H]2C)C(=O)N3)NC1=O,6.264827777777776,6.322070773809522,6.293449275793649
COC1=C(Br)[C@@H](O)[C@]2(C=C1Br)CC(C(=O)NCCCOc1c(Br)cc(CC(NC(=O)[C@@H](Cc3cc(Br)c(OCCCNC(=O)C4=NO[C@@]5(C=C(Br)C(OC)=C(Br)[C@H]5O)C4)c(Br)c3)NS(=O)(=O)[O-])C(=O)O)cc1Br)=NO2.[Na+],6.426724444444444,6.159816078042326,6.293270261243385
CCC(C)/C=C/C=C/C(=O)N[C@@H](Cc1c[nH]c2cc(Cl)ccc12)C(=O)N[C@H](CC(N)=O)C(=O)N[C@@H](CC(=O)O)C(=O)N[C@@H]1C(=O)NCC(=O)N[C@@H](CCCN)C(=O)N[C@@H](CC(=O)O)C(=O)N[C@H](C)C(=O)N[C@@H](CC(=O)O)C(=O)NCC(=O)N[C@H](C)C(=O)N[C@@H]([C@H](C)CC(=O)O)C(=O)N[C@@H](CC(=O)c2ccc(Cl)cc2N)C(=O)O[C@@H]1C,6.336849999999999,6.249401190476187,6.293125595238093
COC(CC1OC(=O)CC(O)CC(SC[C@H](NC(=O)CC[C@H](N)C(=O)O)C(=O)NCC(=O)O)CC(=O)C(C)C(OC)c2coc(n2)-c2coc(n2)-c2coc(n2)/C=C/CC(OC)C1C)C(C)CCC(=O)C(C)C(OC(C)=O)C(C)/C=C/N(C)C=O,6.281384920634923,6.304743399470893,6.293064160052908
COC1=C(Br)[C@@H](O)[C@]2(C=C1Br)CC(C(=O)NCCCOc1c(Br)cc(CCNC(=N)N)cc1Br)=NO2,6.485426666666665,6.100355297619043,6.292890982142854
NCCCOc1c(Br)cc(CCNC(=O)/C(Cc2ccc(O)c(Br)c2)=N/O)cc1Br,6.372301111111108,6.213433829365081,6.292867470238095
CCCCC(C)C(=O)N1CCC[C@H]1C(=O)N(C)C(Cc1ccccc1)C(=O)NCC(=O)N(C)[C@@H](C(=O)N(C)[C@H](C(=O)NCC(=O)N(C)C(Cc1ccccc1)C(=O)N1CCC[C@@H]1C(=O)OC)[C@@H](C)CC)C(C)C,6.480441111111111,6.105052807539681,6.292746959325396
CN(C)CCc1cc(Br)c(OCCCN(C)C(=O)/C=C\c2cc(Br)c(O)c(Br)c2)c(Br)c1,6.376162222222224,6.208768582972579,6.292465402597401
CN(C)CCc1cc(Br)c(OCCCN(C)C(=O)/C=C/c2cc(Br)c(O)c(Br)c2)c(Br)c1,6.376162222222224,6.208768582972579,6.292465402597401
CC/C=C\C/C=C\C/C=C\C/C=C\C/C=C\C/C=C\CCC(=O)OC(COC(=O)CCC/C=C\C/C=C\C/C=C\C/C=C\C/C=C\C/C=C\C/C=C\C/C=C\C[As](C)(C)=O)COP(=O)(O)OCCN,6.399955555555556,6.184463722943717,6.292209639249636
CC[C@H](C)[C@H](NC(=O)[C@H](CC(C)C)N(C)C(=O)CCCCCNC(=O)CCCc1ccc(O)cc1)C(=O)N(C)[C@@H](C(=O)N[C@@H](CCC(N)=O)C(=O)N[C@H](C(=O)N(C)[C@H](Cc1ccccc1)C(=O)N1CCC[C@H]1C(=O)OC)C(C)C)C(C)C,6.514638888888888,6.069712232142855,6.292175560515872
C=CCCCC[C@@H](C)C(=O)N(C)[C@@H](C)C(=O)N(C)[C@H](C(=O)N1CCC[C@H]1C(=O)N(C)[C@H](C(=O)N(C)[C@H](C(=O)N(C)[C@@H](Cc1ccc(OC)cc1)C(=O)N1CCC[C@H]1c1nccs1)C(C)C)C(C)C)C(C)C,6.546183333333334,6.038051374458875,6.292117353896105
CCCCCCCCCCCCCCCCCCCCC[C@@H](O)C(=O)N[C@@H](CO[C@@H]1O[C@H](CO[C@]2(C(=O)O)C[C@H](O[C@]3(C(=O)O)C[C@H](O)[C@@H](NC(=O)CO[C@@H]4O[C@@H](C)[C@@H](O)[C@@H](O)[C@@H]4O)[C@H]([C@H](O)[C@H](O)CO)O3)[C@@H](NC(C)=O)[C@H]([C@H](O)[C@H](O)CO)O2)[C@@H](O)[C@H](O)[C@H]1O)[C@H](O)[C@H](O)CCCCCCCCCCCC(C)C,6.351544444444446,6.232091726190472,6.291818085317459
CCCCCCCCCCCCCCCCCCCCCC[C@@H](O)C(=O)N[C@@H](CO[C@@H]1O[C@H](CO[C@]2(C(=O)O)C[C@H](O[C@]3(C(=O)O)C[C@H](O)[C@@H](NC(=O)CO[C@@H]4O[C@@H](C)[C@@H](O)[C@@H](O)[C@@H]4O)[C@H]([C@H](O)[C@H](O)CO)O3)[C@@H](NC(C)=O)[C@H]([C@H](O)[C@H](O)CO)O2)[C@@H](O)[C@H](O)[C@H]1O)[C@H](O)[C@H](O)CCCCCCCCCCC(C)C,6.351544444444446,6.232091726190472,6.291818085317459
CC[C@H](C)[C@H]1NC(=O)[C@@H](NC(=O)[C@@H](CC(C)C)N(C)C(=O)C2CCCN2C(=O)C(C)OC(=O)C(CCC(N)=O)NC(=O)C(CCC(N)=O)NC(=O)C(CCC(N)=O)NC(=O)C2CCC(=O)N2)[C@@H](C)OC(=O)[C@H](Cc2ccc(OC)cc2)N(C)C(=O)C2CCCN2C(=O)[C@H](CC(C)C)NC(=O)[C@@H](C)C(=O)[C@H](C(C)C)OC(=O)C[C@@H]1C,6.378372222222223,6.20496681216931,6.291669517195767
CCC[C@H]1NC(=O)c2csc(n2)[C@H](C)NC(=O)[C@H](C(C)C)N(C)C(=O)[C@H](Cc2ccc(O)cc2)N(C)C(=O)[C@H](C(C)C)OC(=O)[C@H]1C,6.3050688888888935,6.278117695105821,6.291593291997357
CC/C=C/[C@@H]1CC[C@]2(C[C@H]3CC[C@H]4[C@@H](C(=O)OC(CC)CCCCCCCCCCCC[C@@H]5O[C@](O)(CCN)[C@H](O)N(CCCN)C5=O)[C@@]5(CCC[C@H](C)O5)N=C(N2)N34)O1,6.351155555555556,6.231819682539679,6.291487619047617
COC1=C(Br)[C@H](O)[C@@]2(C=C1Br)CC(C(=O)NCCCC(O)CNC(=O)C1=NO[C@]3(C=C(Br)C(OC)=C(Br)[C@@H]3O)C1)=NO2,6.561977777777778,6.020937943121689,6.291457860449734
COC1=C(Br)[C@H](O)[C@@]2(C=C1Br)CC(C(=O)NCCC(O)CCNC(=O)C1=NO[C@]3(C=C(Br)C(OC)=C(Br)[C@@H]3O)C1)=NO2,6.561977777777778,6.020937943121689,6.291457860449734
COC1=C(Br)C[C@]2(OC=C1Br)ON=C(C(=O)NCCCOc1c(Br)cc(C(O)CNC=C3C(=O)CC(Cl)C3=O)cc1Br)[C@@H]2O,6.488438888888887,6.09375549182299,6.291097190355939
COC1/C=C(C)/C=C/C(C)/C=C/C(=O)OC(/C(C)=C/C=C(\C)CNC(=O)[C@H](CO)NC=O)C(C)/C=C/C=C/C(OC)CC/C=C(C)/C=C/C1,6.332638888888887,6.249489424603167,6.291064156746027
CO[C@@H]1/C=C(C)/C=C/[C@@H](C)/C=C/C(=O)O[C@H](/C(C)=C/C=C(\C)CNC(=O)[C@H](CO)NC=O)[C@@H](C)/C=C/C=C/[C@@H](OC)CC/C=C(C)\C=C\C1,6.332638888888887,6.249489424603167,6.291064156746027
COc1cc(CCN(C)C)c2c(c1O)Sc1c(CCN(C)C)cc(OC)c(O)c1S2,6.37874555555556,6.202479484487734,6.2906125200216465
COc1cc(CCN(C)C)c2c(c1O)Sc1c(O)c(OC)cc(CCN(C)C)c1S2,6.37874555555556,6.202479484487734,6.2906125200216465
CCCCCCC[C@@H](O)CC(=O)NC(=O)CC[C@H](NC)C(=O)N[C@@H](CCC(N)=O)C(=O)N[C@@H](CCC(N)=O)C(=O)O[C@@H](C)C(=O)N1CCC[C@H]1C(=O)N(C)[C@H](CC(C)C)C(=O)N[C@@H]1C(=O)N[C@H]([C@@H](C)CC)[C@@H](O)CC(=O)O[C@@H](C(C)C)C(=O)[C@H](C)C(=O)N[C@@H](CC(C)C)C(=O)N2CCC[C@H]2C(=O)N(C)[C@@H](Cc2ccc(OC)cc2)C(=O)O[C@@H]1C,6.394144444444445,6.187039867724864,6.290592156084655
CO[C@H]1[S+]([O-])/C2=C/C(=O)[C@](C)(O[C@H]3CC[C@H](N(C)C)[C@@H](C)O3)[C@H](O)CC/C(C)=C\[C@@H]3[C@@H](C)[C@](C)(Br)[C@@H](C[C@H]3O[C@H]3CC[C@H](N(C)C)[C@@H](C)O3)OC(=O)[C@@H]3CSC(=N3)[C@]1(C)N2,6.455455555555554,6.125368974867721,6.290412265211637
C#CCCCC[C@@H](C)C(=O)N(C)[C@@H](C)C(=O)N(C)[C@H](C(=O)N1CCC[C@H]1C(=O)N(C)[C@H](C(=O)N(C)[C@H](C(=O)N(C)[C@@H](Cc1ccc(OC)cc1)C(=O)N(C)Cc1nccs1)C(C)C)C(C)C)C(C)C,6.439907777777781,6.140853894300144,6.290380836038962
C#CCC1C=C([C@@H](O)[C@@H]2NC(=O)[C@H]([C@H](C)C=C(C)C)NC(=O)[C@H](CC(C)C)N(C)C(=O)[C@H](C(C)C)NC(=O)[C@H]([C@H](OC)c3ccccc3)NC(=O)[C@H](C)NC(=O)[C@H](C[C@@H](C)CO)N(C)C2=O)c2ccccc21,6.267311111111113,6.313278246031741,6.290294678571427
C/C=C(/C)C(=O)OC[C@H]1C2=C(C[C@H]3[C@H]4C5=C(C(=O)C(C)=C(OC)C5=O)[C@H](O[C@H]5CC[C@@]6(C)C(=CC[C@H]7[C@@H]8CC[C@H]([C@H](C)CCCC(C)C)[C@@]8(C)CC[C@@H]76)C5)[C@H]([C@H](C#N)N13)N4C)C(=O)C(C)=C(OC)C2=O,6.309950000000001,6.270340916305916,6.290145458152958
CCC1CC(C)CC(=O)N(C)/C=C/CCC(C)C(=O)N[C@@H](C(C)C)C(=O)N(C)[C@@H](Cc2ccccc2)C(=O)N(C)[C@@H](C(C)O)C(=O)N(C)[C@@H](Cc2ccccc2)C(=O)O1,6.344291111111115,6.235831091269835,6.290061101190475
COc1c(Br)cc(C/C(=N\O)C(=O)N[C@H](Cc2ccc(O)c(Br)c2)C(=O)O)cc1Br,6.358128888888888,6.221672640873018,6.289900764880953
CCCC(=O)N[C@@H](CC)[C@@H](CC(=O)O[C@@H]1COC(=O)c2csc(n2)[C@@H]([C@@](C)(O)CC)OC(=O)[C@@H](C)[C@H](CCCC(C)(Cl)Cl)OC(=O)c2csc1n2)OC(C)=O,6.303935555555556,6.275464186507934,6.289699871031745
COC1=C(Br)[C@@H](O)[C@]2(C=C1Br)CC(C(=O)NCCCOc1c(Br)cc(CC(NS(=O)(=O)[O-])C(=O)O)cc1Br)=NO2.[Na+],6.409693333333333,6.169133300264548,6.289413316798941
CCC[C@H]1NC(=O)c2csc(n2)[C@H](C)NC(=O)[C@H](C(C)C)N(C)C(=O)[C@H](Cc2ccc(O)cc2)N(C)C(=O)[C@H](C(C)CC)OC(=O)[C@H]1C,6.300457777777782,6.278117695105821,6.289287736441802
COC1=C(Br)C[C@]2(OC=C1Br)ON=C(C(=O)NCCCOc1c(Br)cc(C(O)CNC=C3C(=O)C=CC3=O)cc1Br)[C@@H]2O,6.497459999999998,6.0810836267436255,6.289271813371812
C/C=C(/C)C(=O)OC[C@H]1C2=C(C[C@@H]3[C@@H]4C5=C(C(=O)C(C)=C(OC)C5=O)[C@@H](OCC)[C@@H](C(=O)N31)N4C)C(=O)C(C)=C(OC)C2=O,6.445155555555558,6.133383845598843,6.289269700577201
C/C=C(/C)C(=O)OC[C@H]1C2=C(C[C@H]3[C@H]4C5=C(C(=O)C(C)=C(OC)C5=O)[C@H](OCC)[C@@H](C(=O)N13)N4C)C(=O)C(C)=C(OC)C2=O,6.445155555555558,6.133383845598843,6.289269700577201
COC1=C(Br)[C@@H](O)[C@]2(C=C1Br)CC(C(=O)NCCCOc1c(Br)cc(CCN)cc1Br)=NO2,6.4780544444444415,6.100355297619043,6.2892048710317425
COC1=C(Br)[C@H](O)[C@]2(C=C1Br)CC(C(=O)NCCCOc1c(Br)cc(CCN)cc1Br)=NO2,6.4780544444444415,6.100355297619043,6.2892048710317425
COC1=C(Br)[C@@H](O)[C@]2(C=C1Br)CC(C(=O)NCCc1cc(Br)c(OCCCN)c(Br)c1)=NO2,6.4780544444444415,6.100355297619043,6.2892048710317425
COC1=C(Br)[C@H](O)[C@@]2(C=C1Br)CC(C(=O)NCCCOc1c(Br)cc(CCN)cc1Br)=NO2,6.4780544444444415,6.100355297619043,6.2892048710317425
CCCC(=O)N[C@H](C(=O)N1CCC[C@H]1C(=O)N(C)[C@@H](Cc1ccccc1)C(=O)N[C@@H](CC(C)C)C(=O)N(C)[C@H](C(=O)N(C)Cc1nccs1)C(C)C)C(C)C,6.332780000000004,6.244886359126985,6.288833179563495
CCCC(=O)N(C)[C@H](C(=O)N1CCC[C@H]1C(=O)N(C)[C@@H](Cc1ccccc1)C(=O)N[C@@H](CC(C)C)C(=O)N[C@H](C(=O)N(C)Cc1nccs1)C(C)C)C(C)C,6.332780000000004,6.244886359126985,6.288833179563495
C/C1=C\[C@H](C)C[C@H](C)OC(=O)[C@H](C(C)C)NC(=O)[C@@H](Cc2ccc(O)c(I)c2)N(C)C(=O)CNC(=O)[C@@H](C)C1,6.514055555555557,6.063527103174599,6.288791329365078
CCC[C@H]1NC(=O)c2csc(n2)[C@H](C)NC(=O)[C@H](C(C)C)N(C)C(=O)[C@H](Cc2ccccc2)N(C)C(=O)[C@H](C)OC(=O)[C@@H]1C,6.290941111111116,6.286500472883597,6.288720791997356
COC(=O)c1ccccc1NC(=O)[C@H](CCSC)NC(=O)c1cnc2c(n1)c(=O)n(C)c(=O)n2C,6.079911111111113,6.496936011904764,6.288423561507939
C[C@@]12CCC(=O)[C@H]3[C@@H](O)N(CCOS(=O)(=O)O)C(=O)[C@]31C(=O)c1cc3c(O)ccc(OS(=O)(=O)O)c3cc12,6.403518253968253,6.173221874999997,6.288370064484125
COC(=O)N[C@H]1[C@@H](C)O[C@@H](O[C@H]2CC=C(C)[C@@H]3C=C[C@@H]4[C@@H](O[C@H]5C[C@@H](O[C@H]6CC[C@@H](O[C@@H]7C[C@@H](O)[C@@H](O[C@H]8CC[C@@H](O)[C@H](C)O8)[C@H](C)O7)[C@H](C)O6)[C@@H](OC(C)=O)[C@H](C)O5)[C@@H](C)C[C@H](C)[C@H]4[C@]3(C)C(=O)C3=C(O)[C@@]4(C[C@H](CO)C[C@H](O)C4C=C2C)OC3=O)C[C@]1(C)[N+](=O)[O-],6.2969388888888895,6.279242407407403,6.288090648148146
CC(=O)OC[C@H](COP(=O)([O-])OCC[N+](C)(C)C)OC(=O)/C=C/CCCCC[C@H]1O[C@]2(CCCCCCCCCCCCCCOC[C@H](N)COS(=O)(=O)O)CC[C@@H](OC(C)=O)C1O2,6.3884277777777765,6.187660760582008,6.288044269179892
Oc1ccc(Oc2ccc(Br)cc2Br)cc1Br,6.07526111111111,6.500374194444451,6.287817652777781
CC[C@H](C)[C@H](NC(=O)C[C@H](O)[C@H](Cc1ccccc1)NC(=O)[C@H](CCC(N)=O)N(C)C(=O)[C@@H](NC(=O)[C@H](C)O)[C@@H](C)CC)C(=O)NCC(=O)N(C)[C@H](Cc1ccccc1)C(=O)N1CCC[C@H]1C(=O)OC,6.356544444444448,6.217811855158727,6.287178149801587
COC(=O)N[C@H]1[C@@H](C)O[C@@H](O[C@H]2CC=C(C)[C@@H]3C=C[C@@H]4[C@@H](O[C@H]5C[C@@H](O[C@H]6C[C@@H](O)[C@@H](O[C@@H]7C[C@@H](O)[C@@H](OC)[C@H](C)O7)[C@H](C)O6)[C@@H](O)[C@H](C)O5)[C@@H](C)C[C@H](C)[C@H]4[C@]3(C)C(=O)C3=C(O)[C@@]4(C[C@@H](C)C(CO)=C[C@H]4C=C2C)OC3=O)C[C@]1(C)N,6.279883333333335,6.294237962962958,6.287060648148147
CCCCCC(=O)N[C@H](C(=O)N[C@@H](CC[S+](C)[O-])C(=O)N[C@@H](CC(C)C)C(=O)[C@@]1(C)CO1)C(C)C,6.270150000000003,6.302963630952377,6.28655681547619
COc1c(Br)cc(C[C@@H](C(=O)N(C)CC(=O)c2cc(Br)c(OCCCN(C)C)c(Br)c2)N(C)C)cc1Br,6.418768888888887,6.153389345238095,6.28607911706349
COC(=O)N[C@H]1[C@@H](C)O[C@@H](O[C@H]2CC=C(C)[C@@H]3C=C[C@@H]4[C@@H](O[C@H]5C[C@@H](O[C@H]6CC[C@@H](O[C@@H]7C[C@@H](O)[C@@H](O)[C@H](C)O7)[C@H](C)O6)[C@@H](OC(C)=O)[C@H](C)O5)[C@@H](C)C[C@H](C)[C@H]4[C@]3(C)C(=O)C3=C(O)[C@@]4(C[C@H](CO)C[C@H](O)C4C=C2C)OC3=O)C[C@]1(C)[N+](=O)[O-],6.2923388888888905,6.279242407407403,6.285790648148147
COC(=O)[C@@H]1CCCN1C(=O)[C@H](Cc1ccccc1)N(C)C(=O)[C@H](C)NC(=O)[C@H](CC(C)C)NC(=O)C[C@H](O)[C@H](Cc1ccccc1)NC(=O)[C@H](CCC(N)=O)N(C)C(=O)[C@@H](NC(=O)[C@H](C)O)C(C)C,6.353627777777777,6.217811855158727,6.2857198164682515
COc1ccc(C[C@H](C(=O)NCCCN(C)CCc2cc(OC)c(Br)cc2Br)N(C)C)cc1Br,6.560704444444441,6.010719216269837,6.285711830357139
COC(=O)[C@@H]1c2cc3c(c(O)c2[C@@H](O[C@H]2C[C@H](N(C)C)[C@H](O[C@@H]4C[C@H](O)[C@H](O[C@@H]5C[C@@](C)([N+](=O)[O-])[C@H](O[C@H]6C[C@H](O)[C@H](O)[C@H](C)O6)[C@H](C)O5)[C@@H](C)O4)[C@H](C)O2)C[C@]1(C)O)C(=O)c1c(O)cc2c(c1C3=O)O[C@@H]1O[C@@]2(C)[C@@H](O[C@@H]2C[C@H](O)[C@H](O[C@@H]3C[C@](C)([N+](=O)[O-])[C@H](O[C@H]4C[C@H](O)[C@H](O)[C@H](C)O4)[C@H](C)O3)[C@@H](C)O2)[C@@H](N(C)C)[C@@H]1O,6.402141111111109,6.169263713924961,6.2857024125180345
COC1=C(Br)C[C@]2(OC=C1Br)ON=C(C(=O)NCCCOc1c(Br)cc(CCNC=C3C(=O)CCC3=O)cc1Br)[C@@H]2O,6.490288888888885,6.0810836267436255,6.285686257816256
C/C=C(/C)C(=O)OCC1C2=C(C=CN1C=O)C(=O)C(C)=C(OC)C2=O,6.36078333333333,6.209796612554114,6.285289972943723
CN(C[C@H]1O[C@@H](n2cnc3c(N)ncnc32)[C@H](O)[C@@H]1O)N(C)C[C@H]1O[C@@H](n2cnc3c(N)ncnc32)[C@H](O)[C@@H]1O,6.195222222222222,6.374979186507936,6.285100704365079
OCc1c(Cc2cc(O)c(O)c(Br)c2Br)cc(O)c(O)c1Br,6.348375555555557,6.221734942640693,6.285055249098125
C[C@H]1Cc2c(Cl)cc(C(=O)N[C@H](Cc3ccccc3)C(=O)OCC(O)C(O)CO)c(O)c2C(=O)O1,6.202782222222223,6.367165876322747,6.284974049272485
COC1=C(Br)[C@H](O)[C@]2(C=C1Br)CC(C(=O)NCCCOc1ccc(CCN)cc1Br)=NO2,6.46955444444444,6.100355297619043,6.284954871031742
CCCCCCCCCCCCCCCCCCCCCC[C@@H](O)C(=O)N[C@@H](CO[C@@H]1O[C@H](CO[C@]2(C(=O)O)C[C@H](O[C@]3(C(=O)O)C[C@H](O)[C@@H](NC(=O)CO[C@@H]4O[C@@H](C)[C@@H](O)[C@@H](O)[C@@H]4O)[C@H]([C@H](O)[C@H](O)CO)O3)[C@@H](NC(C)=O)[C@H]([C@H](O)[C@H](O)CO)O2)[C@@H](O)[C@H](O)[C@H]1O)[C@H](O)[C@H](O)CCCCCCCCCCCCC(C)C,6.337455555555558,6.232091726190472,6.284773640873015
CCCCCCCCCCCCCCCCCCCCCCC[C@@H](O)C(=O)N[C@@H](CO[C@@H]1O[C@H](CO[C@]2(C(=O)O)C[C@H](O[C@]3(C(=O)O)C[C@H](O)[C@@H](NC(=O)CO[C@@H]4O[C@@H](C)[C@@H](O)[C@@H](O)[C@@H]4O)[C@H]([C@H](O)[C@H](O)CO)O3)[C@@H](NC(C)=O)[C@H]([C@H](O)[C@H](O)CO)O2)[C@@H](O)[C@H](O)[C@H]1O)[C@H](O)[C@H](O)CCCCCCCCCCCC(C)C,6.337455555555558,6.232091726190472,6.284773640873015
C/C1=C\[C@H](C)C[C@@H](C)OC(=O)C[C@H](c2ccc(O)cc2)NC(=O)[C@@H](Cc2ccc(O)c(Br)c2)N(C)C(=O)[C@H](C)NC(=O)[C@@H](C)C1,6.412788888888889,6.1562222023809445,6.284505545634916
C/C=C1\NC(=O)[C@@H](NC(=O)[C@H](CC[S+](C)[O-])NC(=O)[C@@H](NC(=O)CCC)[C@@H](C)CC)[C@@H](C)OC(=O)[C@H](C(C)C)NC(=O)[C@H](Cc2ccc(O)cc2)N(C)C(=O)[C@H](Cc2ccccc2)N2C(=O)[C@H](CC[C@H]2O)NC1=O,6.157374444444444,6.411384285714279,6.284379365079362
CC[C@H](C)[C@@H]1NC(=O)[C@H](C(C)C)NC(=O)[C@@H]2C[C@@H](O)CN2C(=O)[C@H]([C@@H](C)CC)N/C=C(/C(=O)N2CCC[C@H]2C(=O)N[C@H](C(=O)N[C@@H](Cc2ccccc2)C(=O)NCC(N)=O)[C@@H](C)CC)NC(=O)[C@H](CC(C)C)NC(=O)[C@@H]2CCCN2C(=O)[C@@H]2CCCN2C(=O)[C@H](CC(C)C)NC1=O,6.464211111111113,6.103736908730156,6.283974009920634
CC[C@H](C)[C@H](NC(=O)[C@H](CC(C)C)N(C)C(=O)CCCCCCCCNC(=O)CCCc1ccc(O)cc1)C(=O)N(C)[C@@H](C(=O)N[C@@H](CCC(N)=O)C(=O)N1CCC[C@H]1C(=O)N(C)[C@@H](Cc1ccccc1)C(=O)N1CCC[C@H]1C(=O)OC)C(C)C,6.4652611111111105,6.102012172619044,6.283636641865077
C/C=C(/C)C(=O)OCC1C2=C(C=CN1/C=C/C(C)=O)C(=O)C(C)=C(OC)C2=O,6.3569466666666665,6.209796612554114,6.28337163961039
CCC(C)C(C(=O)N1CCCC1c1nccs1)N(C)C(=O)C(CC(C)C)N(C)C(=O)C(Cc1ccc(OC)cc1)N(C)C(=O)/C=C(\C)OC,6.464172222222226,6.101963690476189,6.283067956349207
CCC/C=C/C=C/C(=O)N[C@@H](Cc1c[nH]c2cc(Cl)ccc12)C(=O)N[C@H](CC(N)=O)C(=O)N[C@@H](CC(=O)O)C(=O)N[C@@H]1C(=O)NCC(=O)N[C@@H](CCCN)C(=O)N[C@@H](CC(=O)O)C(=O)N[C@H](C)C(=O)N[C@@H](CC(=O)O)C(=O)NCC(=O)N[C@H](C)C(=O)N[C@@H]([C@H](C)CC(=O)O)C(=O)N[C@@H](CC(=O)c2ccc(Cl)cc2N)C(=O)O[C@@H]1C,6.316527777777778,6.249401190476187,6.282964484126982
CCCCCCCCCCCCCCCCCCCC[C@@H](O)C(=O)N[C@@H](CO[C@@H]1O[C@H](CO)[C@@H](O[C@H]2O[C@H](CO)[C@H](O)[C@H](O[C@]3(C(=O)O)C[C@H](O[C@H]4C[C@H](CO)[C@H](O[C@@H]5O[C@H](C(C)O)[C@@H](O)[C@@H]5O)[C@H](O)[C@H]4O)[C@@H](NC(C)=O)[C@H](C(O)C(O)CO)O3)[C@H]2O)[C@H](O)[C@H]1O)[C@H](O)[C@H](O)CCCCCCCCCCCC,6.343338888888889,6.222206170634918,6.282772529761903
C#CCCCC1OC(=O)CCNC(=O)[C@@H](Cc2ccccc2)N(C)C(=O)[C@H](C(C)C)OC(=O)[C@H]([C@@H](C)CC)NC(=O)C1(C)C,6.323938888888889,6.24151991071428,6.2827293998015845
C/C=C(/C)C(=O)OC[C@H]1C2=C(C=C3[C@H]4c5c(O)c(OC)c(C)c(O)c5C(=O)[C@@H](C(=O)N31)N4C)C(=O)C(C)=C(OC)C2=O,6.404568888888888,6.160808132395381,6.282688510642135
CC[C@H](C)[C@H](NC(=O)N[C@@H]1CCCCNC(=O)[C@H](Cc2ccccc2)NC(=O)[C@H](Cc2c[nH]c3ccc(Br)cc23)N(C)C(=O)[C@H](CC(C)C)NC(=O)[C@H](CC(C)C)NC1=O)C(=O)O,6.369566666666669,6.195340476190477,6.282453571428573
CCCCCCC[C@@H]1CC(=O)N[C@@H](C(C)C)C(=O)N[C@H]([C@@H](O)C(C)C)C(=O)N[C@@H](C)C(=O)N[C@H]([C@H](O)C(C)C)C(=O)N[C@H](CCC(N)=O)C(=O)N(C)[C@@H](C(C)CC)C(=O)N[C@H]([C@@H](O)CO)C(=O)N[C@@H](C(C)O)C(=O)N2C[C@H](O)C[C@H]2C(=O)N[C@H](CC(C)C)C(=O)N[C@@H](C(C)O)C(=O)N1,6.251494444444444,6.312697341269841,6.282095892857143
COC(=O)N[C@H]1[C@@H](C)O[C@@H](O[C@H]2CC=C(C)[C@@H]3C=C[C@@H]4[C@@H](O[C@H]5C[C@@H](O[C@H]6C[C@@H](O)[C@@H](O[C@@H]7C[C@@H](O)[C@@H](OC)[C@H](C)O7)[C@H](C)O6)[C@@H](O)[C@H](C)O5)[C@H](C)C[C@H](C)[C@H]4[C@]3(C)/C(O)=C3/C(=O)O[C@]4(C[C@@H](C)C(CO)=C[C@H]4C=C2C)C3=O)C[C@]1(C)N,6.269916666666669,6.294237962962958,6.2820773148148135
CO[C@@H]1CC(=O)N2c3cc(O)cc4c3O[C@@H](C=CC=CC[C@H](OC(=O)[C@@H](C)NC(=O)CC(C)C)[C@H](C)[C@@H](O)/C(C)=C\CC4)[C@H]12,6.364188888888887,6.1997303538359745,6.2819596213624305
CC[C@H](C)[C@@H](OC(=O)/C=C\c1ccccc1)C(=O)N1CCC[C@H]1C(=O)NCC(=O)N(C)[C@@H](CC(C)C)C(=O)N[C@@H](C)C(=O)N(C)[C@H](Cc1ccccc1)C(=O)N1CCC[C@H]1C(=O)OC,6.446211111111112,6.117598115079362,6.281904613095238
CC[C@H](C)[C@@H](OC(=O)/C=C/c1ccccc1)C(=O)N1CCC[C@H]1C(=O)NCC(=O)N(C)[C@@H](CC(C)C)C(=O)N[C@@H](C)C(=O)N(C)[C@H](Cc1ccccc1)C(=O)N1CCC[C@H]1C(=O)OC,6.446211111111112,6.117598115079362,6.281904613095238
COC1=C(Br)[C@H](O)[C@@]2(C=C1Br)CC(C(=O)NCCCOc1c(Br)cc(C(O)CNC(C)=O)cc1Br)=NO2,6.4521777777777745,6.111278240740738,6.281728009259256
Cc1c2oc3c(C)ccc(C(=O)N[C@@H]4C(=O)N[C@H](C)C(=O)N5CCC[C@H]5C(=O)N(C)CC(=O)N(C)[C@@H](C(C)C)C(=O)O[C@@H]4C)c3nc-2c(C(=O)N[C@@H]2C(=O)N[C@H](C(C)C)C(=O)N3CCC[C@H]3C(=O)N(C)CC(=O)N(C)[C@@H](C(C)C)C(=O)O[C@@H]2C)c(N)c1=O,6.281811111111111,6.281279277898027,6.281545194504568
CC[C@H]1C=CCC[C@@]2(C[C@@H]3CC[C@@H]4[C@H](C(=O)OCCCCCCCCCCCCC[C@@H](O)CC(=O)N(CCCN)CCCCN)[C@]5(CCC[C@@H](C)O5)NC(=[N+]34)N2)O1.[Cl-],6.292433333333333,6.270570317460315,6.281501825396824
COc1cc2c(cc1O)CCN[C@]21C[S+]([O-])[C@@H]2c3c(OC(C)=O)c(C)c4c(c3[C@H](COC1=O)N1[C@@H]2C2c3c(cc(C)c(OC)c3O)CC([C@@H]1C#N)N2C)OCO4,6.541288888888888,6.021361877104376,6.2813253829966325
CC(C)=CC[C@@]12C[C@H]3C(=O)N4[C@H]5Nc6ccccc6[C@@]5(C)C[C@H]4C(=O)N3[C@@H]1N(C)c1ccccc12,6.140790000000005,6.421324404761902,6.281057202380953
CC(C)CC1NC(=O)[C@H](CCCNC(=N)N)NC(=O)[C@@H]2CCCN2C(=O)[C@H](Cc2cnc[nH]2)NC(=O)[C@H](CC(C)C)NC(=O)CNC(=O)[C@H](CC(=O)O)NC(=O)CNC(=O)c2csc(n2)C(CO)NC(=O)c2csc1n2,6.286727777777777,6.275015705266957,6.2808717415223665
C/C=C1\NC(=O)[C@H](O)[C@@H](CC[C@@H](C)CC)NC(=O)[C@H](CC(N)=O)NC(=O)[C@H](Cc2ccccc2O)NC(=O)[C@@H]2C[C@H](C)CN2C(=O)[C@H]([C@@H](C)OC)NC(=O)[C@@H]([C@@H]2OC(=O)NC2=O)NC(=O)CN(C)C1=O,6.2748444444444464,6.286619470899467,6.280731957671957
CN1C(=O)[N-]/C(=N\c2nc(Cc3ccc4c(c3)OCO4)cn2C)C1=O.CN1C(=O)[N-]/C(=N\c2nc(Cc3ccc4c(c3)OCO4)cn2C)C1=O.[Zn+2],6.418972222222232,6.142432764550268,6.28070249338625
CC/C=C1/NC(=O)/C=C/[C@H](C(C)C)OC(=O)C(C)(C)[C@H](C[C@H](/C=C/C=C/C/C=C\CCC(C)C)OC)OC(=O)CNC(=O)[C@H](CNC(N)=O)NC(=O)CNC(=O)[C@@H](CCCNC(=O)NS(=O)(=O)[O-])NC1=O.[Na+],6.328813333333332,6.232575277777772,6.280694305555552
C[C@@H]1C[C@H](Cl)[C@@H](/C(Cl)=C/C=C/C(Cl)=C/C=C/C=C/C=C/C=C/C(O)=C2\C(=O)[C@H](CC(N)=O)N([C@@H]3OC[C@@H](O)[C@H](O)[C@H]3O[C@@H]3OC[C@@H](O[C@@H]4O[C@H](C)[C@@H](O)[C@@H]4O)[C@@H](O)[C@@H]3O)C2=O)O1,6.3716800000000084,6.189704960317459,6.280692480158734
COC(=O)[C@@H]1CCCN1C(=O)[C@@H](Cc1ccccc1)N(C)C(=O)[C@H](C)NC(=O)[C@H](CC(C)C)N(C)C(=O)CNC(=O)[C@@H]1CCCN1C(=O)[C@H](O)C(C)C,6.456652222222225,6.104504156746028,6.280578189484126
CC(C)CCCCC[C@@H]1CC(=O)N[C@H](CC(=O)O)C(=O)N[C@H](Cc2ccccc2)C(=O)N[C@@H](CO)C(=O)N[C@H](C(C)C)C(=O)N2C[C@H](O)C[C@H]2C(=O)N[C@@H](CO)C(=O)N[C@H](CC(C)C)C(=O)N[C@@H](Cc2ccccc2)C(=O)N[C@@H](CCCCN)C(=O)N2CCC[C@H]2C(=O)O1,6.43935,6.121786329365077,6.280568164682538
CCCCCCCC/C=C\CCCCCCCCCCCCCCC[C@@H]1CC(=O)N[C@@H]([C@@H](C)O)C(=O)N[C@@H](C(C)C)C(=O)N[C@@H](C)C(=O)N2CCC[C@@H]2C(=O)N[C@H]([C@@H](C)CC)C(=O)N[C@@H](C(C)C)C(=O)N[C@@H]([C@@H](C)OC)C(=O)O1,6.366633333333334,6.194466593915337,6.280549963624335
CC[C@H](C)[C@@H](C(=O)N[C@@H](CC(C)C)C(=O)O)N(C)C(=O)[C@H](Cc1ccccc1)N(C)C(=O)[C@H](C(C)C)N(C)C(=O)[C@H](C(C)C)N(C)C(=O)[C@@H]1CCCN1C(=O)[C@H](C(C)C)N(C)C(=O)[C@@H](NC(=O)[C@@H](NC(=O)[C@H](C(C)C)N(C)C(=O)[C@H](C)N(C)C(C)=O)C(C)C)[C@@H](C)O,6.44132777777778,6.119771240079364,6.280549508928572
CCCCCCCCCCCCCCCCCCCCC[C@@H](O)C(=O)N[C@@H](CO[C@@H]1O[C@H](CO[C@]2(C(=O)O)C[C@H](O[C@]3(C(=O)O)C[C@H](O)[C@@H](NC(=O)CO[C@@H]4O[C@@H](C)[C@@H](O)[C@@H](O)[C@@H]4O)[C@H]([C@H](O)[C@H](O)CO)O3)[C@@H](NC(C)=O)[C@H]([C@H](O)[C@H](O)CO)O2)[C@@H](O)[C@H](O)[C@H]1O)[C@H](O)[C@H](O)CCCCCCCCCCC(C)C,6.3285444444444465,6.232091726190472,6.280318085317459
COC1=C(Br)[C@H](O)[C@@]2(C=C1Br)CC(C(=O)NC[C@@H](O)c1cc(Br)c(OCCCNC(C)=O)c(Br)c1)=NO2,6.4521777777777745,6.108004530423278,6.280091154100527
CCC[C@H]1NC(=O)[C@@H]2CCCN2C(=O)[C@H]([C@H](C)Cc2ccccc2)NC(=O)[C@@H]2CCCN2C(=O)[C@@H](C(C)C)N(C)C(=O)[C@H](C(C)C)OC(=O)[C@@H]2CCCN2C(=O)[C@H](Cc2ccccc2)OC(=O)[C@@H]1C,6.295566666666665,6.264596068121689,6.280081367394176
C[C@@H]1C[C@H](Cl)[C@H](/C=C/C=C\C=C\C(Cl)=C\C=C\C=C\C=C\C=C\C(O)=C2/C(=O)[C@H](CC(N)=O)N([C@@H]3OC[C@@H](O)[C@H](O)[C@H]3O[C@@H]3OC[C@@H](O[C@@H]4O[C@H](C)[C@@H](O)[C@@H]4O)[C@@H](O)[C@@H]3O)C2=O)O1,6.37031333333334,6.189704960317459,6.2800091468254
CC(=O)O[C@@H](CCCC[C@@H](O)CC(=O)N[C@H](CO)C(=O)N[C@@H](CC(C)C)C(=O)N1CCC[C@H]1C(=O)N[C@H](C)C(=O)N[C@@H]1C(=O)N[C@H](Cc2ccccc2)C(=O)N2CCC[C@H]2C(=O)N[C@H](CC(C)C)C(=O)N[C@@H](C(C)C)C(=O)O[C@@H]1C)C(C)C,6.378922222222221,6.181008392857141,6.2799653075396815
CC[C@H](C)[C@H](NC(=O)[C@@H](NC(=O)[C@@H](CO)NC(=N)N)[C@@H](C)CC)[C@@H](CC(=O)N1CCC[C@H]1[C@H](O)[C@@H](C)C(=O)N[C@H](C(=O)O)[C@H](O)c1ccccc1)OC,6.227488888888892,6.3324334325396805,6.2799611607142865
CC[C@H](C)[C@H](NC(=O)[C@@H](NC(=O)[C@H](CO)NC(=N)N)[C@@H](C)CC)[C@@H](CC(=O)N1CCC[C@H]1[C@H](O)[C@@H](C)C(=O)N[C@H](C(=O)O)[C@H](O)c1ccccc1)OC,6.227488888888892,6.3324334325396805,6.2799611607142865
CCCCCCCC1CC(=O)N[C@@H](C(C)C)C(=O)NC(C(O)C(C)C)C(=O)N[C@@H](CCO)C(=O)N[C@H](CC(C)C)C(=O)N[C@@H](CCC(N)=O)C(=O)N(C)[C@@H]([C@@H](C)CC)C(=O)NC(C(O)C(N)=O)C(=O)N[C@@H]([C@@H](C)O)C(=O)N2C[C@H](O)C[C@H]2C(=O)N[C@H](Cc2ccccc2)C(=O)N[C@@H]([C@@H](C)O)C(=O)N1,6.246750000000001,6.312697341269841,6.279723670634921
C/C(=C\[C@H](C)C[C@H](C)OC(=O)CC(=O)c1ccc(O)c(O)c1)C[C@H](C)C(=O)N[C@@H](C)C(=O)N(C)[C@H](Cc1c(Br)[nH]c2ccccc12)C(N)=O,6.444655555555554,6.114543888888887,6.279599722222221
C#CCCC[C@@H]1OC(=O)[C@H](C)NC(=O)[C@H](CC(C)C)NC(=O)[C@@H]2CCCN2C(=O)[C@H]([C@@H](C)CC)OC(=O)[C@H](C(C)C)N(C)C(=O)[C@H](C(C)C)NC(=O)C1(C)C,6.324413333333331,6.234702040343913,6.279557686838622
CC(=O)NCCCO[C@@H](CN)c1cc(Br)c(OS(=O)(=O)O)c(Br)c1,6.204637777777777,6.3543947429653675,6.279516260371572
CCCCCCCCCCCCCCCCCCCC[C@@H](O)C(=O)N[C@@H](CO[C@@H]1O[C@H](CO)[C@@H](O[C@@H]2O[C@H](CO)[C@H](O)[C@H](O[C@]3(C(=O)O)C[C@H](O[C@H]4O[C@H](CO)[C@H](O[C@@H]5O[C@@H](CO)[C@H](O)[C@H]5O)[C@H](O[C@@H]5O[C@@H](C(O)CO[C@]6(C(=O)O)C[C@H](O[C@H]7O[C@H](CO)[C@H](O)[C@H](O[C@@H]8O[C@@H](CO)[C@H](O)[C@H]8O)[C@H]7O)[C@@H](NC(C)=O)[C@H](C(O)C(O)CO)O6)[C@@H](O)C5O)[C@H]4O)[C@@H](NC(C)=O)[C@H](C(O)C(O)CO)O3)[C@H]2O)[C@H](O)[C@H]1O)[C@H](O)[C@H](O)CCCCCCCCCCC(C)C,6.336472222222222,6.222206170634918,6.27933919642857
CC/C=C1/NC(=O)/C=C/[C@H](C(C)C)OC(=O)C(C)(C)[C@H](C[C@H](/C=C/C=C/C/C=C\CCCC)OC)OC(=O)CNC(=O)[C@H](CNC(N)=O)NC(=O)CNC(=O)[C@@H](CCCNC(=O)NS(=O)(=O)[O-])NC1=O.[Na+],6.3256466666666675,6.232575277777772,6.27911097222222
CC(C)C[C@@H]1NC(=O)[C@H](C)NC(=O)[C@H](NC(=O)N[C@@H](CCCNC(=N)N)C(=O)O)CCCCNC(=O)[C@H](Cc2c[nH]c3ccc(O)cc23)NC(=O)[C@H](CC(C)C)N(C)C1=O,6.4011722222222245,6.156571190476191,6.278871706349207
COc1ccc(CC2C(=O)OC(C)C(NC(=O)C(CC(C)C)N(C)C(=O)C(C)O)C(=O)NC(CC(C)C)C(O)CC(=O)OC(C(C)C)C(=O)C(C)C(=O)NC(CC(C)C)C(=O)N3CCCC3C(=O)N2C)cc1,6.370122222222219,6.187039867724864,6.278581044973541
CCC[C@H]1NC(=O)c2csc(n2)[C@H](C)NC(=O)[C@H](Cc2ccccc2)N(C)C(=O)[C@H](Cc2ccc(O)cc2)N(C)C(=O)[C@H](C)OC(=O)[C@@H]1C,6.278963333333333,6.278117695105821,6.278540514219577
CNCCc1cc(Br)c(OCCCN(C)C(=O)/C=C/c2cc(Br)c(OCCCN(C)C)c(Br)c2)c(Br)c1,6.455949999999999,6.100761210317453,6.278355605158726
C#CCCCC[C@@H](C)C(=O)N(C)[C@@H](C)C(=O)N(C)[C@H](C(=O)N1CCC[C@H]1C(=O)N(C)[C@H](C(=O)N(C)[C@H](C(=O)N(C)[C@@H](Cc1ccc(OC)cc1)C(=O)N1CCC[C@H]1c1nccs1)C(C)C)C(C)C)C(C)C,6.5371500000000005,6.019532326839827,6.278341163419913
COC(=O)C(C)(C)C(O)C(C)C(=O)C(C)(C)/C=C/C(=O)NC(CC(C)C)C(O)C(C)/C=C(\C)C(O)C(C)CCC(O)C(C)C(=O)NC(C(C)O)C1OC(=O)C(C(O)C(=O)O)NC(=O)/C=C/C=C/CC/C=C/C=C/C[C@@H]2C[C@@H](C)C[C@@H](CC(O)C(C)C(O)/C(C)=C/C(C)C(O)/C(C)=C/CC(OC(=O)CC(O)C(=O)O)C1C)O2,6.2609222222222245,6.295581984126975,6.2782521031746
CCCCCCC[C@@H](C/C=C/CCC(=O)N(C)C/C(=C\Cl)CC(=O)CC(=O)N1CC(OC)=CC1=O)OC,6.452872222222225,6.103605863997116,6.27823904310967
CCC(C)CC(C)[C@@H](O)[C@@H](C)C(=O)N[C@H](CNC(C)=O)C(=O)N[C@@H]([C@H](O)C(O)C(=O)N[C@H](C(=O)N[C@H]1C(=O)N[C@H]([C@@H](C)O)C(=O)N[C@H](CCCN)C(=O)N[C@@H](CC(C)C)C(=O)N(C)[C@@H](CCC(N)=O)C(=O)NC(C(OC)C(N)=O)C(=O)N[C@H](C(N)=O)C(=O)N(C)[C@@H](CC(C)C)C(=O)O[C@@H]1C)[C@@H](C)[C@@H](C)C(N)=O)C(C)(C)O,6.394083333333333,6.162356111111104,6.278219722222218
C#CCCCC1NC(=O)[C@H](C)N(C)C(=O)[C@H](C(C)C)NC(=O)[C@H](Cc2ccc(OC)cc2)N(C)C(=O)C(C(C)CC)OC(=O)C1C,6.317250000000002,6.238675009920634,6.277962504960318
CN[C@H](CC(C)C)C(=O)N[C@@H]1C(=O)N[C@H](C(C)C)[C@@H](O)CC(=O)O[C@H](C(C)C)C(=O)[C@H](C)C(=O)N[C@@H](CC(C)C)C(=O)N2CCC[C@H]2C(=O)N(C)[C@@H](Cc2ccccc2)C(=O)O[C@@H]1C,6.361188888888887,6.194545740740735,6.277867314814811
CCC(C)CC(C)[C@@H](O)[C@@H](C)C(=O)N[C@H](CNC(C)=O)C(=O)N[C@H](C(C)C)[C@H](O)C(O)C(=O)N[C@H](C(=O)N[C@H]1C(=O)N[C@H]([C@@H](C)O)C(=O)N[C@H](CCCN)C(=O)N[C@@H](CC(C)C)C(=O)N(C)[C@@H](CCC(N)=O)C(=O)NC(C(OC)C(N)=O)C(=O)N[C@H](C(N)=O)C(=O)N(C)[C@@H](CC(C)C)C(=O)O[C@@H]1C)[C@@H](C)[C@@H](C)C(N)=O,6.39335,6.162356111111104,6.277853055555552
CCC(C)CC(C)[C@@H](O)[C@@H](C)C(=O)N[C@H](CNC(C)=O)C(=O)N[C@H](C(C)C)[C@H](O)C(O)C(=O)N[C@H](C(=O)N[C@H]1C(=O)N[C@H]([C@@H](C)O)C(=O)N[C@H](CCCN)C(=O)N[C@@H](CC(C)CC)C(=O)N(C)[C@@H](CCC(N)=O)C(=O)NC(C(OC)C(N)=O)C(=O)N[C@H](C(N)=O)C(=O)N(C)[C@@H](CC(C)C)C(=O)O[C@@H]1C)[C@@H](C)[C@@H](C)C(N)=O,6.39335,6.162356111111104,6.277853055555552
CC[C@@H](C)[C@H](NC=O)C(=O)N[C@@H]1C(=O)N[C@H](Cc2ccc(OC)cc2)C(=O)N[C@H]([C@@H](C)CC)C(=O)N2NC[C@@H](O)C[C@H]2C(=O)N[C@@H](CC(C)C)C(=O)N(C)[C@@H](C(C)C)C(=O)O[C@@H]1C,6.261791111111111,6.293820515873012,6.277805813492062
CC[C@H](C)[C@H]1NC(=O)[C@@H](NC(=O)[C@@H](CC(C)C)N(C)C(=O)C(C)O)[C@@H](C)OC(=O)[C@H](Cc2ccc(OC)cc2)N(C)C(=O)[C@@H]2CCCN2C(=O)[C@H](CC(C)C)NC(=O)[C@@H](C)C(=O)[C@H](C(C)C)OC(=O)C[C@@H]1O,6.368488888888885,6.187039867724864,6.277764378306875
CC[C@H](C)[C@H]1NC(=O)[C@@H](NC(=O)[C@@H](CC(C)C)N(C)C(=O)[C@H](C)O)[C@@H](C)OC(=O)[C@H](Cc2ccc(OC)cc2)N(C)C(=O)[C@@H]2CCCN2C(=O)[C@H](CC(C)C)NC(=O)[C@@H](C)C(=O)[C@H](C(C)C)OC(=O)C[C@@H]1O,6.368488888888885,6.187039867724864,6.277764378306875
CCCC(=O)N[C@@H](CC(C)C)[C@@H](CC(=O)O[C@@H]1COC(=O)c2csc(n2)[C@H](C(C)C)OC(=O)[C@@H](C)[C@H](CCCC(C)(Cl)Cl)OC(=O)c2csc1n2)OC(C)=O,6.268991111111112,6.286110456349206,6.27755078373016
COC(=O)c1cc(O)c(O)c(Br)c1,6.004236666666669,6.550797674963926,6.2775171708152975
COc1cc2c(cc1O)CCN[C@]21CS[C@@H]2c3c(OC(C)=O)c(C)c4c(c3[C@H](COC1=O)N1[C@@H]2C2c3c(cc(C)c(OC)c3O)CC([C@@H]1O)N2C)OCO4,6.467566666666669,6.087464014550263,6.277515340608466
COc1cc2c(cc1O)CCN[C@@]21CS[C@@H]2c3c(OC(C)=O)c(C)c4c(c3[C@H](COC1=O)N1C2C2c3c(cc(C)c(OC)c3O)CC([C@@H]1O)N2C)OCO4,6.467566666666669,6.087464014550263,6.277515340608466
COc1cc2c(cc1O)CCN[C@@]21CS[C@@H]2c3c(OC(C)=O)c(C)c4c(c3C(COC1=O)N1C2C2c3c(cc(C)c(OC)c3O)CC([C@@H]1O)N2C)OCO4,6.467566666666669,6.087464014550263,6.277515340608466
C/C=C1\NC(=O)[C@@H](NC(=O)[C@H](CC[S+](C)[O-])NC(=O)CCCCC)[C@@H](C)OC(=O)[C@H](C(C)C)NC(=O)[C@H](Cc2ccc(O)cc2)N(C)C(=O)[C@H](Cc2ccccc2)N2C(=O)[C@H](CC[C@H]2O)NC1=O,6.13624666666666,6.4184033134920595,6.27732499007936
CCC[C@H]1NC(=O)[C@H](C)NC(=O)[C@H](CC(C)C)N(C)C(=O)[C@H](Cc2ccccc2)NC(=O)[C@H](CCSC)NC(=O)[C@@H](Cc2ccccc2)N(C)C(=O)[C@@H](C(C)C)OC(=O)[C@H]1C,6.2068577777777785,6.347633621031743,6.2772456994047605
CC(C)C[C@@H]1NC(=O)[C@H](Cc2c[nH]c3ccccc23)NC(=O)CNC(=O)[C@H](CC(N)=O)NC(=O)[C@H](C(C)C)NC(=O)[C@@H](CC(C)C)NC1=O,6.299844444444445,6.254581954365077,6.277213199404761
CCC[C@H]1NC(=O)c2csc(n2)[C@H](C)NC(=O)[C@H](C(C)C)N(C)C(=O)[C@H](Cc2ccc(O)cc2)N(C)C(=O)[C@H](C)OC(=O)[C@@H]1C,6.276041111111115,6.278117695105821,6.277079403108468
COc1c2c(c(O)c3c4c(c(C)cc13)[C@@H]1O[C@@]3(C(OC)OC)O[C@@H]1[C@@](O[C@H]1C[C@@H](O)[C@@](O)(C(C)=O)[C@H](C)O1)(O4)[C@@]3(O)Cn1cnc3nc(N)[nH]c(=O)c31)C(=O)[C@@H](O)C[C@@H]2O[C@H]1C[C@@](C)(O)[C@H](OC(C)=O)[C@H](C)O1,6.275461111111114,6.27860443121693,6.277032771164022
CCN[C@H]1CO[C@@H](O[C@H]2[C@H](O[C@H]3C#C/C=C\C#C[C@]4(O)CC(=O)C(NC(=O)OC)=C3/C4=C\CSSSC)O[C@H](C)[C@@](SC)(C(=O)c3nccc4c3[nH]c3ccc(O)cc34)[C@@H]2O)C[C@@H]1OC,6.423127777777782,6.130570780423279,6.276849279100531
C/C1=C\[C@H](C)C[C@H](C)OC(=O)C[C@H](c2ccc(O)cc2)NC(=O)[C@@H](C[C@]2(O)C(=O)Nc3ccccc32)N(C)C(=O)C(C)NC(=O)[C@@H](C)C1,6.395213333333338,6.157347367724862,6.2762803505291
C/C1=C\[C@H](C)C[C@H](C)OC(=O)C[C@H](c2ccc(O)cc2)NC(=O)[C@@H](C[C@@]2(O)C(=O)Nc3ccccc32)N(C)C(=O)C(C)NC(=O)[C@@H](C)C1,6.395213333333338,6.157347367724862,6.2762803505291
CCCCCCCCCCCCCCCCCCCCCCC[C@@H](O)C(=O)N[C@@H](CO[C@@H]1O[C@H](CO[C@]2(C(=O)O)C[C@H](O[C@]3(C(=O)O)C[C@H](O)[C@@H](NC(=O)CO)[C@H]([C@H](O)[C@H](O)CO)O3)[C@@H](NC(C)=O)[C@H]([C@H](O)[C@H](O)CO)O2)[C@@H](O)[C@H](O)[C@H]1O)[C@H](O)/C=C/CCCCCCCCC(C)C,6.31146666666667,6.24105924603174,6.276262956349205
CCCCCCCCCCCCCCCCCCCCC[C@@H](O)C(=O)N[C@@H](CO[C@@H]1O[C@H](CO[C@]2(C(=O)O)C[C@H](O[C@]3(C(=O)O)C[C@H](O)[C@@H](NC(=O)CO)[C@H]([C@H](O)[C@H](O)CO)O3)[C@@H](NC(C)=O)[C@H]([C@H](O)[C@H](O)CO)O2)[C@@H](O)[C@H](O)[C@H]1O)[C@H](O)/C=C/CCCCCCCCC(C)C,6.311300000000004,6.24105924603174,6.276179623015872
CCC[C@H](NC(=O)[C@@H](NC(=O)[C@@H](OS(=O)(=O)O)[C@@H](C)CC)C(C)CC)C(=O)N[C@H]1CCCNC(=O)[C@H](Cc2c(Br)[nH]c3ccc(O)cc23)NC(=O)/C=C/c2coc(n2)[C@H](C)NC(=O)C(=O)[C@H](CC(C)C)NC(=O)[C@@H]2CCCN2C1=O,6.310944444444444,6.240811726190475,6.275878085317459
CC[C@H](C)[C@@H](C(=O)N1CCC[C@H]1c1nccs1)N(C)C(=O)[C@H](CC(C)C)N(C)C(=O)[C@@H](CC(=O)/C=C(\C)OC)Cc1ccc(OC)cc1,6.492872222222226,6.058573511904763,6.275722867063495
CCCC1NC(=O)CNC(=O)[C@@H](Cc2ccc(OC)cc2)N(C)C(=O)[C@H](C(C)C)OC(=O)[C@H](C(C)C)N(C)C(=O)[C@H](C(C)C)OC(=O)C1C,6.288796666666668,6.262022371031744,6.275409518849206
CCCCCCC[C@@H]1CC(=O)N[C@@H](C(C)C)C(=O)N[C@H]([C@@H](O)C(C)C)C(=O)N[C@@H](CCO)C(=O)N[C@H]([C@@H](O)C(C)C)C(=O)N[C@@H](CCC(N)=O)C(=O)N(C)[C@@H]([C@@H](C)CC)C(=O)N[C@H]([C@@H](O)C(N)=O)C(=O)N[C@@H]([C@@H](C)O)C(=O)N2C[C@H](O)C[C@H]2C(=O)N[C@H](CC(C)C)C(=O)N[C@@H]([C@@H](C)O)C(=O)N1,6.237394444444445,6.312697341269841,6.275045892857143
CCCCCCCCCCCCCCCCCCCCCC[C@@H](O)C(=O)N[C@@H](CO[C@@H]1O[C@H](CO[C@]2(C(=O)O)C[C@H](O[C@]3(C(=O)O)C[C@H](O)[C@@H](NC(=O)CO)[C@H]([C@H](O)[C@H](O)CO)O3)[C@@H](NC(C)=O)[C@H]([C@H](O)[C@H](O)CO)O2)[C@@H](O)[C@H](O)[C@H]1O)[C@H](O)/C=C/CCCCCCCCC(C)C,6.3089777777777805,6.24105924603174,6.27501851190476
CC(=O)OC[C@@H]1O[C@H](O[C@@H](CC(C)C)[C@H](CCCCCCCCCC(=O)CCCCCCCCCCCCCCC(=O)N(C)C(C)C(=O)O)OC(C)=O)[C@@H](O)[C@H](O)[C@H]1O[C@@H]1OC[C@@H](O)[C@H](O[C@@H]2O[C@H](CO)[C@H](O)[C@H](O[C@@H]3O[C@H](COC(C)=O)[C@@H](OC(C)=O)[C@H](OC(C)=O)[C@H]3OC(C)=O)[C@H]2O)[C@H]1O[C@H]1O[C@@H](COC(C)=O)[C@H](OC(C)=O)[C@@H](OC(C)=O)[C@@H]1OC(C)=O,6.433335555555554,6.116381697330444,6.274858626442999
CCC(C)[C@H](NC(=O)[C@@H](OS(=O)(=O)O)[C@@H](C)CC)C(=O)N[C@@H](CC)C(=O)N[C@H]1CCCNC(=O)[C@H](Cc2c(Br)[nH]c3ccc(O)cc23)NC(=O)/C=C/c2coc(n2)[C@H](C)NC(=O)C(=O)[C@H](CC(C)C)NC(=O)[C@@H]2CCCN2C1=O,6.3084444444444445,6.240811726190475,6.27462808531746
CCCCCCC[C@@H]1CC(=O)N[C@@H](C(C)C)C(=O)N[C@H]([C@@H](O)C(C)C)C(=O)N[C@@H](C)C(=O)N[C@H](CC(C)C)C(=O)N[C@@H](CCC(N)=O)C(=O)N(C)[C@@H]([C@@H](C)CC)C(=O)N[C@H]([C@@H](O)C(N)=O)C(=O)N[C@@H]([C@@H](C)O)C(=O)N2CCC[C@H]2C(=O)N[C@H](CC(C)C)C(=O)N[C@@H]([C@@H](C)O)C(=O)N1,6.3528777777777785,6.196298561507934,6.274588169642856
CO[C@@H]1[C@H](O[C@@H]2CO[C@@H](O[C@@H]3[C@@H](O)[C@H](O)CO[C@H]3N3C(=O)/C(=C(O)/C=C/C=C/C=C/C=C/C=C(Cl)/C=C/C=C\C=C\[C@@H]4O[C@H](C)C[C@@H]4Cl)C(=O)[C@@H]3CC(N)=O)[C@@H](O)[C@@H]2O)O[C@H](C)[C@H]1O,6.29369333333334,6.2554186177248665,6.274555975529103
CCCCCCCCCCCCCCCCCCCCC(O)C(=O)NC(CO[C@@H]1O[C@H](CO)[C@@H](O[C@@H]2O[C@H](CO)[C@H](O)[C@H](O[C@]3(C(=O)O)C[C@H](O)[C@@H](NC(C)=O)[C@H](C(O)C(CO)O[C@]4(C(=O)O)C[C@H](O)[C@@H](NC(C)=O)[C@H](C(O)C(O)CO)O4)O3)[C@H]2O)[C@H](O)[C@H]1O)C(O)C(O)CCCCCCCCCCCCC,6.316744444444445,6.232091726190472,6.274418085317459
CN[C@@H](CCCN(O)C(=O)CCNC(=O)CNC(=O)[C@H]1COC(c2ccccc2O)=N1)C(=O)N[C@H]1CCCN(O)C1=O,6.445096666666667,6.102925205026453,6.27401093584656
CC(C)C[C@H](NC(=O)[C@@H](CO)NC(=O)C[C@H](O)CCCC[C@H](O)C(C)C)C(=O)N1CCC[C@H]1C(=O)N[C@H](C)C(=O)N[C@@H]1C(=O)N[C@H](Cc2ccccc2)C(=O)N2CCC[C@H]2C(=O)N[C@H](CC(C)C)C(=O)N[C@@H](C(C)C)C(=O)O[C@@H]1C,6.404466666666665,6.143198055555554,6.2738323611111095
COC1=C(Br)[C@@H](O)[C@]2(C=C1Br)CC(C(=O)NCCC(=O)CNC(=O)C1=NO[C@]3(C=C(Br)C(OC)=C(Br)[C@@H]3O)C1)=NO2,6.525807777777777,6.020937943121689,6.273372860449733
CC[C@H](C)[C@H](NC(=O)C(C)(C)NC(=O)[C@@H](NC(=O)[C@H]1CCCN1C(=O)C(C)(C)NC(=O)[C@H](CC(C)C)NC(=O)[C@H](CO)NC(=O)[C@H](C)NC(=O)C(C)(C)NC(=O)C(C)(C)NC(=O)[C@H](CCC(N)=O)NC(=O)C(C)(C)NC(=O)C(C)(C)NC(=O)[C@H](C)NC(=O)[C@H](C)NC(=O)C(C)(C)NC(C)=O)C(C)C)C(=O)N[C@@H](CCC(N)=O)C(=O)N[C@@H](CCC(N)=O)C(=O)N[C@H](CO)Cc1ccccc1,6.379644444444446,6.166965813492062,6.2733051289682535
CC[C@H](C)[C@H](NC(=O)C(C)(C)NC(=O)[C@H](CC(C)C)NC(=O)[C@H]1CCCN1C(=O)C(C)(C)NC(=O)[C@H](CC(C)C)NC(=O)[C@H](CO)NC(=O)[C@H](C)NC(=O)C(C)(C)NC(=O)C(C)(C)NC(=O)[C@H](CCC(N)=O)NC(=O)C(C)(C)NC(=O)C(C)(C)NC(=O)[C@H](C)NC(=O)[C@H](C)NC(=O)C(C)(C)NC(C)=O)C(=O)N[C@@H](CCC(N)=O)C(=O)N[C@@H](CCC(N)=O)C(=O)N[C@H](CO)Cc1ccccc1,6.379644444444446,6.166965813492062,6.2733051289682535
CC[C@H](C)[C@H](NC(=O)C(C)(C)NC(=O)[C@@H](NC(=O)[C@@H]1CCCN1C(=O)C(C)(C)NC(=O)[C@H](CC(C)C)NC(=O)[C@H](CO)NC(=O)[C@H](C)NC(=O)C(C)(C)NC(=O)C(C)(C)NC(=O)[C@H](CCC(N)=O)NC(=O)C(C)(CC)NC(=O)C(C)(C)NC(=O)[C@H](C)NC(=O)[C@H](C)NC(=O)C(C)(C)NC(C)=O)C(C)C)C(=O)N[C@@H](CCC(N)=O)C(=O)N[C@@H](CCC(N)=O)C(=O)N[C@H](CO)Cc1ccccc1,6.379644444444446,6.166965813492062,6.2733051289682535
CC[C@H](C)[C@H](NC(=O)[C@@H](NC(=O)[C@@H]1CCCN1C(=O)/C1=C/N[C@@H](CC(C)C)C(=O)N2CCC[C@H]2C(=O)N[C@@H](Cc2ccccc2)C(=O)N[C@@H](Cc2ccccc2)C(=O)N2CCC[C@H]2C(=O)N2CCC[C@H]2C(=O)N[C@@H](C(C)C)C(=O)N1)[C@@H](C)CC)C(=O)NCC(N)=O,6.421155555555554,6.125416670634917,6.273286113095235
CCC(C)[C@H](NC(=O)[C@@H](NC(=O)[C@@H]1CCCN1C(=O)/C1=C/N[C@@H](Cc2ccccc2)C(=O)N2CCC[C@H]2C(=O)N[C@@H](CC(C)C)C(=O)N[C@@H](Cc2ccccc2)C(=O)N2CCC[C@H]2C(=O)N2CCC[C@H]2C(=O)N[C@@H](C(C)C)C(=O)N1)C(C)CC)C(=O)NCC(N)=O,6.421155555555554,6.125416670634917,6.273286113095235
O=C(NCCc1ccc(O)c(Br)c1)/C(Cc1ccc(Oc2cc(C/C(=N\O)C(=O)NCCc3ccc(O)c(Br)c3)cc(Br)c2O)c(Br)c1)=N/O,6.410821111111118,6.135531807539685,6.273176459325402
CC(C)[C@H](NC(=O)[C@H](NC(=O)[C@@H]1CCCN1C(=O)[C@H](Cc1ccc(Br)cc1)NC(=O)[C@@H](C)NC=O)C(C)C)C(=O)N[C@H](Cc1c[nH]c2ccccc12)C(=O)N[C@@H](CCCNC(=N)N)C(=O)N[C@H](COS(=O)(=O)[O-])C(=O)N[C@@H]1C(=O)N(C)[C@@H](CCC(N)=O)C(=O)N[C@H](Cc2ccccc2)C(=O)NCC(=O)N[C@H](CC(N)=O)C(=O)O[C@@H]1C.[Na+],6.32,6.226212645502649,6.273106322751325
C/C1=C\[C@H](C)C[C@H](C)OC(=O)[C@H](CO)NC(=O)[C@@H](Cc2ccc(O)c(Br)c2)N(C)C(=O)[C@H](C)NC(=O)[C@@H](C)C1,6.445180000000004,6.1004372023809506,6.272808601190477
COC(=O)N[C@H]1[C@@H](C)O[C@@H](O[C@H]2CC=C(C)[C@@H]3C=C[C@@H]4[C@@H](O[C@H]5C[C@@H](O[C@H]6CC[C@@H](O[C@@H]7C[C@@H](O)[C@@H](O[C@H]8CC[C@@H](O)[C@H](C)O8)[C@H](C)O7)[C@H](C)O6)[C@@H](OC(C)=O)[C@H](COC(C)=O)O5)[C@@H](C)C[C@H](C)[C@H]4[C@]3(C)C(=O)C3=C(O)[C@@]4(CC(C=O)=C[C@H](O)[C@H]4C=C2C)OC3=O)C[C@]1(C)[N+](=O)[O-],6.264350000000003,6.279242407407403,6.271796203703703
COS(=O)CCNC(=O)/C(Cc1ccc(O)c(Br)c1)=N/O,6.372734444444449,6.170534672619048,6.271634558531749
CO[C@@H]1[C@@H](O)[C@H](O[C@H]2[C@H](O[C@@H]3[C@@H](O)[C@H](O[C@H]4C[C@@H]5C(=CC[C@]6(C)[C@@H]([C@H](C)/C=C/[C@@H](C)[C@@H](C)C(=O)NCCOS(=O)(=O)[O-])CC[C@@H]56)[C@@]5(C)CC[C@H](OS(=O)(=O)[O-])C[C@H]45)O[C@H](CO)[C@H]3O)OC[C@@H](O)[C@@H]2O)O[C@H](C)[C@H]1O.[Na+].[Na+],6.316733333333334,6.22559438492063,6.2711638591269825
C/C=C(/C)C(=O)OC[C@H]1C2=C(C[C@H]3[C@H]4C5=C(C[C@@H]([C@H](O)N13)N4C)C(=O)C(C)=C(OC)C5=O)C(=O)C(C)=C(OC)C2=O,6.327644444444445,6.214633897186146,6.271139170815296
COc1cc(CC(=O)NCCCCNC(=O)CC(=O)NCCC(=O)c2ccccc2N)ccc1O,6.3459333333333365,6.196222110389612,6.271077721861474
CCCCC[C@@H]1OC(=O)[C@H](C)NC(=O)[C@H](CC(C)C)NC(=O)[C@@H]2CCCN2C(=O)[C@H]([C@@H](C)CC)OC(=O)[C@H](C(C)C)N(C)C(=O)[C@H](C(C)C)NC(=O)C1(C)C,6.307413333333332,6.234702040343913,6.271057686838622
CO[C@H](c1ccc(O)cc1)[C@@H](NC(=O)[C@H](CCC(N)=O)N(C)C(=O)[C@H](CC(C)C)NC(=O)[C@@H](CCCNC(=N)N)NC(=O)[C@H](NC(=O)[C@H](NC(=O)[C@H]1NC(=O)[C@H](C)[C@@H]1C)[C@@H](C)O)[C@@H](C)O)C(=O)N(C)[C@@H](C)C(=O)O,6.4083466666666675,6.133314791666662,6.270830729166665
CCCCCCCCCCCCCCCCCCCCCCC[C@@H](O)C(=O)N[C@@H](CO[C@@H]1O[C@H](CO[C@]2(C(=O)O)C[C@H](O[C@]3(C(=O)O)C[C@H](O)[C@@H](NC(=O)CO[C@@H]4O[C@@H](C)[C@@H](O)[C@@H](O)[C@@H]4O)[C@H]([C@H](O)[C@H](O)CO)O3)[C@@H](NC(C)=O)[C@H]([C@H](O)[C@H](O)CO)O2)[C@@H](O)[C@H](O)[C@H]1O)[C@H](O)[C@H](O)CCCCCCCCCCCCC(C)C,6.309522222222224,6.232091726190472,6.270806974206348
COc1c(O)c(Oc2ccc(Br)cc2Br)c(Br)c(Br)c1Br,6.176129999999998,6.365087523448774,6.270608761724386
COc1cc(CCN(C)C)c2sc3c(O)c(OC)cc(CCN(C)C)c3ssc2c1O,6.342117777777782,6.199029394300144,6.270573586038963
COC1=C(Br)[C@H](O)[C@@]2(C=C1Br)CC(C(=O)NCC(=O)[C@@H](O)CNC(=O)C1=NO[C@]3(C=C(Br)C(OC)=C(Br)[C@@H]3O)C1)=NO2,6.520021111111111,6.020937943121689,6.2704795271164
COC1=C(Br)[C@H](O)[C@@]2(C=C1Br)CC(C(=O)NCC(=O)[C@H](O)CNC(=O)C1=NO[C@]3(C=C(Br)C(OC)=C(Br)[C@@H]3O)C1)=NO2,6.520021111111111,6.020937943121689,6.2704795271164
CN1C(=O)C(/N=c2/n(C)cc(Cc3ccc4c(c3)OCO4)n2C)=NC/1=N\CCS(=O)(=O)O,6.354450000000008,6.186284351851855,6.270367175925932
C=C(/C=C/C[C@@](C)(O)[C@H]1O[C@@H]2C[C@@H]3O[C@@H]4C[C@@H]5O[C@@H]6C[C@@H]7O[C@@H]8C[C@@H]9O[C@]%10(C)C[C@@H]%11O[C@](C)(CCOS(=O)(=O)O)[C@@H](OS(=O)(=O)O)C[C@H]%11O[C@H]%10C[C@H]9O[C@H]8CC[C@@]7(C)O[C@@]6(C)CC[C@H](C)[C@H]5O[C@H]4[C@@H](O)[C@@]3(C)O[C@H]2CC1=C)CC(O)CC(=O)NCC(O)CO,6.303833333333331,6.236245138888884,6.270039236111107
CCCC(=O)N[C@@H](C)C(=O)N[C@H](C(=O)N[C@@H]1C(=O)N[C@@H](CC(C)C)C(=O)N[C@H]2CC[C@@H](O)N(C2=O)[C@@H](Cc2ccccc2)C(=O)N(C)[C@@H](Cc2ccc(O)cc2)C(=O)N[C@@H](C(C)C)C(=O)O[C@@H]1C)[C@H](C)OC(=O)[C@H](C)NC(=O)CCC,6.243577777777778,6.296333452380947,6.269955615079363
CCCCCCCCCCCCC/C=C/[C@@H](O)[C@H](CO[C@@H]1O[C@H](COP(=O)([O-])OCC[N+](C)(C)C)[C@H](O)[C@H](O)[C@H]1O)CC(=O)CCCCCCCCCCCCCCCC,6.410696666666671,6.128790618686863,6.269743642676767
CC[C@H](C)[C@H]1NC(C)(C)NC(=O)[C@@H](Cc2c[nH]c3cc(I)cc(I)c23)NC1=O,6.251427777777774,6.287747033730155,6.269587405753965
CCCCCCC[C@@H]1CC(=O)N[C@@H](C(C)C)C(=O)N[C@H]([C@@H](O)C(C)C)C(=O)N[C@@H](C)C(=O)N[C@H]([C@@H](O)C(C)C)C(=O)N[C@@H](CCC(N)=O)C(=O)N(C)[C@@H]([C@@H](C)CC)C(=O)N[C@H]([C@@H](O)C(N)=O)C(=O)N[C@@H]([C@@H](C)O)C(=O)N2CCC[C@H]2C(=O)N[C@H](CC(C)C)C(=O)N[C@@H]([C@@H](C)O)C(=O)N1,6.341955555555555,6.196298561507934,6.269127058531744
CCCCCCCCCCCCC/C=C/[C@@H](O)[C@H](CO[C@@H]1O[C@H](COP(=O)([O-])OCC[N+](C)(C)C)[C@H](O)[C@H](O)[C@H]1O)CC(=O)CCCCCCCCCCCCCCC,6.409430000000004,6.128790618686863,6.269110309343434
C=C1C[C@](OC)([C@H](O)C(=O)N[C@H]2OCO[C@H]3[C@@H]2O[C@H](C[C@@H](/C=C/C/C=C/C=C/C(=O)N[C@@H](CCCNC(=N)N)C(=O)O)OC)C(C)(C)[C@@H]3OC)O[C@H](C)[C@@H]1C,6.3329166666666685,6.205275734126985,6.269096200396827
CCCCCCCCCCCCCCCCCCCCCC[C@@H]1C[C@@H]1CCC[C@@H]1CC(=O)N[C@@H]([C@@H](C)O)C(=O)N[C@@H](C(C)C)C(=O)N[C@@H](C)C(=O)N2CCC[C@@H]2C(=O)N[C@H]([C@@H](C)CC)C(=O)N[C@@H](C(C)C)C(=O)N[C@@H]([C@@H](C)OC)C(=O)O1,6.348977777777778,6.1889566038359725,6.268967190806875
CCCCCCCCCCCCCCCCCCCCCCC[C@@H](O)C(=O)N[C@@H](CO[C@@H]1O[C@H](CO[C@]2(C(=O)O)C[C@H](O[C@]3(C(=O)O)C[C@H](O)[C@@H](NC(=O)CO)[C@H](C(O)C(O)CO)O3)[C@@H](NC(C)=O)[C@H](C(O)C(O)CO)O2)[C@@H](O)[C@H](O)[C@H]1O)[C@H](O)[C@H](O)CCCCCCCC(C)CC,6.305677777777781,6.232091726190472,6.268884751984126
CCCC[C@H](O[C@H]1O[C@@H](COC(C)=O)[C@H](O[C@@H]2OC[C@@H](O)[C@H](O[C@@H]3O[C@H](CO)[C@H](O)[C@H](O[C@@H]4O[C@H](COC(C)=O)[C@@H](OC(C)=O)[C@H](OC(C)=O)[C@H]4OC(C)=O)[C@H]3O)[C@H]2O[C@H]2O[C@@H](COC(C)=O)[C@H](OC(C)=O)[C@@H](OC(C)=O)[C@@H]2OC(C)=O)[C@@H](O)[C@@H]1O)[C@H](CCCCCCCCCC(=O)CCCCCCCCCCCCCCC(=O)N(C)C(C)C(=O)O)OC(C)=O,6.421198888888891,6.116381697330444,6.268790293109667
CC(C)C[C@@H]1NC(=O)[C@@H](C)C(=O)[C@H](C(C)C)OC(=O)C[C@H](O)[C@@H](C(C)C)NC(=O)[C@@H](NC(=O)[C@@H](CC(C)C)N(C)C(=O)[C@@H]2CCCN2C(=O)[C@H](C)O)[C@@H](C)OC(=O)[C@H](Cc2ccc(O)cc2)NC(=O)[C@@H]2CCCN2C1=O,6.356988888888887,6.180268260582008,6.268628574735448
CCCCCCCCC[C@@H]1C[C@@H]2CCc3c(C(=O)OCCCCNC(=N)N)c(CCCCC)nc([n+]32)N1,6.143698888888889,6.393362203282827,6.268530546085858
COC(=O)O[C@@]12C(=O)N[C@@H](Cc3ccc(OC)cc3)[C@@H]1[C@H](C)[C@@]1(C)O[C@H]1[C@@H]2/C=C/C[C@H](C)C(=O)[C@](C)(O)CC(OC)OC,6.344611111111113,6.191714684644054,6.268162897877583
CC(C)C[C@@H]1NC(=O)[C@H](C)NC(=O)[C@H](NC(=O)N[C@@H](CCCNC(=N)N)C(=O)O)CCCCNC(=O)[C@H](Cc2c[nH]c3cc(Br)ccc23)NC(=O)[C@H](CC(C)C)N(C)C1=O,6.34061666666667,6.195340476190477,6.267978571428573
C=CC(C)(C)O[C@H](C)[C@@H]1NC(=O)[C@H]2CSC(=N2)[C@@H](Cc2ccccc2)NC(=O)[C@@H]2CCCN2C(=O)[C@H](CO)NC(=O)[C@H](CC(C)C)NC1=O,6.243661111111113,6.292034186507933,6.267847648809523
CC[C@@H](C)[C@@H]1NC(=O)CN(C)C(=O)[C@@H](Cc2ccccc2)N(C)C(=O)[C@H](C)NC(=O)[C@@H]([C@@H](C)CC)OC(=O)/C(C)=C/C[C@H](O)[C@H](C)C[C@H]([C@@H](C)CC)OC(=O)[C@H](C)N(C)C1=O,6.403557777777781,6.1318019047618995,6.267679841269841
CC(C)C[C@@H]1NC(=O)[C@H](CCCN)NC(=O)[C@H](C(C)C)NC(=O)[C@H](Cc2c[nH]c3ccccc23)NC(=O)[C@H](CC(=O)O)NC(=O)[C@H](CC(N)=O)NC(=O)[C@@H](Cc2ccccc2)NC(=O)[C@H](Cc2ccccc2)NC(=O)[C@@H]2CCCN2C(=O)[C@@H](Cc2ccc(O)cc2)NC1=O,6.306483333333333,6.228375565476191,6.267429449404762
CC(C)C[C@@H]1NC(=O)[C@H](CCCN)NC(=O)[C@H](C(C)C)NC(=O)[C@H](Cc2c[nH]c3ccccc23)NC(=O)[C@H](CC(=O)O)NC(=O)[C@H](CC(N)=O)NC(=O)C(Cc2ccccc2)NC(=O)C(Cc2ccccc2)NC(=O)[C@@H]2CCCN2C(=O)[C@@H](Cc2ccc(O)cc2)NC1=O,6.306483333333333,6.228375565476191,6.267429449404762
CCCCCCCCCCCCCCCCCCCCCC[C@@H](O)C(=O)N[C@@H](CO[C@@H]1O[C@H](CO)[C@@H](O[C@@H]2O[C@H](CO)[C@H](O[C@]3(C(=O)O)C[C@H](O[C@H]4O[C@H](CO)[C@H](O)[C@H](O[C@H]5O[C@H](CO)[C@H](O)[C@H](O[C@@H]6O[C@@H]([C@@H](O)CO)[C@H](O)[C@H]6O)[C@H]5O)[C@H]4O)[C@@H](NC(C)=O)[C@H]([C@H](O)[C@H](O)CO)O3)[C@H](O)[C@H]2O)[C@H](O)[C@H]1O)[C@H](O)[C@H](O)CCCCCCCCCCCC,6.312277777777777,6.222206170634918,6.267241974206348
CCCCCCCCCCCCCCCCCCCC[C@@H](O)C(=O)N[C@@H](CO[C@@H]1O[C@H](CO)[C@@H](O[C@@H]2O[C@H](CO)[C@H](O[C@]3(C(=O)O)C[C@H](O[C@H]4O[C@H](CO)[C@H](O)[C@H](O[C@H]5O[C@H](CO)[C@H](O)[C@H](O[C@@H]6O[C@@H]([C@@H](O)CO)[C@H](O)[C@H]6O)[C@H]5O)[C@H]4O)[C@@H](NC(C)=O)[C@H]([C@H](O)[C@H](O)CO)O3)[C@H](O)[C@H]2O)[C@H](O)[C@H]1O)[C@H](O)[C@H](O)CCCCCCCCCCCC,6.312277777777777,6.222206170634918,6.267241974206348
CC[C@@H](C)[C@@H](C(=O)N1CCC[C@H]1c1nccs1)N(C)C(=O)[C@H](CC(C)C)N(C)C(=O)[C@H](Cc1ccc(O)cc1)N(C)C(=O)/C=C(\C)OC,6.453602222222226,6.080749781746029,6.267176001984128
CC[C@H](C)[C@H]1NC(=O)[C@@H](NC(=O)[C@@H](CC(C)C)N(C)C(=O)[C@@H]2CCCN2C(=O)[C@H](C)O)[C@@H](C)OC(=O)[C@H](Cc2ccc(O)cc2)NC(=O)[C@@H]2CCCN2C(=O)[C@H](CC(C)C)NC(=O)[C@@H](C)C(=O)[C@H](C(C)C)OC(=O)C[C@@H]1O,6.35393333333333,6.180268260582008,6.267100796957669
C=C(/C=C/C[C@@](C)(O)[C@H]1O[C@@H]2C[C@@H]3O[C@@H]4C[C@@H]5O[C@@H]6C[C@@H]7O[C@@H]8C[C@@H]9O[C@@H]%10C[C@@H]%11O[C@](C)(CCOS(=O)(=O)O)[C@@H](OS(=O)(=O)O)C[C@H]%11O[C@H]%10C[C@H]9O[C@H]8CC[C@@]7(C)O[C@@]6(C)CC[C@H](C)[C@H]5O[C@H]4[C@@H](O)[C@@]3(C)O[C@H]2CC1=C)CC(O)CC(=O)NCC(O)CO,6.29763333333333,6.236245138888884,6.2669392361111065
CC[C@@H](C)[C@@H]1NC(=O)[C@H](Cc2ccc(O)cc2)N(C)C(=O)[C@H](Cc2ccccc2)NC(=O)CN(C)C(=O)[C@@H]2CCCN2C(=O)[C@@H](Cc2ccc(O)cc2)N(C)C(=O)[C@H](CC(C)C)NC1=O,6.389552222222224,6.144051656746033,6.266801939484129
CC[C@H](C)[C@H](NC(=O)C(C)(C)NC(=O)[C@H](CC(C)C)NC(=O)[C@@H]1CCCN1C(=O)C(C)(C)NC(=O)[C@H](CC(C)C)NC(=O)[C@H](CO)NC(=O)C(C)(C)NC(=O)C(C)(C)NC(=O)C(C)(C)NC(=O)[C@H](CCC(N)=O)NC(=O)C(C)(CC)NC(=O)C(C)(C)NC(=O)[C@H](C)NC(=O)[C@H](C)NC(=O)C(C)(C)NC(C)=O)C(=O)N[C@@H](CCC(=O)O)C(=O)N[C@@H](CCC(N)=O)C(=O)N[C@H](CO)Cc1ccccc1,6.366011111111111,6.166965813492062,6.266488462301586
C=C1C[C@](OC)([C@H](O)C(=O)N[C@H]2OCO[C@H]3[C@@H]2O[C@H](C[C@H]2CCC[C@@](O)(C(=O)/C=C/C=C/C(=O)N[C@@H](CCCNC(=N)N)C(=O)O)O2)C(C)(C)[C@@H]3OC)O[C@H](C)[C@@H]1C,6.332250000000001,6.200356170634921,6.26630308531746
C#CCCC[C@@H]1OC(=O)CNC(=O)[C@H](Cc2ccccc2)N(C)C(=O)[C@@H]2CCCN2C(=O)[C@@H]([C@@H](C)CC)OC(=O)[C@H](C(C)C)N(C)C(=O)[C@H](C(C)C)NC(=O)C1(C)C,6.2871855555555545,6.2453981911375624,6.2662918733465585
CN(C)CCCOc1ccc(/C=C/C(=O)N(C)CCCOc2c(Br)cc(CCN(C)C)cc2Br)cc1Br,6.421005555555555,6.111391166305912,6.2661983609307335
CC(C)CCCCCCC1CC(=O)N[C@H](C)C(=O)N[C@H](C)C(=O)NC(CC(C)C)C(=O)N2CCC[C@H]2C(=O)NC(CC(C)C)C(=O)N[C@@H](Cc2c[nH]c3ccccc23)C(=O)O1,6.322199999999998,6.209531021825395,6.265865510912697
CCCC[C@H](O[C@H]1O[C@@H](COC(C)=O)[C@H](O[C@@H]2OC[C@@H](O)[C@H](O[C@@H]3O[C@H](CO)[C@H](O)[C@H](O[C@@H]4O[C@H](COC(C)=O)[C@@H](OC(C)=O)[C@H](OC(C)=O)[C@H]4OC(C)=O)[C@H]3O)[C@H]2O[C@H]2O[C@@H](COC(C)=O)[C@H](OC(C)=O)[C@@H](OC(C)=O)[C@@H]2OC(C)=O)[C@@H](O)[C@@H]1O)[C@H](CCCCCCCCCCC(=O)CCCCCCCCCCCCCCC(=O)N(C)C(C)C(=O)O)OC(C)=O,6.415276666666668,6.116381697330444,6.265829181998556
C/C1=C\C(C)CC(C)OC(=O)C(C(C)C)NC(=O)C(Cc2ccc(O)c(I)c2)N(C)C(=O)C(C)NC(=O)C(C)C1,6.467855555555556,6.063527103174599,6.265691329365078
COC1=C(Br)[C@H](O)[C@@]2(C=C1Br)CC(C(=O)NCCCc1[nH]c(N)nc1C(CCNC(=O)C1=NO[C@]3(C=C(Br)C(OC)=C(Br)[C@@H]3O)C1)c1c[nH]c(N)n1)=NO2,6.529505555555558,6.001328220899468,6.265416888227513
C/C1=C\[C@H](C)C[C@H](C)OC(=O)C[C@H](c2ccc(O)cc2)NC(=O)[C@@H](Cc2ccc(O)c(Cl)c2)N(C)C(=O)[C@H](C)NC(=O)[C@@H](C)C1,6.379933333333335,6.150597996031739,6.265265664682537
C=C1CC(OC)CCCCC/C2=C\C(=O)OC(/C=C(/C)CC(=O)OC(/C=C\CC)C(C)C(O)C(=O)N2)C/C(C)=C/C=C/1C,6.374399999999998,6.155745257936499,6.265072628968248
C=C1CC(OC)CCCCCC2=CC(=O)OC(/C=C(/C)CC(=O)OC(/C=C\CC)C(C)C(O)C(=O)N2)C/C(C)=C/C=C/1C,6.374399999999998,6.155745257936499,6.265072628968248
CC(C)CCC[C@H]1CC(=O)N[C@H](Cc2c[nH]c3ccccc23)C(=O)N2C[C@H](O)C[C@H]2C(=O)N[C@@H](CCCNC(=N)N)C(=O)O1,6.339755555555555,6.189951378968252,6.264853467261903
C=C1C[C@H](C)C(=O)N[C@@H](C)C(=O)N(C)[C@H](Cc2ccc(O)c(I)c2)C(=O)N[C@@H](C)C(=O)O[C@@H](C)C[C@@H](C)C1=O,6.465233333333334,6.063527103174599,6.264380218253967
CCCCCCCCCCCCCC1CC(=O)NC(CCC(=O)OC)C(=O)NC(CC(C)C)C(=O)NC(CC(C)C)C(=O)NC(CC(C)C)C(=O)NC(CC(=O)OC)C(=O)NC(CC(C)C)C(=O)NC(C(C)CC)C(=O)O1,6.287555555555556,6.241113640873011,6.264334598214283
CCCCCCCCCCCCCCC1CC(=O)NC(CCC(=O)OC)C(=O)NC(CC(C)C)C(=O)NC(CC(C)C)C(=O)NC(CC(C)C)C(=O)NC(CC(=O)OC)C(=O)NC(CC(C)C)C(=O)NC(C(C)CC)C(=O)O1,6.287555555555556,6.241113640873011,6.264334598214283
CC(C)C[C@@H]1NC(=O)[C@H](CCCN)NC(=O)[C@H](C(C)C)NC(=O)[C@H](Cc2c[nH]c3ccccc23)NC(=O)[C@H](CC(=O)O)NC(=O)[C@H](CC(N)=O)NC(=O)[C@@H](Cc2ccccc2)NC(=O)[C@H](Cc2c[nH]c3ccccc23)NC(=O)[C@@H]2CCCN2C(=O)[C@@H](Cc2ccc(O)cc2)NC1=O,6.299872222222224,6.228375565476191,6.264123893849208
CO/C(=C\c1ccc(O)cc1)C(=O)O[C@@H]1[C@H](OC(=O)/C=C/c2c[nH]cn2)[C@@H](CSC)O[C@H]1n1cnc2c(N)ncnc21,6.325716666666671,6.202200704365078,6.263958685515874
CN(C)CCCOc1c(Br)cc(/C=C/C(=O)N(C)CCCOc2c(Br)cc(CCN(C)C)cc2Br)cc1Br,6.416322222222223,6.111391166305912,6.263856694264067
OCc1cc(Br)c(O)c(Oc2c(CO)cc(Br)c(O)c2O)c1Br,6.181692222222224,6.345800781024536,6.26374650162338
CCCCCCCCCCCCCCCCCCCC[C@@H](O)C(=O)N[C@@H](CO[C@@H]1O[C@H](CO)[C@@H](O[C@@H]2O[C@H](CO)[C@H](O)[C@H](O[C@]3(C(=O)O)C[C@H](O[C@H]4O[C@H](CO)[C@H](O)[C@H](O)[C@H]4O)[C@@H](NC(C)=O)[C@H](C(O)C(O)CO)O3)[C@H]2O)[C@H](O)[C@H]1O)[C@H](O)[C@H](O)CCCCCCCCCCC(C)C,6.295061111111113,6.232091726190472,6.263576418650793
C=CC(C)(C)OC[C@@H]1NC(=O)N[C@H]([C@@H](C)CC)C(=O)[C@@H]2CCCN2C(=O)[C@H]([C@H](C)CC)NC(=O)[C@@H]2CSC(=N2)[C@@H]2CCCN2C(=O)[C@H](Cc2ccccc2)NC1=O,6.3348666666666675,6.192101666666662,6.2634841666666645
C=C1C(OO)C[C@H](O[C@H]2C[C@](C)([N+](=O)[O-])[C@@H](NC(=O)OC)[C@@H](C)O2)/C(C)=C/[C@@H]2C=C(CO)[C@H](C)C[C@]23OC(=O)C(=C3O)C(=O)[C@@]2(C)[C@H]3[C@H](C=C[C@@H]12)[C@@H](O[C@H]1C[C@@H](O[C@@H]2C[C@@H](C)[C@H](O[C@H]4C[C@@H](O)[C@@H](OC)[C@H](C)O4)[C@H](O)O2)[C@@H](O)[C@H](C)O1)[C@@H](C)C[C@@H]3C,6.232661111111112,6.294237962962958,6.263449537037035
CCC[C@@H](C)[C@H](O)[C@H](C)[C@H]1OC(=O)[C@H]([C@@H](C)O)NC(=O)[C@H](C(C)C)OC(=O)[C@H](C)[C@H](O)[C@H]([C@@H](C)CC)NC(=O)[C@@]2(C)CSC(=N2)[C@]2(C)CSC(=N2)c2csc(n2)C[C@H](OC)[C@@H]1C,6.296605555555557,6.2301771395502605,6.263391347552909
COC1=C(Br)[C@@H](O)[C@]2(C=C1Br)CC(C(=O)NCC(O)CCCCCNC(=O)C1=NO[C@]3(C=C(Br)C(OC)=C(Br)[C@@H]3O)C1)=NO2,6.505622222222222,6.020937943121689,6.2632800826719555
O=C(NCCc1ccc(O)c(Br)c1)/C(Cc1cc(Br)c(O)c(Oc2c(Br)cc(C/C(=N\O)C(=O)NCCc3ccc(O)c(Br)c3)cc2Br)c1)=N\O,6.390860000000005,6.135531807539685,6.263195903769845
O=C(NCCc1ccc(O)c(Br)c1)/C(Cc1cc(Br)c(Oc2cc(C/C(=N\O)C(=O)NCCc3ccc(O)c(Br)c3)cc(Br)c2O)c(Br)c1)=N/O,6.390860000000005,6.135531807539685,6.263195903769845
C/C=C1/NC(=O)[C@@H]2Cc3ccc(O)c(c3)-c3nc[nH]c3C[C@H](NC(=O)[C@@H](CCC(N)=O)NC(=O)CNC(=O)[C@@H]([C@@H](O)CC(N)=O)NC1=O)C(=O)N[C@@H](C)[C@H](NC(=O)/C(=C\C)NC(=O)[C@@H](O)[C@@H](/C=C/C=C/CCCCCCCC)O[C@H]1OC[C@@H](O)[C@H](O)[C@@H]1O)C(=O)N[C@H]([C@@H](C)O)C(=O)N2,6.243027777777777,6.283342519841269,6.263185148809523
COc1ccc2oc3c4c(c(O)c(O)c3c(=O)c2c1O)CCc1cc2c(c(O)c1-4)C(=O)N1[C@@](C)(CO)C(=O)O[C@@]1(C)C2,6.216272222222221,6.310009550264547,6.263140886243384
COc1ccc2oc3c4c(c(O)c(O)c3c(=O)c2c1O)CCc1cc2c(c(O)c1-4)C(=O)N1[C@@](C)(C2)OC(=O)[C@]1(C)CO,6.216272222222221,6.310009550264547,6.263140886243384
CC[C@H](C)[C@H](NC(=O)[C@H](CCC(N)=O)N(C)C(=O)[C@H](CC(C)C)NC(=O)[C@@H](O)CC(C)C)C(=O)NCC(=O)N(C)[C@H](Cc1ccccc1)C(=O)N1CCC[C@H]1C(=O)OC,6.440930000000003,6.085347390873012,6.263138695436508
Cn1c(C(=O)NCC(=O)N[C@H]2CNC(=O)[C@@H](Cc3c[nH]c4ccc(Br)cc34)NC(=O)[C@@H](O)CNC(=O)[C@@H](CC(N)=O)NC2=O)cc(Cl)c1Cl,6.365733333333335,6.160407301587301,6.263070317460318
CCCCCC(=O)N[C@H](C(=O)N[C@@H](CCS(C)(=O)=O)C(=O)N[C@@H](CC(C)C)C(=O)[C@@]1(C)CO1)C(C)C,6.222605555555558,6.302963630952377,6.262784593253967
CC(C)[C@H](NC(=O)[C@H](C)NC(=O)[C@H](CCCc1ccc(O)cc1)NC(=O)[C@H](O)CO)C(=O)N[C@@H]1C(=O)NC(Cc2ccc(O)cc2)C(=O)N[C@H]2CC[C@@H](O)N(C2=O)[C@@H]([C@H](C)O)C(=O)N(C)[C@@H](Cc2ccc(O)c(Br)c2)C(=O)N[C@@H](C(C)C)C(=O)O[C@@H]1C,6.3039444444444435,6.221605357142858,6.262774900793651
COC1=C(Br)C[C@]2(OC=C1Br)ON=C(C(=O)NCCCOc1c(Br)cc(CCN)cc1Br)[C@@H]2O,6.453647777777777,6.071849285714283,6.2627485317460305
CCCCCCCCCCCCCCCCCCCC[C@@H](O)C(=O)N[C@@H](CO[C@@H]1O[C@H](CO)[C@@H](O[C@@H]2O[C@H](CO)[C@H](O)[C@H](O[C@]3(C(=O)O)C[C@H](O[C@H]4O[C@H](CO)[C@H](O[C@H]5OC[C@H](O)[C@H](O)[C@H]5O)[C@H](O)[C@H]4O)[C@@H](NC(C)=O)[C@H](C(O)C(O)CO)O3)[C@H]2O)[C@H](O)[C@H]1O)[C@H](O)[C@H](O)CCCCCCCCCCC(C)C,6.293111111111111,6.232091726190472,6.2626014186507915
CCCC(=O)NC(CC(=O)O)C(=O)NC1C(=O)NC(Cc2ccc(O)cc2)C(=O)NC2CCC(O)N(C2=O)C(Cc2ccccc2)C(=O)N(C)C(Cc2ccc(O)cc2)C(=O)NC(C(C)C)C(=O)OC1C,6.2337577777777735,6.291265297619043,6.262511537698408
CCC(C)C1C(=O)N(C)C(C(C)CC)C(=O)NC(CC(N)=O)C(=O)N2CCCC2C(=O)NC(C(OC)c2ccccc2)C(=O)OC(c2coc(C(C)/C=C/c3ccccc3)n2)C(C)C(=O)NC(C(=O)O)CC(=O)N1C,6.260305555555553,6.26458633597883,6.262445945767192
CCCC[C@H](O[C@H]1O[C@@H](COC(C)=O)[C@H](O[C@@H]2OC[C@@H](O)[C@H](O[C@@H]3O[C@H](CO)[C@H](O)[C@H](O[C@@H]4O[C@H](COC(C)=O)[C@@H](OC(C)=O)[C@H](OC(C)=O)[C@H]4OC(C)=O)[C@H]3O)[C@H]2O[C@H]2O[C@@H](COC(C)=O)[C@H](OC(C)=O)[C@@H](OC(C)=O)[C@@H]2OC(C)=O)[C@@H](O)[C@@H]1O)[C@H](CCCCCCCCC(=O)CCCCCCCCCCCCCCC(=O)N(C)C(C)C(=O)O)OC(C)=O,6.408465555555558,6.116381697330444,6.262423626443001
C/C=C1/NC(=O)[C@@H]2Cc3ccc(O)c(c3)-c3nc[nH]c3C[C@H](NC(=O)[C@@H](CCC(N)=O)NC(=O)CNC(=O)[C@@H]([C@@H](O)CC(N)=O)NC1=O)C(=O)N[C@@H](C)[C@H](NC(=O)/C(=C\C)NC(=O)[C@@H](O)[C@@H](/C=C/C=C/CCCCCCC)O[C@H]1OC[C@@H](O)[C@H](O)[C@@H]1O)C(=O)N[C@H]([C@@H](C)O)C(=O)N2,6.240694444444443,6.283342519841269,6.262018482142857
CC[C@H](C)[C@H]1NC(=O)[C@@H](NC(=O)[C@@H](CC(C)C)N(C)C(=O)[C@@H]2CCCC2C(=O)[C@H](C)O)[C@@H](C)OC(=O)[C@H](Cc2ccc(OC)cc2)N(C)C(=O)[C@@H]2CCCN2C(=O)[C@H](CC(C)C)NC(=O)[C@@H](C)C(=O)[C@H](C(C)C)OC(=O)C[C@@H]1O,6.336172222222221,6.187039867724864,6.261606044973543
CC[C@H](C)[C@H](O)C(=O)N[C@@H](CC(C)C)C(=O)N(C)[C@@H](CCC(N)=O)C(=O)N[C@H](C(=O)NCC(=O)N(C)[C@H](Cc1ccccc1)C(=O)N1CCC[C@H]1C(=O)OC)[C@@H](C)CC,6.437585555555558,6.085347390873012,6.261466473214285
CC[C@H](C)[C@H](O)C(=O)N[C@H](CC(C)C)C(=O)N(C)[C@H](CCC(N)=O)C(=O)N[C@H](C(=O)NCC(=O)N(C)[C@H](Cc1ccccc1)C(=O)N1CCC[C@H]1C(=O)OC)[C@@H](C)CC,6.437585555555558,6.085347390873012,6.261466473214285
O=C(NCCc1ccc(OS(=O)(=O)[O-])c(Br)c1)/C(Cc1ccc(O)c(Br)c1)=N/O.[Na+],6.4204616666666645,6.102350259920637,6.261405963293651
C/C=C1/NC(=O)[C@@H]2Cc3ccc(O)c(c3)-c3nc[nH]c3C[C@H](NC(=O)[C@@H](CCC(N)=O)NC(=O)CNC(=O)[C@@H]([C@@H](O)CC(N)=O)NC1=O)C(=O)N[C@@H](C)[C@H](NC(=O)/C(=C\C)NC(=O)[C@@H](O)[C@@H](/C=C/C=C/CCCCCC)O[C@H]1OC[C@@H](O)[C@H](O)[C@@H]1O)C(=O)N[C@H]([C@@H](C)O)C(=O)N2,6.23836111111111,6.283342519841269,6.260851815476189
CCCCCCCCCCC[C@@H]1CC(=O)N[C@@H](CCC(=O)OC)C(=O)NC(CC(C)C)C(=O)NC(CC(C)C)C(=O)N[C@@H](C(C)C)C(=O)N[C@@H](CC(=O)O)C(=O)NC(CC(C)C)C(=O)NC(CC(C)C)C(=O)O1,6.2983577777777775,6.223277251984119,6.260817514880948
O=C(NCCCOc1c(Br)cc(CCNC(=O)C2=NO[C@]3(C=C(Br)C(=O)[C@H](Br)[C@@H]3O)C2)cc1Br)C1=NO[C@]2(C=C(Br)C(=O)[C@H](Br)[C@@H]2O)C1,6.43446555555556,6.086725218253969,6.260595386904765
O=C(NCCCOc1c(Br)cc(CCNC(=O)C2=NO[C@]3(C=C(Br)C(=O)[C@@H](Br)[C@@H]3O)C2)cc1Br)C1=NO[C@]2(C=C(Br)C(=O)[C@@H](Br)[C@@H]2O)C1,6.43446555555556,6.086725218253969,6.260595386904765
CCCCCCCC[C@@H](C)[C@@H]1OC(=O)[C@H](CO)NC(=O)[C@@H](C(=O)c2c[nH]c3ccccc23)NC(=O)[C@@H](CCC(=O)O)NC(=O)[C@H]1C,6.188727777777778,6.332147559523808,6.260437668650793
CC[C@@H](C)[C@@H](NC(=O)[C@@H](NC(=O)[C@H](NC(=O)CCCCC(N)Cc1ccc(OC)cc1)[C@@H](O[C@@H]1O[C@@H](C(=O)O)[C@@H](O)[C@H](OC(N)=O)[C@H]1O)c1c[nH]c(=O)[nH]1)[C@@H](C)CC)C(=O)O,6.163541111111114,6.357061901455024,6.260301506283069
CC[C@@H](C)[C@@H](NC(=O)[C@@H](NC(=O)[C@H](NC(=O)CCCCC(N)Cc1ccc(OC)cc1)[C@@H](O[C@@H]1O[C@@H](C(=O)O)[C@@H](OC(N)=O)[C@H](O)[C@H]1O)c1c[nH]c(=O)[nH]1)[C@@H](C)CC)C(=O)O,6.163541111111114,6.357061901455024,6.260301506283069
Oc1cc(Cc2cc(O)c(O)c(Br)c2Cc2cc(O)c(O)c(Br)c2Br)c(Br)c(Br)c1O,6.251072222222222,6.269325366883116,6.260198794552669
CC1=CC(=O)O[C@H]2C[C@H]3O[C@H]4C[C@@H](C)[C@H]5O[C@H]6C[C@H]7O[C@@]8(C)C/C=C\[C@H]9O[C@H]%10C[C@H]%11O[C@H](C(CO)[S+]([O-])C[C@H](N)C(=O)O)C[C@H](O)[C@]%11(C)O[C@@H]%10C[C@@H]9O[C@@H]8C[C@]7(C)O[C@]6(C)CC[C@@H]5O[C@@H]4C[C@]3(C)O[C@H]12,6.401105555555557,6.119283551587298,6.260194553571427
CCCCCCC[C@@H](C/C=C/CCC(=O)N(C)C/C(=C\Cl)C/C(=C\C(=O)N1C(=O)C=C(OC)[C@@H]1CO)OC)OC,6.366216666666669,6.154128840187591,6.260172753427129
CCCCCCC[C@@H](C/C=C/CCC(=O)N(C)C/C(=C\Cl)C/C(=C\C(=O)N1C(=O)C=C(OC)[C@H]1CO)OC)OC,6.366216666666669,6.154128840187591,6.260172753427129
COC(=O)NCCc1cc(Br)c(OCCCN(C)C)c(Br)c1,6.427640000000005,6.092675178571425,6.260157589285715
C/C=C1\NC(=O)[C@H](O)[C@@H](CCC(C)C)NC(=O)[C@H](CC(N)=O)NC(=O)[C@H](Cc2ccccc2O)NC(=O)[C@@H]2CCCN2C(=O)[C@H]([C@@H](C)OC)NC(=O)[C@@H]([C@H](OS(=O)(=O)[O-])C(=O)NC(N)=O)NC(=O)CN(C)C1=O.[Na+],6.1734222222222215,6.346621646825394,6.260021934523808
CNCC(O)c1ccc(OCCCNC(=O)C2=NO[C@@]3(CC(Br)=C(OC)C(Br)=CO3)[C@H]2O)cc1,6.295434444444447,6.224392896825394,6.259913670634921
C=C(CCNC(=O)CC/C=C/C[C@H](CCCCCCC)OC)[C@]12O[C@H]1[C@H](O[C@H]1OC[C@H](OC)[C@@H](O)[C@@H]1OC)C=C(C)C2=O,6.453363333333334,6.066069126984122,6.259716230158728
CC[C@H](C)[C@H](NC(=O)[C@H](C)NC(=O)[C@H](CC(N)=O)NC(=O)[C@@H](NC(=O)[C@@H]1CCCN1C(=O)/C1=C/N[C@@H]([C@@H](C)CC)C(=O)N2C[C@H](O)C[C@H]2C(=O)N[C@@H]([C@@H](C)CC)C(=O)N[C@@H](Cc2ccccc2)C(=O)N2CCC[C@H]2C(=O)N2CCC[C@H]2C(=O)N[C@@H](CC(C)C)C(=O)N1)[C@@H](C)CC)C(=O)NCC(N)=O,6.415355555555557,6.103736908730156,6.259546232142856
CC(C)C[C@@H]1NC(=O)[C@H](CO)NC(=O)[C@@H]2CCCN2C(=O)[C@H](Cc2ccc(O)cc2)NC(=O)[C@H](Cc2ccc(O)cc2)NC(=O)[C@@H]2CCCN2C(=O)[C@H](Cc2ccc(O)cc2)NC1=O,6.35317222222222,6.165670158730158,6.259421190476189
NCCc1cc(Br)c(OCCCNC(=O)/C(Cc2ccccc2)=N/O)c(Br)c1,6.3452944444444395,6.173478075396827,6.259386259920634
NCCCOc1c(Br)cc(CCNC(=O)/C(Cc2ccccc2)=N/O)cc1Br,6.3452944444444395,6.173478075396827,6.259386259920634
C/C1=C\[C@H](C)C[C@H](C)OC(=O)[C@H](C)NC(=O)[C@@H](Cc2ccc(O)c(Br)c2)N(C)C(=O)[C@H](C)NC(=O)[C@@H](C)C1,6.454752222222224,6.063527103174599,6.259139662698411
C/C1=C\[C@H](C)C[C@H](C)OC(=O)[C@H](C)NC(=O)[C@H](Cc2ccc(O)c(Br)c2)N(C)C(=O)[C@H](C)NC(=O)[C@@H](C)C1,6.454752222222224,6.063527103174599,6.259139662698411
CC[C@H](C)[C@H]1C(=O)NCCC(=O)N[C@H]([C@@H](C)CC)C(=O)N(C)[C@@H](C(C)C)C(=O)N[C@@H](C)C(=O)NCCC(=O)N[C@H](CC(C)C)C(=O)N(C)[C@H](C(C)C)C(=O)N[C@@H](C(C)C)C(=O)NCCC(=O)N[C@H](CC(C)C)C(=O)N1C,6.290974444444444,6.227089295634917,6.2590318700396805
CC[C@H](C)[C@H]1NC(=O)CCNC(=O)[C@H](C(C)C)N(C)C(=O)[C@@H](CC(C)C)NC(=O)CCNC(=O)[C@H](C(C)C)NC(=O)[C@@H]([C@@H](C)CC)N(C)C(=O)[C@@H](CC(C)C)NC(=O)CCNC(=O)[C@H](C)NC(=O)[C@H](C(C)C)N(C)C1=O,6.290974444444444,6.227089295634917,6.2590318700396805
CC[C@H](C)[C@H]1C(=O)NCCC(=O)N[C@H](C(C)C)C(=O)N(C)[C@@H](C(C)C)C(=O)N[C@@H](C)C(=O)NCCC(=O)N[C@H](CC(C)C)C(=O)N(C)[C@H]([C@@H](C)CC)C(=O)N[C@@H](C(C)C)C(=O)NCCC(=O)N[C@H](CC(C)C)C(=O)N1C,6.290974444444444,6.227089295634917,6.2590318700396805
CC(C)C[C@@H]1NC(=O)[C@@H]2CCCN2C(=O)[C@@H]2CCCN2C(=O)[C@@H]2CCCN2C(=O)[C@@H]2CCCN2C(=O)[C@H](CC(C)C)N/C=C(/C(=O)N2CCC[C@H]2C(=O)N[C@@H](Cc2ccccc2)C(=O)NCC(=O)N[C@@H](Cc2ccccc2)C(=O)N[C@@H](Cc2ccccc2)C(N)=O)NC1=O,6.39243888888889,6.125416670634917,6.258927779761903
COc1cc2c(cc1O)CCN[C@@]21CS[C@@H]2c3c(OC(C)=O)c(C)c4c(c3[C@H](COC1=O)N1C2C2c3c(cc(C)c(OC)c3O)CC([C@@H]1C#N)N2C)OCO4,6.489955555555555,6.027131043771044,6.2585432996633
COc1cc2c(cc1O)CCN[C@]21CS[C@@H]2c3c(OC(C)=O)c(C)c4c(c3[C@H](COC1=O)N1[C@@H]2C2c3c(cc(C)c(OC)c3O)CC([C@@H]1C#N)N2C)OCO4,6.489955555555555,6.027131043771044,6.2585432996633
CC[C@H](C)[C@@H]1NC(=O)[C@@H](c2cc(O)c(C)c(O)c2Cl)NC(=O)[C@H](NC(=O)[C@H](C)NC(=O)[C@H](NC(=O)CC(=O)C(C)CC(C)C[C@H](C)[C@@H](O)[C@H](C)[C@H](O[C@@H]2O[C@H](CO)[C@@H](OC)[C@H](O)[C@H]2O)[C@@H](C)O)[C@@H](C)O)[C@@H](C)NC(=O)CNC1=O,6.2631111111111135,6.253932499999998,6.258521805555556
C#CCCC[C@H]1OC(=O)[C@H](C(C)C)N(C)C(=O)[C@@H]2CCCN2C(=O)[C@H]([C@@H](C)CC)OC(=O)[C@H](C(C)CC)N(C)C(=O)[C@H]([C@@H](C)CC)NC(=O)[C@H]1C,6.277068888888889,6.239558330026455,6.258313609457671
C/C=C(/C)C(=O)OC[C@H]1C2=C(C[C@@H]3[C@@H]4C5=C(C(=O)C(C)=C(OC)C5=O)[C@@H](OCC)[C@H](CN31)N4C)C(=O)C(C)=C(OC)C2=O,6.38628888888889,6.130134500360751,6.258211694624821
C/C=C(/C)C(=O)OC[C@H]1C2=C(C[C@H]3[C@H]4C5=C(C(=O)C(C)=C(OC)C5=O)[C@H](OCC)[C@@H](CN13)N4C)C(=O)C(C)=C(OC)C2=O,6.38628888888889,6.130134500360751,6.258211694624821
CCCCCCCCCCCCCCCCCCCC[C@@H](O)C(=O)N[C@@H](CO[C@@H]1O[C@H](CO[C@]2(C(=O)O)C[C@H](O)[C@@H](NC(=O)CO[C@@H]3O[C@@H](C)[C@H](OC(C)=O)[C@@H](O)[C@@H]3O)[C@H](C(O)C(O)CO)O2)[C@@H](O)[C@H](O)[C@H]1O)[C@H](O)/C=C/CCCCCCCCC(C)CC,6.275188888888889,6.24105924603174,6.258124067460314
CCCCCCCCCCCCCCCCCCCC[C@@H](O)C(=O)N[C@@H](CO[C@@H]1O[C@H](CO[C@]2(C(=O)O)C[C@H](O)[C@@H](NC(=O)CO[C@@H]3O[C@@H](C)[C@H](OC(C)=O)[C@@H](O)[C@@H]3O)[C@H]([C@H](O)[C@H](O)CO)O2)[C@@H](O)[C@H](O)[C@H]1O)[C@H](O)/C=C/CCCCCCCCC(C)CC,6.275188888888889,6.24105924603174,6.258124067460314
C/C1=C\[C@H](C)C[C@H](C)OC(=O)[C@H](C)NC(=O)[C@@H](Cc2ccc(O)c(I)c2)N(C)C(=O)[C@H](C)NC(=O)[C@@H](C)C1,6.452463333333333,6.063527103174599,6.257995218253966
C/C1=C\[C@H](C)C[C@H](C)OC(=O)[C@H](C)NC(=O)[C@@H](Cc2ccc(O)c(I)c2)N(C)C(=O)[C@H](C)NC(=O)[C@H](C)C1,6.452463333333333,6.063527103174599,6.257995218253966
C/C1=C\C(C)CC(C)OC(=O)C(C)NC(=O)C(Cc2ccc(O)c(I)c2)N(C)C(=O)C(C)NC(=O)C(C)C1,6.452463333333333,6.063527103174599,6.257995218253966
C/C1=C\[C@H](C)C[C@H](C)OC(=O)[C@H](C)NC(=O)[C@H](Cc2ccc(O)c(I)c2)N(C)C(=O)[C@H](C)NC(=O)[C@@H](C)C1,6.452463333333333,6.063527103174599,6.257995218253966
CC[C@H](C)[C@@H]1NC(=O)[C@H](Cc2ccc(O)cc2)NC(=O)[C@@H]2CCCN2C(=O)[C@@H]2CCCN2C(=O)[C@H](CC(C)C)NC(=O)[C@H](CCC(=O)O)NC(=O)[C@H](Cc2ccccc2)NC(=O)[C@H](CC[S@+](C)[O-])NC(=O)[C@@H]2CCCN2C(=O)[C@@H]2CCCN2C1=O,6.337127777777778,6.17835092261905,6.257739350198413
CC[C@H](C)[C@@H]1NC(=O)[C@H](Cc2ccc(O)cc2)NC(=O)[C@@H]2CCCN2C(=O)[C@@H]2CCCN2C(=O)[C@H](CC(C)C)NC(=O)[C@H](CCC(=O)O)NC(=O)[C@H](Cc2ccccc2)NC(=O)[C@H](CC[S@@+](C)[O-])NC(=O)[C@@H]2CCCN2C(=O)[C@@H]2CCCN2C1=O,6.337127777777778,6.17835092261905,6.257739350198413
CCC(=O)[C@@H]1CCCN1C(=O)[C@H](Cc1ccccc1)N(C)C(=O)[C@@H](CC(C)C)NC(=O)[C@@]1(C)CSC([C@@H]2C[C@H](C)CN2C(=O)[C@@H](Cc2ccc(O)c(Br)c2)N(C)C(=O)[C@H](C)NC(=O)C(C)(C)C)=N1,6.449605555555556,6.065595647546894,6.257600601551225
CCC(=O)[C@@H]1CCCN1C(=O)[C@H](Cc1ccccc1)N(C)C(=O)[C@@H](CC(C)C)NC(=O)[C@]1(C)CSC([C@@H]2C[C@H](C)CN2C(=O)[C@@H](Cc2ccc(O)c(Br)c2)N(C)C(=O)[C@H](C)NC(=O)C(C)(C)C)=N1,6.449605555555556,6.065595647546894,6.257600601551225
C[C@@H](/C=C/C=C/C=C/c1ccccc1)[C@H](O)[C@@H](O)[C@H]1NC(=O)C[C@@H](O)CNC(=O)CNC(=O)/C(=C/c2c[nH]c3ccccc23)NC(=O)CN(C)C(=O)C[C@]2(O)NC(=O)C[C@H]2NC(=O)[C@H]1O,6.133688888888891,6.381005119047617,6.257347003968254
COc1cc2c(cc1O)CCN[C@]21C[S+]([O-])[C@@H]2c3c(OC(C)=O)c(C)c4c(c3[C@H](COC1=O)N1[C@@H]2C2NC(Cc3cc(C)c(OC)c(O)c32)[C@@H]1O)OCO4,6.421191111111113,6.093387268518517,6.257289189814815
CCCCCCCCCCCCCCCCCCCC[C@@H](O)C(=O)N[C@@H](CO[C@@H]1O[C@H](CO)[C@@H](O[C@@H]2O[C@H](CO)[C@H](O[C@]3(C(=O)O)C[C@H](O[C@H]4O[C@H](CO)[C@H](O)[C@H](O[C@@H]5O[C@@H]([C@@H](O)CO)[C@H](O)[C@H]5O)[C@H]4O)[C@@H](NC(C)=O)[C@H]([C@H](O)[C@H](O)CO)O3)[C@H](O)[C@H]2O)[C@H](O)[C@H]1O)[C@H](O)[C@H](O)CCCCCCCCCCCC,6.292299999999999,6.222206170634918,6.257253085317458
CCCCCCCCCCCCCCCCCC[C@@H](O)C(=O)N[C@@H](CO[C@@H]1O[C@H](CO)[C@@H](O[C@@H]2O[C@H](CO)[C@H](O[C@]3(C(=O)O)C[C@H](O[C@H]4O[C@H](CO)[C@H](O)[C@H](O[C@@H]5O[C@@H]([C@@H](O)CO)[C@H](O)[C@H]5O)[C@H]4O)[C@@H](NC(C)=O)[C@H]([C@H](O)[C@H](O)CO)O3)[C@H](O)[C@H]2O)[C@H](O)[C@H]1O)[C@H](O)[C@H](O)CCCCCCCCCCCC,6.292299999999999,6.222206170634918,6.257253085317458
CCCCCCCCCCCCCCCCCCCCCC[C@@H](O)C(=O)N[C@@H](CO[C@@H]1O[C@H](CO)[C@@H](O[C@@H]2O[C@H](CO)[C@H](O[C@]3(C(=O)O)C[C@H](O[C@H]4O[C@H](CO)[C@H](O)[C@H](O[C@@H]5O[C@@H]([C@@H](O)CO)[C@H](O)[C@H]5O)[C@H]4O)[C@@H](NC(C)=O)[C@H]([C@H](O)[C@H](O)CO)O3)[C@H](O)[C@H]2O)[C@H](O)[C@H]1O)[C@H](O)[C@H](O)CCCCCCCCCCCC,6.292299999999999,6.222206170634918,6.257253085317458
CCC[C@@H](C)[C@@H]1OC(=O)[C@H](C(C)C)N(C)C(=O)[C@H](COP(=O)(O)O)NC(=O)[C@H]([C@H](C)C(N)=O)NC(=O)[C@@H]([C@H](C)OC(N)=O)NC(=O)[C@H](O)CNC(=O)/C=C/C=C/C[C@H](O)[C@H]1C,6.197577777777779,6.316828531746029,6.257203154761903
CN[C@@H](CC(C)C)C(=O)NCCCN(C)CCc1cc(OC)c(Br)cc1Br,6.452961111111106,6.061327926587296,6.257144518849201
CC(/C=C/c1ccc(Br)cc1)=C\[C@H](O)[C@@H]1CC(=O)N[C@@H](CO)C(=O)N[C@@H]2Cn3cc([n+](O[C@@H]4CO[C@@H](O)[C@@H](O)[C@@H]4O)c3)C[C@H](NC(=O)C[C@H](O)C[C@@H](C(=O)[O-])NC(=O)CCNC(=O)[C@H](Cc3ccc(Br)cc3)NC(=O)[C@H]([C@@H](O)C(N)=O)NC(=O)[C@H](CC(N)=O)NC2=O)C(=O)N[C@@H]([C@H](C)O)C(=O)N[C@@H](CO)C(=O)N[C@@H](Cc2ccccc2)C(=O)N1,6.294155555555554,6.219986527777778,6.257071041666666
CCC[C@@H](CC[C@@H](C)[C@@H]1OC(=O)[C@H](C)NC(=O)[C@H]([C@@H](C)CC)N(C)C(=O)[C@]2(C)CSC(=N2)[C@H](C)NC(=O)C1(C)C)OC,6.378644444444446,6.133817184644057,6.256230814544251
COc1ccc(C[C@H]2NC(=O)[C@@H](NC(=O)[C@@H](NC=O)C(C)C)[C@@H](C)OC(=O)[C@H](C(C)C)N(C)C(=O)[C@H](CC(C)C)NC(=O)[C@@H]3C[C@H](O)CNN3C(=O)[C@@H](C(C)C)NC2=O)cc1,6.218435555555556,6.293820515873012,6.256128035714283
CC(C)C[C@@H]1NC(=O)[C@H](C(C)C)NC(=O)[C@H](Cc2ccc(O)cc2)N(C)C(=O)[C@H](Cc2ccccc2)NC(=O)CN(C)C(=O)[C@@H]2CCCN2C(=O)[C@@H](Cc2ccccc2)N(C)C1=O,6.3678411111111135,6.144051656746033,6.255946383928573
CO[C@H]1[C@H](O)[C@@H](OS(=O)(=O)[O-])O[C@@H](O[C@@H]2[C@@H](O)[C@H](O[C@H]3[C@H](O)[C@@H](O[C@@H]4OC[C@@H](O)[C@H](O)[C@H]4O)[C@H](O[C@H]4[C@H](O[C@@H]5OC[C@@H](OS(=O)(=O)[O-])[C@H](O)[C@H]5O[C@@H]5O[C@H](C)[C@@H](O[C@@H]6O[C@H](COS(=O)(=O)[O-])[C@@H](O)[C@H](O[C@@H]7O[C@H](OS(=O)(=O)[O-])[C@@H](O)[C@H](OC)[C@H]7O)[C@H]6O)[C@H](O)[C@H]5O[C@@H]5OC[C@@H](O)[C@H](O)[C@H]5O)OC[C@@H](OS(=O)(=O)[O-])[C@@H]4O)O[C@@H]3C)O[C@H](COS(=O)(=O)[O-])[C@H]2O)[C@@H]1O.[Na+].[Na+].[Na+].[Na+].[Na+].[Na+],6.357930000000006,6.153624796536796,6.2557773982684015
COC1=C(Br)[C@H](O)[C@@]2(C=C1Br)CC(C(=O)NCCCCCNC(=O)C1=NO[C@]3(C=C(Br)C(=O)[C@@H]4O[C@@H]43)C1)=NO2,6.475446666666664,6.036101951058197,6.2557743088624305
CC(C)C[C@@H]1NC(=O)[C@H](C)NC(=O)[C@H](NC(=O)N[C@@H](CCCNC(=N)N)C(=O)O)CCCCNC(=O)[C@H](Cc2c[nH]c3ccccc23)NC(=O)[C@H](CC(C)C)NC1=O,6.436861111111113,6.074643194444446,6.255752152777779
CC(C)C[C@@H]1NC(=O)[C@H](C(C)C)NC(=O)[C@H](Cc2ccc(O)cc2)N(C)C(=O)[C@H](Cc2ccccc2)NC(=O)CN(C)C(=O)[C@@H]2CCCN2C(=O)[C@@H](Cc2ccc(O)cc2)N(C)C1=O,6.3669188888888915,6.144051656746033,6.255485272817462
COc1cc2c(cc1O)CCN[C@@]21CS[C@@H]2c3c(OC(C)=O)c(C)c4c(c3[C@H](COC1=O)N1C2C2NC(Cc3cc(C)c(OC)c(O)c32)[C@@H]1O)OCO4,6.427313333333337,6.083129351851851,6.255221342592594
COC1=C(Br)[C@@H](O)[C@]2(C=C1Br)CC(C(=O)NCCCOc1c(Br)cc(C(=O)O)cc1Br)=NO2,6.341093333333332,6.169133300264548,6.255113316798941
CC[C@@H](C)[C@@H]1OC(=O)[C@H](C(C)C)N(C)C(=O)[C@H](COP(=O)(O)O)NC(=O)[C@H]([C@H](C)C(N)=O)NC(=O)[C@@H]([C@H](C)OC(N)=O)NC(=O)[C@H](O)CNC(=O)/C=C/C=C/C[C@H](O)[C@H]1C,6.192911111111113,6.316828531746029,6.254869821428571
COC(=O)CCCNC(=O)NCc1c(Br)c(O)c(O)c(Br)c1Br,6.209983888888888,6.298567443542571,6.2542756662157295
CC(C)[C@H](NC(=O)[C@H](C)NC(=O)[C@H](CCCc1ccc(O)cc1)NC(=O)[C@H](O)CO)C(=O)N[C@@H]1C(=O)NC(CCc2ccc(O)cc2)C(=O)N[C@H]2CC[C@@H](O)N(C2=O)[C@@H]([C@H](C)O)C(=O)N(C)[C@@H](Cc2ccc(O)c(Br)c2)C(=O)N[C@@H](C(C)C)C(=O)O[C@@H]1C,6.2862777777777765,6.221605357142858,6.253941567460317
CC[C@H](C)[C@H](NC(=O)C(C)(C)NC(=O)[C@@H](NC(=O)C(C)(C)NC(=O)C(C)(C)NC(C)=O)C(C)C)C(=O)NC(C)(C)C(=O)NC(C)(C)C(=O)N[C@@H](CO)C(=O)NC(C)(C)C(=O)N1CCC[C@H]1CO,6.326722222222222,6.1810449206349185,6.25388357142857
CC[C@@H](C)[C@H](NC=O)C(=O)N[C@@H]1C(=O)N[C@H](Cc2ccc(OC)cc2)C(=O)N[C@H](C(C)C)C(=O)N2NC[C@@H](O)C[C@H]2C(=O)N[C@@H](CC(C)C)C(=O)N(C)[C@@H](C(C)C)C(=O)O[C@@H]1C,6.213602222222223,6.293820515873012,6.253711369047617
CCCCCCC[C@H](CC(=O)N[C@H](C(=O)N[C@@H](C(=O)O)[C@@H](O)C(C)C)C(C)C)NC(=O)[C@@H](NC(=O)[C@@H](CC(C)C)NC(=O)[C@@H]1CCCN1C(=O)[C@@H](NC(=O)[C@H](NC(=O)[C@H]([C@@H](C)CC)N(C)C(=O)[C@H](CCC(N)=O)NC(=O)[C@H](NC(=O)[C@H](C)N)[C@@H](O)C(C)C)[C@@H](O)C(N)=O)[C@@H](C)O)[C@@H](C)O,6.344716666666668,6.162438204365076,6.253577435515872
CCC(C)[C@H](NC(=O)C(C)(C)NC(=O)[C@@H](NC(=O)C(C)(C)NC(=O)C(C)(C)NC(C)=O)C(C)C)C(=O)NC(C)(C)C(=O)NC(C)(C)C(=O)N[C@@H](CO)C(=O)NC(C)(C)C(=O)N1CCC[C@H]1COC(C)=O,6.325477777777777,6.181526130952379,6.253501954365078
C/C(=C\Cn1c[n+](C)c2ncnc(N)c21)CC[C@]1(C)[C@@H](C)CC[C@@]2(C)C(COC(=O)c3cc(Br)c[nH]3)=CC(=O)C[C@@H]12,6.2945555555555535,6.211851772486773,6.253203664021163
CCC(=O)[C@@H]1CCCN1C(=O)[C@H](Cc1ccccc1)N(C)C(=O)[C@@H](CC(C)C)NC(=O)[C@@H]1CSC([C@@H]2C[C@H](C)CN2C(=O)[C@@H](Cc2ccc(O)c(Br)c2)N(C)C(=O)[C@H](C)NC(=O)C(C)(C)C)=N1,6.440738888888891,6.065595647546894,6.253167268217893
CC(C)C[C@H](NC(=O)[C@@H]1CCCN1C(=O)/C1=C/N[C@@H](CC(C)C)C(=O)N2CCC[C@H]2C(=O)N[C@@H](Cc2ccccc2)C(=O)N[C@@H](Cc2ccccc2)C(=O)N2CCC[C@H]2C(=O)N2CCC[C@H]2C(=O)N[C@@H](C(C)C)C(=O)N1)C(=O)N[C@@H](Cc1ccccc1)C(=O)NCC(N)=O,6.380588888888887,6.125416670634917,6.253002779761902
COC(=O)NC1=C2/C(=C\CSSSC)[C@](O)(C#C/C=C\C#C[C@@H]2O[C@@H]2O[C@H](C)[C@@](SC)(C(=O)c3nccc4c3[nH]c3ccc(O)cc34)[C@H](O)[C@H]2O[C@H]2C[C@H](OC)[C@@H](NC(C)C)CO2)CC1=O,6.374472222222227,6.130570780423279,6.252521501322754
CC[C@H](C)[C@@H](O)C(=O)N1CCC[C@H]1C(=O)NCC(=O)N(C)[C@@H](CC(C)C)C(=O)N[C@@H](C)C(=O)N(C)[C@H](Cc1ccccc1)C(=O)N1CCC[C@H]1C(=O)OC,6.400252222222224,6.104504156746028,6.252378189484126
CCC[C@@H]1NC(=O)[C@@H]2CCCN2C(=O)[C@@H](NC(=O)[C@H](CC)NC(=O)C(O)C(C)CC)CCCNC(=O)[C@H](Cc2c[nH]c3ccc(O)cc23)NC(=O)/C=C/c2csc(n2)[C@H](C)NC(=O)C1=O,6.346044444444445,6.157560317460318,6.251802380952381
CC(C)(c1ccc(OC[C@H](O)CNc2ccccc2C(=O)O)cc1)c1ccc(OC[C@H](O)CNc2ccccc2C(=O)O)cc1,6.080342222222225,6.422586382034635,6.25146430212843
CC[C@@H](O)CCCCCCCCCCC(=O)N[C@H]1CSSC[C@@H](C(=O)OC)NC(=O)[C@H](CC(C)C)NC(=O)[C@@H]2CCCN2C(=O)[C@@H]2CCCN2C1=O,6.4401077777777775,6.0623171031746,6.251212440476189
CC/C=C/[C@H]1CC[C@@]2(C[C@@H]3CC[C@@H]4[C@H](C(=O)O[C@H](CC)CCCCCCCCCCCCC[C@@H]5O[C@](O)(CCN)[C@H](O)N(CCCN)C5=O)[C@]5(CCC[C@@H](C)O5)NC(=[N+]34)N2)O1,6.270599999999999,6.231819682539679,6.251209841269839
CC/C=C/[C@@H]1CC[C@]2(C[C@H]3CC[C@H]4[C@@H](C(=O)OC(CC)CCCCCCCCCCCCC[C@@H]5O[C@](O)(CCN)[C@H](O)N(CCCN)C5=O)[C@@]5(CCC[C@H](C)O5)NC(=[N+]34)N2)O1,6.270599999999999,6.231819682539679,6.251209841269839
C/C=C(\NC(=O)[C@H](CCCN(O)C(C)=O)NC(=O)[C@@H](CO)NC(=O)[C@H](CCC(N)=O)NC(=O)[C@H](CO)NC(=O)[C@H](NC(=O)CCC/C=C\CCCCCC)[C@@H](O)C(=O)O)C(=O)N[C@H](CO)C(=O)N[C@@H]1CCCN(O)C1=O,6.299324444444445,6.203067916666664,6.251196180555555
CCCCCCCCCCCCCCCC(=O)OCC(COCC[C@@H](C(=O)[O-])[N+](C)(C)C)OC(=O)CCCCCCCCCCCCCCC,6.333230000000002,6.168836417748919,6.2510332088744605
CCC[C@@H]1NC(=O)CNC(=O)[C@H](Cc2ccccc2)NC(=O)[C@H]([C@H](C)O)NC(=O)[C@H](CCC(N)=O)NC(=O)C(C(C)C(C)Cl)NC(=O)[C@H](CC(C)C)N(C)C(=O)[C@H](C)NC(=O)CC(O)C(NC(=O)[C@@H](CC(C)C)NC=O)C(C)OC1=O,6.306111111111114,6.195880480158723,6.2509957956349185
Cn1cc(Cl)cc1C(=O)NCC(=O)N[C@@H]1CNC(=O)[C@H](Cc2c[nH]c3ccc(Br)cc23)NC(=O)[C@H](O)CNC(=O)[C@H](CC(N)=O)NC1=O,6.340938888888891,6.160407301587301,6.2506730952380956
Cn1cc(Cl)cc1C(=O)NCC(=O)N[C@@H]1CNC(=O)[C@@H](Cc2c[nH]c3ccc(Br)cc23)NC(=O)[C@@H](O)CNC(=O)[C@H](CC(N)=O)NC1=O,6.340938888888891,6.160407301587301,6.2506730952380956
Cc1ccccc1/C=C/C(=O)N[C@H]1C(=O)N[C@H](Cc2ccccc2)C(=O)N[C@@H](CC(C)C)C(=O)N[C@H](Cc2ccc(O)cc2)C(=O)N[C@H](CCCCN)C(=O)N[C@@H]([C@H](O)C(C)C)C(=O)N[C@@H](CO)C(=O)N[C@H](Cc2ccc(O)cc2)C(=O)N[C@H]([C@H](C)O)C(=O)N[C@@H]([C@H](O)C(C)C)C(=O)O[C@@H]1C,6.384372222222219,6.116855845238096,6.250614033730157
CO/C(=C1\NC(=O)[C@@H](Cc2ccc(O)c(Br)c2)N(C)C(=O)[C@H](C)NC(=O)CCC/C=C(\C)CC[C@H](C)OC1=O)c1ccccc1,6.486883333333334,6.013804007936505,6.250343670634919
CO/C(=C1/NC(=O)[C@@H](Cc2ccc(O)c(Br)c2)N(C)C(=O)[C@H](C)NC(=O)CCC/C=C(\C)CC[C@H](C)OC1=O)c1ccccc1,6.486883333333334,6.013804007936505,6.250343670634919
C=CCCC[C@H]1OC(=O)[C@H]([C@@H](C)CC)NC(=O)[C@@H]2CCCN2C(=O)[C@H](Cc2ccccc2)OC(=O)[C@H](C(C)C)N(C)C(=O)[C@H](C(C)C)NC(=O)[C@H]1C,6.224552222222221,6.276126236772481,6.250339229497351
CCCC1OC(=O)CNC(=O)[C@H](Cc2ccccc2)N(C)C(=O)[C@@H]2CCCN2C(=O)[C@H](Cc2ccccc2)N(C)C(=O)[C@H](C(C)C)NC(=O)C1(C)C,6.244776666666664,6.2557647387566115,6.250270702711638
COC(CC1OC(=O)CC(OC(N)=O)CC(C)CC(O)C(CO)C(OC)c2coc(n2)-c2coc(n2)-c2coc(n2)/C=C/CC(OC)C1C)C(C)CCC(=O)C(C)C(OC)C(C)/C=C/N(C)C=O,6.267794444444447,6.232696633597877,6.2502455390211615
COc1c(O)cc(CCN)c2c1SSSSS2,6.149565555555555,6.350877189935065,6.25022137274531
COc1cc(CCN)c2c(c1O)SSSSS2,6.149565555555555,6.350877189935065,6.25022137274531
COc1cc2c(cc1O)CCN[C@@]21CS[C@@H]2c3c(OC(C)=O)c(C)c4c(c3[C@H](COC1=O)N1CC3Cc5cc(C)c(OC)c(O)c5C(C21)N3C)OCO4,6.44643888888889,6.053897710437711,6.250168299663301
CCC[C@H]1NC(=O)CNC(=O)C[C@H](O)[C@@H](NC(=O)[C@@H](CC(C)C)NC=O)[C@@H](C)OC(=O)C(C(C)C(C)Cl)NC(=O)[C@@H](C)NC(=O)[C@H](CC(C)C)N(C)C(=O)[C@H](Cc2ccccc2)NC(=O)[C@@H]([C@@H](C)O)NC(=O)[C@H](CCC(N)=O)NC1=O,6.306111111111114,6.19379879365079,6.249954952380952
COC(=O)NC/C=C\c1nc(CC/C=C\C(=O)O[C@@H]2C[C@H]3C[C@H](OC)C[C@H]4CCC[C@@H](C[C@H](/C=C/CC(C)C)COC(=O)C[C@@H](C2)O3)O4)co1,6.27031111111111,6.229442611231358,6.249876861171234
CC(/C=C/c1ccccc1)=C\[C@H](O)[C@@H]1CC(=O)N[C@@H](CO)C(=O)N[C@@H]2Cn3cc([n+](O[C@@H]4O[C@H](CO)[C@H](O)[C@H](O)[C@H]4O)c3)C[C@H](NC(=O)C[C@H](O)C[C@@H](C(=O)[O-])NC(=O)[C@@H](O)CNC(=O)[C@H]([C@@H](C)c3ccc(Br)cc3)NC(=O)[C@H]([C@@H](O)C(N)=O)NC(=O)[C@H](CC(N)=O)NC2=O)C(=O)N[C@@H]([C@H](C)O)C(=O)N[C@@H](CO)C(=O)N[C@@H](Cc2ccccc2)C(=O)N1,6.279716666666667,6.219986527777778,6.249851597222223
C=CC(C)(C)c1ccc2c3c(c[nH]c13)C[C@@H](CO[C@H]1O[C@H](CO)[C@@H](O)[C@H](O)[C@H]1O)NC(=O)C([C@@H](C)CC)N2C,6.246350000000004,6.253299583333335,6.249824791666669
Oc1c(O)c(Br)c(CCc2c(Br)c(O)c(O)c(Br)c2Br)c(Br)c1Br,6.199905555555556,6.2994137398989904,6.249659647727273
CCCCC[C@@H]1OC(=O)[C@H](C)NC(=O)[C@H](C(C)C)NC(=O)[C@@H]2CCCN2C(=O)[C@H](Cc2ccccc2)OC(=O)C(C(C)C)N(C)C(=O)[C@H](C(C)C)NC(=O)C1(C)C,6.253799841269841,6.2453981911375624,6.249599016203701
C/C=C(/C)C(=O)OC[C@H]1c2c(cc(C)c(OC)c2O)C[C@H]2[C@H]3C4=C(C[C@@H]([C@H](C#N)N12)N3C)C(=O)C(C)=C(OC)C4=O,6.388572222222223,6.11059643217893,6.249584327200576
CC(/C=C/c1ccc(Br)cc1)=C\[C@H](O)[C@@H]1CC(=O)N[C@@H](CO)C(=O)N[C@@H]2Cn3cc([n+](O[C@@H]4O[C@H](CO)[C@H](O)[C@H](O)[C@H]4O)c3)C[C@H](NC(=O)C[C@H](O)C[C@@H](C(=O)[O-])NC(=O)CCNC(=O)[C@H](Cc3ccc(Br)cc3)NC(=O)[C@H]([C@@H](O)C(N)=O)NC(=O)[C@H](CC(N)=O)NC2=O)C(=O)N[C@@H]([C@H](C)O)C(=O)N[C@@H](CO)C(=O)N[C@@H](Cc2ccccc2)C(=O)N1,6.279055555555555,6.219986527777778,6.249521041666666
C=C(C)CCOc1ccc(C[C@@H]2NC(=O)[C@H]([C@@H](C)CC)N(C)C(=O)[C@H](C)NC(=O)[C@@H]3CCCN3C(=O)C(Cc3ccccc3)OC(=O)[C@H](C)N(C)C2=O)cc1,6.347546666666665,6.150786236772487,6.249166451719576
CCOC(=O)NCCCCCNC(=O)C1=NO[C@]2(C=C(Br)C(OC)=C(Br)[C@@H]2O)C1,6.34082444444444,6.157250978835978,6.249037711640209
C=CC(C)(C)n1cc(C[C@@H]2NC(=O)[C@H](C[C@@H](C)CO)N(C)C2=O)c2ccccc21,6.024172222222214,6.473708780663779,6.248940501442997
C/C1=C\[C@H](C)C[C@H](C)OC(=O)[C@H](C)NC(=O)[C@@H](Cc2ccc(O)c(Br)c2)N(C)C(=O)CNC(=O)[C@@H](C)C1,6.434193333333337,6.063527103174599,6.248860218253968
CCC(C)C1C(=O)NC(CC(N)=O)C(=O)N2CCCC2C(=O)NC(C(OC)c2ccccc2)C(=O)OC(c2coc(C(C)/C=C/c3ccccc3)n2)C(C)C(=O)NC(C(=O)O)CC(=O)N(C)C(C(C)C)C(=O)N1C,6.233033333333331,6.26458633597883,6.248809834656081
COc1cc(O)c(Oc2cc(C)cc(O)c2)c(C)c1OC,6.324147777777779,6.173461690115439,6.248804733946609
COC1=C(Br)[C@H](O)[C@@]2(C=C1Br)CC(C(=O)NCCc1cn(-c3cc(O)c4[nH]cc(O)c(=O)c4c3O)cn1)=NO2,6.347566666666668,6.149965046296297,6.248765856481483
CC(C)C[C@@H]1NC(=O)[C@@H]2C[C@H](C)CN2C(=O)[C@@H](NC=O)CNC(=O)[C@@H](CO)NC(=O)c2coc(n2)[C@H](C)NC(=O)C1=O,6.304624444444449,6.192582063492065,6.248603253968257
C=C(CCCCCCCCCCCCC(=O)CCCCCCCCC(CCCCC)O[C@@H]1O[C@H](CO)[C@@H](O[C@@H]2O[C@H](COC(C)=O)[C@@H](O[C@@H]3O[C@H](CO)[C@@H](O)[C@H](O[C@@H]4O[C@H](COC(C)=O)[C@@H](O)[C@H](O)[C@H]4O)[C@H]3O)[C@H](O)[C@H]2O[C@@H]2O[C@H](COC(C)=O)[C@H](OC(C)=O)[C@H](OC(C)=O)[C@H]2OC(C)=O)[C@H](O)[C@H]1O[C@@H]1O[C@H](COC(C)=O)[C@H](OC(C)=O)[C@H](OC(C)=O)[C@H]1OC(C)=O)N(C)CC(=O)O,6.34441,6.152783416305913,6.248596708152956
COC1=C(Br)[C@H](O)[C@@]2(C=C1Br)CC(C(=O)NCCCOc1c(Br)cc(C(O)CNS(=O)(=O)[O-])cc1Br)=NO2.[Na+],6.327718888888888,6.169133300264548,6.248426094576718
COc1cc(CCN(C)C)c2c(c1O)Sc1c(CCN(C)C)c(SC)c(OC)c(OC)c1S2,6.347731111111115,6.148903417027415,6.248317264069265
C#CCn1cc(C[C@@H]2NC(=O)[C@H](C[C@@H](C)CO)N(C)C2=O)c2ccccc21,6.082555555555548,6.41405360209235,6.24830457882395
CC[C@H](C)[C@@H]1NC(=O)[C@H]2N=C(O[C@@H]2C)[C@@H]2CCCN2C(=O)[C@H](Cc2ccc(OCC=C(C)C)cc2)NC(=O)c2coc(n2)[C@H](C)NC(=O)[C@@H]2CCCN2C(=O)[C@@H]2CCCN2C1=O,6.301888888888888,6.194371230158726,6.248130059523807
COc1ccc(/C=C/C(=O)NCCc2cc(Br)c(OCCCN)c(Br)c2)cc1Br,6.2913122222222215,6.204516300505051,6.247914261363636
COC1=C(Br)C(O)C2(C=C1Br)CN=C(C(=O)NCCCOc1c(Br)cc(C(O)CN)cc1Br)O2,6.432415555555557,6.0631887896825365,6.247802172619046
C=CC(C)(C)c1[nH]c2ccccc2c1/C=C1\NC(=O)[C@]2(C[C@H]3O[C@H](CCCCC)[C@H](OC)c4c(O)cc(CC=C(C)C)c(c43)O2)NC1=O,6.11758888888889,6.37759629629629,6.24759259259259
C=CC(C)(C)[C@@]12C=C(O)C(=O)N3/C(=C/c4cn(C(C)(C)CC(=O)CC(C)(C)O)cn4)C(=O)N[C@]31N(OC)c1ccccc12,6.1668944444444485,6.327928207671956,6.247411326058202
COC1C(=O)N(C)C(OC)C1OC(CN(C)c1cn(C)cn1)C(O)CO,6.295822222222218,6.198878452380954,6.247350337301586
C/C1=C\[C@H](C)C[C@H](C)CC(=O)C[C@H](c2ccc(O)cc2)NC(=O)[C@@H](Cc2c(Br)[nH]c3ccccc23)N(C)C(=O)[C@H](C)NC(=O)[C@@H](C)C1,6.2238055555555505,6.270162579365072,6.246984067460311
Cn1cc(Cl)cc1C(=O)NCCCC(=O)NC1CNC(=O)[C@H](Cc2c[nH]c3ccc(Br)cc23)NC(=O)C(O)CNC(=O)[C@H](CC(N)=O)NC1=O,6.332761111111115,6.160407301587301,6.246584206349208
COc1cc(CCN(C)CCCNC(=O)[C@H](CC(C)C)N(C)C)c(Br)cc1Br,6.477255555555552,6.015901121031742,6.246578338293647
CCC[C@H]1NC(=O)[C@@H](NC(C)=O)[C@@H](C)OC(=O)[C@H](C(C)C)NC(=O)[C@H](Cc2ccc(OC)cc2)N(C)C(=O)[C@@H]2CCCN2C(=O)[C@@H]2CCCN2C1=O,6.318157777777771,6.174989074074073,6.246573425925922
CO/C(C)=C1/NC(=O)[C@H]([C@@H](C)O)NC(=O)c2csc(n2)-c2cc(O)c(-c3nc(C(=O)NC(=O)C(N)=O)cs3)nc2-c2csc(n2)[C@@H]2COC(=O)c3c4c5c(cccc5n3O)COC(=O)[C@@H](O[C@H]3C[C@](C)(O)[C@H](N(C)C)[C@H](C)O3)[C@@H](OC4)[C@H](NC(=O)c3csc1n3)c1nc(cs1)C(=O)N2,6.187238888888896,6.305596512746513,6.246417700817704
CCC(C)[C@@H]1NC(=O)[C@H](C)NC(=O)[C@H](CCSC)NC(=O)[C@H](C)NC(=O)[C@@H](CC(N)=O)NC(=O)[C@H](Cc2ccccc2)NC(=O)[C@@H]2CCCN2C1=O,6.119774444444444,6.37288191468254,6.246328179563492
COC1=C(Br)C(O)C2(C=C1Br)CN=C(C(=O)NCCCOc1c(Br)cc(CCN)cc1Br)O2,6.428837777777778,6.0631887896825365,6.246013283730157
CC[C@H](C)[C@@H](C(=O)N[C@@H](Cc1ccc(OCC=C(C)C)cc1)C(=O)O)N(C)C(=O)[C@H](CO)NC(=O)[C@@H]1CCCN1C(=O)C(O)Cc1ccccc1,6.209877777777774,6.282043591269839,6.245960684523807
CNC(C)C(=O)O[C@H](CC[C@H](C)[C@H](O)[C@H](C)[C@@H]1C/C=C/[C@H](OC)C[C@H](C)C/C=C(\C)[C@@H](OC)CC[C@@H](C)[C@@H](O)[C@H](C)[C@H](OC(=O)C(COC)N(C)C)C/C=C/C=C/C(=O)O1)[C@H](C)[C@H](OC(C)=O)[C@H](C)/C=C/N(C)C=O,6.417711111111112,6.074107023809518,6.245909067460315
C=C1/C=C/C(=O)N(C)C(=O)NC(CCC(N)=O)C(=O)OC(C(C)CC(C)CC(C)CC)C(C)C(=O)N1,6.039466666666666,6.4521770833333285,6.245821874999997
CCCCCCCC/C=C\CCCCCCCCCCCC[C@@H](O)C(=O)N[C@@H](CO[C@@H]1O[C@H](CO[C@]2(C(=O)O)C[C@H](O)[C@@H](NC(=O)CO)[C@H](C(O)C(O)CO)O2)[C@@H](O)[C@H](O)[C@H]1O)[C@H](O)/C=C/CCCCCCCCCC(C)C,6.249950000000001,6.24105924603174,6.24550462301587
C#CCCC[C@@H]1OC(=O)CNC(=O)[C@H]([C@@H](C)CC)NC(=O)[C@@H]2CCCN2C(=O)[C@H]([C@@H](C)CC)OC(=O)[C@H](Cc2ccccc2)N(C)C(=O)[C@H](C(C)C)NC(=O)C1(C)C,6.245374444444445,6.2453981911375624,6.245386317791004
CCCC(=O)N[C@H](C(=O)N[C@@H]1C(=O)N[C@@H](CC(C)C)C(=O)N[C@H]2CC[C@@H](O)N(C2=O)[C@@H](CC(C)C)C(=O)N(C)[C@@H](Cc2ccccc2)C(=O)N[C@@H](C(C)C)C(=O)O[C@@H]1C)C(C)C,6.1799633333333315,6.31074277777777,6.245353055555551
CCCCCC[C@H](C)[C@@H]1CC(=O)NCC(=O)N[C@@H](C(C)C)C(=O)N[C@H](CC(C)C)C(=O)N[C@@H](C)C(=O)N[C@@H](CCSC)C(=O)O1,6.13074666666667,6.3595762797618995,6.245161473214285
CCCCCC[C@H](C)[C@@H]1CC(=O)NCC(=O)N[C@@H](C(C)C)C(=O)N[C@@H](CC(C)C)C(=O)N[C@@H](C)C(=O)N[C@@H](CCSC)C(=O)O1,6.13074666666667,6.3595762797618995,6.245161473214285
CC(C)C[C@@H]1NC(=O)[C@H](C)NC(=O)C(NC(=O)C(N)Cc2ccccc2)Cc2cn(c3ccccc23)C23CC(NC1=O)C(=O)N1C(Cc4ccccc4)C(=O)N(c4ccccc42)C13,6.27478888888889,6.215503670634919,6.245146279761904
CC(C)C[C@@H]1NC(=O)[C@H](C)NC(=O)[C@@H](NC(=O)[C@@H](N)Cc2ccccc2)Cc2cn(c3ccccc23)[C@]23C[C@H](NC1=O)C(=O)N1[C@@H](Cc4ccccc4)C(=O)N(c4ccccc42)[C@@H]13,6.27478888888889,6.215503670634919,6.245146279761904
C=CC(C)(C)OC[C@@H]1NC(=O)CNC(=O)[C@@H]2CCCN2C(=O)[C@H](C(C)CC)NC(=O)[C@@H]2CSC(=N2)[C@H](CC(C)C)NC1=O,6.248350000000003,6.241641051587298,6.244995525793651
CC[C@@H](C)[C@H](NC(=O)N[C@H]1CCCCNC(=O)[C@H](Cc2ccccc2)NC(=O)[C@H](Cc2c[nH]c3ccc(Br)cc23)N(C)C(=O)[C@H](CC(C)C)NC(=O)[C@@H](C(C)C)NC1=O)C(=O)O,6.2945444444444485,6.195340476190477,6.244942460317462
CC[C@H](C)[C@H](NC(=O)C[C@H](O)[C@H](CC(C)C)NC(=O)[C@H](OC(=O)[C@@H](O)C(C)C)[C@@H](C)CC)C(=O)N[C@@H](C)C(=O)N(C)[C@H](Cc1ccccc1)C(=O)N1CCC[C@H]1C(=O)OC,6.272011111111112,6.217811855158727,6.24491148313492
CCCCCCCCCc1nc(N)[n+]2c(c1C(=O)OCCCCCCCNC(=N)N)CCC2,6.1547188888888895,6.334929237012985,6.244824062950937
CCCC(=O)CC1CCC(C)C(CC(=O)NCC(O)C(C)C(=O)NCCCC2OC3(CCCC(CCC(C)/C=C(\C)C(C)O)O3)CCC2C)O1,6.440105555555552,6.048798055555551,6.244451805555551
CN(C)CCCOc1c(Br)cc(CC[N+](C)(C)O)cc1Br,6.151197777777777,6.337688357683982,6.244443067730879
C/C=C(\NC(=O)[C@H](CCCN(O)C(C)=O)NC(=O)[C@@H](CO)NC(=O)[C@H](CCC(N)=O)NC(=O)[C@H](CO)NC(=O)[C@H](NC(=O)CCCCCCCCC)[C@@H](O)C(=O)O)C(=O)N[C@H](CO)C(=O)N[C@@H]1CCCN(O)C1=O,6.28576888888889,6.203067916666664,6.244418402777777
C/C=C(\NC(=O)[C@H](CCCN(O)C(C)=O)NC(=O)[C@@H](CO)NC(=O)[C@H](CCC(N)=O)NC(=O)[C@H](CO)NC(=O)[C@H](NC(=O)CCCCCCCCCCC)[C@@H](O)C(=O)O)C(=O)N[C@H](CO)C(=O)N[C@@H]1CCCN(O)C1=O,6.28576888888889,6.203067916666664,6.244418402777777
COc1c(OC)c2c(c(CCN(C)C)c1SC)SSc1c(OC)c(OC)c(SC)c(CCN(C)C)c1SS2,6.411206666666669,6.077352941919191,6.24427980429293
CCCC(=O)N[C@@H]1C(=O)N[C@@H](CC(C)C)C(=O)N[C@H]2CC[C@@H](O)N(C2=O)[C@@H](CC(C)C)C(=O)N(C)[C@@H](Cc2ccccc2)C(=O)N[C@@H](C(C)C)C(=O)O[C@@H]1C,6.177663333333331,6.31074277777777,6.24420305555555
C=C(/C=C\CC(O)C(O)C(O)C/C=C/C=C\C(O)CC1OC(CC(O)C(O)CC2OC(C(O)C(O)CCC(O)/C=C/C(C)C(O)CC3(O)OC(C(O)C(O)CCCCCCCC45CC(C)CC(C)(O4)C(CCCCCCCC(O)CC(O)C(O)C(O)C4OC(CC(O)C(O)/C(C)=C/C(O)CCC(O)C(=O)N/C=C/C(=O)NCCCO)C(O)C(O)C4O)O5)C(O)C(O)C3O)CC(O)C2O)C(O)C(O)C1O)CCC(O)C(O)C(O)C(C)CC1OC(/C=C\C(O)C(O)CC2CC3CC(O2)C(CCC2OC(CN)CC2O)O3)C(O)C(O)C1O,6.317794444444447,6.170284484126982,6.244039464285715
C=C(/C=C\C[C@@H](O)[C@@H](O)[C@H](O)C/C=C/C=C\[C@@H](O)C[C@@H]1O[C@H](C[C@@H](O)[C@H](O)C[C@H]2O[C@H]([C@H](O)[C@H](O)CC[C@H](O)/C=C/[C@H](C)[C@@H](O)C[C@]3(O)O[C@H](C[C@@H](O)CCCCCCC[C@@]45C[C@@H](C)C[C@@](C)(O4)[C@@H](CCCCCCC[C@@H](O)[C@H](O)[C@H](O)[C@@H](O)[C@H](O)[C@H]4O[C@H](C[C@H](O)[C@H](O)/C(C)=C/[C@H](O)CC[C@H](O)C(=O)N/C=C/C(=O)NCCCO)[C@H](O)[C@@H](O)[C@@H]4O)O5)[C@H](O)[C@@H](O)[C@H]3O)C[C@@H](O)[C@@H]2O)[C@@H](O)[C@H](O)[C@H]1O)CC[C@H](O)[C@@H](O)[C@H](O)[C@H](C)C[C@H]1O[C@H](/C=C\[C@@H](O)[C@H](O)C[C@@H]2C[C@@H]3C[C@H](O2)[C@@H](CC[C@H]2O[C@H](CN)C[C@H]2O)O3)[C@@H](O)[C@H](O)[C@H]1O,6.317794444444447,6.170284484126982,6.244039464285715
CCC(C)[C@H](NC(=O)[C@H](Cc1ccccc1)NC(=O)[C@@H]1CCCN1C(=O)/C1=C/N[C@@H](Cc2ccccc2)C(=O)N2CCC[C@H]2C(=O)N[C@@H](Cc2ccccc2)C(=O)NCC(=O)N[C@@H](CC(C)C)C(=O)N2CCC[C@H]2C(=O)N2CCC[C@H]2C(=O)N[C@@H](Cc2ccccc2)C(=O)N1)C(=O)N[C@@H](CC(=O)O)C(=O)O,6.384122222222223,6.103736908730156,6.24392956547619
O=C(NCCSSCCNC(=O)/C(Cc1ccc(OS(=O)(=O)[O-])c(Br)c1)=N/O)/C(Cc1ccc(O)c(Br)c1)=N/O.[Na+],6.37112388888889,6.114884545634923,6.243004217261907
CCCCCCCCCCCCCCCCCC(=O)N[C@@H](CO[C@@H]1O[C@H](CO[C@]2(C(=O)O)C[C@H](O)[C@@H](NC(=O)CO[C@@H]3O[C@@H](C)[C@@H](O)[C@@H](O)[C@@H]3O)[C@H](C(O)C(O)CO)O2)[C@@H](O)[C@H](O)[C@H]1O)[C@H](O)/C=C/CCCCCCCCC(C)CC,6.244905555555555,6.24105924603174,6.242982400793647
C/C=C(\NC(=O)[C@H](CCCN(O)C(C)=O)NC(=O)[C@@H](CO)NC(=O)[C@H](CCC(N)=O)NC(=O)[C@H](CO)NC(=O)[C@H](NC(=O)CCCCCCCCCCCCC)[C@@H](O)C(=O)O)C(=O)N[C@H](CO)C(=O)N[C@@H]1CCCN(O)C1=O,6.282802222222223,6.203067916666664,6.242935069444444
CCC(C)[C@@H]1NC(=O)[C@@H]2[C@@H](C)CCN2C(=O)[C@@H](CC(C)C)OC(=O)CCNC(=O)[C@H](C)N(C)C(=O)[C@H](C(C)CC)N(C)C1=O,6.234202222222221,6.2511940046296255,6.242698113425924
C[N+](C)(C)CCOC(OCC(O)COC(=O)c1c[nH]c2cc(Br)ccc12)C(=O)O,6.192568888888891,6.292811453823955,6.242690171356423
CNC(COC)C(=O)O[C@@H]1C/C=C/C=C/C(=O)O[C@H]([C@@H](C)[C@@H](O)[C@@H](C)CC[C@@H](OC(=O)C(C)N(C)C)[C@H](C)[C@H](OC(C)=O)[C@H](C)/C=C/N(C)C=O)C/C=C/[C@H](OC)C[C@H](C)C/C=C(\C)[C@@H](OC)CC[C@@H](C)[C@@H](O)[C@@H]1C,6.417711111111112,6.067160992063487,6.242436051587299
CNC(COC)C(=O)O[C@H]1[C@H](C)[C@H](O)C/C=C/C=C/C(=O)O[C@H]([C@@H](C)[C@@H](O)[C@@H](C)CC[C@@H](OC(=O)C(C)N(C)C)[C@H](C)[C@H](OC(C)=O)[C@H](C)/C=C/N(C)C=O)C/C=C/[C@H](OC)C[C@H](C)C/C=C(\C)[C@@H](OC)CC[C@H]1C,6.417711111111112,6.067160992063487,6.242436051587299
CC(/C=C/c1ccccc1)=C\C=C\[C@H](C)[C@H](O)[C@@H](O)[C@H]1NC(=O)C[C@@H](O)CNC(=O)CNC(=O)/C(=C/c2c[nH]c3ccccc23)NC(=O)CN(C)C(=O)C[C@]2(O)NC(=O)C[C@H]2NC(=O)[C@H]1O,6.160533333333335,6.324171686507935,6.242352509920635
C=CCCC[C@@H]1OC(=O)CNC(=O)[C@H]([C@@H](C)CC)NC(=O)[C@@H]2CCCN2C(=O)[C@H]([C@@H](C)CC)OC(=O)[C@H](Cc2ccccc2)N(C)C(=O)[C@H](C(C)C)NC(=O)C1(C)C,6.20853873015873,6.276126236772481,6.2423324834656055
CC[C@H](C)[C@H]1NC(=O)[C@H](Cc2ccc(O)cc2)N(C)C(=O)[C@@H](C)N(C)C(=O)[C@H](C)NC(=O)CN(O)C(=O)[C@@H](CC(C)C)N(C)C(=O)[C@@H](C)NC1=O,6.276465555555554,6.208174394841267,6.242319975198411
CCC[C@H](O)CC[C@@H](C)[C@@H]1OC(=O)[C@H](C)NC(=O)[C@H]([C@@H](C)CCO)N(C)C(=O)[C@]2(C)CSC(=N2)[C@H](C)NC(=O)C1(C)C,6.143511111111108,6.341101586700332,6.24230634890572
C/C(=C\Cn1cnc2c1C(=O)N(C)CN2C)CC/C=C(\C)CCC/C(C)=C/C(=O)CC(C)C,6.18095222222222,6.303602293771044,6.242277257996632
C/C(=C/C(=O)CC(C)C)CCC/C(C)=C/CC/C(C)=C/Cn1cnc2c1C(=O)N(C)CN2C,6.18095222222222,6.303602293771044,6.242277257996632
CCC[C@@H]1NC(=O)[C@@H]2C[C@H](C)CN2C(=O)[C@@H](NC=O)CNC(=O)[C@@H](CO)NC(=O)c2coc(n2)[C@H](C)NC(=O)C1=O,6.291807777777782,6.192582063492065,6.242194920634923
CC(C)C[C@@H]1OC(=O)CCNC(=O)[C@H](CC(C)C)N(C)C(=O)[C@H](C(C)C)N(C)C(=O)[C@H](Cc2ccc(O)cc2)NC(=O)[C@@H]2CCCN2C1=O,6.24933,6.2343093022486755,6.241819651124338
CC(C)C[C@@H]1NC(=O)[C@H](CCCN)NC(=O)[C@H](C(C)C)NC(=O)[C@H](Cc2c[nH]c3ccccc23)NC(=O)[C@H](CC(=O)O)NC(=O)[C@H](CC(N)=O)NC(=O)[C@@H](Cc2ccccc2)NC(=O)[C@H](Cc2ccccc2)NC(=O)[C@@H]2C[C@@H](O)CN2C(=O)[C@@H](Cc2ccc(O)cc2)NC1=O,6.255177777777778,6.228375565476191,6.241776671626985
CCC(C)C(O)C(=O)N[C@H](CC(C)C)C(=O)N[C@H]1CCCNC(=O)[C@H](Cc2c[nH]c3ccc(O)cc23)NC(=O)/C=C/c2coc(n2)[C@H](C)NC(=O)C(=O)[C@H](CC(C)C)NC(=O)[C@@H]2CCCN2C1=O,6.314950000000001,6.167806448412697,6.241378224206349
Oc1cc(Cc2cc(O)c(O)c(Br)c2Br)c(Br)c(Br)c1O,6.182363333333329,6.2994137398989904,6.2408885366161595
CC(=O)N1CCC[C@H]1C(=O)N[C@H](C(=O)N[C@@H]1C(=O)N[C@@H](CC(C)C)C(=O)N[C@H]2CC[C@@H](O)N(C2=O)[C@@H](Cc2ccccc2)C(=O)N(C)[C@@H](Cc2ccc(O)cc2)C(=O)N[C@@H](C(C)C)C(=O)O[C@@H]1C)[C@@H](C)O,6.204222222222222,6.277291732804231,6.240756977513226
C/C=C(\NC(=O)[C@H](CCCN(O)C(C)=O)NC(=O)[C@@H](CO)NC(=O)[C@H](CCC(N)=O)NC(=O)[C@H](CO)NC(=O)[C@H](NC(=O)CCCCC/C=C\CCCCCC)[C@@H](O)C(=O)O)C(=O)N[C@H](CO)C(=O)N[C@@H]1CCCN(O)C1=O,6.278435555555556,6.203067916666664,6.24075173611111
COC(=O)NC1=C2/C(=C\CSSSC)[C@](O)(C#C/C=C\C#C[C@@H]2O[C@@H]2O[C@H](C)[C@@H](C(=O)c3nccc4c3[nH]c3ccc(O)cc34)[C@H](O)[C@H]2O[C@H]2C[C@H](OC)[C@@H](NC(C)C)CO2)CC1=O,6.350605555555561,6.130570780423279,6.24058816798942
C#CCCC[C@@H]1OC(=O)CNC(=O)[C@H](C(C)C)NC(=O)[C@@H]2CCCN2C(=O)[C@H]([C@@H](C)CC)OC(=O)[C@H](Cc2ccccc2)N(C)C(=O)[C@H](C(C)C)NC(=O)C1(C)C,6.235507777777777,6.2453981911375624,6.24045298445767
COc1cc2c(cc1O)CCN[C@]21CS[C@@H]2c3c(OC(C)=O)c(C)c4c(c3[C@H](COC1=O)N1[C@@H]2C2c3c(cc(C)c(OC)c3O)CC([C@@H]1/C(C=O)=C\O)N2C)OCO4,6.456527777777779,6.024263637566135,6.240395707671958
CCCC(=O)N[C@@H](C)C(=O)N[C@H](C(=O)N[C@@H]1C(=O)N[C@@H](CC(C)C)C(=O)N[C@H]2CC[C@@H](O)N(C2=O)[C@@H](Cc2ccccc2)C(=O)N(C)[C@@H](Cc2ccc(O)cc2)C(=O)N[C@@H](C(C)C)C(=O)O[C@@H]1C)[C@H](C)O,6.189244444444444,6.291265297619043,6.240254871031744
CO[C@@]12C(=O)N(C)[C@@H](CO)C(=O)N1[C@@H]1Nc3ccccc3[C@]1([C@@]13c4ccccc4N[C@@H]1N1C(=O)[C@]4(C(C)C)SSSS[C@]1(C(=O)N4C)[C@H]3O)[C@@H]2O,6.4740022222222295,6.006390049603176,6.2401961359127025
CO[C@@]12C(=O)N(C)[C@@H](CO)C(=O)N1[C@@H]1Nc3ccccc3[C@]1([C@@]13c4ccccc4N[C@@H]1N1C(=O)[C@]4(C(C)C)SSSS[C@]1(C(=O)N4C)[C@@H]3O)[C@H]2O,6.4740022222222295,6.006390049603176,6.2401961359127025
C/C=C(\NC(=O)[C@H](C)NC(=O)CCC)C(=O)N[C@@H]1C(=O)N[C@@H](CC(C)C)C(=O)N[C@H]2CC[C@@H](O)N(C2=O)[C@@H](Cc2ccccc2)C(=O)N(C)[C@@H](Cc2ccc(O)cc2)C(=O)N[C@@H](C(C)C)C(=O)O[C@@H]1C,6.178288888888886,6.3016442063492,6.239966547619043
C/C=C1/C(=O)N[C@@H](C(=O)O)[C@H](C)C(=O)N[C@@H](C(C)CC)C(=O)N[C@@H](/C=C/C(C)=C/[C@H](C)[C@H](Cc2ccccc2)OC)[C@@H](C)C(=O)N[C@@H](C(=O)O)CCC(=O)N1C,6.294961111111111,6.184837460317453,6.239899285714282
CCCCCCCC(=O)SCC/C=C/[C@@H]1CC(=O)NCc2nc(cs2)C2=N[C@@](C)(CS2)C(=O)N[C@@H](C(C)C)C(=O)O1,6.380118888888892,6.099431666666662,6.2397752777777775
Oc1c(Br)cc(Oc2c(O)c(Br)c(Oc3cc(Br)c(O)c(Br)c3Br)c(O)c2Br)c(Br)c1Br,6.245908888888885,6.23338201479077,6.239645451839827
CCCCCCCCCCCCCCCCCCCCCCCCCCC[C@@H]1CC(=O)N[C@@H]([C@@H](C)O)C(=O)N[C@@H](C(C)C)C(=O)N[C@@H](C)C(=O)N2CCC[C@@H]2C(=O)N[C@H]([C@@H](C)CC)C(=O)N[C@@H](C(C)C)C(=O)N[C@@H]([C@@H](C)OC)C(=O)O1,6.289985555555557,6.1889566038359725,6.239471079695765
CCC(C)C1C(=O)N(C)C(C(C)CC)C(=O)NC(CC(N)=O)C(=O)N2CCCC2C(=O)NC(Cc2ccccc2)C(=O)OC(c2coc(C(C)/C=C/c3ccccc3)n2)C(C)C(=O)NC(C(=O)O)CC(=O)N1C,6.2102444444444425,6.2682354034391485,6.2392399239417955
C#CCCC[C@H]1OC(=O)[C@H]([C@@H](C)CC)NC(=O)[C@@H]2CCCN2C(=O)[C@H](Cc2ccccc2)OC(=O)[C@H](C(C)C)N(C)C(=O)[C@H](C(C)C)NC(=O)[C@H]1C,6.232757777777777,6.2453981911375624,6.239077984457669
C=C(C)C(O)COc1ccc(C[C@@H]2NC(=O)C3=COC(N3)[C@H](C)NC(=O)[C@@H]3CCCN3C(=O)[C@@H]3CCCN3C(=O)[C@H]([C@@H](C)CC)CC(=O)[C@H]3NC(O[C@@H]3C)[C@@H]3CCCN3C2=O)cc1,6.391733333333334,6.0854367658730135,6.238585049603174
CC[C@H](C)[C@H](NC(=O)C[C@H](O)[C@H](CC(C)C)NC(=O)[C@H](OC(=O)[C@@H](O)C(C)C)C(C)C)C(=O)N[C@@H](C)C(=O)N(C)[C@H](Cc1ccccc1)C(=O)N1CCC[C@H]1C(=O)OC,6.259222222222224,6.217811855158727,6.238517038690476
C/C=C1\NC(=O)[C@@H](NC(=O)[C@@H](NC(=O)[C@H](C)NC(=O)CCC)[C@@H](C)OC(=O)[C@H](C)NC(=O)CCC)[C@@H](C)OC(=O)[C@H](C(C)C)NC(=O)[C@H](Cc2ccc(O)cc2)N(C)C(=O)[C@H](Cc2ccccc2)N2C(=O)[C@H](CC[C@H]2O)NC1=O,6.1838999999999995,6.292906805555549,6.238403402777774
CCCCCCCCCCCCCCCCCCCCCCCCC[C@@H]1CC(=O)N[C@@H]([C@@H](C)O)C(=O)N[C@@H](C(C)C)C(=O)N[C@@H](C)C(=O)N2CCC[C@@H]2C(=O)N[C@H]([C@@H](C)CC)C(=O)N[C@@H](C(C)C)C(=O)N[C@@H]([C@@H](C)OC)C(=O)O1,6.287452222222224,6.1889566038359725,6.238204413029099
CCCCCCCCCCCCCCCCCCCCCCC[C@@H]1CC(=O)N[C@@H]([C@@H](C)O)C(=O)N[C@@H](C(C)C)C(=O)N[C@@H](C)C(=O)N2CCC[C@@H]2C(=O)N[C@H]([C@@H](C)CC)C(=O)N[C@@H](C(C)C)C(=O)N[C@@H]([C@@H](C)OC)C(=O)O1,6.287452222222224,6.1889566038359725,6.238204413029099
CC(C)C[C@@H]1NC(=O)[C@@H]2CCCN2C(=O)[C@H](C(C)C)NC(=O)[C@H](Cc2c[nH]c3ccccc23)NC(=O)[C@@H]2CCCN2C(=O)[C@H](CC(C)C)NC(=O)[C@@H]2CCCN2C(=O)[C@H](C(C)O)NC1=O,6.286783333333333,6.189621041666666,6.2382021875
C=CC(C)(C)O[C@H](C)[C@@H]1NC(=O)[C@@H]2CSC(=N2)[C@H](CC(C)C)NC(=O)[C@H]([C@@H](C)OC(C)(C)C=C)NC(=O)[C@@H]2CCCN2C(=O)[C@H](C(C)C)NC(=O)[C@@H]2CCCN2C(=O)[C@H](CC(C)C)NC1=O,6.380244444444443,6.096121626984123,6.238183035714283
C/C=C1/C(=O)N[C@@H](C(=O)O)[C@H](C)C(=O)N[C@@H](C(C)C)C(=O)N[C@@H](/C=C/C(C)=C/[C@H](C)CCc2ccccc2)[C@@H](C)C(=O)N[C@@H](C(=O)O)CCC(=O)N1C,6.277652222222223,6.198171626984121,6.237911924603171
CCC[C@@H](C)[C@H](O)[C@H](C)[C@H]1OC(=O)[C@H]([C@@H](C)O)NC(=O)[C@H]([C@@H](C)CC)OC(=O)[C@H](C)[C@H](O)[C@H]([C@@H](C)CC)NC(=O)[C@@]2(C)CSC(=N2)[C@@]2(C)CSC(=N2)c2csc(n2)C[C@H](OC)[C@@H]1C,6.2454944444444465,6.2301771395502605,6.2378357919973535
COC1/C(C)=C/C=C/C(C)C(C(C)(O)/C=C(/C)Cc2csc(C3(C)OC3C)n2)OC(=O)C(C)(OC(=O)C(C)C(C)O)CCC(C)CC(O)C(C)C(=O)C(CO)/C=C\CC(C)C(O)C1O,6.3655,6.109668805315051,6.237584402657525
C=C(/C=C\C[C@@H](O)[C@@H](O)[C@H](O)C/C=C/C=C\[C@@H](O)C[C@@H]1O[C@H](C[C@@H](O)[C@H](O)C[C@H]2O[C@H]([C@H](O)[C@H](O)CC[C@H](O)/C=C/[C@H](C)[C@@H](O)C[C@]3(O)O[C@H]([C@H](O)[C@@H](O)CCCCCCCC45CC(C)CC(C)(O4)C(CCCCCCC[C@@H](O)C[C@H](O)[C@@H](O)[C@H](O)[C@H]4N[C@H](C[C@H](O)[C@H](O)/C(C)=C/[C@H](O)CC[C@H](O)C(=O)N/C=C/C(=O)NCCCO)[C@H](O)[C@@H](O)[C@@H]4O)O5)C[C@@H](O)[C@H]3O)C[C@@H](O)[C@@H]2O)[C@@H](O)[C@H](O)[C@H]1O)CC[C@H](O)[C@@H](O)[C@H](O)[C@H](C)C[C@H]1O[C@H](/C=C\[C@@H](O)[C@H](O)CC2CC3CC(O2)C(CC[C@H]2O[C@H](CN)C[C@H]2O)O3)[C@@H](O)[C@H](O)[C@H]1O,6.304688888888891,6.170284484126982,6.237486686507936
CCC(C)[C@@H]1C(=O)N2CCC[C@H]2C(=O)NC(C(C)Cc2ccccc2)C(=O)N2CCC[C@H]2C(=O)NC(C(C)C)C(C)C(=O)OC(C)C(=O)N2CCC[C@H]2C(=O)O[C@H](C(C)C)C(=O)N1C,6.292555555555555,6.182224004629628,6.237389780092592
CCC(C)C1C(=O)N(C)C(C(C)CC)C(=O)NC(CC(N)=O)C(=O)N2CCCC2C(=O)NC(C(OC)c2ccccc2)C(=O)OC(c2coc(/C(C)=C/Cc3ccccc3)n2)C(C)C(=O)NC(C(=O)O)CC(=O)N1C,6.2635999999999985,6.211110681216925,6.237355340608461
CCCCCCC[C@H](CC(=O)N[C@H](C(=O)N[C@@H](C(=O)O)[C@@H](O)C(C)C)C(C)C)NC(=O)[C@@H](NC(=O)[C@@H](CC(C)C)NC(=O)[C@@H]1C[C@@H](O)CN1C(=O)[C@@H](NC(=O)[C@H](NC(=O)[C@H]([C@@H](C)CC)N(C)C(=O)[C@H](CCC(N)=O)NC(=O)[C@H](NC(=O)[C@H](C)N)[C@@H](O)C(C)C)[C@@H](O)C(N)=O)[C@@H](C)O)[C@@H](C)O,6.312094444444447,6.162438204365076,6.237266324404761
CCCCC(C)CC(C)C(=O)N(C)[C@@H](CC(C)C)C(=O)N[C@H](C(=O)N(C)[C@H](C(=O)N1C[C@@H](O)C[C@H]1C(=O)N1C(=O)C=CC1C)C(C)C)C(C)OC(C)=O,6.248885555555557,6.225405773809518,6.237145664682537
CCCC[C@@H](C)C[C@@H](C)C(=O)N(C)[C@@H](CC(C)C)C(=O)N[C@H](C(=O)N(C)[C@H](C(=O)N1C[C@@H](O)C[C@H]1C(=O)N1C(=O)C=C[C@@H]1C)C(C)C)C(C)OC(C)=O,6.248885555555557,6.225405773809518,6.237145664682537
C=C1C[C@](OC)([C@H](O)C(=O)N[C@H]2OCO[C@H]3[C@@H]2O[C@H](CC(=O)CCC/C=C/C=C/C=C/C(=O)N[C@@H](CCCNC(=N)N)C(=O)O)C(C)(C)[C@@H]3OC)O[C@H](C)[C@@H]1C,6.273733333333336,6.200356170634921,6.237044751984128
CC(C)C[C@@H]1NC(=O)[C@@H]2CCCN2C(=O)[C@H](C(C)C)NC(=O)[C@H](Cc2c[nH]c3ccccc23)NC(=O)[C@H](CC(C)C)NC(=O)[C@@H]2CCCN2C(=O)[C@H](C(C)O)NC1=O,6.314083333333333,6.159821676587304,6.2369525049603185
CC(C)C[C@@H]1NC(=O)[C@@H]2CCCN2C(=O)[C@H](C(C)C)NC(=O)[C@H](Cc2c[nH]c3ccccc23)NC(=O)[C@H](CC(C)C)NC(=O)[C@@H]2CCCN2C(=O)[C@H]([C@@H](C)O)NC1=O,6.314083333333333,6.159821676587304,6.2369525049603185
C=C1C[C@](OC)([C@H](O)C(=O)N[C@H]2OCO[C@H]3[C@@H]2O[C@H](CC(=O)CCC/C=C/C=C/C(=O)N[C@@H](CCCNC(=N)N)C(=O)O)C(C)(C)[C@@H]3OC)O[C@H](C)[C@@H]1C,6.273488888888891,6.200356170634921,6.236922529761905
C=C1[C@@H](O)[C@@H]2O[C@]3(CC[C@H](/C=C/[C@@H](C)[C@@H]4CC(C)=C[C@@]5(O[C@H](C[C@@](C)(O)C(=O)OC/C(C)=C/C=C/COC(=O)C/C=C/CCC(=O)NCC(O)CC(O)C(OS(=O)(=O)O)C(O)COS(=O)(=O)O)CC[C@H]5O)O4)O3)CC[C@H]2O[C@@H]1[C@@H](O)C[C@H](C)[C@H]1O[C@@]2(CCCCO2)CC[C@H]1C,6.38660222222222,6.087012797619044,6.236807509920633
COC1=C(Br)C[C@]2(OC=C1Br)ON=C(C(=O)NCCCOc1c(Br)cc(C(O)CNC=O)cc1Br)[C@@H]2O,6.332974444444442,6.140627288359788,6.236800866402115
CNCCc1cc(Br)c(OCCCN)c(Br)c1,6.143598888888886,6.329892590187589,6.236745739538238
C[C@H]1CN2C[C@]34C[C@@]5(C(=O)Nc6c5ccc5c6C(=O)CC(C)(C)O5)C(C)(C)[C@@H]3C[C@@]2(C1)C(=O)N4C,6.0382722222222265,6.435173865740742,6.236723043981485
C/C=C1\NC(=O)[C@@H](NC(=O)[C@@H](NC(=O)[C@H](C)NC(=O)CCC)C(C)C)[C@@H](C)OC(=O)[C@H](C(C)C)NC(=O)[C@H](Cc2ccc(O)cc2)N(C)C(=O)[C@H](Cc2ccccc2)N2C(=O)[C@H](CC[C@H]2O)NC1=O,6.171713333333333,6.3016442063492,6.236678769841267
COc1cc2c(cc1O)CCN[C@]21CS[C@@H]2c3c(OC(C)=O)c(C)c4c(c3[C@H](COC1=O)N1CC3Cc5cc(C)c(OC)c(O)c5C(N3)[C@H]21)OCO4,6.4415833333333365,6.031533841390093,6.236558587361715
CC(=O)N[C@H]1[C@H](O[C@@H]2CO[C@@H](O[C@H]3CC[C@]4(C)C5=CC[C@]6(C)[C@@H]([C@H](C)CC(=O)C=C(C)C)CC[C@H]6C(=CC[C@H]4C3(C)C)O5)[C@H](O[C@@H]3O[C@H](CO[C@@H]4O[C@H](CO)[C@@H](O)[C@H](O)[C@H]4O[C@@H]4O[C@H](CO)[C@@H](O)[C@H](O)[C@H]4O)[C@@H](O)[C@H](O)[C@H]3NC(C)=O)[C@H]2O)O[C@H](CO)[C@H](O)[C@@H]1O,6.364005555555555,6.108872440476188,6.236438998015871
CCCCC[C@H]1OC(=O)[C@H]([C@@H](C)CC)NC(=O)[C@@H]2CCCN2C(=O)[C@H](Cc2ccccc2)OC(=O)[C@H](C(C)C)N(C)C(=O)[C@H](C(C)C)NC(=O)[C@H]1C,6.2273299999999985,6.2453981911375624,6.2363640955687805
CC[C@@H](C)[C@H](NC(=O)N[C@H]1CCCCNC(=O)[C@H](Cc2ccccc2)NC(=O)[C@H](Cc2c[nH]c3ccc(Br)cc23)N(C)C(=O)[C@H](CC(C)C)NC(=O)[C@@H]([C@@H](C)CC)NC1=O)C(=O)O,6.276977777777782,6.195340476190477,6.23615912698413
CCCC[C@@H](C)C[C@@H](C)C(=O)N(C)[C@@H](CC(C)C)C(=O)N[C@H](C(=O)N(C)[C@H](C(=O)N1CCC[C@H]1C(=O)N1C(=O)C=C[C@@H]1C)C(C)C)[C@@H](C)O,6.268424444444445,6.203486547619044,6.235955496031744
CC(C)C1NC(=O)[C@@H]2CCCN2C(=O)C(C(C)Cc2ccccc2)NC(=O)[C@@H]2CCCN2C(=O)[C@@H](C(C)C)N(C)C(=O)[C@@H](C(C)C)OC(=O)[C@@H]2CCCN2C(=O)[C@H](C)OC(=O)C1C,6.289572222222221,6.182224004629628,6.235898113425924
CC(C)[C@H]1NC(=O)[C@@H]2CCCN2C(=O)[C@H]([C@H](C)Cc2ccccc2)NC(=O)[C@@H]2CCCN2C(=O)[C@@H](C(C)C)N(C)C(=O)[C@@H](C(C)C)OC(=O)[C@@H]2CCCN2C(=O)[C@H](C)OC(=O)[C@@H]1C,6.289572222222221,6.182224004629628,6.235898113425924
COc1ccc(C[C@H]2NC(=O)[C@@H](NC(=O)[C@@H](NC=O)C(C)C)[C@@H](C)OC(=O)[C@H](C(C)C)N(C)C(=O)[C@H](CC(C)C)NC(=O)[C@@H]3CCCNN3C(=O)[C@@H](C(C)C)NC2=O)cc1,6.259168888888887,6.212570654761902,6.235869771825394
C=CC(C)(C)OC[C@@H]1NC(=O)[C@H]([C@@H](C)CC)NC(=O)[C@H]2CCCN2C(=O)[C@H]([C@H](C)CC)NC(=O)[C@@H]2CCC(=N2)[C@@H]2CCCN2C(=O)[C@H](Cc2ccccc2)NC1=O,6.289891111111111,6.181452797619044,6.235671954365078
CCCCCCCCCCCCCCCCCCC(OC(C)=O)C(=O)N[C@@H](CO[C@H]1O[C@H](COC(C)=O)[C@H](OC(C)=O)[C@H](OC(C)=O)[C@H]1O)C(OC(C)=O)C(CCCCCCCCCCCCCC)OC(C)=O,6.2653355555555565,6.205925575396821,6.235630565476189
CCCCOC(=O)CCNc1nc(=O)n(C)c2c1ncn2C,6.108324444444441,6.362844690957192,6.235584567700816
CCOC(=O)NCCCCNC(=O)C1=NO[C@]2(C=C(Br)C(OC)=C(Br)[C@@H]2O)C1,6.313671111111108,6.157250978835978,6.235461044973543
COC(=O)NCC(=O)CCNC(=O)C1=NO[C@]2(C=C(Br)C(OC)=C(Br)[C@@H]2O)C1,6.458304444444443,6.012360066137561,6.235332255291002
COC(=O)NCCC(=O)CNC(=O)C1=NO[C@]2(C=C(Br)C(OC)=C(Br)[C@@H]2O)C1,6.458304444444443,6.012360066137561,6.235332255291002
CCCC(=O)NC(CC(=O)O)C(=O)NC1C(=O)NC(CCCNC(=N)N)C(=O)NC2CCC(O)N(C2=O)C(Cc2ccccc2)C(=O)N(C)C(Cc2ccccc2)C(=O)NC(C(C)C)C(=O)OC1C,6.159630000000001,6.31074277777777,6.235186388888885
CCCCCCCCCCCCCCCCCCCCCCC[C@@H](O)C(=O)N[C@@H](CO[C@H]1O[C@H](CO)[C@H](O)[C@H](O)[C@H]1O[C@H]1O[C@H](CO[C@@H]2O[C@H](CO)[C@H](O)[C@H](O[C@@H]3O[C@@H](C)[C@H](O)[C@@H](O)[C@H]3O)[C@H]2NC(C)=O)[C@H](O)[C@H](O)[C@H]1O)[C@H](O)[C@H](O)CCCCCCCCCCCC(C)CC,6.238266666666668,6.232091726190472,6.23517919642857
CCCCCCCCCCCCCCCCCCCCCC[C@@H](O)C(=O)N[C@@H](CO[C@H]1O[C@H](CO)[C@H](O)[C@H](O)[C@H]1O[C@H]1O[C@H](CO[C@@H]2O[C@H](CO)[C@H](O)[C@H](O[C@@H]3O[C@@H](C)[C@H](O)[C@@H](O)[C@H]3O)[C@H]2NC(C)=O)[C@H](O)[C@H](O)[C@H]1O)[C@H](O)[C@H](O)CCCCCCCCCCCCC(C)CC,6.238266666666668,6.232091726190472,6.23517919642857
CC(C)C[C@H]1NC(=O)[C@H](C)NC(=O)[C@H](CC(C)C)N(C)C(=O)[C@H]2CCCCN2C(=O)c2ccccc2NC(=O)[C@H](C(C)C)NC1=O,6.116057777777777,6.354240089285712,6.235148933531745
CCCCCCCCCCCCCCCCCCCCCCC(O)C(=O)NC(COC1O[C@H](COC2(C(=O)O)C[C@H](OC3(C(=O)O)C[C@H](O)[C@@H](NC(=O)COC4(C(=O)O)C[C@H](O)[C@@H](NC(=O)CO)[C@H](C(O)C(O)CO)O4)[C@H](C(O)C(O)CO)O3)[C@@H](NC(C)=O)[C@H](C(O)C(O)CO)O2)[C@@H](O)[C@H](O)[C@H]1O)C(O)/C=C/CCCCCCCCC(C)CC,6.228844444444444,6.24105924603174,6.234951845238092
COc1cc(/C=C/C(=O)N(C)CC(OCCOCCO)c2ccc(O)cc2)ccc1O,6.296726666666669,6.172883142135639,6.2348049044011535
CCCCCCCCCCCCCCCC(OC(C)=O)C(=O)N[C@@H](CO[C@H]1O[C@H](COC(C)=O)[C@H](OC(C)=O)[C@H](OC(C)=O)[C@H]1O)C(OC(C)=O)C(CCCCCCCCCCCCCC)OC(C)=O,6.263335555555557,6.205925575396821,6.2346305654761895
CCCCCCCCCCCCCCCCCC(OC(C)=O)C(=O)N[C@@H](CO[C@H]1O[C@H](COC(C)=O)[C@H](OC(C)=O)[C@H](OC(C)=O)[C@H]1O)C(OC(C)=O)C(CCCCCCCCCCCCCC)OC(C)=O,6.263335555555557,6.205925575396821,6.2346305654761895
CCCCCCCCCCCCCCCCC(OC(C)=O)C(=O)N[C@@H](CO[C@H]1O[C@H](COC(C)=O)[C@H](OC(C)=O)[C@H](OC(C)=O)[C@H]1O)C(OC(C)=O)C(CCCCCCCCCCCCCC)OC(C)=O,6.263335555555557,6.205925575396821,6.2346305654761895
CC/C=C(\C)[C@H]1OC(=O)[C@H](C)N(C)C(=O)[C@H](C(C)C)NC(=O)CN(C)C(=O)[C@@H](C)N(C)C(=O)[C@H](C(C)C)NC(=O)[C@@H]([C@@H](C)CC)OC(=O)/C(C)=C/C[C@H](C)[C@@H]1C,6.392563333333335,6.076677718253962,6.234620525793648
CCCCCCC[C@@H]1CC(=O)N[C@@H](C(C)C)C(=O)N[C@@H]([C@@H](O)C(C)C)C(=O)N[C@@H](C)C(=O)N[C@H]([C@@H](O)C(C)C)C(=O)N[C@@H](CCC(N)=O)C(=O)N(C)[C@@H]([C@@H](C)CC)C(=O)N[C@H]([C@@H](O)C(N)=O)C(=O)N[C@@H]([C@@H](C)O)C(=O)N2C[C@H](O)C[C@H]2C(=O)N[C@H](CC(C)C)C(=O)N[C@@H]([C@@H](C)O)C(=O)N1,6.272927777777778,6.196298561507934,6.234613169642856
C=C1C[C@](O)([C@H](O)C(=O)N[C@H]2OCO[C@H]3[C@@H]2O[C@H](C[C@H](O)CCC/C=C/C=C/C=C/C(=O)N[C@@H](CCCNC(=N)N)C(=O)O)C(C)(C)[C@@H]3OC)O[C@H](C)[C@@H]1C,6.2688555555555565,6.200356170634921,6.234605863095238
C=C1C[C@](OC)([C@H](O)C(=O)N[C@H]2OCO[C@H]3[C@@H]2O[C@H](C[C@H](O)CCC/C=C/C=C/C=C/C(=O)N[C@@H](CCCNC(=N)N)C(=O)O)C(C)(C)[C@@H]3O)O[C@H](C)[C@@H]1C,6.2688555555555565,6.200356170634921,6.234605863095238
CO[C@H](c1ccc(O)cc1)[C@@H](NC(=O)[C@H](CCC(N)=O)N(C)C(=O)[C@H](CC(C)C)NC(=O)[C@@H](CCCNC(=N)N)NC(=O)[C@H](NC(=O)[C@H](NC(=O)[C@H](NC(=O)[C@H](O)[C@H](O)[C@H](CCCNC(=N)N)NC(=O)[C@@H](C)NC(=O)[C@H](C)[C@H](O)[C@H](C)CC(C)C)[C@@H](C)CC(N)=O)[C@@H](C)O)[C@@H](C)O)C(=O)N(C)[C@@H](C)C(=O)O,6.38155,6.087273541666662,6.234411770833331
CC(C)C[C@@H]1NC(=O)[C@H]([C@@H](C)O)NC(=O)[C@@H]2CCCN2C(=O)CNC(=O)[C@H](Cc2ccccc2)NC(=O)[C@@H]2CCCN2C(=O)[C@@H]2C[C@]3(O)c4ccccc4N[C@@H]3N2C1=O,6.2820244444444455,6.1865066964285695,6.2342655704365075
CC(C)C[C@@H]1NC(=O)[C@H]([C@@H](C)O)NC(=O)[C@@H]2CCCN2C(=O)CNC(=O)[C@H](Cc2ccccc2)NC(=O)[C@@H]2CCCN2C(=O)[C@@H]2C[C@@]3(O)c4ccccc4N[C@H]3N2C1=O,6.2820244444444455,6.1865066964285695,6.2342655704365075
CO[C@@H]1/C=C/[C@@H](C)CC[C@@H](O)C[C@@H](O)CCC[C@@H](O)CCCC[C@@H](C)[C@H](OS(=O)(=O)O)[C@@H](NC(=O)/C(C)=C/[C@H](C)[C@@H](O)C[C@H](O)C[C@@H](O)CCC[C@@H](O)C[C@H](O)C[C@H](O)C[C@@H]2O[C@H](c3csc(CCCCCCCCCC[C@@H](C)N)n3)CC[C@@H]2C)[C@@H](C)OC(=O)c2coc(n2)CCC[C@H](O)C[C@H](O)CCC[C@H](O)C1,6.359888888888891,6.108423994708991,6.234156441798941
COC1/C=C/C(C)CCC(O)CC(O)CCCC(O)CCCCC(C)C(OS(=O)(=O)O)C(NC(=O)/C(C)=C/C(C)C(O)CC(O)CC(O)CCCC(O)CC(O)CC(O)CC2OC(c3csc(CCCCCCCCC(C)N)n3)CCC2C)C(C)OC(=O)c2coc(n2)CCCC(O)CC(O)CCCC(O)C1,6.359888888888891,6.108423994708991,6.234156441798941
CO[C@@H]1/C=C/[C@@H](C)CC[C@@H](O)C[C@@H](O)CCC[C@@H](O)CCCC[C@@H](C)[C@H](OS(=O)(=O)O)[C@@H](NC(=O)/C(C)=C/[C@H](C)[C@@H](O)C[C@H](O)C[C@@H](O)CCC[C@@H](O)C[C@H](O)C[C@H](O)C[C@@H]2O[C@H](c3csc(CCCCCCCC[C@@H](C)N)n3)CC[C@@H]2C)[C@@H](C)OC(=O)c2coc(n2)CCC[C@H](O)C[C@H](O)CCC[C@H](O)C1,6.359888888888891,6.108423994708991,6.234156441798941
COC1/C=C/C(C)CCC(O)CC(O)CCCC(O)CCCCC(C)C(OS(=O)(=O)O)C(NC(=O)/C(C)=C/C(C)C(O)CC(O)CC(O)CCCC(O)CC(O)CC(O)CC2OC(c3csc(CCCCCCCCCC[C@@H](C)N)n3)CCC2C)C(C)OC(=O)c2coc(n2)CCCC(O)CC(O)CCCC(O)C1,6.359888888888891,6.108423994708991,6.234156441798941
C=C1C[C@](OC)([C@H](O)C(=O)N[C@H]2OCO[C@H]3[C@@H]2O[C@H](C[C@H](O)CCC/C=C/C=C/C(=O)N[C@@H](CCCNC(=N)N)C(=O)O)C(C)(C)[C@@H]3OC)O[C@H](C)[C@@H]1C,6.267716666666668,6.200356170634921,6.234036418650794
CCCCCCC[C@H](O)CC(=O)N[C@@H](CC(C)C)C(=O)N[C@H](CCC(=O)O)C(=O)N[C@H]1C(=O)N[C@H](C(C)CC)C(=O)N[C@@H](CC(C)C)C(=O)N[C@H](CO)C(=O)N[C@@H](CC(C)C)C(=O)N[C@H](CO)C(=O)N[C@@H](CC(C)C)C(=O)OC1C,6.357177777777777,6.110311230158727,6.233744503968252
C=C1C[C@](OC)([C@H](O)C(=O)N[C@H]2OCO[C@H]3[C@@H]2O[C@H](C[C@H](O)CCC/C=C/C=C/C=C/C(=O)N[C@@H](CCCNC(=N)N)C(=O)O)C(C)(C)[C@@H]3OC)O[C@H](C)[C@@H]1C,6.266972222222222,6.200356170634921,6.233664196428571
C/C=C/C(=O)CC1CCC(C)C(CC(=O)NCC(O)C(C)C(=O)NCCCC2OC3(CCCC(CCC(C)/C=C(\C)C(C)O)O3)CCC2C)O1,6.418433333333331,6.048798055555551,6.233615694444441
C/C=C/C(=O)C[C@H]1CC[C@H](C)[C@H](CC(=O)NC[C@H](O)[C@H](C)C(=O)NCCC[C@H]2O[C@@]3(CCC[C@@H](CC[C@H](C)/C=C(\C)[C@H](C)O)O3)CC[C@@H]2C)O1,6.418433333333331,6.048798055555551,6.233615694444441
CN(C)CCCOc1c(I)cc(CCN(C)C)cc1I,6.36355611111111,6.103578606782105,6.233567358946607
Oc1c(Br)cc(Oc2c(O)c(Br)c(Br)c(O)c2Br)c(Br)c1Br,6.233479999999997,6.23338201479077,6.233431007395383
C=C1[C@@H](O)[C@@H]2O[C@]3(CC[C@H](/C=C/[C@@H](C)[C@@H]4CC(C)=C[C@@]5(O[C@H](C[C@@](C)(O)C(=O)OC/C(C)=C/C=C/CCOC(=O)C/C=C/CCC(=O)NCC(O)CC(O)C(OS(=O)(=O)O)C(O)COS(=O)(=O)O)CC[C@H]5O)O4)O3)CC[C@H]2O[C@@H]1[C@@H](O)C[C@H](C)[C@H]1O[C@@]2(CCCCO2)CC[C@H]1C,6.379768888888887,6.087012797619044,6.233390843253966
CCCCCC/C=C\CC(=O)N[C@@H](Cc1ccc(O)cc1)C(=O)N[C@H](C(=O)N[C@@H]1/C=C/C(=O)N[C@@H](C(C)C)C(=O)N(C)[C@@H](Cc2ccc(O)cc2)C(=O)OC1)C(C)C,6.229596666666666,6.237158611111112,6.233377638888889
CCC(=O)CCCCCCCCCCC(=O)N[C@H]1CSSC[C@@H](C(=O)OC)NC(=O)[C@H](CC(C)C)NC(=O)[C@@H]2CCCN2C(=O)[C@@H]2CCCN2C1=O,6.403368888888888,6.062985158730157,6.233177023809523
C/C=C(/C)C(=O)OC[C@H]1C2=C(CC3[C@H]4C5=C(C[C@@H](C(=O)N31)N4C)C(=O)C(C)=C(OC)C5=O)C(=O)C(C)=C(OC)C2=O,6.349066666666666,6.116993706709957,6.233030186688312
CC(=O)N[C@H]1[C@H](O[C@@H]2CO[C@@H](O[C@H]3CC[C@]4(C)C5=CC[C@@]6(C)C(=C(CC[C@H]4C3(C)C)O5)CC[C@@H]6[C@H](C)CC(=O)C=C(C)C)[C@H](O[C@@H]3O[C@H](CO[C@@H]4O[C@H](CO)[C@@H](O)[C@H](O)[C@H]4O[C@@H]4O[C@H](CO)[C@@H](O)[C@H](O)[C@H]4O)[C@@H](O)[C@H](O)[C@H]3NC(C)=O)[C@H]2O)O[C@H](CO)[C@H](O)[C@@H]1O,6.357172222222222,6.108872440476188,6.233022331349205
COC1/C=C/C(C)CCC(O)CC(O)CCCC(O)CCCCC(C)C(OS(=O)(=O)O)C(NC(=O)/C(C)=C/C(C)C(O)CC(O)CC(O)CCCC(O)CC(O)CC(O)CC2OC(c3csc(CCCCCC[C@@H](C)N)n3)CCC2C)C(C)OC(=O)c2coc(n2)CCCC(O)CC(O)CCCC(O)C1,6.357588888888892,6.108423994708991,6.233006441798942
CO[C@@H]1/C=C/[C@@H](C)CC[C@@H](O)C[C@@H](O)CCC[C@@H](O)CCCC[C@@H](C)[C@H](OS(=O)(=O)O)[C@@H](NC(=O)/C(C)=C/[C@H](C)[C@@H](O)C[C@H](O)C[C@@H](O)CCC[C@@H](O)C[C@H](O)C[C@H](O)C[C@@H]2O[C@H](c3csc(CCCCCC[C@@H](C)N)n3)CC[C@@H]2C)[C@@H](C)OC(=O)c2coc(n2)CCC[C@H](O)C[C@H](O)CCC[C@H](O)C1,6.357588888888892,6.108423994708991,6.233006441798942
CCCCCCCCCCCCCCC(OC(C)=O)C(OC(C)=O)[C@H](CO[C@H]1O[C@H](COC(C)=O)[C@H](OC(C)=O)[C@H](OC(C)=O)[C@H]1O)NC(=O)C(CCCCCCCCCCCCC)OC(C)=O,6.260068888888891,6.205925575396821,6.232997232142856
CCCCCCCCCCCCCCC(OC(C)=O)C(=O)N[C@@H](CO[C@H]1O[C@H](COC(C)=O)[C@H](OC(C)=O)[C@H](OC(C)=O)[C@H]1O)C(OC(C)=O)C(CCCCCCCCCCCCCC)OC(C)=O,6.260068888888891,6.205925575396821,6.232997232142856
COc1c(SC)c(CCN(C)C)c2ssc3c(CCN(C)C)c(SC)c(OC)c(OC)c3sc3c(OC)c(OC)c(SC)c(CCN(C)C)c3sc2c1OC,6.388626666666668,6.077352941919191,6.232989804292929
COc1c(C)cc(C(C)=O)c(O)c1CO,6.231893333333334,6.234074613997116,6.232983973665225
CO[C@@H](C(=O)N[C@H]1CC[C@H](OC(=O)[C@H](OC)[C@H](O)[C@@H](O)[C@H](O)/C=C/C(C)C)CN(C)C1=O)[C@H](O)[C@@H](O)[C@H](O)/C=C/C(C)C,6.238361111111112,6.22730434523809,6.232832728174601
CCCCCCCCCCCCCC(=O)NC(C)(C)C(=O)N1C[C@@H](O)C[C@H]1C(=O)N[C@@H](CC(C)C)C(=O)N[C@H](C(=O)N[C@@H](CCC(N)=O)C(=O)N[C@H](CO)CC(C)C)C(C)C,6.34308555555556,6.12218358225108,6.23263456890332
CO[C@@]12C(=O)N(C)[C@@H](CO)C(=O)N1[C@@H]1Nc3ccccc3[C@]1([C@@]13c4ccccc4N[C@@H]1N1C(=O)[C@]4(C(C)C)SSS[C@]1(C(=O)N4C)[C@@H]3O)[C@H]2O,6.458441111111117,6.006390049603176,6.232415580357147
CCC(C)C(NC(=O)NC1CCCCNC(=O)C(OC(C)=O)N(C)C(=O)C(CCc2ccc(O)cc2)N(C)C(=O)C(CCc2ccccc2)NC(=O)C(C(C)C)NC1=O)C(=O)O,6.268966666666666,6.195809238095236,6.23238795238095
CCCCCCCCCCCCCCCCCCCCC[C@@H](O)C(=O)[C@@H](O)C(=O)N[C@@H](CO[C@@H]1O[C@H](CO)[C@@H](O[C@@H]2O[C@H](CO)[C@H](O)[C@H](O)[C@H]2O)[C@H](O[C@H]2O[C@H](C)[C@H](O)[C@H](O)[C@H]2O)[C@H]1O)[C@H](O)[C@H](O)CCCCCCCCCCCC(C)C,6.224913333333337,6.239305436507932,6.232109384920634
CCCCCCCCCCCCCCCCCCCCCC[C@@H](O)C(=O)[C@@H](O)C(=O)N[C@@H](CO[C@@H]1O[C@H](CO)[C@@H](O[C@@H]2O[C@H](CO)[C@H](O)[C@H](O)[C@H]2O)[C@H](O[C@H]2O[C@H](C)[C@H](O)[C@H](O)[C@H]2O)[C@H]1O)[C@H](O)[C@H](O)CCCCCCCCCCC(C)C,6.224913333333337,6.239305436507932,6.232109384920634
C/C1=C\[C@H](C)C[C@H](C)OC(=O)C[C@H](c2ccc(O)cc2)NC(=O)[C@@H](Cc2c(Br)[nH]c3ccccc23)NC(=O)[C@H](C)NC(=O)[C@@H](C)C1,6.339552222222221,6.124636507936503,6.232094365079362
COc1ccc(C[C@H]2NC(=O)/C=C/C[C@@H]([C@H](C)[C@H]3O[C@@H]3c3ccccc3)OC(=O)[C@H](CC(C)C)OC(=O)CCNC2=O)cc1,6.3472222222222205,6.116541249999995,6.231881736111108
CC[C@H](C)[C@H](NC(=O)[C@H](C)NC(=O)[C@H](CC(N)=O)NC(=O)[C@@H](NC(=O)[C@@H]1CCCN1C(=O)/C1=C/N[C@@H]([C@@H](C)CC)C(=O)N[C@@H]([C@@H](C)CC)C(=O)N[C@@H](Cc2ccccc2)C(=O)N2CCC[C@H]2C(=O)N2C[C@H](O)C[C@H]2C(=O)N2CCC[C@H]2C(=O)N[C@@H](CC(C)C)C(=O)N1)[C@@H](C)CC)C(N)=O,6.359944444444447,6.103736908730156,6.231840676587302
C=C(C/C=C\CC(=C)COC(=O)[C@@](C)(O)C[C@@H]1CC[C@@H](O)[C@]2(C=C(C)C[C@@H]([C@H](C)/C=C/[C@@H]3CC[C@@]4(CCC5O[C@H]([C@@H](O)C[C@H](C)C6O[C@@]7(CCCCO7)CC[C@H]6C)C(=C)[C@@H](O)C5O4)O3)O2)O1)COC(=O)C/C=C/CCC(=O)NCC(O)CC(O)C(OS(=O)(=O)O)C(O)COS(=O)(=O)O,6.3765022222222205,6.087012797619044,6.231757509920632
C=C1C[C@](OC)([C@H](O)C(=O)N[C@H]2OCO[C@H]3[C@@H]2O[C@H](CC(=O)CCCCC/C=C/C=C/C(=O)N[C@@H](CCCNC(=N)N)C(=O)O)C(C)(C)[C@@H]3OC)O[C@H](C)[C@@H]1C,6.262961111111113,6.200356170634921,6.231658640873016
C/C=C(\NC(=O)[C@@H](NC(=O)[C@H](O)[C@H](O)[C@H](CCCNC(=N)N)NC(=O)[C@@H](C)NC(=O)[C@H](C)[C@H](O)[C@H](C)CC(C)C)[C@@H](C)[C@@H](C)C(N)=O)C(=O)N[C@@H](C(=O)N[C@H](CCCNC(=N)N)C(=O)N[C@@H](CC(C)C)C(=O)N(C)[C@@H](CCC(N)=O)C(=O)N[C@@H](C(=O)N(C)[C@@H](C)C(=O)O)[C@H](OC)c1ccc(O)cc1)[C@@H](C)O,6.382877777777778,6.0798401190476135,6.231358948412696
C=CC(C)(C)c1[nH]c2c(CC=C(C)C)cc(CC=C(C)C)cc2c1C[C@@H]1NC(=O)[C@H](CO)NC1=O,6.364988888888887,6.097355535714285,6.231172212301586
CC[C@H](C)[C@@H]1NC(=O)[C@H](Cc2c[nH]c3ccccc23)NC(=O)[C@@H]2CCCN2C(=O)[C@H](CC(C)C)NC(=O)[C@@H]2CCCN2C(=O)[C@H]([C@@H](C)O)NC(=O)[C@H](CC(C)C)NC(=O)[C@@H]2CCCN2C1=O,6.272627777777778,6.189621041666666,6.231124409722222
Cc1c(Br)c(O)cc(Oc2c(Br)c(C)c(Br)c(O)c2Br)c1Br,6.208571666666662,6.2533369119769135,6.230954289321788
COC(c1ccc(O)cc1)C(NC(=O)[C@H](CCC(N)=O)N(C)C(=O)[C@H](CC(C)C)NC(=O)[C@@H](CCCNC(=N)N)NC(=O)[C@@H](NC(=O)[C@@H](NC(=O)[C@@H](NC(=O)[C@H](O)[C@H](O)[C@H](CCCNC(=N)N)NC(=O)[C@H](C)NC(=O)[C@H](C)[C@H](O)[C@@H](C)CC(C)C)[C@@H](C)[C@@H](C)C(N)=O)[C@@H](C)O)C(C)O)C(=O)N(C)[C@@H](C)C(=O)O,6.374283333333333,6.087273541666662,6.230778437499998
C=C(/C=C\C[C@@H](O)[C@@H](O)[C@H](O)C/C=C/C=C\[C@@H](O)C[C@@H]1O[C@H](C[C@@H](O)[C@H](O)C[C@H]2O[C@H]([C@H](O)[C@H](O)CC[C@H](O)/C=C/[C@H](C)[C@@H](O)C[C@]3(O)O[C@H](C[C@@H](O)CCCCCCCC45CC(C)CC(C)(O4)C(C[C@@H](C)CCCCC[C@@H](O)[C@H](O)[C@H](O)[C@@H](O)[C@H](O)[C@H]4O[C@H](C[C@H](O)[C@H](O)/C(C)=C/[C@H](O)C[C@@H](C)[C@H](O)C(=O)N/C=C/C(=O)NCCCCO)[C@H](O)[C@@H](O)[C@@H]4O)O5)[C@H](O)[C@@H](O)[C@H]3O)C[C@@H](O)[C@@H]2O)[C@@H](O)[C@H](O)[C@H]1O)CC[C@H](O)[C@@H](O)[C@H](O)[C@H](C)C[C@H]1O[C@H](/C=C\[C@@H](O)[C@H](O)CC2CC3CC(O2)C(CC[C@H]2O[C@H](CN)C[C@H]2O)O3)[C@@H](O)[C@H](O)[C@H]1O,6.290550000000002,6.170284484126982,6.230417242063492
C=C(/C=C\C[C@@H](O)[C@@H](O)[C@H](O)C/C=C/C=C\[C@@H](O)C[C@@H]1O[C@H](C[C@@H](O)[C@H](O)C[C@H]2O[C@H]([C@H](O)[C@H](O)CC[C@H](O)/C=C/[C@H](C)[C@@H](O)C[C@]3(O)O[C@H](C[C@@H](O)CCCCCCCC45CC(C)CC(C)(O4)C(C[C@@H](C)CCCCC[C@@H](O)[C@H](O)[C@H](O)[C@@H](O)[C@H](O)[C@H]4O[C@H](C[C@H](O)[C@H](O)/C(C)=C/[C@H](O)C[C@@H](C)[C@H](O)C(=O)N/C=C/C(=O)NCCO)[C@H](O)[C@@H](O)[C@@H]4O)O5)[C@H](O)[C@@H](O)[C@H]3O)C[C@@H](O)[C@@H]2O)[C@@H](O)[C@H](O)[C@H]1O)CC[C@H](O)[C@@H](O)[C@H](O)[C@H](C)C[C@H]1O[C@H](/C=C\[C@@H](O)[C@H](O)CC2CC3CC(O2)C(CC[C@H]2O[C@H](CN)C[C@H]2O)O3)[C@@H](O)[C@H](O)[C@H]1O,6.290550000000002,6.170284484126982,6.230417242063492
C=C(/C=C\C[C@@H](O)[C@@H](O)[C@H](O)C/C=C/C=C\[C@@H](O)C[C@@H]1O[C@H](C[C@@H](O)CC[C@H]2O[C@H]([C@@H](O)[C@H](O)CC[C@H](O)/C=C/[C@H](C)[C@@H](O)C[C@]3(O)O[C@H]([C@@H](O)[C@@H](O)CCCCCCC[C@@]45C[C@@H](C)C[C@@](C)(O4)[C@@H](C[C@H](C)CCCCC[C@@H](O)[C@H](O)[C@H](O)C[C@H](O)[C@H]4O[C@H](C[C@@H](O)[C@H](O)/C(C)=C/[C@H](O)C[C@@H](C)[C@H](O)C(=O)N/C=C/C(=O)NCCCO)[C@H](O)[C@@H](O)[C@@H]4O)O5)C[C@@H](O)[C@H]3O)C[C@@H](O)[C@@H]2O)[C@@H](O)[C@H](O)[C@H]1O)CC[C@H](O)[C@@H](O)[C@H](O)[C@H](C)C[C@H]1O[C@H](/C=C\[C@@H](O)[C@H](O)C[C@@H]2C[C@@H]3C[C@H](O2)[C@@H](CC[C@H]2O[C@H](CN)C[C@H]2O)O3)[C@@H](O)[C@H](O)[C@H]1O,6.290550000000002,6.170284484126982,6.230417242063492
C=C(/C=C\CC(O)C(O)C(O)C/C=C/C=C\C(O)CC1OC(CC(O)CCC2OC(C(O)C(O)CCC(O)/C=C/C(C)C(O)CC3(O)CC(O)CC(C(O)C(O)CCCCCCCC45CC(C)CC(C)(O4)C(CC(C)CCCCCC(O)C(O)C(O)CC(O)C4OC(CC(O)C(O)/C(C)=C/C(O)CC(C)C(O)C(=O)N/C=C/C(=O)NCCCO)C(O)C(O)C4O)O5)O3)CC(O)C2O)C(O)C(O)C1O)CCC(O)C(O)C(O)C(C)CC1OC(/C=C\C(O)C(O)CC2CC3CC(O2)C(CCC2OC(CN)CC2O)O3)C(O)C(O)C1O,6.290550000000002,6.170284484126982,6.230417242063492
C=C(/C=C\C[C@@H](O)[C@@H](O)[C@H](O)C/C=C/C=C\[C@@H](O)C[C@@H]1O[C@H](C[C@@H](O)[C@H](O)C[C@H]2O[C@H]([C@H](O)[C@H](O)CC[C@H](O)/C=C/[C@H](C)[C@@H](O)C[C@]3(O)O[C@H]([C@@H](O)[C@@H](O)CCCCCCC[C@]45C[C@@H](C)C[C@](C)(O4)[C@@H](C[C@@H](C)CCCCC[C@@H](O)[C@H](O)[C@H](O)[C@@H](O)[C@H](O)[C@H]4O[C@H](C[C@H](O)[C@H](O)/C(C)=C/[C@H](O)C[C@@H](C)[C@H](O)C(=O)N/C=C/C(=O)NCCCO)[C@H](O)[C@@H](O)[C@@H]4O)O5)[C@H](O)[C@@H](O)[C@H]3O)C[C@@H](O)[C@@H]2O)[C@@H](O)[C@H](O)[C@H]1O)CC[C@H](O)[C@@H](O)[C@H](O)[C@H](C)C[C@H]1O[C@H](/C=C\[C@@H](O)[C@H](O)C[C@@H]2C[C@@H]3C[C@H](O2)[C@@H](CC[C@H]2O[C@H](CN)C[C@H]2O)O3)[C@@H](O)[C@H](O)[C@H]1O,6.290550000000002,6.170284484126982,6.230417242063492
C=C(/C=C\C[C@@H](O)[C@@H](O)[C@H](O)C/C=C/C=C\[C@@H](O)C[C@@H]1O[C@H](C[C@@H](O)[C@H](O)C[C@H]2O[C@H]([C@H](O)[C@H](O)CC[C@H](O)/C=C/[C@@H](C)[C@@H](O)C[C@]3(O)O[C@H]([C@@H](O)[C@@H](O)CCCCCCC[C@]45C[C@@H](C)C[C@](C)(O4)[C@@H](C[C@@H](C)CCCCC[C@@H](O)[C@H](O)[C@H](O)[C@@H](O)[C@H](O)[C@H]4O[C@H](C[C@H](O)[C@H](O)/C(C)=C/[C@H](O)C[C@@H](C)[C@H](O)C(=O)N/C=C/C(=O)NCCCO)[C@H](O)[C@@H](O)[C@@H]4O)O5)[C@H](O)[C@@H](O)[C@H]3O)C[C@@H](O)[C@@H]2O)[C@@H](O)[C@H](O)[C@H]1O)CC[C@H](O)[C@@H](O)[C@H](O)[C@H](C)C[C@H]1O[C@H](/C=C\[C@@H](O)[C@H](O)C[C@@H]2C[C@@H]3C[C@H](O2)[C@@H](CC[C@H]2O[C@H](CN)C[C@H]2O)O3)[C@@H](O)[C@H](O)[C@H]1O,6.290550000000002,6.170284484126982,6.230417242063492
C=C(/C=C\C[C@@H](O)[C@@H](O)[C@H](O)C/C=C/C=C\[C@@H](O)C[C@@H]1O[C@H](C[C@@H](O)[C@H](O)C[C@H]2O[C@H]([C@H](O)[C@H](O)CC[C@H](O)/C=C/[C@H](C)[C@@H](O)C[C@]3(O)O[C@H](C[C@@H](O)CCCCCCC[C@@]45C[C@@H](C)C[C@@](C)(O4)[C@@H](C[C@@H](C)CCCCC[C@@H](O)[C@H](O)[C@H](O)[C@@H](O)[C@H](O)[C@H]4O[C@H](C[C@H](O)[C@H](O)/C(C)=C/[C@H](O)C[C@@H](C)[C@H](O)C(=O)N/C=C/C(=O)NCCCO)[C@H](O)[C@@H](O)[C@@H]4O)O5)[C@H](O)[C@@H](O)[C@H]3O)C[C@@H](O)[C@@H]2O)[C@@H](O)[C@H](O)[C@H]1O)CC[C@H](O)[C@@H](O)[C@H](O)[C@H](C)CC1O[C@H](/C=C\[C@@H](O)[C@H](O)C[C@@H]2C[C@@H]3C[C@H](O2)[C@@H](CC[C@H]2O[C@H](CN)C[C@H]2O)O3)[C@@H](O)[C@H](O)[C@H]1O,6.290550000000002,6.170284484126982,6.230417242063492
C=C(/C=C\C[C@@H](O)[C@@H](O)[C@H](O)C/C=C/C=C\[C@@H](O)C[C@@H]1O[C@H](C[C@@H](O)[C@H](O)C[C@H]2O[C@](C)([C@H](O)[C@H](O)CC[C@H](O)/C=C/[C@H](C)[C@@H](O)C[C@]3(O)O[C@H](C(O)C(O)CCCCCCC[C@@]45CC(C)C[C@@](C)(O4)C(C[C@@H](C)CCCCC[C@@H](O)[C@H](O)[C@H](O)[C@@H](O)[C@H](O)[C@H]4O[C@H](C[C@H](O)[C@H](O)/C(C)=C/[C@H](O)C[C@@H](C)[C@H](O)C(=O)N/C=C/C(=O)NCCCO)[C@H](O)[C@@H](O)[C@@H]4O)O5)[C@H](O)[C@@H](O)[C@H]3O)C[C@@H](O)[C@@H]2O)[C@@H](O)[C@H](O)[C@H]1O)CC[C@H](O)[C@@H](O)[C@H](O)[C@H](C)C[C@H]1O[C@H](/C=C\[C@@H](O)[C@@H](O)CC2C[C@@H]3C[C@@H](O2)C(CC[C@H]2O[C@H](CN)C[C@H]2O)O3)[C@@H](O)[C@H](O)[C@H]1O,6.290550000000002,6.170284484126982,6.230417242063492
C=C(/C=C\C[C@@H](O)[C@@H](O)[C@H](O)C/C=C/C=C\[C@@H](O)C[C@@H]1O[C@H](C[C@@H](O)[C@H](O)C[C@H]2O[C@H]([C@H](O)[C@H](O)CC[C@H](O)/C=C/[C@H](C)[C@@H](O)C[C@]3(O)O[C@H](C[C@@H](O)CCCCCCCC45CC(C)CC(C)(O4)C(C[C@@H](C)CCCCC[C@@H](O)[C@H](O)[C@H](O)[C@@H](O)[C@H](O)[C@H]4O[C@H](C[C@H](O)[C@H](O)/C(C)=C/[C@H](O)C[C@@H](C)[C@H](O)C(=O)N/C=C/C(=O)NCCCO)[C@H](O)[C@@H](O)[C@@H]4O)O5)[C@H](O)[C@@H](O)[C@H]3O)C[C@@H](O)[C@@H]2O)[C@@H](O)[C@H](O)[C@H]1O)CC[C@H](O)[C@@H](O)[C@H](O)[C@H](C)C[C@H]1O[C@H](/C=C\[C@@H](O)[C@H](O)CC2CC3CC(O2)C(CC[C@H]2O[C@H](CN)C[C@H]2O)O3)[C@@H](O)[C@H](O)[C@H]1O,6.290550000000002,6.170284484126982,6.230417242063492
C=C(/C=C\C[C@@H](O)[C@@H](O)[C@H](O)C/C=C/C=C\CC[C@@H]1O[C@H](C[C@@H](O)[C@H](O)C[C@H]2O[C@H]([C@H](O)[C@H](O)CC[C@H](O)/C=C/[C@H](C)[C@@H](O)C[C@]3(O)O[C@H](C[C@@H](O)CCCCCCCC45CC(C)CC(C)(O4)C(C[C@@H](C)CCCCC[C@@H](O)[C@H](O)[C@H](O)[C@@H](O)[C@H](O)[C@H]4O[C@H](C[C@H](O)[C@H](O)/C(C)=C/[C@H](O)C[C@@H](C)[C@H](O)C(=O)N/C=C/C(=O)NCCO)[C@H](O)[C@@H](O)[C@@H]4O)O5)[C@H](O)[C@@H](O)[C@H]3O)C[C@@H](O)[C@@H]2O)[C@@H](O)[C@H](O)[C@H]1O)CC[C@H](O)[C@@H](O)[C@H](O)[C@H](C)C[C@H]1O[C@H](/C=C\[C@@H](O)[C@H](O)CC2CC3CC(O2)C(CC[C@H]2O[C@H](CN)C[C@H]2O)O3)[C@@H](O)[C@H](O)[C@H]1O,6.290550000000002,6.170284484126982,6.230417242063492
CCC[C@H]1C[C@@H](OC)C[C@H](C)C[C@@H]2C[C@@H](OC(=O)/C=C\CCc3coc(/C=C\CNC(=O)OC)n3)C[C@H](CC(=O)O1)O2,6.266305555555554,6.1943389009139,6.230322228234726
C/C=C(\C)[C@@H]1OC(=O)[C@H](C)N(C)C(=O)[C@H]([C@H](C)CC)NC(=O)CN(C)C(=O)[C@@H](Cc2ccccc2)N(C)C(=O)[C@H](C)NC(=O)[C@@H]([C@@H](C)CC)OC(=O)/C(C)=C/C[C@H](O)[C@@H]1C,6.377346666666671,6.08313662698412,6.230241646825396
C=C(C)C(Cl)COc1ccc(C[C@@H]2NC(=O)[C@H]([C@@H](C)CC)N(C)C(=O)[C@H](C)NC(=O)[C@@H]3CCCN3C(=O)C(Cc3ccccc3)OC(=O)[C@H](C)N(C)C2=O)cc1,6.316479999999999,6.143404252645504,6.229942126322752
C#CCCC[C@@H]1OC(=O)CNC(=O)[C@H]([C@@H](C)CC)NC(=O)[C@@H]2CCCN2C(=O)[C@H](C(C)C)OC(=O)[C@H](Cc2ccccc2)N(C)C(=O)[C@H](C(C)C)NC(=O)C1(C)C,6.214474444444443,6.2453981911375624,6.229936317791003
Oc1c(O)c(Br)c(Cc2c(Br)c(O)c(O)c(Br)c2Br)c(Br)c1Br,6.160178888888889,6.2994137398989904,6.22979631439394
C/C=C1\NC(=O)[C@H](CCO)NC(=O)[C@@H](CCCCC)NC(=O)CNC(=O)[C@H](CC(C)C)NC(=O)[C@@H]([C@@H](C)CC)NC(=O)[C@H]([C@@H](C)CC)NC(=O)[C@@H](CC(C)C)NC(=O)[C@@H](Cc2ccccc2)NC(=O)[C@H](CCO)NC(=O)[C@@H]2C[C@@H](O)CN2C1=O,6.325741111111114,6.133498780663775,6.229619945887444
CC[C@@H](C)[C@@H]1NC(=O)CN(C)C(=O)[C@@H](Cc2ccccc2)N(C)C(=O)[C@H](C)NC(=O)[C@@H]([C@@H](C)CC)OC(=O)/C(C)=C/C[C@H](O)[C@H](C)[C@H]([C@@H](C)CC)OC(=O)[C@H](C)N(C)C1=O,6.376041111111116,6.08313662698412,6.2295888690476175
COc1ccc([C@]23Oc4cc(OC)cc(OC)c4[C@@]4(O)[C@H](C(=O)N(CCCCNC(=O)/C(C)=C/CO)C42O)[C@H]3c2ccccc2)cc1,6.334122222222223,6.124421364838867,6.229271793530545
COc1c(-c2csc(-c3ccc4cc(Cl)ccc4n3)n2)n(C)c(C(=O)NCCOC(C)=O)c(SC)c1=O,6.29915,6.15897507936508,6.229062539682539
CCCCCCCCCCCCCCCCCCCCCC[C@@H](O)C(=O)[C@@H](O)C(=O)N[C@@H](CO[C@@H]1O[C@H](CO)[C@@H](O[C@@H]2O[C@H](CO)[C@H](O)[C@H](O)[C@H]2O)[C@H](O[C@H]2O[C@H](C)[C@H](O)[C@H](O)[C@H]2O)[C@H]1O)[C@H](O)[C@H](O)CCCCCCCCCCCC(C)C,6.218591111111115,6.239305436507932,6.228948273809523
CC(=O)N[C@H]1[C@H](O[C@@H]2CO[C@@H](O[C@H]3CC[C@]4(C)C5=C(CCC4C3(C)C)C3CC[C@H]([C@H](C)CC(=O)C=C(C)C)[C@@]3(C)CC5)[C@H](O[C@@H]3O[C@H](CO[C@@H]4O[C@H](CO)[C@@H](O)[C@H](O)[C@H]4O[C@@H]4O[C@H](CO)[C@@H](O)[C@H](O)[C@H]4O)[C@@H](O)[C@H](O)[C@H]3NC(C)=O)[C@H]2O)O[C@H](CO)[C@H](O)[C@@H]1O,6.348994444444444,6.108872440476188,6.228933442460316
CC(=O)N[C@H]1[C@H](O[C@@H]2CO[C@@H](O[C@H]3CC[C@]4(C)C5=CC[C@]6(C)[C@@H]([C@H](C)CC(=O)C=C(C)C)CC[C@H]6C5=CC[C@H]4C3(C)C)[C@H](O[C@@H]3O[C@H](CO[C@@H]4O[C@H](CO)[C@@H](O)[C@H](O)[C@H]4O[C@@H]4O[C@H](CO)[C@@H](O)[C@H](O)[C@H]4O)[C@@H](O)[C@H](O)[C@H]3NC(C)=O)[C@H]2O)O[C@H](CO)[C@H](O)[C@@H]1O,6.348994444444444,6.108872440476188,6.228933442460316
CC(=O)N[C@H]1[C@H](O[C@@H]2CO[C@@H](O[C@H]3CC[C@]4(C)C5=C(CC[C@H]4C3(C)C)C3=CC[C@H]([C@H](C)CC(=O)C=C(C)C)[C@@]3(C)CC5)[C@H](O[C@@H]3O[C@H](CO[C@@H]4O[C@H](CO)[C@@H](O)[C@H](O)[C@H]4O[C@@H]4O[C@H](CO)[C@@H](O)[C@H](O)[C@H]4O)[C@@H](O)[C@H](O)[C@H]3NC(C)=O)[C@H]2O)O[C@H](CO)[C@H](O)[C@@H]1O,6.348994444444444,6.108872440476188,6.228933442460316
CC(=O)N[C@H]1[C@H](O[C@@H]2CO[C@@H](O[C@H]3CC[C@]4(C)C5=C(CC[C@H]4C3(C)C)[C@@H]3CC[C@H]([C@H](C)CC(=O)C=C(C)C)[C@@]3(C)CC5)[C@H](O[C@@H]3O[C@H](CO[C@@H]4O[C@H](CO)[C@@H](O)[C@H](O)[C@H]4O[C@@H]4O[C@H](CO)[C@@H](O)[C@H](O)[C@H]4O)[C@@H](O)[C@H](O)[C@H]3NC(C)=O)[C@H]2O)O[C@H](CO)[C@H](O)[C@@H]1O,6.348994444444444,6.108872440476188,6.228933442460316
CC(C)C[C@@H]1NC(=O)[C@@H]2C[C@H](C)CN2C(=O)[C@@H](NC=O)CNC(=O)[C@@H](CSSC[C@H]2NC(=O)c3coc(n3)[C@H](C)NC(=O)C(=O)[C@H](CC(C)C)NC(=O)[C@@H]3C[C@H](C)CN3C(=O)[C@@H](NC=O)CNC2=O)NC(=O)c2coc(n2)[C@H](C)NC(=O)C1=O,6.371391111111114,6.0864505952380945,6.228920853174604
CCCCCCCCCCCCCCCCCCCCCCC[C@@H](O)C(=O)N[C@@H](CO[C@H]1O[C@H](CO)[C@H](O)[C@H](O)[C@H]1O[C@H]1O[C@H](CO[C@@H]2O[C@H](CO)[C@H](O)[C@H](O[C@@H]3O[C@@H](C)[C@H](O)[C@@H](O)[C@H]3O)[C@H]2NC(C)=O)[C@H](O)[C@H](O)[C@H]1O)[C@H](O)[C@H](O)CCCCCCCCCCCCC(C)CC,6.225211111111112,6.232091726190472,6.2286514186507915
CCC[C@H](C)[C@H]1OC(=O)[C@H](C)N(C)C(=O)[C@H]([C@@H](C)CC)NC(=O)CN(C)C(=O)[C@@H](Cc2ccccc2)N(C)C(=O)[C@H](C)NC(=O)[C@@H]([C@@H](C)CC)OC(=O)/C(C)=C/C[C@H](O)[C@@H]1C,6.373980000000006,6.08313662698412,6.228558313492063
CCCCCCCCCCCCCCCCCC(=O)N[C@@H](CO[C@@H]1O[C@H](CO[C@]2(C(=O)O)C[C@H](O)[C@@H](NC(=O)CO)[C@H](C(O)C(O)CO)O2)[C@@H](O)[C@H](O)[C@H]1O)[C@H](O)[C@H](O)CCCCCCCCCCC(C)C,6.224911111111113,6.232091726190472,6.228501418650792
CC(CC(=O)N(C)[C@@H]1C(=O)N(C)[C@@H](C)C(=O)N[C@H](C(C)C)C(=O)N(C)[C@@H](C)C(=O)N(C)[C@H](Cc2ccccc2)C(=O)N[C@@H](C(C)C)C(=O)O[C@@H]1C)C(Cl)Cl,6.283315555555556,6.173619884920632,6.228467720238094
CC(C)C[C@@H]1NC(=O)[C@H](Cc2ccoc2)N(C)C(=O)[C@H](C(C)C)NC(=O)[C@H](Cc2ccoc2)N(C)C1=O,6.280955555555561,6.175813409391533,6.2283844824735475
C/C=C(/C)C(=O)OC[C@H]1C2=C(C[C@H]3[C@H]4C5=C(C(=O)C(C)=C(OC)C5=O)[C@H](O)[C@H]([C@H](C#N)N13)N4C)C(=O)C(C)=C(O)C2=O,6.348311111111113,6.10815153138528,6.228231321248197
CC(C)CCCC1CC(=O)N[C@H](Cc2cc3ccccc3[nH]2)C(=O)N2CCC[C@H]2C(=O)N[C@@H](CCCNC(=N)N)C(=O)O1,6.25006111111111,6.206274037698412,6.228167574404761
CCCCCCCCCCCCCCCCCCCCC[C@@H](O)C(=O)N[C@@H](CO[C@@H]1O[C@H](CO[C@]2(C(=O)O)C[C@H](O)C(NC(=O)CO)[C@H]([C@H](O)[C@H](O)CO)O2)[C@@H](O)[C@H](O)[C@H]1O)[C@H](O)[C@H](O)CCCCCCCCCCC(C)C,6.224055555555558,6.232091726190472,6.228073640873015
CCCCCCCCCCCCCCCCCCCC[C@@H](O)C(=O)N[C@@H](CO[C@@H]1O[C@H](CO[C@]2(C(=O)O)C[C@H](O)C(NC(=O)CO)[C@H]([C@H](O)[C@H](O)CO)O2)[C@@H](O)[C@H](O)[C@H]1O)[C@H](O)[C@H](O)CCCCCCCCCCCC(C)C,6.224055555555558,6.232091726190472,6.228073640873015
CCCCCCCCCCCCCCCCCCCC[C@@H](O)C(=O)N[C@@H](CO[C@@H]1O[C@H](CO)[C@@H](O[C@@H]2O[C@H](CO)[C@H](O)[C@H](O[C@]3(C(=O)O)C[C@H](O)[C@@H](NC(C)=O)[C@H](C(O)C(O)CO)O3)[C@H]2O)[C@H](O)[C@H]1O)[C@H](O)[C@H](O)CCCCCCCCCCCCCCC,6.224038888888888,6.232091726190472,6.22806530753968
C=C[C@@](C)(CCC=C(C)C)c1ccc2c3c1NC(=O)[C@@H]3C[C@@H](CO)NC(=O)[C@H](C(C)C)N2C,6.172305555555556,6.283627411616159,6.227966483585858
COc1c(Br)cc(/C=C/C(=O)NCCc2cc(Br)c(OCCCN(C)C)c(Br)c2)cc1Br,6.355071111111114,6.100761210317453,6.227916160714283
C/C=C1\NC(=O)[C@@H](NC(=O)[C@@H](NC(=O)[C@H](C)NC(=O)CCC)[C@@H](C)O)[C@@H](C)OC(=O)[C@H](C(C)C)NC(=O)[C@H](Cc2ccc(O)cc2)N(C)C(=O)[C@H](Cc2ccccc2)N2C(=O)[C@H](CC[C@H]2O)NC1=O,6.154135555555555,6.3016442063492,6.227889880952377
COc1cc([C@@H](OC)[C@H](O)CO)cc(OC)c1O,6.096108888888886,6.359095666305918,6.227602277597402
C/C(=C\C(C(C)C)N(C)C(=O)C(NC(=O)C1N(C)Cc2c(c3ccccc3n2C)C1(C)C)C(C)(C)C)C(=O)O,6.298677777777778,6.156471488095236,6.227574632936507
C/C(=C\[C@H](C(C)C)N(C)C(=O)[C@@H](NC(=O)[C@H]1N(C)Cc2c(c3ccccc3n2C)C1(C)C)C(C)(C)C)C(=O)O,6.298677777777778,6.156471488095236,6.227574632936507
CC[C@H](C)[C@@H]1NC(=O)[C@@H](c2cc(OS(=O)(=O)O)c(C)c(O)c2Cl)NC(=O)[C@H](NC(=O)[C@H](C)NC(=O)[C@H](NC(=O)CC(=O)C(C)CC(C)CC(C)C(O)C(C)C(O[C@@H]2O[C@H](CO)[C@@H](OC)[C@H](O)[C@H]2O)C(C)O)[C@@H](C)O)[C@@H](C)NC(=O)CNC1=O,6.201161111111112,6.253932499999998,6.227546805555555
COC1=C(C)C(=O)C2=C(C1=O)[C@@H]1[C@@H]3CC4=C(C(=O)C(OC)=C(C)C4=O)[C@H](COC(C)=O)N3[C@@H](O)[C@H](C2)N1C,6.239922222222226,6.214633897186146,6.227278059704187
CC(=O)N[C@H]1[C@H](O[C@@H]2CO[C@@H](O[C@H]3CC[C@]4(C)[C@H]5CC[C@@]6(C)C(=C5CC[C@H]4C3(C)C)C(=O)C[C@@H]6[C@H](C)CC(=O)C=C(C)C)[C@H](O[C@@H]3O[C@H](CO[C@@H]4O[C@H](CO)[C@@H](O)[C@H](O)[C@H]4O[C@@H]4O[C@H](CO)[C@@H](O)[C@H](O)[C@H]4O)[C@@H](O)[C@H](O)[C@H]3NC(C)=O)[C@H]2O)O[C@H](CO)[C@H](O)[C@@H]1O,6.345594444444446,6.108872440476188,6.227233442460317
CC(C)C[C@@H]1OC(=O)[C@@H](CC(C)C)NC(=O)CNC(=O)[C@H](Cc2ccc(OO)cc2)NC(=O)[C@H](C(C)C)NC(=O)CNC1=O,6.228991111111113,6.224996109126984,6.226993610119049
OCc1cc(O)c(O)c(Br)c1Cc1cc(O)c(O)c(Br)c1Br,6.231952222222223,6.221734942640693,6.226843582431458
CN(C)CCCOc1c(I)cc(CC[N+](C)(C)C)cc1I.Cl.[Cl-],6.373418888888888,6.079788368686867,6.226603628787878
CCCCCCCCCCCCCCCCCCCC[C@@H](O)C(=O)N[C@@H](CO[C@@H]1O[C@H](CO[C@]2(C(=O)O)C[C@H](O)[C@@H](NC(=O)CO[C@@H]3O[C@@H](C)[C@@H](O)[C@@H](O)[C@@H]3O)[C@H](C(O)C(O)CO)O2)[C@@H](O)[C@H](O)[C@H]1O)[C@H](O)/C=C/CCCCCCCCCC(C)C,6.212127777777779,6.24105924603174,6.22659351190476
CCCCCCCCCCCC(=O)NC(C)(C)C(=O)N1C[C@@H](O)C[C@H]1C(=O)N[C@@H](CC(C)C)C(=O)N[C@H](C(=O)N[C@@H](CCC(N)=O)C(=O)N[C@H](CO)CC(C)C)C(C)C,6.330818888888893,6.12218358225108,6.2265012355699865
CC(=O)N[C@H]1[C@H](O[C@@H]2CO[C@@H](O[C@H]3CC[C@@]4(C)[C@@H](CCC5=C6CC[C@H]([C@H](C)CC(=O)C=C(C)C)[C@@]6(C)CC[C@@]4(O)O5)C3(C)C)[C@H](O[C@@H]3O[C@H](CO[C@@H]4O[C@H](CO)[C@@H](O)[C@H](O)[C@H]4O[C@@H]4O[C@H](CO)[C@@H](O)[C@H](O)[C@H]4O)[C@@H](O)[C@H](O)[C@H]3NC(C)=O)[C@H]2O)O[C@H](CO)[C@H](O)[C@@H]1O,6.369805555555557,6.082333035714282,6.22606929563492
CC(=O)N[C@H]1[C@H](O[C@@H]2CO[C@@H](O[C@H]3CC[C@]4(C)C5C[C@@H](O)[C@@]6(C)C(=C5CCC4(O)C3(C)C)CC[C@@H]6[C@H](C)CC(=O)C=C(C)C)[C@H](O[C@@H]3O[C@H](CO[C@@H]4OC[C@@H](O)[C@H](O)[C@H]4O[C@@H]4O[C@H](CO)[C@@H](O)[C@H](O)[C@H]4O)[C@@H](O)[C@H](O)[C@H]3NC(C)=O)[C@H]2O)O[C@H](CO)[C@H](O)[C@@H]1O,6.369305555555557,6.082333035714282,6.22581929563492
O=C(NCC(O)COc1c(Br)cc(C(O)CNC(=O)C2=NO[C@]3(C=C(Br)C(=O)[C@@H](Br)[C@@H]3O)C2)cc1Br)C1=NO[C@]2(C=C(Br)C(=O)[C@@H](Br)[C@@H]2O)C1,6.364754444444449,6.086725218253969,6.225739831349209
O=C(NCC(O)COc1c(Br)cc(C(O)CNC(=O)C2=NO[C@]3(C=C(Br)C(=O)[C@H](Br)[C@@H]3O)C2)cc1Br)C1=NO[C@]2(C=C(Br)C(=O)[C@H](Br)[C@@H]2O)C1,6.364754444444449,6.086725218253969,6.225739831349209
COC(c1ccc(O)cc1)C1NC(=O)[C@H](CCC(N)=O)N(C)C(=O)[C@H](CC(C)C)NC(=O)[C@@H](CCCNC(=N)N)NC(=O)[C@H](C(C)O)NC(=O)[C@@H](NC(=O)[C@H]2NC(=O)[C@H](C)[C@@H]2C)[C@@H](C)OC(=O)[C@H](C)N(C)C1=O,6.290013333333333,6.161410760582007,6.225712046957669
CO[C@H](c1ccc(O)cc1)[C@H]1NC(=O)[C@H](CCC(N)=O)N(C)C(=O)[C@H](CC(C)C)NC(=O)[C@@H](CCCNC(=N)N)NC(=O)[C@@H]([C@@H](C)O)NC(=O)[C@H](NC(=O)[C@H]2NC(=O)[C@H](C)[C@@H]2C)[C@@H](C)OC(=O)[C@H](C)N(C)C1=O,6.290013333333333,6.161410760582007,6.225712046957669
CCCCCCCCCCCCCCCCCCCC[C@@H](O)C(=O)N[C@@H](CO[C@@H]1O[C@H](CO)[C@@H](O[C@@H]2O[C@H](CO)[C@H](O)[C@H](O[C@]3(C(=O)O)C[C@H](O)[C@@H](NC(=O)CO)[C@H](C(O)C(O)CO)O3)[C@H]2O)[C@H](O)[C@H]1O)[C@H](O)[C@H](O)CCCCCCCCCCCCCC,6.219244444444446,6.232091726190472,6.225668085317459
CCCCCCCCCC(=O)N[C@@H](Cc1ccc(O)cc1)C(=O)N[C@H](C(=O)N[C@@H]1/C=C/C(=O)N[C@@H](C(C)C)C(=O)N(C)[C@@H](Cc2ccc(O)cc2)C(=O)OC1)C(C)C,6.213996666666666,6.237158611111112,6.225577638888889
Cc1cc(O)c(O)c(Oc2cc(C)cc(Oc3cc(C)cc(O)c3O)c2O)c1,6.267785555555552,6.183330873015874,6.225558214285712
Cc1cc(O)c(O)c(Oc2cc(C)cc(O)c2Oc2cc(C)cc(O)c2O)c1,6.267785555555552,6.183330873015874,6.225558214285712
Cc1cc(O)c(Oc2c(O)cc(C)cc2Oc2cc(C)cc(O)c2O)c(O)c1,6.267785555555552,6.183330873015874,6.225558214285712
CCCCCCCCCCCCCCCCCCCC[C@@H](O)C(=O)N[C@@H](CO[C@@H]1O[C@H](CO[C@]2(C(=O)O)C[C@H](O[C@]3(C(=O)O)C[C@H](O)[C@@H](NC(=O)CO[C@]4(C(=O)O)C[C@H](O[C@H]5O[C@@H](C)[C@@H](O)[C@@H](O)[C@@H]5O)[C@@H](NC(C)=O)[C@H](C(O)C(O)CO)O4)[C@H](C(O)C(O)CO)C3)[C@@H](NC(C)=O)[C@H](C(O)C(O)CO)O2)[C@@H](O)[C@H](O)[C@H]1O)[C@H](O)[C@H](O)CCCCCCCCCC(C)CC,6.219022222222223,6.232091726190472,6.225556974206347
C=CC(=C)CC[C@@]1(C)SSS[C@H](O)[C@H](O[C@@H]2O[C@@H](CO)[C@H](O)[C@@H](O)[C@H]2O)[C@@H](C)[C@@H]1/C=C/C(=O)NCCCCNC(=O)/C=C/SC,6.311377777777771,6.13972220238095,6.225549990079361
C=C(/C=C\C[C@@H](O)[C@@H](O)[C@H](O)C/C=C/C=C\[C@@H](O)C[C@@H]1O[C@H](C[C@@H](O)[C@H](O)C[C@H]2O[C@H]([C@H](O)[C@H](O)CC[C@H](O)/C=C/[C@H](C)[C@@H](O)C[C@]3(O)O[C@H](C[C@@H](O)CCCCCCCC45CC(C)CC(C)(O4)C(C[C@@H](C)CCCCC[C@@H](O)[C@H](O)[C@H](O)[C@@H](O)[C@H](O)[C@H]4O[C@H](C[C@H](O)[C@H](O)/C(C)=C/[C@H](O)C[C@@H](C)[C@H](O)C(=O)N/C=C/C(=O)NCCCO)[C@H](O)[C@@H](O)[C@@H]4O)O5)[C@H](O)[C@@H](O)[C@H]3O)C[C@@H](O)[C@@H]2O)[C@@H](O)[C@H](O)[C@H]1O)CC[C@H](O)[C@@H](O)[C@H](O)[C@H](C)C[C@H]1O[C@H](/C=C\[C@@H](O)[C@H](O)CC2CC3CC(O2)C(CC[C@H]2O[C@H](CNC(C)=O)C[C@H]2O)O3)[C@@H](O)[C@H](O)[C@H]1O,6.2807111111111125,6.170284484126982,6.225497797619047
CC[C@H](C)[C@@H]1NC(=O)[C@@H]2CCCN2C(=O)[C@H](Cc2ccccc2)NC(=O)[C@H](CC(C)C)NC(=O)[C@@H]2CCCN2C(=O)[C@H]([C@@H](C)CC)NC(=O)[C@H](CO)NC1=O,6.27533,6.175470634920634,6.225400317460317
CCC(C)[C@@H]1NC(=O)[C@H](CC(C)C)NC(=O)[C@@H]2CCCN2C(=O)[C@H](C(C)CC)NC(=O)[C@@H]2CCCN2C(=O)[C@H](CO)NC(=O)[C@H](Cc2ccccc2)NC1=O,6.27533,6.175470634920634,6.225400317460317
C#CCCC[C@H]1OC(=O)[C@H](C(C)CC)N(C)C(=O)[C@@H]2CCCN2C(=O)[C@H](C(C)C)OC(=O)[C@@H](C(C)CC)C(C)C(=O)[C@H](C(C)C)NC(=O)[C@H]1C,6.368691111111113,6.082097159391532,6.225394135251323
COC1=C(Br)[C@H](O)[C@@]2(C=C1Br)CC(C(=O)NCCCCCNC(=O)C1=NO[C@]3(C=C(Br)C(=O)[C@@H](Br)[C@@H]3O)C1)=NO2,6.414207777777777,6.036101951058197,6.225154864417987
NC(=O)NCCCOc1c(Br)cc(CCNC=C2C(=O)C=CC2=O)cc1Br,6.421264444444443,6.028943203463208,6.225103823953825
CC(C)C[C@@H]1NC(=O)[C@H](C)NC(=O)[C@@H](N)Cc2cn(c3ccccc23)[C@]23C[C@H](NC1=O)C(=O)N1[C@@H](Cc4ccccc4)C(=O)N(c4ccccc42)[C@@H]13,6.234702222222225,6.215503670634919,6.2251029464285725
CC(C)CCCCCC(O)CC(=O)N[C@H](C(=O)O)C(=O)N[C@H](Cc1ccccc1)C(=O)N[C@@H](CO)C(=O)N[C@@H](C(=O)N1C[C@H](O)C[C@H]1C(=O)N[C@@H](CO)C(=O)N[C@H](CC(C)C)C(=O)N[C@@H](Cc1ccccc1)C(=O)OC(=O)[C@@H](N)CCCCN)C(C)C,6.230127777777777,6.220075714285712,6.225101746031744
COc1c(OC)c2c(c(CCN(C)C)c1SC)SSc1c(CCN(C)C)c(SC)c(OC)c(OC)c1SSc1c(OC)c(OC)c(SC)c(CCN(C)C)c1SSc1c(CCN(C)C)c(SC)c(OC)c(OC)c1SS2,6.448662222222223,6.001141572871572,6.224901897546898
CCCCC(C)CC(C)C(=O)N(C)[C@@H](CC(C)C)C(=O)N[C@H](C(=O)N(C)[C@H](C(=O)N1CCC[C@H]1C(=O)N1C(=O)C=CC1C)C(C)C)C(C)OC(C)=O,6.242874444444445,6.2068042063492035,6.224839325396824
Cc1cccc(O)c1C1=N[C@H](C(=O)N[C@@H](CO)C(=O)N[C@H](CCCN(O)C=O)C(=O)N2NCCC[C@@H]2C(=O)NCCC(=O)O)CO1,6.389807777777778,6.05951339285714,6.224660585317459
C=C1C[C@](OC)([C@H](O)C(=O)N[C@H]2OCO[C@H]3[C@@H]2O[C@H](C[C@H](O)CCCCC/C=C/C=C/C(=O)N[C@@H](CCCNC(=N)N)C(=O)O)C(C)(C)[C@@H]3OC)O[C@H](C)[C@@H]1C,6.248933333333333,6.200356170634921,6.224644751984126
CC[C@H](C)[C@@H](C(=O)O[C@@H](CC(C)C)C(=O)N[C@@H](CC(C)C)C(=O)N[C@@H](C)/C=C/C(=O)N1C(=O)C=C(OC)[C@@H]1C)N(C)C,6.134855555555557,6.314401309523803,6.22462843253968
CCCCC[C@@H]1OC(=O)CNC(=O)[C@H]([C@@H](C)CC)NC(=O)[C@@H]2CCCN2C(=O)[C@H]([C@@H](C)CC)OC(=O)[C@H](Cc2ccccc2)N(C)C(=O)[C@H](C(C)C)NC(=O)C1(C)C,6.203657777777778,6.2453981911375624,6.22452798445767
C/C1=C\[C@H](C)C[C@H](C)OC(=O)[C@H](CO)NC(=O)[C@@H](Cc2ccc(O)c(I)c2)N(C)C(=O)CNC(=O)[C@@H](C)C1,6.348394444444449,6.1004372023809506,6.2244158234127
C/C1=C\[C@H](C)C[C@H](C)OC(=O)C[C@H](c2ccc(O)cc2)NC(=O)C(C(O)c2c(Br)[nH]c3ccccc23)N(C)C(=O)[C@H](C)NC(=O)[C@@H](C)C1,6.232483333333332,6.21584637566137,6.224164854497351
CC(C)CCCCCCCCCCCCC(=O)NCCCOc1c(Br)cc(CCNC(=O)CCCCCCCCCCCCC(C)C)cc1Br,6.203444444444438,6.244362362012982,6.22390340322871
CCC[C@@H]1NC(=O)[C@@H]2C[C@H](C)CN2C(=O)[C@@H](NC=O)CNC(=O)[C@@H](CSSC[C@H]2NC(=O)c3coc(n3)[C@H](C)NC(=O)C(=O)[C@H](CC(C)C)NC(=O)[C@@H]3C[C@H](C)CN3C(=O)[C@@H](NC=O)CNC2=O)NC(=O)c2coc(n2)[C@H](C)NC(=O)C1=O,6.361335555555559,6.0864505952380945,6.223893075396827
C=C(C(=O)C[C@@H](C)[C@H]1CC[C@H]2C3=C(CC[C@]12C)[C@@]1(C)CC[C@H](O[C@@H]2OC[C@@H](O[C@@H]4O[C@H](CO)[C@@H](O)[C@H](O)[C@H]4NC(C)=O)[C@H](O)[C@H]2O[C@@H]2O[C@H](CO[C@@H]4O[C@H](CO)[C@@H](O)[C@H](O)[C@H]4O[C@@H]4O[C@H](CO)[C@@H](O)[C@H](O)[C@H]4O)[C@@H](O)[C@H](O)[C@H]2NC(C)=O)C(C)(C)[C@@H]1CC3)C(C)C,6.338761111111111,6.108872440476188,6.223816775793649
C/C=C1\NC(=O)[C@@H](NC(=O)[C@@H](NC(=O)[C@H](C)NC(=O)CCC)C(C)C)[C@@H](C)OC(=O)[C@H](C(C)C)NC(=O)[C@H](Cc2ccc(O)c(Br)c2)N(C)C(=O)[C@H](Cc2ccccc2)N2C(=O)[C@H](CC[C@H]2O)NC1=O,6.138277777777776,6.309267202380945,6.2237724900793605
CC[C@H](C)[C@H]1NC(=O)[C@@H](Cc2ccc(OC)cc2)NC(=O)[C@@H](NC(=O)[C@@H](NC=O)C(C)C)[C@@H](C)OC(=O)[C@H](C(C)C)N(C)C(=O)[C@H](CC(C)C)NC(=O)[C@@H]2CCCNN2C1=O,6.234846666666664,6.212570654761902,6.2237086607142835
CCC(O)CC/C=C\CCC(=O)N(O)CCCCCNC(=O)CCC(=O)N(O)CCCCCNC(=O)CCC(=O)N(O)CCCCCNCC1(O)O[C@H](CO)[C@@H](O)[C@@H]1O,6.380955555555558,6.066138521825394,6.2235470386904765
COC(=O)NC/C=C\c1nc(CC/C=C\C(=O)O[C@@H]2C[C@H]3C[C@H](OC)C[C@@H]4CCC[C@@H](C[C@H](/C=C/CC(C)C)OC(=O)C[C@@H](C2)O3)O4)co1,6.252494444444442,6.1943389009139,6.223416672679171
CCC[C@@H](NC(=O)C(O)C(C)CC)C(=O)N[C@H]1CCCNC(=O)[C@H](Cc2c[nH]c3ccc(O)cc23)NC(=O)/C=C/c2coc(n2)[C@H](C)NC(=O)C(=O)[C@H](CC(C)C)NC(=O)[C@@H]2CCCN2C1=O,6.27848888888889,6.167806448412697,6.223147668650793
CCC(C)C(=O)N[C@H](Cc1ccccc1)C(=O)N[C@H]1C(=O)N[C@H](CC(C)C)C(=O)N[C@H](Cc2ccccc2)C(=O)N[C@H](CC(C)C)C(=O)N[C@@H](C(C)O)C(=O)N[C@@H](CO)C(=O)O[C@H]1C,6.324863333333334,6.121302015873016,6.223082674603175
CC[C@H](C)C(=O)N[C@H](Cc1ccccc1)C(=O)N[C@@H]1C(=O)N[C@H](CC(C)C)C(=O)N[C@H](Cc2ccccc2)C(=O)N[C@H](CC(C)C)C(=O)N[C@@H]([C@@H](C)O)C(=O)N[C@@H](CO)C(=O)O[C@@H]1C,6.324863333333334,6.121302015873016,6.223082674603175
C/C=C1\NC(=O)[C@@H](NC(=O)[C@H](CCC(N)=O)NC(=O)CCCCC)[C@@H](C)OC(=O)[C@H](C(C)C)NC(=O)[C@H](Cc2ccc(O)cc2)N(C)C(=O)[C@H](Cc2ccccc2)N2C(=O)[C@H](CC[C@H]2O)NC1=O,6.139263333333332,6.306087519841265,6.2226754265872986
COC(=O)NCCSSCCNC(=O)/C(Cc1ccc(O)c(Br)c1)=N/O,6.224948888888887,6.219287640873018,6.222118264880953
C/C=C(\NC(=O)[C@H](CCCN(O)C(C)=O)NC(=O)[C@@H](CO)NC(=O)[C@H](CCC(N)=O)NC(=O)[C@H](CO)NC(=O)[C@H](NC(=O)CC(O)CCCCCCCCC)[C@@H](O)C(=O)O)C(=O)N[C@H](CO)C(=O)N[C@@H]1CCCN(O)C1=O,6.241166666666668,6.203067916666664,6.222117291666667
CC[C@H](C)[C@H](NC(=O)[C@H](OC(=O)[C@@H](O)C(C)C)[C@@H](C)CC)C(=O)NCC(=O)N(C)[C@H](Cc1ccccc1)C(=O)N1CCC[C@H]1C(=O)OC,6.361463333333334,6.082338442460314,6.221900887896824
C/C=C1\NC(=O)[C@@H](NC(=O)[C@H](CCc2ccc(O)cc2)NC(=O)[C@H](C)NC(=O)[C@H](O)CO)[C@@H](C)OC(=O)[C@H](C(C)C)NC(=O)[C@H](Cc2ccc(O)cc2)N(C)C(=O)[C@H](Cc2ccccc2)N2C(=O)[C@H](CC[C@H]2O)NC1=O,6.219355555555555,6.224324642857144,6.221840099206349
C=C1Oc2cc(OC)cc(C(=O)O[C@H]3COC(=O)C[C@H](N)c4cc(O)c(c(Cl)c4)O[C@@H]4c5ccc3c(Cl)c5C3=CC=C[C@@]34O[C@@H]3OC(C)(C)[C@@H](N(C)C)[C@@H](O)[C@H]3O)c2NC1=O,6.383094444444448,6.060317700817701,6.221706072631075
CC(=O)N[C@H]1[C@H](O[C@@H]2CO[C@@H](O[C@H]3CC[C@@]4(C)C(CCC5=C6[C@H](O)C[C@H]([C@H](C)CC(=O)C=C(C)C)[C@@]6(C)CC[C@@]54O)C3(C)C)[C@H](O[C@@H]3O[C@H](CO[C@@H]4O[C@H](CO)[C@@H](O)[C@H](O)[C@H]4O[C@@H]4O[C@H](CO)[C@@H](O)[C@H](O)[C@H]4O)[C@@H](O)[C@H](O)[C@H]3NC(C)=O)[C@H]2O)O[C@H](CO)[C@H](O)[C@@H]1O,6.360938888888889,6.082333035714282,6.221635962301585
CC(=O)N[C@H]1[C@H](O[C@@H]2CO[C@@H](O[C@H]3CC[C@@]4(C)C(CCC5=C6[C@@H](O)C[C@H]([C@H](C)CC(=O)C=C(C)C)[C@@]6(C)CC[C@@]54O)C3(C)C)[C@H](O[C@@H]3O[C@H](CO[C@@H]4O[C@H](CO)[C@@H](O)[C@H](O)[C@H]4O[C@@H]4O[C@H](CO)[C@@H](O)[C@H](O)[C@H]4O)[C@@H](O)[C@H](O)[C@H]3NC(C)=O)[C@H]2O)O[C@H](CO)[C@H](O)[C@@H]1O,6.360938888888889,6.082333035714282,6.221635962301585
C=C[C@@](C)(CCC=C(C)C)c1ccc2c(c1NC=O)C(=O)C[C@@H](CO)NC(=O)[C@H](C(C)C)N2C,6.147572222222225,6.295057233044733,6.221314727633478
COc1c(Br)cc(Br)c(C[C@@H]2N(C)C(=O)[C@@H]3CCC[N@+]23C)c1Br,6.182010000000004,6.260378750000001,6.221194375000002
COc1c(Br)cc(Br)c(C[C@H]2N(C)C(=O)[C@@H]3CCC[N@@+]32C)c1Br,6.182010000000004,6.260378750000001,6.221194375000002
CC[C@H](C)[C@H]1NC(=O)[C@@H](NC(C)=O)[C@@H](C)OC(=O)[C@H](C(C)C)NC(=O)[C@H](Cc2ccc(OC)cc2)N(C)C(=O)[C@@H]2CCCN2C(=O)[C@@H]2CCCN2C1=O,6.265185555555553,6.177195720899468,6.221190638227511
CCC[C@@H]1NC(=O)[C@@H]2C[C@H](C)CN2C(=O)[C@@H](NC=O)CNC(=O)[C@@H](CSSC[C@H]2NC(=O)c3coc(n3)[C@H](C)NC(=O)C(=O)[C@H](CCC)NC(=O)[C@@H]3C[C@H](C)CN3C(=O)[C@@H](NC=O)CNC2=O)NC(=O)c2coc(n2)[C@H](C)NC(=O)C1=O,6.355524444444449,6.0864505952380945,6.220987519841271
CC[C@H](C)[C@@H](C(=O)N1C(=O)C=C(OC)[C@@H]1Cc1ccccc1)N(C)C(=O)[C@H](C(C)C)N(C)C(=O)[C@@H](NC(=O)[C@H](C(C)C)N(C)C)C(C)C,6.387133333333339,6.054745972222215,6.220939652777777
CCOC1(CCCNC(=O)C2=NO[C@@]3(C=C(Br)C(OC)=C(Br)[C@H]3O)C2)N=C(N)NC1=O,6.316018888888885,6.1258308399470875,6.220924864417986
C/C(=C\Cn1cc(C[C@@H]2NC(=O)[C@H](C)NC2=O)c2ccccc21)CO,6.14227222222222,6.299304554473304,6.220788388347762
CC(=O)CC(=O)N1C(=O)[C@@H]2[C@@H](Cc3cccc4c3C2(O)C(=O)N4C)C1(C)C,6.305196666666667,6.1361994841269825,6.220698075396825
CC(=O)CC(=O)N1C(=O)[C@@H]2[C@@H](Cc3cccc4c3[C@@]2(O)C(=O)N4C)C1(C)C,6.305196666666667,6.1361994841269825,6.220698075396825
CO[C@@H]1[C@H](O[C@@H]2CO[C@@H](O[C@@H]3[C@@H](O)[C@H](O)CO[C@H]3N3C(=O)/C(=C(O)/C=C/C=C/C=C/C=C/C=C(Cl)/C=C/C=C(/C)Cl)C(=O)[C@@H]3CC(N)=O)[C@@H](O)[C@@H]2O)O[C@H](C)[C@H]1O,6.405287777777783,6.035982178330931,6.220634978054357
C#CCCCC1CC(=O)O[C@@H](C(C)C)C(=O)N2CCC[C@H]2C(=O)N(C)[C@@H](C(C)C)C(=O)O[C@@H](C(C)C)C(=O)N(C)[C@@H](C(C)C)C(=O)N[C@@H](CC(C)C)C(=O)N1,6.215546666666667,6.225002298280419,6.220274482473544
CCC(C)[C@@H]1NC(=O)[C@@H]2CCCN2C(=O)[C@H](C(C)O)NC(=O)[C@H](CC(C)C)NC(=O)[C@@H]2CCCN2C(=O)[C@H](C(C)C)NC(=O)[C@H](Cc2c[nH]c3ccccc23)NC(=O)[C@@H]2CCCN2C1=O,6.2806500000000005,6.159821676587304,6.220235838293652
CCCCCCCCCCCCCCCCCCCCC[C@@H](O)C(=O)N[C@@H](CO[C@@H]1O[C@H](CO[C@]2(C(=O)O)C[C@H](O)C(NC(=O)CO)[C@H]([C@H](O)[C@H](O)CO)O2)[C@@H](O)[C@H](O)[C@H]1O)[C@H](O)[C@H](O)CCCCCCCCCCCC(C)C,6.20837777777778,6.232091726190472,6.220234751984126
CCCCCCCCCCCCCCCCCCCC[C@@H](O)C(=O)N[C@@H](CO[C@@H]1O[C@H](CO[C@]2(C(=O)O)C[C@H](O)C(NC(=O)CO)[C@H]([C@H](O)[C@H](O)CO)O2)[C@@H](O)[C@H](O)[C@H]1O)[C@H](O)[C@H](O)CCCCCCCCCCCCC(C)C,6.20837777777778,6.232091726190472,6.220234751984126
CCCCCCCCCCCCCCCCCCCCCC[C@@H](O)C(=O)N[C@@H](CO[C@@H]1O[C@H](CO[C@]2(C(=O)O)C[C@H](O)C(NC(=O)CO)[C@H]([C@H](O)[C@H](O)CO)O2)[C@@H](O)[C@H](O)[C@H]1O)[C@H](O)[C@H](O)CCCCCCCCCCC(C)C,6.20837777777778,6.232091726190472,6.220234751984126
CCC(=O)OC[C@H]1C2=C(C[C@H]3[C@H]4C5=C(C[C@@H]([C@H](C#N)N13)N4C)C(=O)C(C)=C(OC)C5=O)C(=O)C(C)=C(OC)C2=O,6.29461111111111,6.145318753607504,6.219964932359307
CC(=O)N[C@H]1[C@H](O[C@@H]2CO[C@@H](O[C@H]3CC[C@@]4(C)[C@@H](CCC5=C6C(=O)C[C@H]([C@H](C)CC(=O)C=C(C)C)[C@@]6(C)CC[C@@]54O)C3(C)C)[C@H](O[C@@H]3O[C@H](CO[C@@H]4O[C@H](CO)[C@@H](O)[C@H](O)[C@H]4O[C@@H]4O[C@H](CO)[C@@H](O)[C@H](O)[C@H]4O)[C@@H](O)[C@H](O)[C@H]3NC(C)=O)[C@H]2O)O[C@H](CO)[C@H](O)[C@@H]1O,6.357538888888891,6.082333035714282,6.219935962301587
CCCCCCCCCCCCCCCCCCCCCC[C@@H](O)C(=O)N[C@@H](CO[C@H]1O[C@H](CO)[C@H](O)[C@H](O)[C@H]1O[C@H]1O[C@H](CO[C@@H]2O[C@H](CO)[C@H](O)[C@H](O[C@@H]3O[C@@H](C)[C@H](O)[C@@H](O)[C@H]3O)[C@H]2NC(C)=O)[C@H](O)[C@H](O)[C@H]1O)[C@H](O)[C@H](O)CCCCCCCCCCCC(C)CC,6.207588888888891,6.232091726190472,6.219840307539681
CCCCCCCCCCCCCCCCCCCCCCC[C@@H](O)C(=O)N[C@@H](CO[C@H]1O[C@H](CO)[C@H](O)[C@H](O)[C@H]1O[C@H]1O[C@H](CO[C@@H]2O[C@H](CO)[C@H](O)[C@H](O[C@@H]3O[C@@H](C)[C@H](O)[C@@H](O)[C@H]3O)[C@H]2NC(C)=O)[C@H](O)[C@H](O)[C@H]1O)[C@H](O)[C@H](O)CCCCCCCCCCCC(C)C,6.207588888888891,6.232091726190472,6.219840307539681
CCCCCCCCCCCCCCCCCCCCC[C@@H](O)C(=O)N[C@@H](CO[C@H]1O[C@H](CO)[C@H](O)[C@H](O)[C@H]1O[C@H]1O[C@H](CO[C@@H]2O[C@H](CO)[C@H](O)[C@H](O[C@@H]3O[C@@H](C)[C@H](O)[C@@H](O)[C@H]3O)[C@H]2NC(C)=O)[C@H](O)[C@H](O)[C@H]1O)[C@H](O)[C@H](O)CCCCCCCCCCCCC(C)CC,6.207588888888891,6.232091726190472,6.219840307539681
CCCCCCC[C@@H](C/C=C/CCC(=O)N(C)C/C(=C/Cl)C/C(=C\C(=O)N1CC(OC)=CC1=O)OC)OC,6.335983333333334,6.103605863997116,6.219794598665224
CCCCCCC[C@@H](C/C=C/CCC(=O)N(C)C/C(=C\Cl)C/C(=C\C(=O)N1CC(OC)=CC1=O)OC)OC,6.335983333333334,6.103605863997116,6.219794598665224
CC(=O)N[C@H]1[C@H](O[C@@H]2CO[C@@H](O[C@H]3CC[C@]4(C)C5=CC[C@@]6(C)C(=C(CC[C@H]4C3(C)C)O5)CC[C@@H]6[C@H](C)CC(=O)C=C(C)C)[C@H](O[C@@H]3O[C@H](CO[C@@H]4OC[C@@H](O)[C@H](O)[C@H]4O[C@@H]4O[C@H](CO)[C@@H](O)[C@H](O)[C@H]4O)[C@@H](O)[C@H](O)[C@H]3NC(C)=O)[C@H]2O)O[C@H](CO)[C@H](O)[C@@H]1O,6.357172222222222,6.082333035714282,6.219752628968252
CCCCCCCC(=O)OCC/C=C/C([C@H](O)[C@@H]1OC(=O)/C=C\C=C\C(=O)N(C(C)=O)C(=O)/C=C(/C)CC[C@H]2O[C@@H]2[C@H]1OC(=O)NC(C)=O)N(C=O)CC(=O)/C=C(\C)CC(C)C/C(C)=C/[C@@H]1OC(=O)[C@H]([C@H](C)CC)NC(=O)[C@@H]([C@H](C)CC)NC(=O)CC(=O)[C@H]1C,6.210922222222221,6.2283884325396786,6.21965532738095
CO[C@H]1c2nc3c(nc2C[C@@H]2CC[C@H]4C5=C[C@@H]6O[C@]7(O[C@](C)(CO)C[C@H]7O)[C@@H](C)[C@]6(O)[C@@]5(C)[C@H](O)C[C@@H]4[C@]21C)C[C@@]1(C)[C@@H](CC[C@H]2C4=CC[C@@H]5[C@H](C)[C@@]6(OC[C@]45C(=O)C[C@@]21O)OC(C)(C)C[C@H]6O)C3,6.248527777777778,6.19050692460317,6.219517351190474
C[N+](C)(C)CC(c1c(O)c(NC(=O)Cc2ccccc2)c2nccc3c2c1C=CN3)c1c[nH]c2cc(Br)ccc12,6.14015555555556,6.298599682539679,6.21937761904762
CC[C@H](C)[C@@H]1NC(=O)[C@@H]2CCCN2C(=O)[C@H](Cc2ccccc2)NC(=O)c2nc(oc2C)[C@H](C)NC(=O)c2nc(oc2C)[C@H](Cc2ccccc2)NC(=O)CNC(=O)[C@@H]2CCCN2C(=O)[C@@H]2CCCN2C(=O)[C@H](C)NC(=O)c2coc1n2,6.318311111111109,6.120102966269838,6.219207038690474
COC(=O)c1coc(/C=C/CCC(C)C(CC(OC)C(C)CCC(=O)C(C)C(C/C=C/N(C)C=O)OC)OC(=O)CC(O)CC(N)CC(=O)C(C)C(OC)c2coc(C(N)=O)n2)n1,6.353783333333339,6.08462713504088,6.219205234187109
CC(=O)N[C@H]1[C@H](O[C@@H]2CO[C@@H](O[C@H]3CC[C@@]4(C)[C@@H](CC[C@@]5(O)[C@]4(O)CC=C4[C@@H]([C@H](C)CC(=O)C=C(C)C)CC[C@@]45C)C3(C)C)[C@H](O[C@@H]3O[C@H](CO[C@@H]4O[C@H](CO)[C@@H](O)[C@H](O)[C@H]4O[C@@H]4O[C@H](CO)[C@@H](O)[C@H](O)[C@H]4O)[C@@H](O)[C@H](O)[C@H]3NC(C)=O)[C@H]2O)O[C@H](CO)[C@H](O)[C@@H]1O,6.355716666666666,6.082333035714282,6.219024851190474
CC(=O)N[C@H]1[C@H](O[C@@H]2CO[C@@H](O[C@H]3CC[C@]4(C)C5=CC[C@]6(C)[C@@H]([C@H](C)CC(=O)C=C(C)C)CC[C@H]6[C@@]5(O)CC[C@@]4(O)C3(C)C)[C@H](O[C@@H]3O[C@H](CO[C@@H]4O[C@H](CO)[C@@H](O)[C@H](O)[C@H]4O[C@@H]4O[C@H](CO)[C@@H](O)[C@H](O)[C@H]4O)[C@@H](O)[C@H](O)[C@H]3NC(C)=O)[C@H]2O)O[C@H](CO)[C@H](O)[C@@H]1O,6.355716666666666,6.082333035714282,6.219024851190474
CC(=O)N[C@H]1[C@H](O[C@@H]2CO[C@@H](O[C@H]3CC[C@]4(C)C5=CC[C@]6(C)[C@@H]([C@H](C)CC(=O)C=C(C)C)CC[C@H]6[C@]5(O)CC[C@]4(O)C3(C)C)[C@H](O[C@@H]3O[C@H](CO[C@@H]4O[C@H](CO)[C@@H](O)[C@H](O)[C@H]4O[C@@H]4O[C@H](CO)[C@@H](O)[C@H](O)[C@H]4O)[C@@H](O)[C@H](O)[C@H]3NC(C)=O)[C@H]2O)O[C@H](CO)[C@H](O)[C@@H]1O,6.355716666666666,6.082333035714282,6.219024851190474
CC(=O)N[C@H]1[C@H](O[C@@H]2CO[C@@H](O[C@H]3CC[C@]4(C)C5=C(CC[C@H]4C3(C)C)[C@@H]3CC[C@H]([C@H](C)CC(=O)CC(C)(C)O)[C@@]3(C)CC5)[C@H](O[C@@H]3O[C@H](CO[C@@H]4O[C@H](CO)[C@@H](O)[C@H](O)[C@H]4O[C@@H]4O[C@H](CO)[C@@H](O)[C@H](O)[C@H]4O)[C@@H](O)[C@H](O)[C@H]3NC(C)=O)[C@H]2O)O[C@H](CO)[C@H](O)[C@@H]1O,6.355683333333333,6.082333035714282,6.219008184523808
C/C1=C\[C@H](C)C[C@H](C)OC(=O)[C@H](CO)NC(=O)[C@@H](Cc2ccc(O)c(Cl)c2)N(C)C(=O)[C@H](C)NC(=O)[C@@H](C)C1,6.341674444444449,6.096017996031745,6.218846220238097
CCCCCCCCCCCCCCCCCCCCC[C@@H](O)C(=O)N[C@@H](CO[C@@H]1O[C@H](CO[C@]2(C(=O)O)C[C@H](O)C(NC(=O)CO)[C@H]([C@H](O)[C@H](O)CO)O2)[C@@H](O)[C@H](O)[C@H]1O)[C@H](O)[C@H](O)CCCCCCCCCCCCC(C)C,6.205544444444448,6.232091726190472,6.21881808531746
CCCCCCCCCCCCCCCCCCCCCC[C@@H](O)C(=O)N[C@@H](CO[C@@H]1O[C@H](CO[C@]2(C(=O)O)C[C@H](O)C(NC(=O)CO)[C@H]([C@H](O)[C@H](O)CO)O2)[C@@H](O)[C@H](O)[C@H]1O)[C@H](O)[C@H](O)CCCCCCCCCCCC(C)C,6.205544444444448,6.232091726190472,6.21881808531746
CCCCCCCCCCCCCCCCCCCC[C@@H](O)C(=O)N[C@@H](CO[C@@H]1O[C@H](CO[C@]2(C(=O)O)C[C@H](O)C(NC(=O)CO)[C@H]([C@H](O)[C@H](O)CO)O2)[C@@H](O)[C@H](O)[C@H]1O)[C@H](O)[C@H](O)CCCCCCCCCCC(C)C,6.205427777777782,6.232091726190472,6.218759751984127
C/C=C/C(=O)CC1CCC(C)C(CC(=O)NCC(O)C(C)C(=O)NCCCC2OC3(CCCC(CCC(C)/C=C(\C)C(C)=O)O3)CCC2C)O1,6.388055555555557,6.048798055555551,6.218426805555554
C/C=C/C(=O)C[C@H]1CC[C@H](C)[C@H](CC(=O)NC[C@H](O)[C@H](C)C(=O)NCCC[C@H]2O[C@@]3(CCC[C@@H](CC[C@H](C)/C=C(\C)C(C)=O)O3)CC[C@@H]2C)O1,6.388055555555557,6.048798055555551,6.218426805555554
OCc1cc(O)c(O)c(Br)c1Cc1cc(O)c(O)c(Br)c1,6.215048888888893,6.221734942640693,6.218391915764792
CCCCCCCCCCCCCCCCCCCCC(O)C(=O)NC(COC1O[C@H](COC2(C(=O)O)C[C@H](OC3(C(=O)O)C[C@H](O)[C@@H](NC(=O)COC4(C(=O)O)C[C@H](O)[C@@H](NC(=O)CO)[C@H](C(O)C(O)CO)O4)[C@H](C(O)C(O)CO)O3)[C@@H](NC(C)=O)[C@H](C(O)C(O)CO)O2)[C@@H](O)[C@H](O)[C@H]1O)C(O)C(O)CCCCCCCCCC(C)CC,6.2043888888888885,6.232091726190472,6.218240307539681
CCC(C)[C@@H]1NC(=O)[C@H](Cc2ccccc2)NC(=O)[C@@H]2CCCN2C(=O)[C@@H](C(C)O)NC(=O)[C@@H]2CCCN2C(=O)[C@H](CO)NC(=O)[C@H](Cc2ccccc2)NC1=O,6.260757777777777,6.175470634920634,6.218114206349206
CC(C)=CCC/C(C)=C/C[C@@]12CCN(C)[C@@H]1Nc1c(Br)cc(Br)c(O)c12,6.2338433333333345,6.20203429563492,6.217938814484127
CCC[C@@H]1C(=O)NC(C(C)C(C)Cl)C(=O)N[C@@H](CC(N)=O)C(=O)N[C@H]([C@@H](C)O)C(=O)N[C@@H](Cc2ccccc2)C(=O)NCC(=O)N[C@H](CCC)C(=O)OC(C)C(NC(=O)[C@@H](CC(C)C)NC=O)C(O)CC(=O)N[C@H](C)C(=O)N1C,6.253988888888889,6.1809656984126935,6.217477293650791
CCC[C@@H]1C(=O)NC(C(C)C(C)Cl)C(=O)N[C@H](CC(N)=O)C(=O)N[C@H]([C@@H](C)O)C(=O)N[C@@H](Cc2ccccc2)C(=O)NCC(=O)N[C@H](CCC)C(=O)OC(C)C(NC(=O)[C@@H](CC(C)C)NC=O)C(O)CC(=O)N[C@H](C)C(=O)N1C,6.253988888888889,6.1809656984126935,6.217477293650791
CCCCCCCCCCCCCCCC[C@@H](O)C(=O)N[C@@H](CO[C@@H]1O[C@H](CO[C@]2(C(=O)O)C[C@H](O)[C@@H](NC(C)=O)[C@H](C(O)C(CO)OS(=O)(=O)O)O2)[C@@H](O)[C@H](O)[C@H]1O)[C@H](O)/C=C/CCCCCCCCCC(C)C,6.193716666666668,6.24105924603174,6.217387956349204
COC(=O)CCCNC(=O)NCc1cc(O)c(O)c(Br)c1Br,6.1361833333333315,6.298567443542571,6.217375388437951
COCC(OC)C(=O)OC(CCC(C)C(CC1OC(=O)CC(O)CCCC(=O)CC(C)c2coc(n2)-c2coc(n2)-c2coc(n2)/C=C/CC(OC)C1C)OC)C(C)C(OC(C)=O)C(C)/C=C/N(C)C=O,6.284550000000005,6.14961411375661,6.217082056878308
CC(C)C[C@@H]1NC(=O)[C@H](NC(=O)N[C@H](C(=O)O)c2ccccc2)CCCCNC(=O)[C@H](Cc2ccccc2)NC(=O)C(Cc2c[nH]c3cc(Cl)c(O)cc23)N(C)C(=O)[C@H](CC(C)C)NC1=O,6.238016666666669,6.196043888888889,6.217030277777779
CCCCCCCCCCCCCCCCCCCCC[C@@H](O)C(=O)[C@@H](O)C(=O)N[C@@H](CO[C@@H]1O[C@H](CO)[C@@H](O[C@@H]2O[C@H](CO)[C@H](O)[C@H](O)[C@H]2O)[C@H](O[C@H]2O[C@H](C)[C@H](O)[C@H](O)[C@H]2O)[C@H]1O)[C@H](O)[C@H](O)CCCCCCCCCCC(C)C,6.194463333333337,6.239305436507932,6.216884384920634
CCCCCCCCCCCCCCCCCCCC[C@@H](O)C(=O)[C@@H](O)C(=O)N[C@@H](CO[C@@H]1O[C@H](CO)[C@@H](O[C@@H]2O[C@H](CO)[C@H](O)[C@H](O)[C@H]2O)[C@H](O[C@H]2O[C@H](C)[C@H](O)[C@H](O)[C@H]2O)[C@H]1O)[C@H](O)[C@H](O)CCCCCCCCCCCC(C)C,6.194463333333337,6.239305436507932,6.216884384920634
CC[C@H](C)[C@H](NC(=O)C(C)(C)NC(=O)[C@@H](NC(=O)[C@@H](NC(=O)C(C)(C)NC(C)=O)C(C)C)C(C)C)C(=O)NC(C)(C)C(=O)NC(C)(C)C(=O)N[C@@H](C)C(=O)NC(C)(C)C(=O)N1CCC[C@H]1CO,6.3601222222222225,6.073607252886003,6.216864737554113
CO[C@H]1c2nc3c(nc2C[C@@H]2CC[C@H]4C5=CC[C@@H]6[C@H](C)[C@@]7(OC[C@]56C(=O)C[C@]4(O)[C@]21C)OC(C)(C)C[C@H]7O)C[C@@]1(C)[C@@H](CC[C@H]2C4=C[C@@H]5O[C@]6(O[C@](C)(CO)C[C@H]6O)[C@@H](C)[C@]5(O)[C@@]4(C)[C@H](O)C[C@@H]21)C3,6.243094444444444,6.19050692460317,6.2168006845238075
CC[C@H](C)[C@@H]1NC(=O)[C@H](C)NC(=O)[C@H](CC(C)C)NC(=O)[C@H](CO)NC(=O)[C@H](CC(N)=O)NC(=O)[C@H](Cc2ccccc2)NC(=O)[C@@H]2CCCN2C1=O,6.269541111111112,6.163695297619046,6.216618204365079
C[C@@H]1O[C@@H](O[C@@H]2[C@@H](O)[C@H](OCCc3cc(O)c(O)cc3O)O[C@H](CO)[C@H]2OC(=O)/C=C/c2ccc(O)c(O)c2)[C@H](O)[C@H](O)[C@H]1O,6.392324444444449,6.040901382936512,6.21661291369048
CO[C@@H](C(=O)N[C@H]1CC[C@H](OC(=O)[C@H](OC)[C@H](O)[C@@H](O)[C@H](O)CCC(C)C)CNC1=O)[C@H](O)[C@@H](O)[C@H](O)/C=C/C(C)C,6.229522222222219,6.203299424603167,6.2164108234126925
CC[C@H](C)[C@@H]1NC(=O)[C@@H]2CCCN2C(=O)[C@H](Cc2ccccc2)NC(=O)c2coc(n2)[C@H](Cc2ccccc2)NC(=O)c2nc(oc2C)[C@H](C(C)C)NC(=O)CNC(=O)[C@@H]2CCCN2C(=O)[C@@H]2CCCN2C(=O)[C@H](C)NC(=O)c2coc1n2,6.312696666666667,6.120102966269838,6.216399816468252
CC(C)CCCCCC(=O)N[C@H](Cc1ccc(O)cc1)C(=O)N[C@@H](CO)C(=O)N[C@H](CC(C)C)C(=O)N[C@@H](Cc1c[nH]c2ccccc12)C(=O)N[C@@H](CCCNC(=N)N)C(=O)O,6.277783333333331,6.154857519841268,6.216320426587299
CCCCCCCC/C=C/CCCCCCCC(=O)NCCCOc1c(Br)cc(CCNC(=O)CCCCCCC/C=C/CCCCCCCC)cc1Br,6.206394444444441,6.225714723124092,6.216054583784267
C/C=C1/NC(=O)[C@H](CCO)NC(=O)C[C@@H](CCCCC)NC(=O)CNC(=O)[C@H](CC(C)C)NC(=O)[C@@H]([C@@H](C)CC)NC(=O)[C@H](C(C)C)NC(=O)[C@@H](CC(C)C)NC(=O)[C@@H](Cc2ccccc2)NC(=O)[C@H](CCO)NC(=O)[C@@H]2C[C@@H](O)CN2C1=O,6.30390777777778,6.1280983044733,6.21600304112554
CC[C@H](C)[C@@H]1NC(=O)[C@@H]2CSC(=N2)[C@H]2CCCN2C(=O)[C@H]([C@@H](C)O)NC(=O)[C@H](C(C)C)NC(=O)[C@H](C(C)C)NC(=O)[C@H]([C@@H](C)O)NC(=O)[C@@H]2CSC(=N2)[C@@H]([C@@H](C)CC)NC(=O)[C@H](C(C)C)NC(=O)[C@@H]2CSC(=N2)[C@H]2CCCN2C1=O,6.3920611111111105,6.0396712996031745,6.215866205357143
CO[C@H]1c2nc3c(nc2C[C@@H]2CC[C@H]4C5=CC[C@@H]6[C@H](C)[C@@]7(OC[C@]56C(=O)C[C@@H]4[C@]21C)OC(C)(C)C[C@H]7O)C[C@@]1(C)[C@@H](CC[C@H]2C4=C[C@@H]5O[C@]6(O[C@](C)(CO)C[C@H]6O)[C@@H](C)[C@]5(O)[C@@]4(C)[C@H](O)C[C@@H]21)C3,6.241083333333333,6.19050692460317,6.215795128968251
CO[C@H]1c2nc3c(nc2C[C@@H]2CC[C@H]4C5=C[C@@H]6O[C@]7(O[C@](C)(CO)C[C@H]7O)[C@@H](C)[C@]6(O)[C@@]5(C)[C@H](O)C[C@@H]4[C@]21C)C[C@@]1(C)[C@@H](CC[C@H]2C4=CC[C@@H]5[C@H](C)[C@@]6(OC[C@]45C(=O)C[C@@H]21)OC(C)(C)C[C@H]6O)C3,6.241083333333333,6.19050692460317,6.215795128968251
CC(=O)N[C@H]1[C@H](O[C@@H]2CO[C@@H](O[C@H]3CC[C@]4(C)C5=CC[C@]6(C)[C@@H]([C@H](C)CC(=O)C=C(C)C)CC[C@H]6C5=CC[C@H]4C3(C)C)[C@H](O[C@@H]3O[C@H](CO[C@@H]4OC[C@@H](O)[C@H](O)[C@H]4O[C@@H]4O[C@H](CO)[C@@H](O)[C@H](O)[C@H]4O)[C@@H](O)[C@H](O)[C@H]3NC(C)=O)[C@H]2O)O[C@H](CO)[C@H](O)[C@@H]1O,6.348994444444444,6.082333035714282,6.215663740079363
CC(=O)N[C@H]1[C@H](O[C@@H]2CO[C@@H](O[C@H]3CC[C@]4(C)C5=C(CC[C@H]4C3(C)C)C3=CC[C@H]([C@H](C)CC(=O)C=C(C)C)[C@@]3(C)CC5)[C@H](O[C@@H]3O[C@H](CO[C@@H]4OC[C@@H](O)[C@H](O)[C@H]4O[C@@H]4O[C@H](CO)[C@@H](O)[C@H](O)[C@H]4O)[C@@H](O)[C@H](O)[C@H]3NC(C)=O)[C@H]2O)O[C@H](CO)[C@H](O)[C@@H]1O,6.348994444444444,6.082333035714282,6.215663740079363
CC(=O)N[C@H]1[C@H](O[C@@H]2CO[C@@H](O[C@H]3CC[C@]4(C)C5=CC[C@]6(C)[C@@H]([C@H](C)CC(=O)C=C(C)C)CC[C@@]6(C)C5CCC4C3(C)C)[C@H](O[C@@H]3O[C@H](CO[C@@H]4OC[C@@H](O)[C@H](O)[C@H]4O[C@@H]4O[C@H](CO)[C@@H](O)[C@H](O)[C@H]4O)[C@@H](O)[C@H](O)[C@H]3NC(C)=O)[C@H]2O)O[C@H](CO)[C@H](O)[C@@H]1O,6.348994444444444,6.082333035714282,6.215663740079363
CC(=O)N[C@H]1[C@H](O[C@@H]2CO[C@@H](O[C@H]3CC[C@]4(C)C5=C(CCC4C3(C)C)C3CC[C@H]([C@H](C)CC(=O)C=C(C)C)[C@@]3(C)CC5)[C@H](O[C@@H]3O[C@H](CO[C@@H]4OC[C@@H](O)[C@H](O)[C@H]4O[C@@H]4O[C@H](CO)[C@@H](O)[C@H](O)[C@H]4O)[C@@H](O)[C@H](O)[C@H]3NC(C)=O)[C@H]2O)O[C@H](CO)[C@H](O)[C@@H]1O,6.348994444444444,6.082333035714282,6.215663740079363
CC(=O)N[C@H]1[C@H](O[C@@H]2CO[C@@H](O[C@H]3CC[C@]4(C)C5=C(CC[C@H]4C3(C)C)[C@@H]3CC[C@H]([C@H](C)CC(=O)C=C(C)C)[C@@]3(C)CC5)[C@H](O[C@@H]3O[C@H](CO[C@@H]4OC[C@@H](O)[C@H](O)[C@H]4O[C@@H]4O[C@H](CO)[C@@H](O)[C@H](O)[C@H]4O)[C@@H](O)[C@H](O)[C@H]3NC(C)=O)[C@H]2O)O[C@H](CO)[C@H](O)[C@@H]1O,6.348994444444444,6.082333035714282,6.215663740079363
CCOC(=O)/C(=C/C(=O)OC)C(Cc1c(Br)c(O)c(O)c(Br)c1Br)C(=O)O,6.239056666666673,6.192230845598846,6.21564375613276
COC(=O)CCCCCCCC[C@H](CC(=O)NCCCN)N1CC(=O)N(O)[C@@H](Cc2ccccc2)C1=O,6.282294444444445,6.148857199675324,6.2155758220598845
CCCCCCCCCCCCCCCCCCCCCC[C@@H](O)C(=O)N[C@@H](CO[C@@H]1O[C@H](CO[C@]2(C(=O)O)C[C@H](O)C(NC(=O)CO)[C@H]([C@H](O)[C@H](O)CO)O2)[C@@H](O)[C@H](O)[C@H]1O)[C@H](O)[C@H](O)CCCCCCCCCCCCC(C)C,6.198688888888892,6.232091726190472,6.215390307539682
C=C[C@@](C)(C/C=C/C(C)(C)O)c1ccc2c3c(c[nH]c13)C[C@@H](CO)NC(=O)[C@H](C(C)C)N2C,6.107233333333335,6.322985030663784,6.215109181998559
CC(=O)N[C@H]1[C@H](O[C@@H]2CO[C@@H](O[C@H]3CC[C@@]4(C)C(CC[C@]5(C)C4C[C@@H](O)[C@@]4(C)C5CC[C@@H]4[C@H](C)CC(=O)C=C(C)C)C3(C)C)[C@H](O[C@@H]3O[C@H](CO[C@@H]4OC[C@@H](O)[C@H](O)[C@H]4O[C@@H]4O[C@H](CO)[C@@H](O)[C@H](O)[C@H]4O)[C@@H](O)[C@H](O)[C@H]3NC(C)=O)[C@H]2O)O[C@H](CO)[C@H](O)[C@@H]1O,6.347527777777778,6.082333035714282,6.21493040674603
COc1c(C)cc2c(c1O)C1[C@@H]3[C@@H]4SCC(=O)C(=O)OC[C@@H](c5c(O)c(OC)c(C)c(OC(C)=O)c54)N3[C@@H](O)C(C2)N1C,6.299230000000006,6.130249586940837,6.214739793470422
CCC/C=C\c1ccccc1[C@H](CC(=O)NC1C(=O)N(C)/C(=C/c2ccc(O)cc2)C(=O)N[C@@H](CC(C)C)C(=O)N[C@H](Cc2ccccc2)C(=O)N[C@@H]([C@H](C)O)C(=O)N[C@@H](CC(N)=O)C(=O)N[C@@H](CO)C(=O)O[C@@H]1C)[C@@]1(N)C(=O)NN=C1C(=O)NC[C@@H](O)[C@H](O)[C@H](O)CO,6.1426222222222195,6.286377744708995,6.214499983465608
CC/C(C)=C(\NC(=O)[C@@H](NC(=O)C(C)(C)C(=O)C(C)CC(C)C)[C@](C)(O)CC)C(=O)NCC(=O)N/C(C(=O)N[C@@H](C(=O)N[C@@H](C(=O)N[C@H](C(=O)N[C@@H](C(=O)N/C(C(=O)N[C@H](C)C(=O)N[C@H](C(=O)N[C@@H](C(=O)NC(C(=O)N[C@H](CN(C)C)C(C)C)=C(C)C)C(C)C)C(C)C)=C(/C)CC)C(C)(C)O)C(C)(C)O)[C@@H](C)CC)C(C)C)=C(\C)CC,6.382249999999999,6.045937361111104,6.214093680555552
CC/C(C)=C(\NC(=O)[C@@H](NC(=O)C(C)(C)C(=O)[C@@H](C)CC(C)C)[C@](C)(O)CC)C(=O)NCC(=O)N/C(C(=O)N[C@@H](C(=O)N[C@@H](C(=O)N[C@H](C(=O)N[C@@H](C(=O)N/C(C(=O)N[C@H](C)C(=O)N[C@H](C(=O)N[C@@H](C(=O)NC(C(=O)N[C@H](CN(C)C)C(C)C)=C(C)C)C(C)C)C(C)C)=C(/C)CC)C(C)(C)O)C(C)(C)O)[C@@H](C)CC)C(C)C)=C(\C)CC,6.382249999999999,6.045937361111104,6.214093680555552
CC/C(C)=C(\NC(=O)[C@@H](NC(=O)[C@H](NC(=O)[C@H](NC(=O)[C@H](NC(=O)/C(NC(=O)CNC(=O)/C(NC(=O)[C@@H](NC(=O)C(C)(C)C(=O)[C@@H](C)CC(C)C)[C@](C)(O)CC)=C(\C)CC)=C(/C)CC)C(C)C)[C@@H](C)CC)C(C)(C)O)C(C)(C)O)C(=O)N[C@H](C)C(=O)N[C@@H](C(=O)N[C@H](C(=O)NC(C(=O)N[C@H](CN(C)C)C(C)C)=C(C)C)C(C)C)C(C)C,6.382249999999999,6.045937361111104,6.214093680555552
CC[C@H](C)[C@H](NC(=O)CN)C(=O)N[C@H]1CSSC[C@@H](C(=O)O)NC(=O)[C@H]([C@@H](C)CC)NC(=O)[C@@H]2CCCN2C(=O)[C@H](CC(C)C)NC(=O)[C@H](Cc2ccccc2)NC(=O)[C@@H]2CCCN2C(=O)[C@@H]2CCCN2C(=O)[C@H](Cc2ccc(O)cc2)NC(=O)[C@@H]2CCCN2C1=O,6.419505555555553,6.008665876984127,6.21408571626984
CC[C@H](C)[C@H]1NC(=O)[C@@H](C(O)C(C)C)NC(=O)[C@H](Cc2ccc(O)cc2)NC(=O)[C@H]([C@H](C)O)NC(=O)[C@@H](C)NC(=O)[C@H](CC(C)C)NC(=O)[C@H](Cc2ccc(O)cc2)NC(=O)[C@H](Cc2ccccc2)NC1=O,6.40105555555555,6.0270927599206345,6.214074157738093
C/C1=C\CC(O)C(C)C(C(NC(=O)C(C)C(O)CCC(C)C(O)/C(C)=C/C(C)C(O)C(CC(C)C)NC(=O)/C=C/C(C)(C)C(=O)C(C)C(O)C(C)C)C(C)O)OC(=O)[C@H](O)[C@H](C(=O)O)NC(=O)/C=C/C=C/CC/C=C/C=C/CC2CC(C)CC(CC(O)C(C)C(O)/C(C)=C/C(C)C1O)O2,6.390394444444445,6.037291765873011,6.213843105158729
CC(C)[C@@H](NC(=O)[C@@H]1CCCN1C(=O)[C@H](Cc1ccc(Br)cc1)NC(=O)[C@@H](C)NC=O)C(=O)C[C@H](C(=O)N[C@H](Cc1c[nH]c2ccccc12)C(=O)N[C@@H](CCCNC(=N)N)C(=O)N[C@H](CS(=O)(=O)O)C(=O)N[C@@H]1C(=O)N(C)[C@@H](CCC(N)=O)C(=O)N[C@H](Cc2ccccc2)C(=O)NC([C@@H](C)O)C(=O)N[C@@H](CC(N)=O)C(=O)NCC(=O)O[C@@H]1C)C(C)(C)C,6.323783333333333,6.103737645502646,6.213760489417989
CC1=CC[C@H]2C(C)(C)CCC[C@]2(C)[C@H]1C[C@@H](OS(=O)(=O)[O-])[C@H](C)CCC/C(C)=C/Cc1cc(O)ccc1O.Cn1c(N)nc2c(c1=O)[n+](C)cn2C,6.280583333333334,6.146908419312167,6.213745876322751
CSCC[C@@H]1NC(=O)[C@H](C(C)C)NC(=O)[C@H](C)NC(=O)[C@@H]2CCCN2C(=O)[C@@H]2CCCN2C(=O)[C@H](CCCNC(=N)N)NC(=O)[C@H](CC(C)C)NC1=O,6.2386222222222205,6.188622251984131,6.213622237103175
CC(=O)NCCCCCNC(=O)CCC(=O)N(O)CCCCCNC(=O)CCC(=O)N(O)CCCCCNCC1(O)O[C@H](CO)[C@@H](O)[C@@H]1O,6.332316666666666,6.094909771825396,6.213613219246032
COc1c(Br)cc(C/C(=N\O)C(=O)NCCCCNC(=N)N)c(O)c1Br,6.207307222222221,6.219809406746033,6.213558314484127
C/C1=C\CC(O)C(C)C(C(NC(=O)C(C)C(O)CCC(C)C(O)/C(C)=C/C(C)(C)C(O)C(CC(C)C)NC(=O)/C=C/C(C)(C)C(=O)C(C)C(O)C(C)C)C(C)O)OC(=O)[C@H](O)[C@H](C(=O)O)NC(=O)/C=C/C=C/C=C/C=C/C=C/CC2CC(C)CC(CC(O)C(C)C(O)/C(C)=C/C(C)C1O)O2,6.389794444444445,6.037291765873011,6.2135431051587275
CCCCCCCCCCCCC(=O)NCCCOc1c(Br)cc(CCNC(=O)CCCCCCCCCCCC)cc1Br,6.182574444444441,6.244362362012982,6.2134684032287115
CCCCCCCCCCCCCCCCCCCC[C@@H](O)C(=O)N[C@@H](CO[C@@H]1O[C@H](CO[C@]2(C(=O)O)C[C@H](O)[C@@H](NC(=O)CO[C@@H]3O[C@@H](C)[C@@H](O)[C@@H](O)[C@@H]3O)[C@H](C(O)C(O)CO)O2)[C@@H](O)[C@H](O)[C@H]1O)[C@H](O)[C@H](O)CCCCCCCCCC(C)CC,6.193916666666668,6.232091726190472,6.21300419642857
CC[C@H](C)[C@@H]1NC(=O)[C@@H]2CCCN2C(=O)[C@H](CO)NC(=O)[C@H](Cc2ccccc2)NC(=O)[C@H]([C@@H](C)CC)NC(=O)[C@@H]2CCCN2C(=O)[C@H](Cc2ccccc2)NC1=O,6.250368888888889,6.175470634920634,6.212919761904761
CC(CC(=O)N(C)[C@@H]1C(=O)N(C)[C@@H](C(C)C)C(=O)N[C@H](C)C(=O)N(C)[C@@H](C)C(=O)N(C)[C@H](Cc2ccccc2)C(=O)N[C@@H](C)C(=O)O[C@@H]1C)C(Cl)Cl,6.252121111111111,6.173619884920632,6.212870498015872
C=C1C[C@](OC)([C@H](O)C(=O)N[C@H]2OCO[C@H]3[C@@H]2O[C@H](C[C@H](O)C\C=C/C=C\C=C\C(=O)N[C@@H](CCCNC(=N)N)C(=O)O)C(C)(C)[C@@H]3OC)O[C@H](C)[C@@H]1C,6.26788888888889,6.157804294733046,6.212846591810967
C#CCCC[C@H]1OC(=O)[C@H](C(C)CC)N(C)C(=O)[C@@H]2CCCN2C(=O)[C@H]([C@@H](C)CC)OC(=O)[C@@H](C(C)CC)C(C)C(=O)[C@H](C(C)C)NC(=O)[C@H]1C,6.343535555555557,6.082097159391532,6.212816357473544
CCCCCCCCCCCCCC(=O)NC(C)(C)C(=O)N1C[C@@H](O)C[C@H]1C(=O)N[C@@H](CC(C)C)C(=O)N[C@@H](C)C(=O)N[C@@H](CCC(N)=O)C(=O)N[C@H](CO)CC(C)C,6.302385555555559,6.12218358225108,6.2122845689033195
CCCCCCCCCCCCCCCCCCCCCC[C@@H](O)C(=O)N[C@@H](CO[C@H]1O[C@H](CO[C@@H]2O[C@H](CO)[C@H](O)[C@H](O)[C@H]2NC(C)=O)[C@H](O)[C@H](O)[C@H]1O[C@H]1O[C@H](CO)[C@H](O)[C@H](O)[C@H]1O)[C@H](O)[C@H](O)CCCCCCCCCCCC,6.1920666666666655,6.232091726190472,6.212079196428569
CCCCCCCCCCCCCCCCCCCC[C@@H](O)C(=O)N[C@@H](CO[C@H]1O[C@H](CO[C@@H]2O[C@H](CO)[C@H](O)[C@H](O)[C@H]2NC(C)=O)[C@H](O)[C@H](O)[C@H]1O[C@H]1O[C@H](CO)[C@H](O)[C@H](O)[C@H]1O)[C@H](O)[C@H](O)CCCCCCCCCCCCCC,6.1920666666666655,6.232091726190472,6.212079196428569
CCCCCCCCCCCCCCCCCCCCC[C@@H](O)C(=O)N[C@@H](CO[C@H]1O[C@H](CO[C@@H]2O[C@H](CO)[C@H](O)[C@H](O)[C@H]2NC(C)=O)[C@H](O)[C@H](O)[C@H]1O[C@H]1O[C@H](CO)[C@H](O)[C@H](O)[C@H]1O)[C@H](O)[C@H](O)CCCCCCCCCCCCC,6.1920666666666655,6.232091726190472,6.212079196428569
COc1c(Br)cc(O)c(Oc2ccc(Br)cc2Br)c1Br,6.058686666666667,6.365087523448774,6.211887095057721
CC(C)C[C@@H]1NC(=O)[C@H](NC(=O)N[C@@H](Cc2ccccc2)C(=O)O)CCCCNC(=O)[C@H](Cc2ccccc2)NC(=O)[C@H](Cc2c[nH]c3cc(Cl)c(O)cc23)N(C)C(=O)[C@H](CC(C)C)NC1=O,6.227483333333336,6.196043888888889,6.211763611111113
C=C1/C=C/C(=O)N(C)CC(=O)N[C@@H]([C@@H](O)C(N)=O)C(=O)O[C@@H]([C@@H](C)CCCCCCCCCCCCCCC)[C@H](C)C(=O)N1,6.196733333333338,6.2267255609668055,6.211729447150072
CC[C@H](C)[C@@H]1NC(=O)C(C(C)O)NC(=O)[C@@H](Cc2c[nH]c3ccccc23)NC(=O)[C@@H](Cc2ccc(O)cc2)NC(=O)C(NC(=O)CNC(=O)CCCC(C)C)C(C)OC(=O)[C@H](C(C)C)NC1=O,6.281244444444442,6.142089027777777,6.211666736111109
CCCCCCCCCCCCCCCCCCCC[C@@H](O)C(=O)[C@@H](O)C(=O)N[C@@H](CO[C@@H]1O[C@H](CO)[C@@H](O[C@@H]2O[C@H](CO)[C@H](O)[C@H](O)[C@H]2O)[C@H](O[C@H]2O[C@H](C)[C@H](O)[C@H](O)[C@H]2O)[C@H]1O)[C@H](O)[C@H](O)CCCCCCCCCCC(C)C,6.183518888888891,6.239305436507932,6.211412162698411
CCCCCCCCCCCCCCCCCCCCC[C@@H](O)C(=O)N[C@@H](CO[C@H]1O[C@H](CO)[C@H](O)[C@H](O)[C@H]1O[C@H]1O[C@H](CO[C@@H]2O[C@H](CO)[C@H](O)[C@H](O[C@@H]3O[C@@H](C)[C@H](O)[C@@H](O)[C@H]3O)[C@H]2NC(C)=O)[C@H](O)[C@H](O)[C@H]1O)[C@H](O)[C@H](O)CCCCCCCCCCCC(C)CC,6.190588888888891,6.232091726190472,6.211340307539682
CCCCCCCCCCCCCCCCCCCC[C@@H](O)C(=O)N[C@@H](CO[C@H]1O[C@H](CO)[C@H](O)[C@H](O)[C@H]1O[C@H]1O[C@H](CO[C@@H]2O[C@H](CO)[C@H](O)[C@H](O[C@@H]3O[C@@H](C)[C@H](O)[C@@H](O)[C@H]3O)[C@H]2NC(C)=O)[C@H](O)[C@H](O)[C@H]1O)[C@H](O)[C@H](O)CCCCCCCCCCCCC(C)CC,6.190588888888891,6.232091726190472,6.211340307539682
CCCCCCCCCCCCCCCCCCCCCC[C@@H](O)C(=O)N[C@@H](CO[C@H]1O[C@H](CO)[C@H](O)[C@H](O)[C@H]1O[C@H]1O[C@H](CO[C@@H]2O[C@H](CO)[C@H](O)[C@H](O[C@@H]3O[C@@H](C)[C@H](O)[C@@H](O)[C@H]3O)[C@H]2NC(C)=O)[C@H](O)[C@H](O)[C@H]1O)[C@H](O)[C@H](O)CCCCCCCCCCCC(C)C,6.190588888888891,6.232091726190472,6.211340307539682
CC(=O)N[C@H]1[C@H](O[C@H]2[C@H](O[C@H]3CC[C@]4(C)C5=C(CC[C@H]4C3(C)C)[C@]3(C(=O)O)CC[C@H]([C@H](C)CCC(C)(OC(C)=O)C(C)(C)C)[C@@]3(C)CC5)O[C@H](CO)[C@H](O)[C@@H]2O)O[C@H](CO)[C@@H](O)[C@@H]1O,6.367472222222222,6.055052996031744,6.211262609126983
COCC(C(=O)C[C@@H]1C/C=C/C=C/C(=O)O[C@H]([C@@H](C)[C@@H](O)[C@@H](C)CC[C@@H](OC(=O)C(C)N(C)C)[C@H](C)[C@H](OC(C)=O)[C@H](C)/C=C/N(C)C=O)C/C=C/[C@H](OC)C[C@H](C)C/C=C(\C)[C@@H](OC)CC[C@@H](C)[C@@H](O)[C@@H]1C)N(C)C,6.420544444444444,6.001908962842709,6.211226703643577
CC[C@@H](C)[C@@H]1NC(=O)[C@H](Cc2ccc(OC)cc2)N(C)C(=O)[C@@H]2CCCN2C(=O)[C@@H]2CCCN2C(=O)[C@@H]([C@@H](C)CC)NC(=O)[C@@H](NC(C)=O)[C@@H](C)OC1=O,6.24505222222222,6.177195720899468,6.211123971560844
CCCCCCCCCCCC(=O)O[C@H](CCCCCCCCC)CC(=O)N[C@H]1[C@H](OC[C@H]2O[C@H](OP(=O)(O)O)[C@H](NC(=O)C[C@@H](CCCCCCCCC)OC(=O)CCCCCCCCC)[C@@H](OC(=O)C[C@H](O)CCCCCCCCC)[C@@H]2O)O[C@H](CO)[C@@H](OP(=O)(O)O)[C@@H]1OC(=O)C[C@H](O)CCCCCCCCC,6.190138888888892,6.232091726190472,6.211115307539682
O=C(NCCSSCCNC(=O)/C(Cc1ccc(OS(=O)(=O)O)c(Br)c1)=N/O)/C(Cc1ccc(O)c(Br)c1)=N/O,6.307285000000002,6.114884545634923,6.211084772817463
CC(C)C[C@@H]1NC(=O)[C@H](C(C)C)N(C)C(=O)[C@H](Cc2ccc(O)cc2)NC(=O)[C@@H]2CCCN2C(=O)[C@H](CC(C)C)OC(=O)CCNC1=O,6.198202222222221,6.2237776157407385,6.21098991898148
CC(C)C[C@@H]1NC(=O)[C@H](C(C)C)N(C)C(=O)[C@H](Cc2ccccc2)NC(=O)[C@@H]2CCCN2C(=O)[C@H](CC(C)C)OC(=O)CCNC1=O,6.196963333333333,6.225002298280419,6.210982815806876
CCCCCCCCCCCC(=O)CC(=O)N[C@H]1[C@H](OC[C@H]2O[C@H](OP(=O)(O)O)[C@H](NC(=O)C[C@@H](CCCCCCCCCCC)OC(=O)CCCCCCCCCCC)[C@@H](OC(=O)C[C@H](O)CCCCCCC)[C@@H]2O)O[C@H](CO)[C@@H](OP(=O)(O)O)[C@@H]1OC(=O)C[C@H](O)CCCCCCC,6.18981666666667,6.232091726190472,6.21095419642857
C[C@H](/C=C/[C@@H](C)[C@H]1C[C@@H](O)[C@@H]2[C@]1(C)CC[C@@H]1[C@@]3(C)CC[C@H](O[C@@H]4OC[C@@H](O)[C@H](O)[C@H]4O)C[C@@H]3[C@@H](O)C[C@]12O)[C@H](C)C(=O)NCCS(=O)(=O)[O-].[Na+],6.2111999999999945,6.2104455952380935,6.210822797619044
CCCCC[C@H]1NC(=O)[C@H](C)NC(=O)[C@@H](Cc2ccccc2)N(C)C(=O)[C@@H]2CCCN2C(=O)[C@H]([C@@H](C)CC)OC(=O)[C@H]1C,6.170616666666664,6.251009083994708,6.210812875330686
CCCCC[C@H]1NC(=O)[C@H](C)NC(=O)[C@@H](Cc2ccccc2)N(C)C(=O)[C@@H]2CCCN2C(=O)[C@H]([C@@H](C)CC)OC(=O)[C@@H]1C,6.170616666666664,6.251009083994708,6.210812875330686
CC1NC(=O)[C@H](NC(=O)c2nc3ccccc3cc2O)[C@@H](C)OC(=O)C2(CC2C)N(C)C(=O)C2C([S+](C)[O-])SCC(C(=O)N(C)C3(CC3C)C(=O)O[C@H](C)[C@@H](NC(=O)c3nc4ccccc4cc3O)C(=O)NC(C)C(=O)N2C)N(C)C1=O,6.290244444444445,6.131338583333335,6.21079151388889
COC(CC/C=C\CCCCC(=O)CCCCCC(=O)CCCC/C=C\CCCCCO[C@H]1O[C@@H](C(=O)O)[C@H](O)[C@@H](O)[C@@H]1O)C(=O)NCCc1ccc(O)c(O)c1,6.282818888888892,6.138726904761901,6.210772896825397
C/C=C/C(=O)CC1CCC2(O)CC(C)C(CCCNC(=O)C(C)C3CNC(=O)CC(O1)C(C)CCCCC(CCC(C)/C=C(\C)C(C)OC(C)=O)O3)O2,6.411444444444445,6.009935674603169,6.210690059523808
CC(C)C[C@@H]1NC(=O)[C@H](CCCN)NC(=O)[C@H](C(C)C)NC(=O)[C@H](Cc2ccc(O)cc2)NC(=O)[C@H](CC(=O)O)NC(=O)[C@H](CC(N)=O)NC(=O)[C@@H](Cc2ccccc2)NC(=O)[C@H](Cc2ccccc2)NC(=O)[C@@H]2CCCN2C(=O)[C@@H](Cc2ccc(O)cc2)NC1=O,6.329166666666666,6.092116105158727,6.210641385912696
C=C1/C=C/C(=O)N(C)CC(=O)NC(C(O)C(N)=O)C(=O)OC(C(C)CCCCCC)C(C)C(=O)N1,6.194538888888894,6.2267255609668055,6.210632224927849
C[C@@H]1CC(=O)N(O)CCCC[C@@H](NC(=O)CCC(=O)O)C(=O)O[C@H](C)CC(=O)N(O)CCCC[C@@H](NC(=O)CCC(=O)O)C(=O)O[C@H](C)CC(=O)N(O)CCCC[C@@H](NC(=O)CCC(=O)O)C(=O)O1,6.3022888888888895,6.118701726190473,6.210495307539681
CC(C)C[C@@H]1NC(=O)[C@H](C(C)O)NC(=O)[C@@H]2CCCN2C(=O)[C@H](Cc2ccccc2)NC(=O)[C@@H]2CCCN2C(=O)[C@H](Cc2c[nH]c3ccccc23)NC(=O)[C@@H]2CCCN2C(=O)[C@H](C(C)C)NC1=O,6.231072222222222,6.189621041666666,6.210346631944445
CCCCCCCCCCCCCCCCCCCCCC[C@@H](O)C(=O)N[C@@H](CO[C@H]1O[C@H](CO)[C@H](O)[C@H](O)[C@H]1O[C@H]1O[C@H](CO[C@@H]2O[C@H](CO)[C@H](O)[C@H](O[C@@H]3O[C@@H](C)[C@H](O)[C@@H](O)[C@H]3O)[C@H]2NC(C)=O)[C@H](O)[C@H](O)[C@H]1O)[C@H](O)[C@H](O)CCCCCCCCCCCCCCC,6.188183333333332,6.232091726190472,6.2101375297619015
CCCCCCCCCCCCCCCCCCCCC[C@@H](O)C(=O)N[C@@H](CO[C@H]1O[C@H](CO)[C@H](O)[C@H](O)[C@H]1O[C@H]1O[C@H](CO[C@@H]2O[C@H](CO)[C@H](O)[C@H](O[C@@H]3O[C@@H](C)[C@H](O)[C@@H](O)[C@H]3O)[C@H]2NC(C)=O)[C@H](O)[C@H](O)[C@H]1O)[C@H](O)[C@H](O)CCCCCCCCCCCCCCCC,6.188183333333332,6.232091726190472,6.2101375297619015
CCCCCCCCCCCCCCCCCCCCCCC[C@@H](O)C(=O)N[C@@H](CO[C@H]1O[C@H](CO)[C@H](O)[C@H](O)[C@H]1O[C@H]1O[C@H](CO[C@@H]2O[C@H](CO)[C@H](O)[C@H](O[C@@H]3O[C@@H](C)[C@H](O)[C@@H](O)[C@H]3O)[C@H]2NC(C)=O)[C@H](O)[C@H](O)[C@H]1O)[C@H](O)[C@H](O)CCCCCCCCCCCCCC,6.188183333333332,6.232091726190472,6.2101375297619015
COC(CC/C=C\CCCCC(=O)CCCCCC(=O)CCCCCCCCCO[C@H]1O[C@@H](C(=O)O)[C@H](O)[C@@H](O)[C@@H]1O)C(=O)NCCc1ccc(O)c(O)c1,6.280352222222226,6.138726904761901,6.209539563492063
C/C=C(\C)[C@H]1OC(=O)[C@@H](C)NC(=O)[C@H]([C@@H](C)CC)NC(=O)CN(C)C(=O)[C@@H](Cc2ccccc2)N(C)C(=O)[C@H](C)NC(=O)[C@@H](CC(C)C)OC(=O)/C(C)=C/C[C@H](O)[C@@H]1C,6.335468888888893,6.08313662698412,6.2093027579365065
O=C(NCCCOc1c(Br)cc(CC[n+]2ccccc2)cc1Br)/C(Cc1ccccc1)=N/O,6.239090000000003,6.1792814682539685,6.209185734126986
COC(=O)C[C@H]1[C@@H](C)C(=O)[C@H]2C[C@]3(CC[C@@]4(C)C(=CC(=O)O[C@@H]4c4ccoc4)C3=O)N[C@@H]2C1(C)C,6.250227777777781,6.1680495304232785,6.20913865410053
C=C1C[C@](OC)([C@H](O)C(=O)N[C@H]2OCO[C@H]3[C@@H]2O[C@H](C[C@H](O)COC)C(C)(C)[C@@H]3OC)O[C@H](C)[C@@H]1C,6.313683333333336,6.104412936507931,6.209048134920634
CC[C@@H]1C=CCC[C@]2(C[C@H]3CC[C@H]4[C@@H](C(=O)OC(C)CCCCCCCCCCCCCCC(O)C(=O)NCCCN)[C@@]5(CCCCO5)NC(=[N+]34)N2)O1,6.163527777777776,6.254277837301584,6.20890280753968
COc1c(OC)c2c(c(CCN(C)C)c1SC)SC(CCNC(=N)N)(C1=NCCc3cc(O)c(O)cc31)S2,6.366157777777782,6.050714556277055,6.208436167027418
CCCCCCCCCCCCCCCCCCCCC[C@@H](O)C(=O)N[C@@H](CO[C@H]1O[C@H](CO)[C@H](O)[C@H](O)[C@H]1O[C@H]1O[C@H](CO[C@@H]2O[C@H](CO)[C@H](O)[C@H](O[C@@H]3O[C@@H](C)[C@H](O)[C@@H](O)[C@H]3O)[C@H]2NC(C)=O)[C@H](O)[C@H](O)[C@H]1O)[C@H](O)[C@H](O)CCCCCCCCCCCC(C)C,6.184394444444446,6.232091726190472,6.208243085317459
CCCCCCCCCCCCCCCCCCC[C@@H](O)C(=O)N[C@@H](CO[C@H]1O[C@H](CO)[C@H](O)[C@H](O)[C@H]1O[C@H]1O[C@H](CO[C@@H]2O[C@H](CO)[C@H](O)[C@H](O[C@@H]3O[C@@H](C)[C@H](O)[C@@H](O)[C@H]3O)[C@H]2NC(C)=O)[C@H](O)[C@H](O)[C@H]1O)[C@H](O)[C@H](O)CCCCCCCCCCCCC(C)CC,6.184394444444446,6.232091726190472,6.208243085317459
CCCCCCCCCCCCCCCCCCCC[C@@H](O)C(=O)N[C@@H](CO[C@H]1O[C@H](CO)[C@H](O)[C@H](O)[C@H]1O[C@H]1O[C@H](CO[C@@H]2O[C@H](CO)[C@H](O)[C@H](O[C@@H]3O[C@@H](C)[C@H](O)[C@@H](O)[C@H]3O)[C@H]2NC(C)=O)[C@H](O)[C@H](O)[C@H]1O)[C@H](O)[C@H](O)CCCCCCCCCCCC(C)CC,6.184394444444446,6.232091726190472,6.208243085317459
CCCCCCCCCCCCCCCCCCCC[C@@H](O)C(=O)N[C@@H](CO[C@H]1O[C@H](CO)[C@H](O)[C@H](O)[C@H]1O[C@H]1O[C@H](CO[C@@H]2O[C@H](CO)[C@H](O)[C@H](O[C@@H]3O[C@@H](C)[C@H](O)[C@@H](O)[C@H]3O)[C@H]2NC(C)=O)[C@H](O)[C@H](O)[C@H]1O)[C@H](O)[C@H](O)CCCCCCCCCCCC(C)C,6.18427777777778,6.232091726190472,6.208184751984126
CCCCCCCCCCCCCCCCCCC[C@@H](O)C(=O)N[C@@H](CO[C@H]1O[C@H](CO)[C@H](O)[C@H](O)[C@H]1O[C@H]1O[C@H](CO[C@@H]2O[C@H](CO)[C@H](O)[C@H](O[C@@H]3O[C@@H](C)[C@H](O)[C@@H](O)[C@H]3O)[C@H]2NC(C)=O)[C@H](O)[C@H](O)[C@H]1O)[C@H](O)[C@H](O)CCCCCCCCCCCC(C)CC,6.18427777777778,6.232091726190472,6.208184751984126
CCCCCC1OC(=O)C(C(C)C)NC(=O)C(C)NC(=O)C(Cc2ccccc2)N(C)C(=O)C2CCCN2C(=O)C1(C)C,6.184241111111108,6.231856127645501,6.208048619378305
NCCCOc1c(Br)cc(C/C(=N\O)C(=O)NCCC(=O)O)cc1Br,6.2103522222222205,6.2052739682539695,6.2078130952380945
O=C(NCCc1ccc(O)c(Br)c1)/C(Cc1cc(Br)c2c(c1)-c1cc(C/C(=N\O)C(=O)NCCc3ccc(O)c(Br)c3)cc(Br)c1OCO2)=N/O,6.36856666666667,6.047054515873017,6.207810591269844
C=C(C)CC(OC)C(O)C(=O)N[C@H](OC)[C@@H]1CC(=O)C(C)(C)[C@@H](CC(O)C(C)C2Cc3c(C)c(O)cc(O)c3C(=O)O2)O1,6.295588888888888,6.119622420634913,6.207605654761901
COc1c(Br)cc(/C=C/C(=O)NCCCC[C@@H](N)C(=O)O)cc1Br,6.141385555555551,6.273802730158731,6.2075941428571415
CC[C@H](C)[C@@H]1NC(=O)[C@@H]2CCCN2C(=O)[C@H]([C@@H](C)O)NC(=O)[C@H](CC(C)C)NC(=O)[C@@H]2CCCN2C(=O)[C@H](Cc2ccccc2)NC(=O)[C@H](Cc2c[nH]c3ccccc23)NC(=O)[C@@H]2CCCN2C1=O,6.224716666666667,6.189621041666666,6.2071688541666665
CC[C@H](C)[C@@H]1NC(=O)[C@@H]2CCCN2C(=O)[C@H]([C@@H](C)O)NC(=O)[C@H](CC(C)C)NC(=O)[C@H]2CCCN2C(=O)[C@H](Cc2ccccc2)NC(=O)[C@H](Cc2c[nH]c3ccccc23)NC(=O)[C@@H]2CCCN2C1=O,6.224716666666667,6.189621041666666,6.2071688541666665
C=C1C[C@](OC)([C@H](O)C(=O)N[C@H]2OCO[C@H]3[C@@H]2O[C@H](C[C@H](O)CCC[C@@H](O)[C@H](O)/C=C/C=C/C(=O)N[C@@H](CCCNC(=N)N)C(=O)O)C(C)(C)[C@@H]3OC)O[C@H](C)[C@@H]1C,6.213805555555558,6.200356170634921,6.207080863095239
C=C1C[C@](OC)([C@H](O)C(=O)N[C@H]2OCO[C@H]3[C@@H]2O[C@H](C[C@H](O)CCC[C@H](O)[C@H](O)/C=C/C=C/C(=O)N[C@@H](CCCNC(=N)N)C(=O)O)C(C)(C)[C@@H]3OC)O[C@H](C)[C@@H]1C,6.213805555555558,6.200356170634921,6.207080863095239
C=C1C[C@](OC)([C@H](O)C(=O)N[C@H]2OCO[C@H]3[C@@H]2O[C@H](C[C@H](O)CCC[C@@H](O)[C@@H](O)/C=C/C=C/C(=O)N[C@@H](CCCNC(=N)N)C(=O)O)C(C)(C)[C@@H]3OC)O[C@H](C)[C@@H]1C,6.213805555555558,6.200356170634921,6.207080863095239
C=C1C[C@](OC)([C@H](O)C(=O)N[C@H]2OCO[C@H]3[C@@H]2O[C@H](C[C@H](O)CCC[C@H](O)[C@@H](O)/C=C/C=C/C(=O)N[C@@H](CCCNC(=N)N)C(=O)O)C(C)(C)[C@@H]3OC)O[C@H](C)[C@@H]1C,6.213805555555558,6.200356170634921,6.207080863095239
CCCCCCCCCCCCCCCCCCCC[C@@H](O)C(=O)N[C@@H](CO[C@H]1O[C@H](CO[C@@H]2O[C@H](CO)[C@H](O)[C@H](O)[C@H]2NC(C)=O)[C@H](O)[C@H](O)[C@H]1O[C@H]1O[C@H](CO)[C@H](O)[C@H](O)[C@H]1O)[C@H](O)[C@H](O)CCCCCCCCCCCCCCC,6.1820444444444425,6.232091726190472,6.207068085317458
CCCCCCCCCCCCCCCCCCCCC[C@@H](O)C(=O)N[C@@H](CO[C@H]1O[C@H](CO[C@@H]2O[C@H](CO)[C@H](O)[C@H](O)[C@H]2NC(C)=O)[C@H](O)[C@H](O)[C@H]1O[C@H]1O[C@H](CO)[C@H](O)[C@H](O)[C@H]1O)[C@H](O)[C@H](O)CCCCCCCCCCCCCC,6.1820444444444425,6.232091726190472,6.207068085317458
CCCCCCCCCCCCCCCCCCCCCC[C@@H](O)C(=O)N[C@@H](CO[C@H]1O[C@H](CO[C@@H]2O[C@H](CO)[C@H](O)[C@H](O)[C@H]2NC(C)=O)[C@H](O)[C@H](O)[C@H]1O[C@H]1O[C@H](CO)[C@H](O)[C@H](O)[C@H]1O)[C@H](O)[C@H](O)CCCCCCCCCCCCC,6.1820444444444425,6.232091726190472,6.207068085317458
CC(C)=CCOc1ccc(C[C@H]2NC(=O)C(C)NC(=O)[C@@H](Cc3ccc(O)cc3)NC(=O)CNC(=O)C(C)NC(=O)[C@H](Cc3ccccc3)OC2=O)cc1,6.332296666666666,6.081483214285712,6.20688994047619
CC/C(C)=C(\NC(=O)[C@@H](NC(=O)[C@H](NC(=O)[C@H](NC(=O)[C@H](NC(=O)/C(NC(=O)[C@H](C)NC(=O)/C(NC(=O)[C@@H](NC(=O)C(C)(C)C(=O)[C@@H](C)CC(C)C)[C@](C)(O)CC)=C(\C)CC)=C(/C)CC)C(C)C)[C@@H](C)CC)C(C)(C)O)C(C)(C)O)C(=O)N[C@H](C)C(=O)N[C@@H](C(=O)N[C@H](C(=O)NC(C(=O)N[C@H](CN(C)C)C(C)C)=C(C)C)C(C)C)C(C)C,6.367800000000002,6.045937361111104,6.206868680555553
CC/C(C)=C(\NC(=O)[C@@H](NC(=O)C(C)(C)C(=O)C(C)CC(C)C)[C@](C)(O)CC)C(=O)N[C@@H](C)C(=O)N/C(C(=O)N[C@@H](C(=O)N[C@@H](C(=O)N[C@H](C(=O)N[C@@H](C(=O)N/C(C(=O)N[C@H](C)C(=O)N[C@H](C(=O)N[C@@H](C(=O)NC(C(=O)N[C@H](CN(C)C)C(C)C)=C(C)C)C(C)C)C(C)C)=C(/C)CC)C(C)(C)O)C(C)(C)O)[C@@H](C)CC)C(C)C)=C(\C)CC,6.367800000000002,6.045937361111104,6.206868680555553
CC[C@@H](C)[C@H](NC=O)C(=O)N[C@@H]1C(=O)N[C@H](Cc2ccc(OC)cc2)C(=O)N[C@H]([C@@H](C)CC)C(=O)N2NCCC[C@H]2C(=O)N[C@@H](CC(C)C)C(=O)N(C)[C@@H](C(C)C)C(=O)O[C@@H]1C,6.201091111111109,6.212570654761902,6.206830882936505
CCCCCCCCCCCCCCCCCCCC[C@@H](O)C(=O)N[C@@H](CO[C@@H]1O[C@H](CO)[C@@H](O[C@@H]2O[C@H](CO)[C@H](O)[C@H](O)[C@H]2NC(C)=O)[C@H](O[C@H]2O[C@H](C)[C@H](O)[C@H](O)[C@H]2O)[C@H]1NC(C)=O)[C@H](O)[C@H](O)CCCCCCCCCCCC(C)C,6.181394444444445,6.232091726190472,6.206743085317458
C=Cc1c(C)c2cc3nc(c4c5[nH]c(cc6nc(cc1[nH]2)C(C)=C6CC)c(C)c5C(=O)O[C@]4(OCC)C(=O)OC)[C@@H](CCC(=O)OC/C=C(\C)CCC[C@@H](C)CCC[C@@H](C)CCCC(C)C)[C@@H]3C,6.195288888888889,6.218011431577682,6.206650160233286
CCCCC[C@H](O)CC(=O)O[C@H]1C=COC=C2C[C@@]3(SC)C(=O)N4c5c(O)cccc5C[C@@]4(SC)C(=O)N3[C@@H]21,6.248780000000007,6.164328489658484,6.2065542448292454
CC[C@H](C)[C@H](NC(=O)[C@H](CCC(N)=O)N(C)C(=O)[C@H](OC(=O)[C@@H](O)C(C)C)C(C)C)C(=O)N[C@@H](C)C(=O)N(C)[C@H](Cc1ccccc1)C(=O)N1CCC[C@H]1C(=O)OC,6.326963333333335,6.085347390873012,6.206155362103173
CC(=O)N[C@H]1[C@H](O[C@@H]2CC3=CC(=O)CC[C@]3(C)C3CC[C@@]4(C)C(CC[C@@H]4[C@H](C)CCC[C@@H](C)COC(C)=O)[C@@H]32)O[C@H](CO)[C@@H](O)[C@@H]1O,6.400349999999999,6.011886051587299,6.206118025793649
CCOC(=O)/C=C/c1cc(Br)c(OCCCN(C)C)c(Br)c1,6.31550222222222,6.096374182178928,6.205938202200574
C[C@@H]1NC(=O)[C@@H](Cc2ccccc2)NC(=O)[C@@H](CO)NC(=O)c2ccccc2NC(=O)/C(=C\c2c[nH]c3ccccc23)NC(=O)[C@H]([C@@H](C)O)NC1=O,6.3272611111111114,6.084015833333334,6.205638472222223
C[C@@H]1NC(=O)[C@@H](Cc2ccccc2)NC(=O)[C@@H](CO)NC(=O)c2ccccc2NC(=O)/C(=C/c2c[nH]c3ccccc23)NC(=O)[C@H]([C@@H](C)O)NC1=O,6.3272611111111114,6.084015833333334,6.205638472222223
CC[C@H](C)[C@H](NC(=O)C(C)(C)NC(=O)[C@@H](NC(=O)C(C)(C)NC(=O)C(C)(C)NC(C)=O)C(C)C)C(=O)NC(C)(C)C(=O)N[C@@H](C)C(=O)N[C@@H](C)C(=O)NC(C)(C)C(=O)N1CCC[C@H]1CO,6.337611111111112,6.073607252886003,6.2056091819985575
CC[C@H](C)[C@H](NC(=O)C(C)(C)NC(=O)[C@@H](NC(=O)C(C)(C)NC(=O)[C@H](C)NC(C)=O)C(C)C)C(=O)NC(C)(C)C(=O)NC(C)(C)C(=O)N[C@@H](C)C(=O)NC(C)(C)C(=O)N1CCC[C@H]1CO,6.337611111111112,6.073607252886003,6.2056091819985575
CCC[C@H](O)CC[C@@H](C)[C@@H]1OC(=O)[C@H](C)NC(=O)[C@H]([C@@H](C)CCO)N(C)C(=O)C2(C)CN(O2)C(=O)[C@H](C)NC(=O)C1(C)C,6.226027777777778,6.184584563492059,6.205306170634919
C[C@@H](O)[C@H](NC(=O)[C@H](CCCNC(=N)N)NC(=O)c1cccc(O)c1O)C(=O)O[C@H](C)[C@H](NC(=O)[C@H](CCCNC(=N)N)NC(=O)c1cccc(O)c1O)C(=O)O[C@H](C)[C@H](NC(=O)[C@H](CCCNC(=N)N)NC(=O)c1cccc(O)c1O)C(=O)O,6.254679999999995,6.1558535806277055,6.20526679031385
CCCCCCCCCCCCCCCCCCCCC[C@@H](O)C(=O)N[C@@H](CO[C@H]1O[C@H](CO)[C@H](O)[C@H](O)[C@H]1O[C@H]1O[C@H](CO[C@@H]2O[C@H](CO[C@H]3O[C@H]([C@H](C)O)[C@@H](O)[C@@H]3O)[C@H](O)[C@H](O)[C@H]2NC(C)=O)[C@H](O)[C@H](O)[C@H]1O)[C@H](O)[C@H](O)CCCCCCCCCCCCCCCC,6.188183333333332,6.222206170634918,6.205194751984125
CCCCCCCCCCCCCCCCCCCC[C@@H](O)C(=O)N[C@@H](CO[C@H]1O[C@H](CO)[C@H](O)[C@H](O)[C@H]1O[C@H]1O[C@H](CO[C@@H]2O[C@H](CO[C@H]3O[C@H]([C@H](C)O)[C@@H](O)[C@@H]3O)[C@H](O)[C@H](O)[C@H]2NC(C)=O)[C@H](O)[C@H](O)[C@H]1O)[C@H](O)[C@H](O)CCCCCCCCCCCCCCCCC,6.188183333333332,6.222206170634918,6.205194751984125
CCCCCCCCCCCCCCCCCCCCCC[C@@H](O)C(=O)N[C@@H](CO[C@H]1O[C@H](CO)[C@H](O)[C@H](O)[C@H]1O[C@H]1O[C@H](CO[C@@H]2O[C@H](CO[C@H]3O[C@H]([C@H](C)O)[C@@H](O)[C@@H]3O)[C@H](O)[C@H](O)[C@H]2NC(C)=O)[C@H](O)[C@H](O)[C@H]1O)[C@H](O)[C@H](O)CCCCCCCCCCCCCCC,6.188183333333332,6.222206170634918,6.205194751984125
C[C@@]1(O)C2=Nc3c([nH]c(=O)[nH]c3=O)NC[C@H]2[C@H](C(=O)O[C@H]2[C@H](O)[C@H](O)[C@H](O)[C@@H](O)[C@@H]2O[C@H]2OC[C@H](O)[C@@H](O)[C@@H]2O)[C@]12C(=O)Nc1cc(Br)ccc12,6.304798888888897,6.105531859126988,6.205165374007942
C[C@@]1(O)C2=Nc3c([nH]c(=O)[nH]c3=O)NC[C@H]2[C@H](C(=O)O[C@H]2[C@H](O)[C@H](O)[C@H](O)[C@@H](O)[C@@H]2O[C@@H]2OC[C@@H](O)[C@H](O)[C@H]2O)[C@]12C(=O)Nc1cc(Br)ccc12,6.304798888888897,6.105531859126988,6.205165374007942
C[C@@]1(O)C2=Nc3c([nH]c(=O)[nH]c3=O)NC[C@H]2[C@H](C(=O)O[C@@H]2[C@@H](O)[C@@H](O)[C@@H](O)[C@H](O)[C@H]2O[C@@H]2OC[C@@H](O)[C@H](O)[C@H]2O)[C@]12C(=O)Nc1cc(Br)ccc12,6.304798888888897,6.105531859126988,6.205165374007942
CCCCCCCCCCCCCCCCCCCCCCC[C@@H](O)C(=O)N[C@@H](CO[C@H]1O[C@H](CO)[C@H](O)[C@H](O)[C@H]1O[C@H]1O[C@H](CO[C@@H]2O[C@H](CO)[C@H](O)[C@H](O[C@@H]3O[C@@H](C)[C@H](O)[C@@H](O)[C@H]3O)[C@H]2NC(C)=O)[C@H](O)[C@H](O)[C@H]1O)[C@H](O)[C@H](O)CCCCCCCCCCCCCCC,6.17816111111111,6.232091726190472,6.20512641865079
CCCCCCCCCCCCCCCCCCCCCC[C@@H](O)C(=O)N[C@@H](CO[C@H]1O[C@H](CO)[C@H](O)[C@H](O)[C@H]1O[C@H]1O[C@H](CO[C@@H]2O[C@H](CO)[C@H](O)[C@H](O[C@@H]3O[C@@H](C)[C@H](O)[C@@H](O)[C@H]3O)[C@H]2NC(C)=O)[C@H](O)[C@H](O)[C@H]1O)[C@H](O)[C@H](O)CCCCCCCCCCCCCCCC,6.17816111111111,6.232091726190472,6.20512641865079
CCCCCCCCCCCCCCCCCCCCCC[C@@H](O)C(=O)N[C@@H](CO[C@H]1O[C@H](CO)[C@H](O)[C@H](O[C@H]2O[C@H](CO)[C@H](O)[C@H](O)[C@H]2NC(C)=O)[C@H]1O[C@H]1O[C@H](CO)[C@@H](O)[C@H](O)[C@H]1O)[C@H](O)[C@H](O)CCCCCCCCCCCCCC,6.178088888888888,6.232091726190472,6.205090307539679
CCCCCCCCCCCCCCCCCCCCCC[C@@H](O)C(=O)N[C@@H](CO[C@H]1O[C@H](CO)[C@H](O)[C@H](O[C@H]2O[C@H](CO)[C@H](O)[C@H](O)[C@H]2NC(C)=O)[C@H]1O[C@H]1O[C@H](CO)[C@H](O)[C@H](O)[C@H]1O)[C@H](O)[C@H](O)CCCCCCCCCCCCCC,6.178088888888888,6.232091726190472,6.205090307539679
CCCCCCCCCCCCCCCCCCCC[C@@H](O)C(=O)N[C@@H](CO[C@H]1O[C@H](CO[C@@H]2O[C@H](CO)[C@H](O)[C@H](O)[C@H]2NC(C)=O)[C@H](O)[C@H](O)[C@H]1O[C@H]1O[C@H](CO)[C@H](O)[C@H](O)[C@H]1O)[C@H](O)[C@H](O)CCCCCCCCCCCCCCCC,6.178088888888888,6.232091726190472,6.205090307539679
CCCCCCCCCCCCCCCCCCCCCC[C@@H](O)C(=O)N[C@@H](CO[C@H]1O[C@H](CO[C@@H]2O[C@H](CO)[C@H](O)[C@H](O)[C@H]2NC(C)=O)[C@H](O)[C@H](O)[C@H]1O[C@H]1O[C@H](CO)[C@H](O)[C@H](O)[C@H]1O)[C@H](O)[C@H](O)CCCCCCCCCCCCCC,6.178088888888888,6.232091726190472,6.205090307539679
CCCCCCCCCCCCCCCCCCCCC[C@@H](O)C(=O)N[C@@H](CO[C@H]1O[C@H](CO[C@@H]2O[C@H](CO)[C@H](O)[C@H](O)[C@H]2NC(C)=O)[C@H](O)[C@H](O)[C@H]1O[C@H]1O[C@H](CO)[C@H](O)[C@H](O)[C@H]1O)[C@H](O)[C@H](O)CCCCCCCCCCCCCCC,6.178088888888888,6.232091726190472,6.205090307539679
C=C1/C=C/C(=O)N(C)CC(=O)N[C@@H]([C@@H](O)C(N)=O)C(=O)O[C@@H]([C@@H](C)CCCCCCCCCCCCCC)[C@H](C)C(=O)N1,6.18301666666667,6.2267255609668055,6.204871113816738
CCCCCCCCCCCC(=O)NC(C)(C)C(=O)N1CCC[C@H]1C(=O)N[C@@H](CC(C)C)C(=O)N[C@H](C(=O)N[C@@H](CCC(N)=O)C(=O)N[C@H](CO)CC(C)C)C(C)C,6.390763333333337,6.01881622113997,6.204789777236654
COC(CO)C(=O)NC(C(=O)N1[C@H](C(=O)NCCC2=CC[N+](=C(N)N)C2)C[C@@H]2C[C@H](O)[C@@H](O)C[C@@H]21)C(C)C,6.181888888888887,6.2271649007936505,6.204526894841269
COc1cc(CCN(C)C)c2c(c1O)SC(CCNC(=N)N)(C1=NCCc3cc(O)c(O)cc31)S2,6.31215666666667,6.096762353896103,6.204459510281387
CC[C@H](C)[C@H](NC(=O)[C@@H](NC(=O)[C@@H]1CCCN1C(=O)/C1=C/N[C@@H]([C@@H](C)CC)C(=O)N2C[C@H](O)C[C@H]2C(=O)N[C@@H]([C@@H](C)CC)C(=O)N[C@@H]([C@@H](C)CC)C(=O)N[C@@H](CC(C)C)C(=O)N2CCC[C@H]2C(=O)N2CCC[C@H]2C(=O)N[C@@H](CC(C)C)C(=O)N1)[C@@H](C)CC)C(N)=O,6.305166666666665,6.103736908730156,6.20445178769841
CC[C@H](C)[C@H](NC(=O)C(C)(C)NC(=O)[C@@H](NC(=O)C(C)(C)NC(=O)C(C)(C)NC(C)=O)C(C)C)C(=O)NC(C)(C)C(=O)NC(C)(C)C(=O)N[C@@H](C)C(=O)NC(C)(C)C(=O)N1CCC[C@H]1CO,6.335144444444445,6.073607252886003,6.204375848665224
CCCCCCC[C@H](O)CC(=O)N[C@@H](CC(C)C)C(=O)N[C@H](CCC(=O)O)C(=O)N[C@H]1C(=O)N[C@H](C(C)CC)C(=O)N[C@@H](CC(C)C)C(=O)N[C@H](CO)C(=O)N[C@@H](CC(C)C)C(=O)N[C@H](CO)C(=O)N[C@@H](C(C)CC)C(=O)OC1C,6.298111111111114,6.110311230158727,6.20421117063492
CCCCCCCC[C@H](O)CC(=O)N[C@@H](CC(C)C)C(=O)N[C@H](CCC(=O)O)C(=O)N[C@H]1C(=O)N[C@H](C(C)C)C(=O)N[C@@H](CC(C)C)C(=O)N[C@H](CO)C(=O)N[C@@H](CC(C)C)C(=O)N[C@H](CO)C(=O)N[C@@H](C(C)CC)C(=O)OC1C,6.298111111111114,6.110311230158727,6.20421117063492
CCCC(CC)COC(=O)CC(=O)OC1CC(O)CC(O)CC(O)/C(C)=C/C=C/C(C)C(C(C)CCC/C=C/CCCN/C(=N/C)NC)OC(=O)/C(C)=C/C=C/C(C)C(O)CC(O)C(C)C(O)CCC(C)C(O)CC2(O)OC(C1)CC(O)C2O,6.342194444444444,6.0660852380952335,6.204139841269839
CC(=O)N[C@@H]1[C@@H](OC(COCCCCCCCCC(C)CCCCCCCCCO)CO[C@@H]2OC[C@@H](O)[C@H](O)[C@H]2O)O[C@@H](CO)[C@H](O)[C@H]1O,6.328838888888891,6.0791736904761855,6.204006289682538
CCCCCCC[C@H](O)CC(=O)N[C@@H](CC(C)C)C(=O)N[C@H](CCC(=O)O)C(=O)N[C@H]1C(=O)N[C@H](C(C)C)C(=O)N[C@@H](CC(C)C)C(=O)N[C@H](CO)C(=O)N[C@@H](CC(C)C)C(=O)N[C@H](CO)C(=O)N[C@@H](CC(C)C)C(=O)OC1C,6.2976222222222225,6.110311230158727,6.203966726190474
CC(C)C[C@@H](NC(=O)[C@@H](C)CNC(=O)[C@@H](NC(=O)[C@@H](NC(=O)[C@@H](CC(C)C)NC(=O)[C@@H](N)Cc1c[nH]c2ccccc12)C(C)C)[C@@H](C)O)C(=O)N[C@H](C(=O)N[C@H](C)C(=O)N[C@H](C(=O)N[C@H](C)C(=O)O)C(C)C)C(C)C,6.37408333333333,6.033841438492064,6.203962385912697
CCCCCC/C=C/CCCCCC(O)CC(=O)NC(CC(C)C)C(=O)N[C@@H]1C(=O)N[C@H](CO)C(=O)N[C@@H]([C@H](C)O)C(=O)NC(CC(C)C)C(=O)NC(CC(C)C)C(=O)O[C@H]1C,6.304622222222222,6.103122400793646,6.203872311507935
CCCCCCCCC[C@H](O)CC(=O)N[C@@H](CC(C)C)C(=O)N[C@H](CCC(=O)O)C(=O)N[C@H]1C(=O)N[C@H](C(C)C)C(=O)N[C@@H](CC(C)C)C(=O)N[C@H](CO)C(=O)N[C@@H](CC(C)C)C(=O)N[C@H](CO)C(=O)N[C@@H](C(C)CC)C(=O)OC1C,6.297133333333336,6.110311230158727,6.203722281746032
CCCCCCCC[C@H](O)CC(=O)N[C@@H](CC(C)C)C(=O)N[C@H](CCC(=O)O)C(=O)N[C@H]1C(=O)N[C@H](C(C)CC)C(=O)N[C@@H](CC(C)C)C(=O)N[C@H](CO)C(=O)N[C@@H](CC(C)C)C(=O)N[C@H](CO)C(=O)N[C@@H](C(C)CC)C(=O)OC1C,6.297133333333336,6.110311230158727,6.203722281746032
CO[C@@H](CC/C=C\CCCCC(=O)CCCCC(=O)CCCCCCCCCCO[C@@H]1O[C@H](C(=O)O)[C@@H](O)[C@H](O)[C@H]1O)C(=O)NCCc1ccc(O)cc1,6.268685555555559,6.138726904761901,6.20370623015873
CCCCCCCCCCCCCCCCCCC[C@@H](O)C(=O)N[C@@H](CO[C@H]1O[C@H](CO)[C@H](O)[C@H](O)[C@H]1O[C@H]1O[C@H](CO[C@@H]2O[C@H](CO)[C@H](O)[C@H](O[C@@H]3O[C@@H](C)[C@H](O)[C@@H](O)[C@H]3O)[C@H]2NC(C)=O)[C@H](O)[C@H](O)[C@H]1O)[C@H](O)[C@H](O)CCCCCCCCCCCC(C)C,6.17507777777778,6.232091726190472,6.203584751984126
C=C[C@@](C)(CCC(O)C(=C)C)c1ccc2c3c(c[nH]c13)C[C@@H](CO)NC(=O)[C@H](C(C)C)N2C,6.116433333333335,6.290246102092351,6.2033397177128435
C/C(=C\CC/C(C)=C/Cn1cnc2c1C(=O)N(C)CN2C)CC/C=C(\C)CC(=O)CC(C)C,6.102874444444446,6.303602293771044,6.203238369107744
COc1cc(CCN(C)C)c2sc3c(OC)c(OC)c(SC)c(CCN(C)C)c3ssc2c1O,6.248101111111116,6.158260469696968,6.203180790404042
CCCCCCCCCCCCCCCCCCCCCCC[C@@H](O)C(=O)N[C@@H](CO[C@H]1O[C@H](CO)[C@H](O)[C@H](O)[C@H]1O[C@H]1O[C@H](CO[C@@H]2O[C@H](CO)[C@H](O)[C@H](O[C@@H]3O[C@@H](C)[C@H](O)[C@@H](O)[C@H]3O)[C@H]2NC(C)=O)[C@H](O)[C@H](O)[C@H]1O)[C@H](O)[C@H](O)CCCCCCCCCCCCCCCC,6.174205555555554,6.232091726190472,6.203148640873013
CCC(C)[C@@H]1N/C=C(/C(=O)N2CCC[C@H]2C(=O)N[C@@H](Cc2ccccc2)C(=O)N[C@@H](CC(C)C)C(=O)O)NC(=O)[C@H](CC(C)C)NC(=O)[C@@H]2CCCN2C(=O)[C@@H]2CCCN2C(=O)[C@H](CC(C)C)NC(=O)[C@H](C(C)C)NC(=O)[C@@H]2C[C@@H](O)CN2C1=O,6.301677777777778,6.103736908730156,6.202707343253967
Cn1cnc(Sc2c(O)cc(O)c3c2C[C@H](C(=O)O)N[C@@H]3Cc2ccc(O)cc2)c1C[C@H](N)C(=O)O,6.324655555555554,6.0807583630952395,6.202706959325397
Cn1cnc(Sc2c(O)cc(O)c3c2C[C@@H](C(=O)O)N[C@H]3Cc2ccc(O)cc2)c1CC(N)C(=O)O,6.324655555555554,6.0807583630952395,6.202706959325397
COC1=C(Br)C[C@]2(OC=C1Br)ON=C(C(=O)NCCCOc1c(Br)cc(C=O)cc1Br)[C@@H]2O,6.2647366666666695,6.140627288359788,6.202681977513229
CC(C)CCCCCCCCCCCC(=O)NCCc1cc(Br)c(OCCCNC(=O)C#N)c(Br)c1,6.152835555555552,6.25233713383838,6.202586344696966
C/C(=C\C(=O)OCCCCCCCC(=O)NC1=C2SS(=O)(=O)C=C2NC1=O)[C@@H](O)[C@@H]1OC[C@H](C/C=C/[C@@H](C)[C@H](C)O)[C@@H](O)[C@H]1O,6.306072222222222,6.098972936507937,6.20252257936508
COC(=O)NCC(=O)CCCNC(=O)C1=NO[C@]2(C=C(Br)C(OC)=C(Br)[C@@H]2O)C1,6.3923266666666665,6.012360066137561,6.202343366402114
CCCCCCCCCCCCCCCCCCCCCC[C@@H](O)C(=O)[C@@H](O)C(=O)N[C@@H](CO[C@@H]1O[C@H](CO)[C@@H](O[C@@H]2O[C@H](CO)[C@H](O)[C@H](O)[C@H]2O)[C@H](O[C@H]2O[C@H](C)[C@H](O)[C@H](O)[C@H]2O)[C@H]1O)[C@H](O)[C@H](O)CCCCCCCCCCCCCCC,6.164718888888891,6.239305436507932,6.202012162698411
CO[C@@]12C(=O)N(C)[C@@H](CO)C(=O)N1[C@@H]1Nc3ccccc3[C@]1([C@@]13c4ccccc4N[C@@H]1N1C(=O)C4(C(C)C)SS[C@]1(C(=O)N4C)[C@H]3O)[C@@H]2O,6.3974966666666715,6.006390049603176,6.201943358134924
CC(C)C[C@@H]1NC(=O)[C@H](NC(=O)N[C@@H](Cc2ccccc2)C(=O)O)CCCCNC(=O)[C@H](Cc2ccccc2)NC(=O)[C@H](Cc2c[nH]c3cc(Cl)ccc23)N(C)C(=O)[C@H](CC(C)C)NC1=O,6.212844444444449,6.191037936507938,6.201941190476194
CC(C)C[C@H]1NC(=O)[C@H](NC(=O)N[C@H](Cc2ccccc2)C(=O)O)CCCCNC(=O)[C@@H](Cc2ccccc2)NC(=O)[C@@H](Cc2c[nH]c3cc(Cl)ccc23)N(C)C(=O)[C@@H](CC(C)C)NC1=O,6.212844444444449,6.191037936507938,6.201941190476194
C#CCCC[C@@H](O)[C@@H](C)[C@@H]1C/C=C(/C)C(=O)O[C@H](CC(C)C)C(=O)N[C@@H](C)C(=O)N(C)[C@H](Cc2ccccc2)C(=O)N(C)CC(=O)N[C@@H]([C@H](C)CC)C(=O)N(C)[C@@H](C)C(=O)O1,6.320702222222226,6.08313662698412,6.201919424603173
COc1c(-c2csc(-c3ccc4cc(Cl)ccc4n3)n2)n(C)c(C(=O)NCCO)c([S+](C)[O-])c1=O,6.301344444444446,6.102464077380948,6.201904260912697
Oc1c(Br)cc(Cc2cc(Br)c(O)c(Br)c2)cc1Br,6.095443333333328,6.308278775974024,6.201861054653676
CC(C)C[C@@H]1OC(=O)[C@H](C)NC(=O)[C@H](C(C)(C)O)OC(=O)[C@H](C)N(C)C(=O)[C@@H](C)NC(=O)[C@@H](Cc2ccccc2)N(C)C1=O,6.21817111111111,6.185494831349204,6.201832971230157
C=C1Oc2cc(OC)cc(C(=O)OC[C@H]3O[C@H](OC[C@H]4O[C@H](O)[C@H](O)[C@@H](O)[C@@H]4O)[C@H](O)[C@@H](O)[C@@H]3O)c2NC1=O,6.168598888888895,6.235036160774412,6.201817524831654
C=C(C)C(Cl)COc1ccc(C[C@@H]2NC(=O)c3nc(oc3C)[C@H]([C@@H](C)CC)NC(=O)[C@@H]3CCCN3C(=O)[C@@H]3CCCN3C(=O)[C@H](C)NC(=O)c3coc(n3)[C@@H]3CCCN3C2=O)cc1,6.22890555555555,6.1745826984126975,6.201744126984124
CCOC(=O)NCCCOc1c(Br)cc(CCNC=O)cc1Br,6.182671111111109,6.219737074314573,6.201204092712841
CCCCCCCCCCCCCCCCCCCC[C@@H](O)C(=O)[C@@H](O)C(=O)N[C@@H](CO[C@@H]1O[C@H](CO)[C@@H](O[C@@H]2O[C@H](CO)[C@H](O)[C@H](O)[C@H]2O)[C@H](O[C@H]2O[C@H](C)[C@H](O)[C@H](O)[C@H]2O)[C@H]1O)[C@H](O)[C@H](O)CCCCCCCCCCCCCCC,6.162518888888891,6.239305436507932,6.200912162698412
CCCCCCCCCCCCCCCCCCCCC[C@@H](O)C(=O)[C@@H](O)C(=O)N[C@@H](CO[C@@H]1O[C@H](CO)[C@@H](O[C@@H]2O[C@H](CO)[C@H](O)[C@H](O)[C@H]2O)[C@H](O[C@H]2O[C@H](C)[C@H](O)[C@H](O)[C@H]2O)[C@H]1O)[C@H](O)[C@H](O)CCCCCCCCCCCCCC,6.162518888888891,6.239305436507932,6.200912162698412
CCCCCCCCCCCCCCCCCCCCCC[C@@H](O)C(=O)[C@@H](O)C(=O)N[C@@H](CO[C@@H]1O[C@H](CO)[C@@H](O[C@@H]2O[C@H](CO)[C@H](O)[C@H](O)[C@H]2O)[C@H](O[C@H]2O[C@H](C)[C@H](O)[C@H](O)[C@H]2O)[C@H]1O)[C@H](O)[C@H](O)CCCCCCCCCCCCC,6.162518888888891,6.239305436507932,6.200912162698412
C[C@H](O)Cc1c(Br)c(O)c2c(=O)c3c(O)c(Br)c(O)c4c5c(O)c(Br)c(O)c6c(=O)c7c(O)c(Br)c(C[C@H](C)OS(=O)(=O)O)c8c1c2c(c34)c(c65)c78,6.2881611111111075,6.113619138167387,6.200890124639248
CCCCCCCCCCCCCCCCCCCC[C@@H](O)C(=O)N[C@@H](CO[C@H]1O[C@H](CO[C@@H]2O[C@H](CO)[C@H](O)[C@H](O)[C@H]2NC(C)=O)[C@H](O)[C@H](O)[C@H]1O[C@H]1O[C@H](CO)[C@H](O)[C@H](O)[C@H]1O)[C@H](O)[C@H](O)CCCCCCCCCCCCCCCCC,6.169555555555554,6.232091726190472,6.200823640873013
CCCCCCCCCCCCCCCCCCCCCC[C@@H](O)C(=O)N[C@@H](CO[C@H]1O[C@H](CO[C@@H]2O[C@H](CO)[C@H](O)[C@H](O)[C@H]2NC(C)=O)[C@H](O)[C@H](O)[C@H]1O[C@H]1O[C@H](CO)[C@H](O)[C@H](O)[C@H]1O)[C@H](O)[C@H](O)CCCCCCCCCCCCCCC,6.169555555555554,6.232091726190472,6.200823640873013
CCCCCCCCCCCCCCCCCCCCC[C@@H](O)C(=O)N[C@@H](CO[C@H]1O[C@H](CO[C@@H]2O[C@H](CO)[C@H](O)[C@H](O)[C@H]2NC(C)=O)[C@H](O)[C@H](O)[C@H]1O[C@H]1O[C@H](CO)[C@H](O)[C@H](O)[C@H]1O)[C@H](O)[C@H](O)CCCCCCCCCCCCCCCC,6.169555555555554,6.232091726190472,6.200823640873013
COC(=O)[C@@H](CSC[C@H](O)C(=O)OC)N1C(=O)C[C@@H](C)C1=O,6.327687777777781,6.073793382034626,6.200740579906204
CO[C@@H]1[C@H](O[C@@H]2CO[C@@H](O[C@@H]3[C@@H](O)[C@H](O)CO[C@H]3N3C(=O)/C(=C(O)/C=C/C=C/C=C/C=C/C=C(Cl)/C=C/C=C/C=C(/C)Cl)C(=O)C3CC(N)=O)[C@@H](O)[C@@H]2O)O[C@H](C)[C@H]1O,6.365448888888893,6.035982178330931,6.2007155336099125
C/C(=C\C(=O)OCCCCCCCC(=O)Nc1c2sscc-2[nH]c1=O)C[C@@H]1OCC(C/C=C/[C@@H](C)[C@H](C)O)=C(O)C1=O,6.171144444444444,6.2302652777777805,6.200704861111112
CC[C@H](C)[C@H](NC(=O)[C@@H]1CCCN1C(=O)/C1=C/N[C@@H](C(C)C)C(=O)N2CCC[C@H]2C(=O)N[C@@H](C(C)C)C(=O)N[C@@H](Cc2ccccc2)C(=O)N2CCC[C@H]2C(=O)N2CCC[C@H]2C(=O)N[C@@H](CC(C)C)C(=O)N1)C(N)=O,6.292094444444445,6.10852647222222,6.200310458333332
CC/C=C\C/C=C\C/C=C\C/C=C\C/C=C\C/C=C\CCC(=O)OC(COC(=O)CCCCC/C=C\C/C=C\C/C=C\C/C=C\C/C=C\C[As](C)(C)=O)COP(=O)([O-])OCC[N+](C)(C)C,6.362657777777783,6.037805057720054,6.200231417748919
CC/C=C\C/C=C\C/C=C\C/C=C\C/C=C\C/C=C\CCC(=O)OC(COC(=O)CCC/C=C\C/C=C\C/C=C\C/C=C\C/C=C\C/C=C\C[As](C)(C)=O)COP(=O)([O-])OCC[N+](C)(C)C,6.362657777777783,6.037805057720054,6.200231417748919
CCCCCCCCCCCCCCCCCCCCC[C@@H](O)C(=O)N[C@@H](CO[C@H]1O[C@H](CO)[C@H](O)[C@H](O)[C@H]1O[C@H]1O[C@H](CO[C@@H]2O[C@H](CO[C@H]3O[C@H]([C@H](C)O)[C@@H](O)[C@@H]3O)[C@H](O)[C@H](O)[C@H]2NC(C)=O)[C@H](O)[C@H](O)[C@H]1O)[C@H](O)[C@H](O)CCCCCCCCCCCCCCCCC,6.17816111111111,6.222206170634918,6.200183640873014
CCCCCCCCCCCCCCCCCCCCCC[C@@H](O)C(=O)N[C@@H](CO[C@H]1O[C@H](CO)[C@H](O)[C@H](O)[C@H]1O[C@H]1O[C@H](CO[C@@H]2O[C@H](CO[C@H]3O[C@H]([C@H](C)O)[C@@H](O)[C@@H]3O)[C@H](O)[C@H](O)[C@H]2NC(C)=O)[C@H](O)[C@H](O)[C@H]1O)[C@H](O)[C@H](O)CCCCCCCCCCCCCCCC,6.17816111111111,6.222206170634918,6.200183640873014
C=C1/C=C/C(=O)N(C)CC(=O)N[C@@H]([C@@H](O)C(N)=O)C(=O)O[C@@H]([C@@H](C)CCCCCCCCCCCCC)[C@H](C)C(=O)N1,6.17331666666667,6.2267255609668055,6.200021113816738
N=C(N)NCCCCNC(=O)Oc1c(Br)cc(O)c(CC(=O)O)c1Br,6.2269283333333325,6.172807180555559,6.199867756944446
CC/C=C(\C)[C@H]1OC(=O)[C@H](C)N(C)C(=O)[C@H](C(C)C)NC(=O)CN(C)C(=O)[C@H]([C@H](C)CC)N(C)C(=O)[C@H](C(C)C)NC(=O)[C@@H]([C@@H](C)CC)OC(=O)/C(C)=C/C[C@H](O)[C@@H]1C,6.37864666666667,6.020681765873012,6.199664216269841
CC(C)C[C@H](NC(=O)[C@@H](CCCNC(=N)N)NC(=O)[C@H](NC(=O)[C@H](NC(=O)[C@H](NC(=O)[C@H](O)[C@H](O)[C@H](CCCNC(=N)N)NC(=O)[C@@H](C)NC(=O)[C@H](C)[C@H](O)[C@H](C)CC(C)C)[C@@H](C)CC(N)=O)[C@@H](C)O)[C@@H](C)O)C(=O)N(C)[C@@H](CCC(N)=O)C(=O)N[C@H]1C(=O)N(C)[C@@H](C)C(=O)O[C@H]1c1ccc(O)cc1,6.3267833333333305,6.072461111111107,6.199622222222219
C=C1CC(OC)CCCCCC2=CC(=O)OC(/C=C(/C)CC(=O)OC(/C=C\C(C)C)C(C)C(O)C(=O)N2)C/C(C)=C/C=C/1C,6.331866666666664,6.066879940476185,6.1993733035714245
C=C1CC(OC)CCCCC/C2=C\C(=O)OC(/C=C(/C)CC(=O)OC(/C=C\C(C)C)C(C)C(O)C(=O)N2)C/C(C)=C/C=C/1C,6.331866666666664,6.066879940476185,6.1993733035714245
C/C1=C\[C@H](C)C[C@H](C)OC(=O)[C@H](C)NC(=O)[C@@H](Cc2ccc(O)c(Cl)c2)N(C)C(=O)CNC(=O)[C@@H](C)C1,6.35077666666667,6.047540753968252,6.199158710317461
CC[C@H](C)[C@@H]1NC(=O)[C@H]([C@@H](C)O)NC(=O)[C@@H]2CCCN2C(=O)[C@H](Cc2ccc(O)cc2)N(N)C(=O)C2=COC(N2)[C@H](C)NC(=O)[C@@H]2CCCN2C(=O)[C@@H]2CCCN2C1=O,6.361213333333336,6.037037936507932,6.199125634920634
Cc1cc(O)cc(Oc2cc(C(=O)O)cc(O)c2O)c1,6.110351111111113,6.287841775793653,6.199096443452383
CS[C@@H]1C(=O)N(C)[C@](Cc2ccc(OC/C=C(\C)C(=O)O)cc2)(SC)C(=O)N1C,6.2890133333333305,6.108912448773445,6.198962891053387
CCCCCC/C=C/CCCC(O)CC(=O)NC(CC(C)C)C(=O)N[C@@H]1C(=O)N[C@H](CO)C(=O)N[C@@H]([C@H](C)O)C(=O)NC(CC(C)C)C(=O)NC(CC(C)C)C(=O)O[C@H]1C,6.29475,6.103122400793646,6.1989362003968225
CC[C@H](C)[C@H]1NC(=O)[C@@H](NC(C)=O)[C@@H](C)OC(=O)[C@H](C(C)C)NC(=O)[C@H](Cc2ccccc2)N(C)C(=O)[C@@H]2CCCN2C(=O)[C@@H]2CCCN2C1=O,6.172243333333332,6.225234074074072,6.198738703703702
CC/C=C(\C)[C@H]1OC(=O)[C@H](C)N(C)C(=O)[C@H](C(C)C)NC(=O)CN(C)C(=O)[C@@H](CC(C)C)N(C)C(=O)[C@H](C(C)C)NC(=O)[C@@H]([C@@H](C)CC)OC(=O)/C(C)=C/C[C@H](O)[C@@H]1C,6.36584666666667,6.031569027777772,6.198707847222221
COC[C@@H]([C@H](O)[C@H](O)C(=O)NCC[C@H](C)C(=O)O)N(C)C,6.07737111111111,6.31961118253968,6.198491146825395
COC(CC/C=C\CCCCC(=O)CCCCCC(=O)CCCC/C=C\CCCCCO[C@H]1O[C@@H](C(=O)O)[C@H](O)[C@@H](O)[C@@H]1O)C(=O)NCCc1ccc(O)cc1,6.258252222222225,6.138726904761901,6.198489563492063
CC[C@H](C)[C@H](NC(=O)[C@H](CCC(N)=O)N(C)C(=O)[C@H](OC(=O)[C@@H](O)C(C)C)C(C)C)C(=O)N[C@@H](C)C(=O)N[C@H](Cc1ccccc1)C(=O)N1CCC[C@H]1C(=O)OC,6.311624444444447,6.085347390873012,6.198485917658729
CC(=O)N(O)CCCCCNC(=O)CCC(=O)N(O)CCCCCNC(=O)CCC(=O)N(O)CCCCCNCC1(O)O[C@H](CO)[C@@H](O)[C@@H]1O,6.301716666666667,6.094909771825396,6.198313219246032
CO[C@@H](CC/C=C\CCCCC(=O)CCCCCCC(=O)CC/C=C\CCCCCCO[C@@H]1O[C@H](C(=O)O)[C@@H](O)[C@H](O)[C@H]1O)C(=O)NCCc1ccc(O)cc1,6.257885555555558,6.138726904761901,6.19830623015873
CN[C@@H](CC(C)C)C(=O)NCCc1c(Br)n(C)c2cc(Br)c(Br)cc12,6.336202777777773,6.060368224206347,6.1982855009920605
CCCCCCCCCCCCCCCCCCCCCC[C@@H](O)C(=O)N[C@@H](CO[C@H]1O[C@H](CO)[C@H](O)[C@H](O)[C@H]1O[C@H]1O[C@H](CO[C@@H]2O[C@H](CO[C@H]3O[C@H]([C@H](C)O)[C@@H](O)[C@@H]3O)[C@H](O)[C@H](O)[C@H]2NC(C)=O)[C@H](O)[C@H](O)[C@H]1O)[C@H](O)[C@H](O)CCCCCCCCCCCCCCCCC,6.174205555555554,6.222206170634918,6.198205863095236
CC(=O)N[C@H]1[C@H](O[C@@H]2CO[C@@H](O[C@H]3CC[C@]4(C)C5=C(CC[C@H]4C3(C)C)[C@@H]3CC[C@H]([C@H](C)CC(=O)C=C(C)C)[C@@]3(C)CC5)[C@H](O[C@@H]3O[C@H](CO)[C@@H](O)[C@H](O)[C@H]3NC(C)=O)[C@H]2O)O[C@H](CO)[C@H](O)[C@@H]1O,6.2869111111111105,6.108872440476188,6.197891775793649
CC/C=C\C/C=C\C/C=C\C/C=C\C/C=C\CCCC(=O)OC(COC(=O)CCCCCCCCCCCCCC[As](C)(C)=O)COP(=O)([O-])OCC[N+](C)(C)C,6.357891111111116,6.037805057720054,6.197848084415585
CC(C)C[C@H]1NC(=O)[C@@H](Cc2ccccc2)NC(=O)[C@@H](CC(C)C)NC(=O)[C@H](NC(=O)[C@@H](Cc2ccccc2)NC(=O)C(C)C)[C@H](C)OC(=O)[C@H](CO)NC(=O)[C@@H]([C@H](C)O)NC1=O,6.27371888888889,6.121302015873016,6.197510452380953
OCc1c(Cc2ccc(O)c(Br)c2)c(O)c(O)c(Br)c1Cc1cc(Br)c(O)c(O)c1Cc1ccc(O)c(Br)c1,6.3012277777777745,6.093690017676769,6.197458897727271
COc1cc(C/C=C\Cc2cc(O)c(Br)c(O)c2)c(O)cc1Br,6.337353888888888,6.057017360750361,6.197185624819625
CC(C)C1NC(=O)C(NC(=O)NC(Cc2ccccc2)C(=O)O)CCCCNC(=O)C(Cc2ccccc2)NC(=O)CN(C)C(=O)C(CCc2ccc(O)cc2)NC1=O,6.253735555555554,6.1404556349206345,6.197095595238094
COc1cc(O)c(C(=O)CCc2ccc(O)cc2)c(O[C@H]2O[C@H](CO[C@H]3O[C@@H](C)[C@H](O)[C@@H](O)[C@H]3O)[C@@H](O)[C@H](O)[C@H]2O)c1,6.276671111111112,6.117035610028859,6.196853360569985
COC(=O)CNC(=O)/C=C/CCCCC[C@H]1O[C@]2(CCCCCC(O)C(O)CCCCCCCOC[C@H](COS(=O)(=O)O)NS(=O)(=O)O)CCCC1O2,6.357283333333335,6.036222943121691,6.196753138227513
Cc1cc(O)c(O)c(Oc2cc(C(=O)O)cc(O)c2O)c1,6.104951111111113,6.287841775793653,6.196396443452382
CC/C=C\C/C=C\C/C=C\C/C=C\C/C=C\C/C=C\CCC(=O)OC(COC(=O)CCCCCCCCCCCCCCCC[As](C)(C)=O)COP(=O)([O-])OCC[N+](C)(C)C,6.3548577777777835,6.037805057720054,6.196331417748919
CC/C=C\C/C=C\C/C=C\C/C=C\C/C=C\C/C=C\CCC(=O)OC(COC(=O)CCCCCCCCCCCCCC[As](C)(C)=O)COP(=O)([O-])OCC[N+](C)(C)C,6.35482444444445,6.037805057720054,6.196314751082252
C=CCCC[C@H]1OC(=O)[C@H]([C@@H](C)CC)N(C)C(=O)[C@@H]2CCCN2C(=O)[C@H](Cc2ccccc2)OC(=O)[C@H](C(C)C)N(C)C(=O)[C@H](C(C)C)NC(=O)[C@H]1C,6.272735555555554,6.11977717472342,6.196256365139487
CC(=O)O[C@@H]1[C@H](/C(C)=C/C=C/C(C)/C=C/CC(C)C)[C@@H](O)C(=O)[C@H]2CS(=O)(=O)CCN(CC3=C[C@H](O)[C@H](/C(C)=C/C=C/C(C)/C=C/CC(C)C)[C@@H](O)C3=O)[C@H]12,6.232522222222224,6.158712810245305,6.1956175162337646
C/C=C(\C)C(=O)OC[C@H]1c2c(c(O)c(C)c3c2OCO3)C[C@H]2[C@H]3C4=C(C[C@@H]([C@H](C#N)N12)N3C)C(=O)C(C)=C(OC)C4=O,6.366230000000002,6.02460435185185,6.195417175925925
CCC(C)[C@@H]1NC(=O)[C@H](CCC(=O)O)NC(=O)[C@@H]2C[C@@H](O)CN2C(=O)[C@H](C(C)CC)N/C=C(/C(=O)N2CCC[C@H]2C(=O)N[C@@H](CC(C)C)C(=O)N[C@@H](Cc2ccccc2)C(N)=O)NC(=O)[C@H](CC(C)C)NC(=O)[C@@H]2CCCN2C(=O)[C@@H]2CCCN2C(=O)[C@H](C(C)C)NC1=O,6.287055555555556,6.103736908730156,6.195396232142856
CCCCCCCCCCCCCCCCCCCCCCC[C@@H](O)C(=O)N[C@@H](CO[C@@H]1O[C@H](CO[C@H]2OC[C@H](O)[C@H](O)[C@H]2O[C@H]2O[C@H](CO)[C@H](O)[C@H](O[C@@H]3O[C@@H]([C@@H](O)CO)[C@H](O[C@H]4O[C@@H]([C@@H](O)CO)[C@H](O)[C@H]4O)[C@H]3O[C@H]3O[C@@H]([C@H](O)CO)[C@H](O)[C@H]3O)[C@H]2O)[C@@H](O)[C@H](O)[C@H]1O)[C@H](O)[C@H](O)CCCCCCCCCCCCCC,6.249894444444446,6.140392460317457,6.195143452380952
CCCCCCCCCCCCCCCCCCCCCC[C@@H](O)C(=O)N[C@@H](CO[C@@H]1O[C@H](CO[C@H]2OC[C@H](O)[C@H](O)[C@H]2O[C@H]2O[C@H](CO)[C@H](O)[C@H](O[C@@H]3O[C@@H]([C@@H](O)CO)[C@H](O[C@H]4O[C@@H]([C@@H](O)CO)[C@H](O)[C@H]4O)[C@H]3O[C@H]3O[C@@H]([C@H](O)CO)[C@H](O)[C@H]3O)[C@H]2O)[C@@H](O)[C@H](O)[C@H]1O)[C@H](O)[C@H](O)CCCCCCCCCCCCCC,6.249894444444446,6.140392460317457,6.195143452380952
CCCCCCCCCCCCCCCCCCCCCC[C@@H](O)C(=O)N[C@@H](CO[C@@H]1O[C@H](CO[C@H]2OC[C@H](O)[C@H](O)[C@H]2O[C@H]2O[C@H](CO)[C@H](O)[C@H](O[C@@H]3O[C@@H]([C@@H](O)CO)[C@H](O[C@H]4O[C@@H]([C@@H](O)CO)[C@H](O)[C@H]4O)[C@H]3O[C@H]3O[C@@H]([C@H](O)CO)[C@H](O)[C@H]3O)[C@H]2O)[C@@H](O)[C@H](O)[C@H]1O)[C@H](O)[C@H](O)CCCCCCCCCCCC,6.249894444444446,6.140392460317457,6.195143452380952
CCCCCCCCCCCCCCCCCCCCCCC[C@@H](O)C(=O)N[C@@H](CO[C@@H]1O[C@H](CO[C@H]2OC[C@H](O)[C@H](O)[C@H]2O[C@H]2O[C@H](CO)[C@H](O)[C@H](O[C@@H]3O[C@@H]([C@@H](O)CO)[C@H](O[C@H]4O[C@@H]([C@@H](O)CO)[C@H](O)[C@H]4O)[C@H]3O[C@H]3O[C@@H]([C@H](O)CO)[C@H](O)[C@H]3O)[C@H]2O)[C@@H](O)[C@H](O)[C@H]1O)[C@H](O)[C@H](O)CCCCCCCCCCCC,6.249894444444446,6.140392460317457,6.195143452380952
CCCCCCCCCCCCCCCCCCCCCC[C@@H](O)C(=O)[C@@H](O)C(=O)N[C@@H](CO[C@@H]1O[C@H](CO)[C@@H](O[C@@H]2O[C@H](CO)[C@H](O)[C@H](O)[C@H]2O)[C@H](O[C@H]2O[C@H](C)[C@H](O)[C@H](O)[C@H]2O)[C@H]1O)[C@H](O)[C@H](O)CCCCCCCCCCCCCC,6.150852222222224,6.239305436507932,6.1950788293650785
CCCCCCCCCCCCCCCCCCCCC[C@@H](O)C(=O)[C@@H](O)C(=O)N[C@@H](CO[C@@H]1O[C@H](CO)[C@@H](O[C@@H]2O[C@H](CO)[C@H](O)[C@H](O)[C@H]2O)[C@H](O[C@H]2O[C@H](C)[C@H](O)[C@H](O)[C@H]2O)[C@H]1O)[C@H](O)[C@H](O)CCCCCCCCCCCCCCC,6.150852222222224,6.239305436507932,6.1950788293650785
O=C(NCCSSCCNC(=O)/C(Cc1ccc(OS(=O)(=O)O)c(Br)c1)=N/O)/C(Cc1ccc(OS(=O)(=O)O)c(Br)c1)=N/O,6.274406111111117,6.114884545634923,6.19464532837302
C=CC(C)(C)OC[C@@H]1NC(=O)[C@H]([C@@H](C)OC(C)(C)C=C)NC(=O)[C@@H]2CSC(=N2)[C@H](Cc2ccccc2)NC(=O)[C@@H]2CCCN2C(=O)[C@H](C)NC(=O)[C@H]([C@@H](C)CC)NC1=O,6.195311111111108,6.193516666666662,6.194413888888885
C=CC(C)(C)OC[C@@H]1NC(=O)[C@H]([C@@H](C)OC(C)(C)C=C)NC(=O)[C@@H]2CSC(=N2)[C@@H](Cc2ccccc2)NC(=O)[C@@H]2CCCN2C(=O)[C@H](C)NC(=O)[C@H]([C@@H](C)CC)NC1=O,6.195311111111108,6.193516666666662,6.194413888888885
C[C@H]1CC[C@H]2C(=CCCC2(C)C)[C@@]1(C)CCC(CCCC1=CC(=O)N(CCc2c[nH]cn2)C1=O)COS(=O)(=O)O,6.258077777777777,6.13015755952381,6.194117668650794
C=CCCC[C@H]1OC(=O)[C@H](C(C)C)N(C)C(=O)[C@@H]2CCCN2C(=O)[C@H]([C@@H](C)CC)OC(=O)[C@H](C(C)C)N(C)C(=O)[C@H](C(C)C)NC(=O)[C@H]1C,6.273079999999999,6.114934490740738,6.1940072453703685
C#CCCC[C@H]1OC(=O)[C@H]2CCCN2C(=O)[C@H]([C@@H](C)CC)OC(=O)[C@H](C(C)C)OC(=O)[C@@H](C(C)C)N(C)C(=O)[C@H](C)[C@@H](CCCC#C)OC(=O)[C@@H]2CCCN2C(=O)[C@H]([C@@H](C)CC)OC(=O)[C@H](C(C)C)OC(=O)[C@@H](C(C)C)N(C)C(=O)[C@@H]1C,6.293379999999996,6.094400006613757,6.193890003306876
C=CCCCC1OC(=O)[C@H](C(C)CC)N(C)C(=O)[C@@H]2CCCN2C(=O)[C@H](C(C)C)OC(=O)[C@H](Cc2ccccc2)N(C)C(=O)[C@H](C(C)C)NC(=O)C1C,6.272735555555554,6.114934490740738,6.1938350231481465
COc1cc(CO)cc(OC)c1O[C@@H]1O[C@H](CO[C@@H]2O[C@@H](C)[C@H](O)[C@@H](O)[C@H]2O)[C@@H](O)[C@H](O)[C@H]1O,6.270471111111115,6.117035610028859,6.193753360569987
CCCCCCCCCCCCCCCCCCCCCCCC[C@@H](O)C(=O)N[C@@H](CO[C@@H]1O[C@H](CO)[C@@H](O[C@@H]2O[C@H](CO)[C@H](O)[C@H](O)[C@H]2NC(C)=O)[C@H](O[C@H]2O[C@H](C)[C@H](O)[C@H](O)[C@H]2O)[C@H]1NC(C)=O)[C@H](O)[C@H](O)CCCCCCCCCCCC(C)C,6.155338888888891,6.232091726190472,6.193715307539682
CCCCCCCCCCCCCCCCCCCCC[C@@H](O)C(=O)[C@@H](O)C(=O)N[C@@H](CO[C@@H]1O[C@H](CO)[C@@H](O[C@@H]2O[C@H](CO)[C@H](O)[C@H](O)[C@H]2O)[C@H](O[C@H]2O[C@H](C)[C@H](O)[C@H](O)[C@H]2O)[C@H]1O)[C@H](O)[C@H](O)CCCCCCCCCCCCC,6.148041111111113,6.239305436507932,6.193673273809523
CCCCCCCCCCCCCCCCCCCC[C@@H](O)C(=O)[C@@H](O)C(=O)N[C@@H](CO[C@@H]1O[C@H](CO)[C@@H](O[C@@H]2O[C@H](CO)[C@H](O)[C@H](O)[C@H]2O)[C@H](O[C@H]2O[C@H](C)[C@H](O)[C@H](O)[C@H]2O)[C@H]1O)[C@H](O)[C@H](O)CCCCCCCCCCCCCC,6.148041111111113,6.239305436507932,6.193673273809523
CCCCCCCCCCCCCCCCCCCCCC[C@@H](O)C(=O)[C@@H](O)C(=O)N[C@@H](CO[C@@H]1O[C@H](CO)[C@@H](O[C@@H]2O[C@H](CO)[C@H](O)[C@H](O)[C@H]2O)[C@H](O[C@H]2O[C@H](C)[C@H](O)[C@H](O)[C@H]2O)[C@H]1O)[C@H](O)[C@H](O)CCCCCCCCCCCC,6.148041111111113,6.239305436507932,6.193673273809523
CC[C@H](C)[C@@H]1OC(=O)[C@H](C(C)C)N(C)C(=O)[C@H](C(C)C)NC(=O)[C@@H](C)[C@@H](CCCC#CBr)OC(=O)[C@H](C(C)C)N(C)C(=O)[C@@H]2CCCN2C1=O,6.305013333333332,6.082097159391532,6.193555246362433
CCCCCCCCCCCCCCCCCCCC[C@@H](O)C(=O)[C@@H](O)C(=O)N[C@@H](CO[C@@H]1O[C@H](CO)[C@@H](O[C@@H]2O[C@H](CO)[C@H](O)[C@H](O)[C@H]2O)[C@H](O[C@H]2O[C@H](C)[C@H](O)[C@H](O)[C@H]2O)[C@H]1O)[C@H](O)[C@H](O)CCCCCCCCCCCC,6.147780000000001,6.239305436507932,6.193542718253966
CCCCCCCCCCCCCCCCCCCCCCC[C@@H](O)C(=O)N[C@@H](CO[C@@H]1O[C@H](CO[C@H]2OC[C@H](O)[C@H](O)[C@H]2O[C@H]2O[C@H](CO)[C@H](O)[C@H](O[C@@H]3O[C@@H]([C@@H](O)CO)[C@H](O[C@H]4O[C@@H]([C@@H](O)CO)[C@H](O)[C@H]4O)[C@H]3O[C@H]3O[C@@H]([C@H](O)CO)[C@H](O)[C@H]3O)[C@H]2O)[C@@H](O)[C@H](O)[C@H]1O)[C@H](O)[C@H](O)CCCCCCCCCCC(C)C,6.246661111111112,6.140392460317457,6.193526785714285
CCCCCCCCCCCCCCCCCCCCCC[C@@H](O)C(=O)N[C@@H](CO[C@@H]1O[C@H](CO[C@H]2OC[C@H](O)[C@H](O)[C@H]2O[C@H]2O[C@H](CO)[C@H](O)[C@H](O[C@@H]3O[C@@H]([C@@H](O)CO)[C@H](O[C@H]4O[C@@H]([C@@H](O)CO)[C@H](O)[C@H]4O)[C@H]3O[C@H]3O[C@@H]([C@H](O)CO)[C@H](O)[C@H]3O)[C@H]2O)[C@@H](O)[C@H](O)[C@H]1O)[C@H](O)[C@H](O)CCCCCCCCCCC(C)C,6.246661111111112,6.140392460317457,6.193526785714285
CCCCCCCCCCCCCCCCCCCCCC[C@@H](O)C(=O)N[C@@H](CO[C@@H]1O[C@H](CO[C@H]2OC[C@H](O)[C@H](O)[C@H]2O[C@H]2O[C@H](CO)[C@H](O)[C@H](O[C@@H]3O[C@@H]([C@@H](O)CO)[C@H](O[C@H]4O[C@@H]([C@@H](O)CO)[C@H](O)[C@H]4O)[C@H]3O[C@H]3O[C@@H]([C@H](O)CO)[C@H](O)[C@H]3O)[C@H]2O)[C@@H](O)[C@H](O)[C@H]1O)[C@H](O)[C@H](O)CCCCCCCCCC(C)CC,6.246661111111112,6.140392460317457,6.193526785714285
CCCCCCCCCCCCCCCCCCCCCCC[C@@H](O)C(=O)N[C@@H](CO[C@@H]1O[C@H](CO[C@H]2OC[C@H](O)[C@H](O)[C@H]2O[C@H]2O[C@H](CO)[C@H](O)[C@H](O[C@@H]3O[C@@H]([C@@H](O)CO)[C@H](O[C@H]4O[C@@H]([C@@H](O)CO)[C@H](O)[C@H]4O)[C@H]3O[C@H]3O[C@@H]([C@H](O)CO)[C@H](O)[C@H]3O)[C@H]2O)[C@@H](O)[C@H](O)[C@H]1O)[C@H](O)[C@H](O)CCCCCCCCCCCCC(C)C,6.246661111111112,6.140392460317457,6.193526785714285
CCCCCCCCCCCCCCCCCCCCCCC[C@@H](O)C(=O)N[C@@H](CO[C@@H]1O[C@H](CO[C@H]2OC[C@H](O)[C@H](O)[C@H]2O[C@H]2O[C@H](CO)[C@H](O)[C@H](O[C@@H]3O[C@@H]([C@@H](O)CO)[C@H](O[C@H]4O[C@@H]([C@@H](O)CO)[C@H](O)[C@H]4O)[C@H]3O[C@H]3O[C@@H]([C@H](O)CO)[C@H](O)[C@H]3O)[C@H]2O)[C@@H](O)[C@H](O)[C@H]1O)[C@H](O)[C@H](O)CCCCCCCCCC(C)CC,6.246661111111112,6.140392460317457,6.193526785714285
CCCCCCCCCCCCCCCCCCCCCC[C@@H](O)C(=O)N[C@@H](CO[C@@H]1O[C@H](CO[C@H]2OC[C@H](O)[C@H](O)[C@H]2O[C@H]2O[C@H](CO)[C@H](O)[C@H](O[C@@H]3O[C@@H]([C@@H](O)CO)[C@H](O[C@H]4O[C@@H]([C@@H](O)CO)[C@H](O)[C@H]4O)[C@H]3O[C@H]3O[C@@H]([C@H](O)CO)[C@H](O)[C@H]3O)[C@H]2O)[C@@H](O)[C@H](O)[C@H]1O)[C@H](O)[C@H](O)CCCCCCCCCCCCC(C)C,6.246661111111112,6.140392460317457,6.193526785714285
CO/C(=C\c1ccc(O)cc1)C(=O)N/C=C/c1cc(Br)c(O)c(Br)c1,6.228403888888888,6.1584762344877335,6.19344006168831
CCCCCCCCCCCCCCCCCCCC[C@@H](O)C(=O)N[C@@H](CO[C@H]1O[C@H](CO)[C@H](O)[C@H](O)[C@H]1O[C@H]1O[C@H](CO[C@@H]2O[C@H](CO)[C@H](O)[C@H](O[C@@H]3O[C@@H](C)[C@H](O)[C@@H](O)[C@H]3O)[C@H]2NC(C)=O)[C@H](O)[C@H](O)[C@H]1O)[C@H](O)[C@H](O)CCCCCCCCCCCCCCCC,6.154716666666667,6.232091726190472,6.1934041964285695
CCCCCCCCCCCCCCCCCCCCC[C@@H](O)C(=O)N[C@@H](CO[C@H]1O[C@H](CO)[C@H](O)[C@H](O)[C@H]1O[C@H]1O[C@H](CO[C@@H]2O[C@H](CO)[C@H](O)[C@H](O[C@@H]3O[C@@H](C)[C@H](O)[C@@H](O)[C@H]3O)[C@H]2NC(C)=O)[C@H](O)[C@H](O)[C@H]1O)[C@H](O)[C@H](O)CCCCCCCCCCCCCCC,6.154716666666667,6.232091726190472,6.1934041964285695
CCCCCCCCCCCCCCCCCCCCCCC[C@@H](O)C(=O)N[C@@H](CO[C@H]1O[C@H](CO)[C@H](O)[C@H](O)[C@H]1O[C@H]1O[C@H](CO[C@@H]2O[C@H](CO)[C@H](O)[C@H](O[C@@H]3O[C@@H](C)[C@H](O)[C@@H](O)[C@H]3O)[C@H]2NC(C)=O)[C@H](O)[C@H](O)[C@H]1O)[C@H](O)[C@H](O)CCCCCCCCCCCCC,6.154716666666667,6.232091726190472,6.1934041964285695
CCCCCCCCCCCCCCCCCCCCCC[C@@H](O)C(=O)N[C@@H](CO[C@H]1O[C@H](CO)[C@H](O)[C@H](O)[C@H]1O[C@H]1O[C@H](CO[C@@H]2O[C@H](CO)[C@H](O)[C@H](O[C@@H]3O[C@@H](C)[C@H](O)[C@@H](O)[C@H]3O)[C@H]2NC(C)=O)[C@H](O)[C@H](O)[C@H]1O)[C@H](O)[C@H](O)CCCCCCCCCCCCCC,6.154716666666667,6.232091726190472,6.1934041964285695
C#CCCC[C@@H]1OC(=O)[C@H]([C@@H](C)O)NC(=O)[C@H](C(C)C)N(C)C(=O)[C@@H]2CCCN2C(=O)[C@@H]([C@@H](C)CC)OC(=O)[C@H](C(C)C)N(C)C(=O)[C@H](C(C)C)NC(=O)C1(C)C,6.306168888888892,6.07998495701058,6.193076922949736
CC(C)CC(=O)O[C@H]1C[C@H]2O[C@@]3(CCCCCCC(C(CCCCCCOCC(COS(=O)(=O)[O-])NS(=O)(=O)[O-])OS(=O)(=O)[O-])OC(=O)CNC(=O)C=CCCCCC[C@H]2O3)C1.[Na+].[Na+].[Na+],6.270966666666665,6.115154384920633,6.193060525793649
N=C(N)NCCCCNC(=O)Oc1cc(Br)c(O)c(Br)c1CC(N)=O,6.201990555555554,6.183699998015875,6.1928452767857145
CN(C)CCCOc1c(Br)cc(CCN(C)C)cc1Br,6.282103333333329,6.103578606782105,6.192840970057717
COc1c(I)cc(CCC[C@H](C(=O)[O-])[N+](C)(C)C)cc1I,6.266951666666668,6.118665607503604,6.192808637085136
CCC(C)CCCCCCCCC(=O)N[C@@H](CCC(N)=O)C(=O)N[C@H]1CC(=O)O[C@@H]1[C@H](O)C(=O)N[C@@H](CC(C)C)[C@@H]1Cc2cccc(O)c2C(=O)O1,6.236946666666665,6.147999186507935,6.1924729265873
COc1c(OC)c2c(c(CCN(C)C)c1SC)Sc1c(OC)c(OC)c(SC)c(CCN(C)C)c1S2,6.293486666666672,6.091162889249638,6.192324777958155
CC(=O)NCCc1cc(Br)c(OCC[C@H](C(=O)[O-])[N+](C)(C)C)c(Br)c1,6.271804444444448,6.11280121031746,6.192302827380954
CC(=O)NCCc1cc(Br)c(OCC[C@@H](C(=O)[O-])[N+](C)(C)C)c(Br)c1,6.271804444444448,6.11280121031746,6.192302827380954
CC[C@H]1C=CCC[C@@]2(C[C@@H]3CC[C@@H]4[C@H](C(=O)OCCCCCCCCCCCCCCCC(=O)C(CCCN)CCCCN)[C@]5(CCC[C@@H](C)O5)NC(=[N+]34)N2)O1.[Cl-],6.167199999999998,6.21732253968254,6.192261269841269
CCc1cc(O)cc(Oc2cc(C)cc(O)c2)c1,6.239919999999992,6.144474864357863,6.1921974321789275
Cc1c([C@H]2[C@@H](C(C)C)CC[C@@]2(C)C(=O)CNCCS(=O)(=O)O)cc([C@]2(O)Cc3cc(O)c(=O)c(C)c4c3[C@@H](O2)[C@H](O)[C@]2(C)CC[C@H](C(C)C)[C@H]42)cc(O)c1=O,6.308322222222219,6.075504206349205,6.191913214285712
C#CCCC[C@@H]1OC(=O)[C@H](C(C)C)N(C)C(=O)[C@@H]2CCCN2C(=O)[C@H](Cc2ccccc2)OC(=O)[C@H]([C@@H](C)CC)N(C)C(=O)[C@H](C(C)C)NC(=O)[C@@H]1C,6.29796888888889,6.0857765100408825,6.191872699464886
C#CCCC[C@H]1OC(=O)[C@H]([C@@H](C)CC)N(C)C(=O)[C@@H]2CCCN2C(=O)[C@H](Cc2ccccc2)OC(=O)[C@H](C(C)C)N(C)C(=O)[C@H](C(C)C)NC(=O)[C@H]1C,6.29796888888889,6.0857765100408825,6.191872699464886
C#CCCC[C@@H]1OC(=O)[C@H](C(C)C)N(C)C(=O)[C@@H]2CCCN2C(=O)[C@H](Cc2ccccc2)OC(=O)[C@H]([C@@H](C)CC)N(C)C(=O)[C@H](C(C)C)NC(=O)C1C,6.29796888888889,6.0857765100408825,6.191872699464886
CCCCCCCCCCCCCCC/C=C/C(OC(C)=O)[C@H](CO[C@@H]1O[C@H](COC(C)=O)[C@@H](OC(C)=O)[C@H](OC(C)=O)[C@H]1OC(C)=O)NC(=O)C(CCCCCCCCCCCCCCCCCCCC)OC(C)=O,6.290871111111112,6.092841904761901,6.191856507936507
CCCCCCCCCCCCCCC/C=C/C(OC(C)=O)[C@H](CO[C@@H]1O[C@H](COC(C)=O)[C@@H](OC(C)=O)[C@H](OC(C)=O)[C@H]1OC(C)=O)NC(=O)C(CCCCCCCCCCCCCCCCCC)OC(C)=O,6.290871111111112,6.092841904761901,6.191856507936507
CCCCCCCCCCCCCCC/C=C/C(OC(C)=O)[C@H](CO[C@@H]1O[C@H](COC(C)=O)[C@@H](OC(C)=O)[C@H](OC(C)=O)[C@H]1OC(C)=O)NC(=O)C(CCCCCCCCCCCCCCCCC)OC(C)=O,6.290871111111112,6.092841904761901,6.191856507936507
CCCCCCCCCCCCCCC/C=C/C(OC(C)=O)[C@H](CO[C@@H]1O[C@H](COC(C)=O)[C@@H](OC(C)=O)[C@H](OC(C)=O)[C@H]1OC(C)=O)NC(=O)C(CCCCCCCCCCCCCCCCCCCCC)OC(C)=O,6.290871111111112,6.092841904761901,6.191856507936507
CCCCCCCCCCCCCCC/C=C/C(OC(C)=O)[C@H](CO[C@@H]1O[C@H](COC(C)=O)[C@@H](OC(C)=O)[C@H](OC(C)=O)[C@H]1OC(C)=O)NC(=O)C(CCCCCCCCCCCCCCCCCCC)OC(C)=O,6.290871111111112,6.092841904761901,6.191856507936507
CCCCCC/C=C/CCCC1CC(=O)N[C@H](CC(C)C)C(=O)N[C@@H](CO)C(=O)C[C@@H]([C@@H](C)O)C(=O)N[C@H](CC(C)C)C(=O)N[C@@H]([C@@H](C)CC)C(=O)O1,6.237683333333335,6.145853055555551,6.1917681944444425
C=CC(C)(C)OC(C)C1NC(=O)C2CSC(=N2)C(CC(C)C)NC(=O)C(C(C)OC(C)(C)C=C)N2CCCC(NC(=O)C(C(C)C)NC1=O)C2=O,6.22187777777778,6.161455892857139,6.191666835317459
CCCCCCCCCCCCCCCCCCCCC[C@@H](O)C(=O)[C@@H](O)C(=O)N[C@@H](CO[C@@H]1O[C@H](CO)[C@@H](O[C@@H]2O[C@H](CO)[C@H](O)[C@H](O)[C@H]2O)[C@H](O[C@H]2O[C@H](C)[C@H](O)[C@H](O)[C@H]2O)[C@H]1O)[C@H](O)[C@H](O)CCCCCCCCCCCC,6.143996666666667,6.239305436507932,6.1916510515873
CCCCCCCCCCCCCCCCCCCC[C@@H](O)C(=O)[C@@H](O)C(=O)N[C@@H](CO[C@@H]1O[C@H](CO)[C@@H](O[C@@H]2O[C@H](CO)[C@H](O)[C@H](O)[C@H]2O)[C@H](O[C@H]2O[C@H](C)[C@H](O)[C@H](O)[C@H]2O)[C@H]1O)[C@H](O)[C@H](O)CCCCCCCCCCCCC,6.143996666666667,6.239305436507932,6.1916510515873
CO/C(=C\c1ccc(O)cc1)C(=O)OCC(O)COC(OCC[N+](C)(C)C)C(=O)O,6.332193333333337,6.050350295815291,6.191271814574314
CCCCCCCCCCCCCCCCCCCCCC[C@@H](O)C(=O)N[C@@H](CO[C@H]1O[C@H](CO[C@@H]2O[C@H](CO)[C@H](O)[C@H](O)[C@H]2NC(C)=O)[C@H](O)[C@H](O)[C@H]1O[C@H]1O[C@H](CO)[C@H](O)[C@H](O)[C@H]1O)[C@H](O)[C@H](O)CCCCCCCCCCCCCCCCC,6.150422222222222,6.232091726190472,6.191256974206347
CCCCCCCCCCCCCCCCCCCC[C@@H](O)C(=O)N[C@@H](CO[C@H]1O[C@H](CO[C@@H]2O[C@H](CO)[C@H](O)[C@H](O)[C@H]2NC(C)=O)[C@H](O)[C@H](O)[C@H]1O[C@H]1O[C@H](CO)[C@H](O)[C@H](O)[C@H]1O)[C@H](O)[C@H](O)CCCCCCCCCCCCC,6.150233333333333,6.232091726190472,6.191162529761902
CCCCCCCCCCCCCCCCCCCCC[C@@H](O)C(=O)N[C@@H](CO[C@H]1O[C@H](CO[C@@H]2O[C@H](CO)[C@H](O)[C@H](O)[C@H]2NC(C)=O)[C@H](O)[C@H](O)[C@H]1O[C@H]1O[C@H](CO)[C@H](O)[C@H](O)[C@H]1O)[C@H](O)[C@H](O)CCCCCCCCCCCC,6.150233333333333,6.232091726190472,6.191162529761902
COC(=O)CCCCCCCC[C@H](CC(=O)NCCCN)N1CC(=O)N[C@@H](Cc2ccccc2)C1=O,6.281561111111112,6.100704124278497,6.191132617694805
CC[C@H](C)[C@H]1C(=O)O[C@@H](C(C)C)C(=O)N2CCC[C@H]2C(=O)N(C)[C@@H](C(C)C)C(=O)O[C@H](CCCC#CBr)[C@H](C)C(=O)N[C@@H](C(C)C)C(=O)N1C,6.300113333333333,6.082097159391532,6.191105246362433
C/C=C1\NC(=O)[C@H](Cc2ccccc2)NC(=O)[C@@H](C(C)C)NC(=O)[C@@H]([C@@H](C)CC)NC(=O)[C@H](NC(=O)[C@H](NC(=O)[C@H](CCCN)NC(=O)[C@H]2CCCN2C(=O)[C@H](NC(=O)[C@@H](NC(=O)[C@@H](NC(=O)[C@H](NC(=O)CCCC(C)(C)O)C(C)C)[C@@H](C)O)C(C)C)C(C)C)[C@@H](C)CC)[C@@H](C)OC(=O)[C@H](C(C)C)NC1=O,6.37711111111111,6.004901607142854,6.191006359126982
CC(C)CCCCCCCCC(=O)N[C@@H](CCC(N)=O)C(=O)N[C@H]1CC(=O)O[C@@H]1[C@H](O)C(=O)N[C@@H](CC(C)C)[C@@H]1Cc2cccc(O)c2C(=O)O1,6.233968888888887,6.147999186507935,6.190984037698411
O=C(O)/C(Cc1cc(Br)c(OCCC[n+]2ccccc2)c(Br)c1)=N/O,6.17695444444445,6.204941266233768,6.190947855339109
NCCOP(=O)(O)OC[C@H](O)COC(=O)/C=C/CCCCC[C@H]1O[C@]2(CCCCCCCCCCCCCCOC[C@@H](N)COS(=O)(=O)O)CC[C@@H](O)C1O2,6.36971111111111,6.012163154761903,6.190937132936506
CCCCCCCCCCCCCCC/C=C/C(OC(C)=O)[C@H](CO[C@@H]1O[C@H](COC(C)=O)[C@@H](OC(C)=O)[C@H](OC(C)=O)[C@H]1OC(C)=O)NC(=O)C(CCCCCCCCCCCCCCC)OC(C)=O,6.288871111111113,6.092841904761901,6.190856507936507
CCCCCCCCCCCCCCC/C=C/C(OC(C)=O)[C@H](CO[C@@H]1O[C@H](COC(C)=O)[C@@H](OC(C)=O)[C@H](OC(C)=O)[C@H]1OC(C)=O)NC(=O)C(CCCCCCCCCCCCCCCC)OC(C)=O,6.288871111111113,6.092841904761901,6.190856507936507
CCCCCCCCCCCCCCCCCCCC(=O)N[C@@H](CO[C@@H]1O[C@H](CO)[C@@H](O[C@@H]2O[C@H](CO)[C@H](O)[C@H](O[C@@H]3O[C@H](CO)[C@H](O)[C@H](O[C@]4(C(=O)O)C[C@H](O)[C@@H](NC(C)=O)[C@H]([C@H](O)[C@@H](CO)O[C@@H]5O[C@H](CO)[C@H](O[C@]6(C(=O)O)C[C@H](O)[C@@H](NC(C)=O)[C@H]([C@H](O)[C@H](O)CO)O6)[C@H](O[C@]6(C(=O)O)C[C@H](O)[C@@H](NC(C)=O)[C@H]([C@H](O)[C@H](O)CO)O6)[C@H]5O)O4)[C@H]3NC(C)=O)[C@H]2O)[C@H](O)[C@H]1O)[C@H](O)[C@H](O)CCCCCCCCCCCCC(C)C,6.149616666666666,6.232091726190472,6.190854196428569
CCCCCCCCCCCCCCCCCCCCCC(=O)N[C@@H](CO[C@@H]1O[C@H](CO)[C@@H](O[C@@H]2O[C@H](CO)[C@H](O)[C@H](O[C@@H]3O[C@H](CO)[C@H](O)[C@H](O[C@]4(C(=O)O)C[C@H](O)[C@@H](NC(C)=O)[C@H]([C@H](O)[C@@H](CO)O[C@@H]5O[C@H](CO)[C@H](O[C@]6(C(=O)O)C[C@H](O)[C@@H](NC(C)=O)[C@H]([C@H](O)[C@H](O)CO)O6)[C@H](O[C@]6(C(=O)O)C[C@H](O)[C@@H](NC(C)=O)[C@H]([C@H](O)[C@H](O)CO)O6)[C@H]5O)O4)[C@H]3NC(C)=O)[C@H]2O)[C@H](O)[C@H]1O)[C@H](O)[C@H](O)CCCCCCCCCC(C)CC,6.149616666666666,6.232091726190472,6.190854196428569
CCCCCCCCCCCCCCCCCCCCCC(=O)N[C@@H](CO[C@@H]1O[C@H](CO)[C@@H](O[C@@H]2O[C@H](CO)[C@H](O)[C@H](O[C@@H]3O[C@H](CO)[C@H](O)[C@H](O[C@]4(C(=O)O)C[C@H](O)[C@@H](NC(C)=O)[C@H]([C@H](O)[C@@H](CO)O[C@@H]5O[C@H](CO)[C@H](O[C@]6(C(=O)O)C[C@H](O)[C@@H](NC(C)=O)[C@H]([C@H](O)[C@H](O)CO)O6)[C@H](O[C@]6(C(=O)O)C[C@H](O)[C@@H](NC(C)=O)[C@H]([C@H](O)[C@H](O)CO)O6)[C@H]5O)O4)[C@H]3NC(C)=O)[C@H]2O)[C@H](O)[C@H]1O)[C@H](O)[C@H](O)CCCCCCCCCCC(C)CC,6.149616666666666,6.232091726190472,6.190854196428569
CCCCCCCCCCCCCCCCCCCC(=O)N[C@@H](CO[C@@H]1O[C@H](CO)[C@@H](O[C@@H]2O[C@H](CO)[C@H](O)[C@H](O[C@@H]3O[C@H](CO)[C@H](O)[C@H](O[C@]4(C(=O)O)C[C@H](O)[C@@H](NC(C)=O)[C@H]([C@H](O)[C@@H](CO)O[C@@H]5O[C@H](CO)[C@H](O[C@]6(C(=O)O)C[C@H](O)[C@@H](NC(C)=O)[C@H]([C@H](O)[C@H](O)CO)O6)[C@H](O[C@]6(C(=O)O)C[C@H](O)[C@@H](NC(C)=O)[C@H]([C@H](O)[C@H](O)CO)O6)[C@H]5O)O4)[C@H]3NC(C)=O)[C@H]2O)[C@H](O)[C@H]1O)[C@H](O)[C@H](O)CCCCCCCCCC(C)CC,6.149616666666666,6.232091726190472,6.190854196428569
CCCCCCCCCCCCCCCCCC(=O)N[C@@H](CO[C@@H]1O[C@H](CO)[C@@H](O[C@@H]2O[C@H](CO)[C@H](O)[C@H](O[C@@H]3O[C@H](CO)[C@H](O)[C@H](O[C@]4(C(=O)O)C[C@H](O)[C@@H](NC(C)=O)[C@H]([C@H](O)[C@@H](CO)O[C@@H]5O[C@H](CO)[C@H](O[C@]6(C(=O)O)C[C@H](O)[C@@H](NC(C)=O)[C@H]([C@H](O)[C@H](O)CO)O6)[C@H](O[C@]6(C(=O)O)C[C@H](O)[C@@H](NC(C)=O)[C@H]([C@H](O)[C@H](O)CO)O6)[C@H]5O)O4)[C@H]3NC(C)=O)[C@H]2O)[C@H](O)[C@H]1O)[C@H](O)[C@H](O)CCCCCCCCCC(C)CC,6.149616666666666,6.232091726190472,6.190854196428569
CCCCCCCCCCCCCCCC(=O)N[C@@H](CO[C@@H]1O[C@H](CO)[C@@H](O[C@@H]2O[C@H](CO)[C@H](O)[C@H](O[C@@H]3O[C@H](CO)[C@H](O)[C@H](O[C@]4(C(=O)O)C[C@H](O)[C@@H](NC(C)=O)[C@H]([C@H](O)[C@@H](CO)O[C@@H]5O[C@H](CO)[C@H](O[C@]6(C(=O)O)C[C@H](O)[C@@H](NC(C)=O)[C@H]([C@H](O)[C@H](O)CO)O6)[C@H](O[C@]6(C(=O)O)C[C@H](O)[C@@H](NC(C)=O)[C@H]([C@H](O)[C@H](O)CO)O6)[C@H]5O)O4)[C@H]3NC(C)=O)[C@H]2O)[C@H](O)[C@H]1O)[C@H](O)[C@H](O)CCCCCCCCCCC(C)C,6.149616666666666,6.232091726190472,6.190854196428569
CCCCCCCCCCCCCCCCCCCCCC(=O)N[C@@H](CO[C@@H]1O[C@H](CO)[C@@H](O[C@@H]2O[C@H](CO)[C@H](O)[C@H](O[C@@H]3O[C@H](CO)[C@H](O)[C@H](O[C@]4(C(=O)O)C[C@H](O)[C@@H](NC(C)=O)[C@H]([C@H](O)[C@@H](CO)O[C@@H]5O[C@H](CO)[C@H](O[C@]6(C(=O)O)C[C@H](O)[C@@H](NC(C)=O)[C@H]([C@H](O)[C@H](O)CO)O6)[C@H](O[C@]6(C(=O)O)C[C@H](O)[C@@H](NC(C)=O)[C@H]([C@H](O)[C@H](O)CO)O6)[C@H]5O)O4)[C@H]3NC(C)=O)[C@H]2O)[C@H](O)[C@H]1O)[C@H](O)[C@H](O)CCCCCCCCCCCC(C)CC,6.149616666666666,6.232091726190472,6.190854196428569
CCCCCCCCCCCCCCCCCCCCCC(=O)N[C@@H](CO[C@@H]1O[C@H](CO)[C@@H](O[C@@H]2O[C@H](CO)[C@H](O)[C@H](O[C@@H]3O[C@H](CO)[C@H](O)[C@H](O[C@]4(C(=O)O)C[C@H](O)[C@@H](NC(C)=O)[C@H]([C@H](O)[C@@H](CO)O[C@@H]5O[C@H](CO)[C@H](O[C@]6(C(=O)O)C[C@H](O)[C@@H](NC(C)=O)[C@H]([C@H](O)[C@H](O)CO)O6)[C@H](O[C@]6(C(=O)O)C[C@H](O)[C@@H](NC(C)=O)[C@H]([C@H](O)[C@H](O)CO)O6)[C@H]5O)O4)[C@H]3NC(C)=O)[C@H]2O)[C@H](O)[C@H]1O)[C@H](O)[C@H](O)CCCCCCCCCCC(C)C,6.149616666666666,6.232091726190472,6.190854196428569
CCCCCCCCCCCCCCCCCCCC(=O)N[C@@H](CO[C@@H]1O[C@H](CO)[C@@H](O[C@@H]2O[C@H](CO)[C@H](O)[C@H](O[C@@H]3O[C@H](CO)[C@H](O)[C@H](O[C@]4(C(=O)O)C[C@H](O)[C@@H](NC(C)=O)[C@H]([C@H](O)[C@@H](CO)O[C@@H]5O[C@H](CO)[C@H](O[C@]6(C(=O)O)C[C@H](O)[C@@H](NC(C)=O)[C@H]([C@H](O)[C@H](O)CO)O6)[C@H](O[C@]6(C(=O)O)C[C@H](O)[C@@H](NC(C)=O)[C@H]([C@H](O)[C@H](O)CO)O6)[C@H]5O)O4)[C@H]3NC(C)=O)[C@H]2O)[C@H](O)[C@H]1O)[C@H](O)[C@H](O)CCCCCCCCCCCC(C)C,6.149616666666666,6.232091726190472,6.190854196428569
CCCCCCCCCCCCCCCCCC(=O)N[C@@H](CO[C@@H]1O[C@H](CO)[C@@H](O[C@@H]2O[C@H](CO)[C@H](O)[C@H](O[C@@H]3O[C@H](CO)[C@H](O)[C@H](O[C@]4(C(=O)O)C[C@H](O)[C@@H](NC(C)=O)[C@H]([C@H](O)[C@@H](CO)O[C@@H]5O[C@H](CO)[C@H](O[C@]6(C(=O)O)C[C@H](O)[C@@H](NC(C)=O)[C@H]([C@H](O)[C@H](O)CO)O6)[C@H](O[C@]6(C(=O)O)C[C@H](O)[C@@H](NC(C)=O)[C@H]([C@H](O)[C@H](O)CO)O6)[C@H]5O)O4)[C@H]3NC(C)=O)[C@H]2O)[C@H](O)[C@H]1O)[C@H](O)[C@H](O)CCCCCCCCCCCCC(C)C,6.149616666666666,6.232091726190472,6.190854196428569
CCCCCCCCCCCCCCCCCC(=O)N[C@@H](CO[C@@H]1O[C@H](CO)[C@@H](O[C@@H]2O[C@H](CO)[C@H](O)[C@H](O[C@@H]3O[C@H](CO)[C@H](O)[C@H](O[C@]4(C(=O)O)C[C@H](O)[C@@H](NC(C)=O)[C@H]([C@H](O)[C@@H](CO)O[C@@H]5O[C@H](CO)[C@H](O[C@]6(C(=O)O)C[C@H](O)[C@@H](NC(C)=O)[C@H]([C@H](O)[C@H](O)CO)O6)[C@H](O[C@]6(C(=O)O)C[C@H](O)[C@@H](NC(C)=O)[C@H]([C@H](O)[C@H](O)CO)O6)[C@H]5O)O4)[C@H]3NC(C)=O)[C@H]2O)[C@H](O)[C@H]1O)[C@H](O)[C@H](O)CCCCCCCCCCC(C)C,6.149616666666666,6.232091726190472,6.190854196428569
CCCCCCCCCCCCCCCCCC(=O)N[C@@H](CO[C@@H]1O[C@H](CO)[C@@H](O[C@@H]2O[C@H](CO)[C@H](O)[C@H](O[C@@H]3O[C@H](CO)[C@H](O)[C@H](O[C@]4(C(=O)O)C[C@H](O)[C@@H](NC(C)=O)[C@H]([C@H](O)[C@@H](CO)O[C@@H]5O[C@H](CO)[C@H](O[C@]6(C(=O)O)C[C@H](O)[C@@H](NC(C)=O)[C@H]([C@H](O)[C@H](O)CO)O6)[C@H](O[C@]6(C(=O)O)C[C@H](O)[C@@H](NC(C)=O)[C@H]([C@H](O)[C@H](O)CO)O6)[C@H]5O)O4)[C@H]3NC(C)=O)[C@H]2O)[C@H](O)[C@H]1O)[C@H](O)[C@H](O)CCCCCCCCCCCC(C)CC,6.149616666666666,6.232091726190472,6.190854196428569
CCCCCCCCCCCCCCCCCCCCCC(=O)N[C@@H](CO[C@@H]1O[C@H](CO)[C@@H](O[C@@H]2O[C@H](CO)[C@H](O)[C@H](O[C@@H]3O[C@H](CO)[C@H](O)[C@H](O[C@]4(C(=O)O)C[C@H](O)[C@@H](NC(C)=O)[C@H]([C@H](O)[C@@H](CO)O[C@@H]5O[C@H](CO)[C@H](O[C@]6(C(=O)O)C[C@H](O)[C@@H](NC(C)=O)[C@H]([C@H](O)[C@H](O)CO)O6)[C@H](O[C@]6(C(=O)O)C[C@H](O)[C@@H](NC(C)=O)[C@H]([C@H](O)[C@H](O)CO)O6)[C@H]5O)O4)[C@H]3NC(C)=O)[C@H]2O)[C@H](O)[C@H]1O)[C@H](O)[C@H](O)CCCCCCCCCCCCC(C)C,6.149616666666666,6.232091726190472,6.190854196428569
CCCCCCCCCCCCCCCC(=O)N[C@@H](CO[C@@H]1O[C@H](CO)[C@@H](O[C@@H]2O[C@H](CO)[C@H](O)[C@H](O[C@@H]3O[C@H](CO)[C@H](O)[C@H](O[C@]4(C(=O)O)C[C@H](O)[C@@H](NC(C)=O)[C@H]([C@H](O)[C@@H](CO)O[C@@H]5O[C@H](CO)[C@H](O[C@]6(C(=O)O)C[C@H](O)[C@@H](NC(C)=O)[C@H]([C@H](O)[C@H](O)CO)O6)[C@H](O[C@]6(C(=O)O)C[C@H](O)[C@@H](NC(C)=O)[C@H]([C@H](O)[C@H](O)CO)O6)[C@H]5O)O4)[C@H]3NC(C)=O)[C@H]2O)[C@H](O)[C@H]1O)[C@H](O)[C@H](O)CCCCCCCCCCC(C)CC,6.149616666666666,6.232091726190472,6.190854196428569
CCCCCCCCCCCCCCCCCC(=O)N[C@@H](CO[C@@H]1O[C@H](CO)[C@@H](O[C@@H]2O[C@H](CO)[C@H](O)[C@H](O[C@@H]3O[C@H](CO)[C@H](O)[C@H](O[C@]4(C(=O)O)C[C@H](O)[C@@H](NC(C)=O)[C@H]([C@H](O)[C@@H](CO)O[C@@H]5O[C@H](CO)[C@H](O[C@]6(C(=O)O)C[C@H](O)[C@@H](NC(C)=O)[C@H]([C@H](O)[C@H](O)CO)O6)[C@H](O[C@]6(C(=O)O)C[C@H](O)[C@@H](NC(C)=O)[C@H]([C@H](O)[C@H](O)CO)O6)[C@H]5O)O4)[C@H]3NC(C)=O)[C@H]2O)[C@H](O)[C@H]1O)[C@H](O)[C@H](O)CCCCCCCCCCC(C)CC,6.149616666666666,6.232091726190472,6.190854196428569
CCCCCCCCCCCCCCCCCCCC(=O)N[C@@H](CO[C@@H]1O[C@H](CO)[C@@H](O[C@@H]2O[C@H](CO)[C@H](O)[C@H](O[C@@H]3O[C@H](CO)[C@H](O)[C@H](O[C@]4(C(=O)O)C[C@H](O)[C@@H](NC(C)=O)[C@H]([C@H](O)[C@@H](CO)O[C@@H]5O[C@H](CO)[C@H](O[C@]6(C(=O)O)C[C@H](O)[C@@H](NC(C)=O)[C@H]([C@H](O)[C@H](O)CO)O6)[C@H](O[C@]6(C(=O)O)C[C@H](O)[C@@H](NC(C)=O)[C@H]([C@H](O)[C@H](O)CO)O6)[C@H]5O)O4)[C@H]3NC(C)=O)[C@H]2O)[C@H](O)[C@H]1O)[C@H](O)[C@H](O)CCCCCCCCCCCC(C)CC,6.149616666666666,6.232091726190472,6.190854196428569
CCCCCCCCCCCCCCCCCCCCCC(=O)N[C@@H](CO[C@@H]1O[C@H](CO)[C@@H](O[C@@H]2O[C@H](CO)[C@H](O)[C@H](O[C@@H]3O[C@H](CO)[C@H](O)[C@H](O[C@]4(C(=O)O)C[C@H](O)[C@@H](NC(C)=O)[C@H]([C@H](O)[C@@H](CO)O[C@@H]5O[C@H](CO)[C@H](O[C@]6(C(=O)O)C[C@H](O)[C@@H](NC(C)=O)[C@H]([C@H](O)[C@H](O)CO)O6)[C@H](O[C@]6(C(=O)O)C[C@H](O)[C@@H](NC(C)=O)[C@H]([C@H](O)[C@H](O)CO)O6)[C@H]5O)O4)[C@H]3NC(C)=O)[C@H]2O)[C@H](O)[C@H]1O)[C@H](O)[C@H](O)CCCCCCCCCCCC(C)C,6.149616666666666,6.232091726190472,6.190854196428569
CCCCCCCCCCCCCCCCCCCC(=O)N[C@@H](CO[C@@H]1O[C@H](CO)[C@@H](O[C@@H]2O[C@H](CO)[C@H](O)[C@H](O[C@@H]3O[C@H](CO)[C@H](O)[C@H](O[C@]4(C(=O)O)C[C@H](O)[C@@H](NC(C)=O)[C@H]([C@H](O)[C@@H](CO)O[C@@H]5O[C@H](CO)[C@H](O[C@]6(C(=O)O)C[C@H](O)[C@@H](NC(C)=O)[C@H]([C@H](O)[C@H](O)CO)O6)[C@H](O[C@]6(C(=O)O)C[C@H](O)[C@@H](NC(C)=O)[C@H]([C@H](O)[C@H](O)CO)O6)[C@H]5O)O4)[C@H]3NC(C)=O)[C@H]2O)[C@H](O)[C@H]1O)[C@H](O)[C@H](O)CCCCCCCCCCC(C)CC,6.149616666666666,6.232091726190472,6.190854196428569
CCCCCCCCCCCCCCCC(=O)N[C@@H](CO[C@@H]1O[C@H](CO)[C@@H](O[C@@H]2O[C@H](CO)[C@H](O)[C@H](O[C@@H]3O[C@H](CO)[C@H](O)[C@H](O[C@]4(C(=O)O)C[C@H](O)[C@@H](NC(C)=O)[C@H]([C@H](O)[C@@H](CO)O[C@@H]5O[C@H](CO)[C@H](O[C@]6(C(=O)O)C[C@H](O)[C@@H](NC(C)=O)[C@H]([C@H](O)[C@H](O)CO)O6)[C@H](O[C@]6(C(=O)O)C[C@H](O)[C@@H](NC(C)=O)[C@H]([C@H](O)[C@H](O)CO)O6)[C@H]5O)O4)[C@H]3NC(C)=O)[C@H]2O)[C@H](O)[C@H]1O)[C@H](O)[C@H](O)CCCCCCCCCCCC(C)CC,6.149616666666666,6.232091726190472,6.190854196428569
CCCCCCCCCCCCCCCCCC(=O)N[C@@H](CO[C@@H]1O[C@H](CO)[C@@H](O[C@@H]2O[C@H](CO)[C@H](O)[C@H](O[C@@H]3O[C@H](CO)[C@H](O)[C@H](O[C@]4(C(=O)O)C[C@H](O)[C@@H](NC(C)=O)[C@H]([C@H](O)[C@@H](CO)O[C@@H]5O[C@H](CO)[C@H](O[C@]6(C(=O)O)C[C@H](O)[C@@H](NC(C)=O)[C@H]([C@H](O)[C@H](O)CO)O6)[C@H](O[C@]6(C(=O)O)C[C@H](O)[C@@H](NC(C)=O)[C@H]([C@H](O)[C@H](O)CO)O6)[C@H]5O)O4)[C@H]3NC(C)=O)[C@H]2O)[C@H](O)[C@H]1O)[C@H](O)[C@H](O)CCCCCCCCCCCC(C)C,6.149616666666666,6.232091726190472,6.190854196428569
CCCCCCCCCCCCCCCCCCCC(=O)N[C@@H](CO[C@@H]1O[C@H](CO)[C@@H](O[C@@H]2O[C@H](CO)[C@H](O)[C@H](O[C@@H]3O[C@H](CO)[C@H](O)[C@H](O[C@]4(C(=O)O)C[C@H](O)[C@@H](NC(C)=O)[C@H]([C@H](O)[C@@H](CO)O[C@@H]5O[C@H](CO)[C@H](O[C@]6(C(=O)O)C[C@H](O)[C@@H](NC(C)=O)[C@H]([C@H](O)[C@H](O)CO)O6)[C@H](O[C@]6(C(=O)O)C[C@H](O)[C@@H](NC(C)=O)[C@H]([C@H](O)[C@H](O)CO)O6)[C@H]5O)O4)[C@H]3NC(C)=O)[C@H]2O)[C@H](O)[C@H]1O)[C@H](O)[C@H](O)CCCCCCCCCCC(C)C,6.149616666666666,6.232091726190472,6.190854196428569
CCCCCCCCCCCCCCCC(=O)N[C@@H](CO[C@@H]1O[C@H](CO)[C@@H](O[C@@H]2O[C@H](CO)[C@H](O)[C@H](O[C@@H]3O[C@H](CO)[C@H](O)[C@H](O[C@]4(C(=O)O)C[C@H](O)[C@@H](NC(C)=O)[C@H]([C@H](O)[C@@H](CO)O[C@@H]5O[C@H](CO)[C@H](O[C@]6(C(=O)O)C[C@H](O)[C@@H](NC(C)=O)[C@H]([C@H](O)[C@H](O)CO)O6)[C@H](O[C@]6(C(=O)O)C[C@H](O)[C@@H](NC(C)=O)[C@H]([C@H](O)[C@H](O)CO)O6)[C@H]5O)O4)[C@H]3NC(C)=O)[C@H]2O)[C@H](O)[C@H]1O)[C@H](O)[C@H](O)CCCCCCCCCCCCC(C)C,6.149616666666666,6.232091726190472,6.190854196428569
CCCCCCCCCCCCCCCC(=O)N[C@@H](CO[C@@H]1O[C@H](CO)[C@@H](O[C@@H]2O[C@H](CO)[C@H](O)[C@H](O[C@@H]3O[C@H](CO)[C@H](O)[C@H](O[C@]4(C(=O)O)C[C@H](O)[C@@H](NC(C)=O)[C@H]([C@H](O)[C@@H](CO)O[C@@H]5O[C@H](CO)[C@H](O[C@]6(C(=O)O)C[C@H](O)[C@@H](NC(C)=O)[C@H]([C@H](O)[C@H](O)CO)O6)[C@H](O[C@]6(C(=O)O)C[C@H](O)[C@@H](NC(C)=O)[C@H]([C@H](O)[C@H](O)CO)O6)[C@H]5O)O4)[C@H]3NC(C)=O)[C@H]2O)[C@H](O)[C@H]1O)[C@H](O)[C@H](O)CCCCCCCCCC(C)CC,6.149616666666666,6.232091726190472,6.190854196428569
CCCCCCCCCCCCCCCC(=O)N[C@@H](CO[C@@H]1O[C@H](CO)[C@@H](O[C@@H]2O[C@H](CO)[C@H](O)[C@H](O[C@@H]3O[C@H](CO)[C@H](O)[C@H](O[C@]4(C(=O)O)C[C@H](O)[C@@H](NC(C)=O)[C@H]([C@H](O)[C@@H](CO)O[C@@H]5O[C@H](CO)[C@H](O[C@]6(C(=O)O)C[C@H](O)[C@@H](NC(C)=O)[C@H]([C@H](O)[C@H](O)CO)O6)[C@H](O[C@]6(C(=O)O)C[C@H](O)[C@@H](NC(C)=O)[C@H]([C@H](O)[C@H](O)CO)O6)[C@H]5O)O4)[C@H]3NC(C)=O)[C@H]2O)[C@H](O)[C@H]1O)[C@H](O)[C@H](O)CCCCCCCCCCCC(C)C,6.149616666666666,6.232091726190472,6.190854196428569
C[C@H]1CC[C@H]2C(=CCCC2(C)C)[C@@]1(C)CCC(CCCC1=CC(=O)N(CCc2c[nH]cn2)C1)COS(=O)(=O)O,6.16792777777777,6.213447332251085,6.190687555014428
O=C(OC[C@H](OC(=O)c1ccc(O)cc1)[C@@H](OC(=O)c1ccc(O)cc1)[C@H](OC(=O)c1ccc(O)cc1)[C@@H](COC(=O)c1ccc(O)cc1)OC(=O)c1ccc(O)cc1)c1ccc(O)cc1,6.237382222222221,6.143930002886004,6.190656112554112
CCCCCCCCCCC/C=C/C[C@@H](O)[C@@H](O)[C@H](CO[C@@H]1O[C@H](CO[C@@H]2O[C@H](CO)[C@@H](O)[C@H](O)[C@H]2NC(C)=O)[C@@H](O)[C@H](O)[C@H]1O)NC(=O)[C@H](O)CCCCCCCCCCCCCCCCCCCC,6.139638888888888,6.24105924603174,6.190349067460314
CCCCCCCCCCCCCCCCCCCCC[C@@H](O)C(=O)N[C@@H](CO[C@H]1O[C@H](CO[C@@H]2O[C@H](CO)[C@H](O)[C@H](O)[C@H]2NC(C)=O)[C@H](O)[C@H](O)[C@H]1O[C@H]1O[C@H](CO)[C@H](O)[C@H](O)[C@H]1O)[C@H](O)[C@H](O)CCCCCCCCCCCCCCCCC,6.148055555555555,6.232091726190472,6.190073640873013
CCCCCCCCCCCCCCCCCCCCCC[C@@H](O)C(=O)N[C@@H](CO[C@H]1O[C@H](CO[C@@H]2O[C@H](CO)[C@H](O)[C@H](O)[C@H]2NC(C)=O)[C@H](O)[C@H](O)[C@H]1O[C@H]1O[C@H](CO)[C@H](O)[C@H](O)[C@H]1O)[C@H](O)[C@H](O)CCCCCCCCCCCCCCCC,6.148055555555555,6.232091726190472,6.190073640873013
CC(C)[C@@H](NC(=O)[C@@H]1CCCN1C(=O)[C@H](Cc1ccc(Br)cc1)NC(=O)[C@@H](C)NC=O)C(=O)N[C@H](C(=O)N[C@H](Cc1c[nH]c2ccccc12)C(=O)N[C@@H](CCCNC(=N)N)C(=O)N[C@H](CS(=O)(=O)O)C(=O)N[C@@H]1C(=O)N(C)[C@@H](CCC(N)=O)C(=O)N[C@H](C(C)C)C(=O)N2CCC[C@H]2C(=O)N[C@H](CC(=O)O)C(=O)O[C@@H]1C)C(C)(C)C,6.275705555555553,6.104415224867725,6.190060390211639
CO[C@@H](C[C@@H](C)[C@@H](O)/C=C/C=C/CNC(=O)C(C)(C)[C@H](O)/C(C)=C/C=C/C=C/C(C)=C(\C)[N+](=O)[O-])[C@]1(O)[C@@H](C)C(=O)N(C)[C@@]12COC2=O,6.062366666666664,6.317717377645498,6.1900420221560815
C#CCCCC1OC(=O)[C@H](C(C)CC)N(C)C(=O)[C@@H]2CCCN2C(=O)[C@H](C(C)C)OC(=O)[C@H](Cc2ccccc2)N(C)C(=O)[C@H](C(C)C)NC(=O)C1C,6.29796888888889,6.082097159391532,6.190033024140211
COC1=C(Br)[C@H](O)[C@@]2(C=C1Br)CC(C(=O)NCCCCNC(=O)C1=NO[C@]3(C=C(Br)C(=O)[C@@H](Br)[C@@H]3O)C1)=NO2,6.343401111111111,6.036101951058197,6.189751531084654
COC1=C(Br)[C@H](O)[C@@]2(C=C1Br)CC(C(=O)NCCCCNC(=O)C1=NO[C@@]3(C=C(Br)C(=O)[C@H](Br)[C@H]3O)C1)=NO2,6.343401111111111,6.036101951058197,6.189751531084654
C#CCCC/C=C(\C)C(=O)N[C@H](C(=O)N(C)[C@H](C(=O)N(C)[C@H](C(=O)N(C)[C@H](C(=O)N1CCC[C@H]1C(=O)N1CCC[C@H]1C(=O)CC)C(C)C)C(C)C)[C@@H](C)CC)[C@@H](C)CC,6.3595522222222245,6.019902817460316,6.18972751984127
CCCCCCCCCCCCCCCCCCCCC[C@@H](O)C(=O)N[C@@H](CO[C@@H]1O[C@H](CO)[C@@H](O[C@@H]2O[C@H](CO)[C@H](O)[C@H](O)[C@H]2NC(C)=O)[C@H](O[C@H]2O[C@H](C)[C@H](O)[C@H](O)[C@H]2O)[C@H]1NC(C)=O)[C@H](O)[C@H](O)CCCCCCCCCCCCC(C)C,6.147272222222224,6.232091726190472,6.189681974206348
C#CCCC[C@H]1OC(=O)[C@H]([C@@H](C)CC)N(C)C(=O)[C@@H]2CCCN2C(=O)[C@H]([C@@H](C)CC)OC(=O)[C@H](C(C)C)N(C)C(=O)[C@H](C(C)C)NC(=O)[C@H]1C,6.296813333333333,6.082097159391532,6.189455246362432
CC(C)CCCCCC(O)CC(=O)N[C@H](C(=O)O)C(=O)N[C@H](Cc1ccccc1)C(=O)N[C@@H](CO)C(=O)N[C@@H](C(=O)N1C[C@H](O)C[C@H]1C(=O)N[C@@H](CO)C(=O)N[C@H](CC(C)C)C(=O)N[C@@H](Cc1ccccc1)C(=O)O)C(C)C,6.2555055555555565,6.123309523809521,6.189407539682539
CO/C(=C\c1ccc(O)cc1)C(=O)O[C@@H]1[C@H](OC(=O)/C=C/c2c[nH]cn2)[C@@H](C[S+](C)[O-])O[C@H]1n1cnc2c(N)ncnc21,6.176344444444452,6.202200704365078,6.1892725744047645
CCC[C@H]1OC(=O)[C@@H]2CCCN2C(=O)[C@H]([C@H](C)Cc2ccccc2)NC(=O)[C@@H]2CCCN2C(=O)[C@@H]2CCCN2C(=O)[C@H](C(C)C)OC(=O)[C@@H]2CCCN2C(=O)[C@H](C(C)C)NC(=O)C1(C)C,6.358672222222221,6.019794890873013,6.189233556547617
CC[C@H](C)[C@@H]1NC(=O)[C@@H]2CCCN2C(=O)[C@@H]2CCCN2C(=O)[C@H](C)NC(=O)c2coc(n2)[C@@H]2CCCN2C(=O)[C@H](Cc2ccc(OCC=C(C)C)cc2)NC(=O)c2nc1oc2C,6.1848111111111095,6.193340238095236,6.189075674603172
Oc1c(Br)cc(Cc2c(Br)c(O)c(O)c(Br)c2Br)c(Br)c1O,6.07854222222222,6.2994137398989904,6.188977981060605
CCCCCCCC[C@H](C)C[C@H](OS(=O)(=O)[O-])[C@H](CC[C@H](CCCCCCCCCCCCC(=O)N[C@H]1CC[C@@H]2c3c(O)cc(O)cc3CCN2C1=O)OS(=O)(=O)[O-])OS(=O)(=O)[O-].[Na+].[Na+].[Na+],6.210263333333331,6.167647539682537,6.188955436507934
COc1cc(O)c2c(c1COCc1c(OC)cc(O)c3c1[C@](C)(C(C)=O)OC3=O)[C@](C)(C(C)=O)OC2=O,6.355357777777774,6.022433587061086,6.18889568241943
CCC[C@@H](C)[C@H](O)[C@H](C)[C@@H](O)[C@@H](C)[C@H](Cc1nc(C2=N[C@@](C)(C3=N[C@@](C)(C(=O)N[C@H]([C@@H](O)[C@@H](C)C(=O)OCC)[C@@H](C)CC)CS3)CS2)cs1)OC,6.1396333333333315,6.238001329365077,6.188817331349204
CCCCCCCCCCCCCCCCCCCCCC[C@@H](O)C(=O)N[C@@H](CO[C@H]1O[C@H](CO)[C@H](O)[C@H](O)[C@H]1O[C@H]1O[C@H](CO[C@@H]2O[C@H](CO[C@H]3O[C@H]([C@H](C)O)[C@@H](O)[C@@H]3O)[C@H](O)[C@H](O)[C@H]2NC(C)=O)[C@H](O)[C@H](O)[C@H]1O)[C@H](O)[C@H](O)CCCCCCCCCCCCCC,6.154716666666667,6.222206170634918,6.1884614186507925
CCCCCCCCCCCCCCCCCCC[C@@H](O)C(=O)N[C@@H](CO[C@H]1O[C@H](CO)[C@H](O)[C@H](O)[C@H]1O[C@H]1O[C@H](CO[C@@H]2O[C@H](CO[C@H]3O[C@H]([C@H](C)O)[C@@H](O)[C@@H]3O)[C@H](O)[C@H](O)[C@H]2NC(C)=O)[C@H](O)[C@H](O)[C@H]1O)[C@H](O)[C@H](O)CCCCCCCCCCCCCCCCC,6.154716666666667,6.222206170634918,6.1884614186507925
CCCCCCCCCCCCCCCCCCCC[C@@H](O)C(=O)N[C@@H](CO[C@H]1O[C@H](CO)[C@H](O)[C@H](O)[C@H]1O[C@H]1O[C@H](CO[C@@H]2O[C@H](CO[C@H]3O[C@H]([C@H](C)O)[C@@H](O)[C@@H]3O)[C@H](O)[C@H](O)[C@H]2NC(C)=O)[C@H](O)[C@H](O)[C@H]1O)[C@H](O)[C@H](O)CCCCCCCCCCCCCCCC,6.154716666666667,6.222206170634918,6.1884614186507925
CCCCCCCCCCCCCCCCCCCCC[C@@H](O)C(=O)N[C@@H](CO[C@H]1O[C@H](CO)[C@H](O)[C@H](O)[C@H]1O[C@H]1O[C@H](CO[C@@H]2O[C@H](CO[C@H]3O[C@H]([C@H](C)O)[C@@H](O)[C@@H]3O)[C@H](O)[C@H](O)[C@H]2NC(C)=O)[C@H](O)[C@H](O)[C@H]1O)[C@H](O)[C@H](O)CCCCCCCCCCCCCCC,6.154716666666667,6.222206170634918,6.1884614186507925
CC(/C=C/c1ccccc1)=C\[C@H](O)[C@@H]1CC(=O)N[C@@H](CO)C(=O)NC2C[n+]3cc(n([C@H]4O[C@@H](CO)[C@@H](O)[C@@H](O)[C@@H]4O)c3)CC(NC(=O)CCC[C@@H](C(=O)[O-])NC(=O)[C@@H](O)CNC(=O)[C@H](Cc3ccc(Br)cc3)NC(=O)[C@H]([C@@H](O)C(N)=O)NC(=O)[C@H](CC(N)=O)NC2=O)C(=O)N[C@@H]([C@H](C)O)C(=O)N[C@@H](CO)C(=O)N[C@@H](Cc2ccccc2)C(=O)N1,6.304538888888888,6.072245813492063,6.188392351190475
CC(/C=C/c1ccccc1)=C\[C@H](O)[C@@H]1CC(=O)N[C@@H](CO)C(=O)N[C@@H]2Cn3cc([n+]([C@@H]4O[C@H](CO)[C@H](O)[C@H](O)[C@H]4O)c3)C[C@H](NC(=O)CCC[C@@H](C(=O)[O-])NC(=O)[C@H](O)CNC(=O)[C@H]([C@@H](C)c3ccc(Br)cc3)NC(=O)[C@H]([C@@H](O)C(N)=O)NC(=O)[C@H](CC(N)=O)NC2=O)C(=O)N[C@@H]([C@H](C)O)C(=O)N[C@@H](CO)C(=O)N[C@@H](Cc2ccccc2)C(=O)N1,6.304538888888888,6.072245813492063,6.188392351190475
CC[C@@H](C)C1NC(=O)[C@H](C(C)C)NC(=O)[C@@H]2CCCN2C(=O)[C@H](Cc2c[nH]c3ccccc23)NC(=O)[C@H](CC(C)C)NC(=O)[C@@H]2CCCN2C(=O)[C@H]([C@H](C)CC)NC(=O)[C@@H]2CCCN2C1=O,6.276672222222222,6.099463720238097,6.18806797123016
Nc1nc(CCNC(=O)C(Cc2cc(Br)c(OCCC[n+]3ccccc3)c(Br)c2)=NO)c[nH]1,6.316613333333333,6.059147718253967,6.18788052579365
O=S(=O)(O)Oc1ccc(Oc2cc(Br)c(Oc3ccc(OS(=O)(=O)O)c(Oc4ccc(Br)cc4Br)c3Br)c(Oc3ccc(Br)cc3Br)c2)cc1Br,6.199124444444448,6.176385030663782,6.1877547375541155
O=C(OCCOCCO)c1ccccc1C(=O)OCCOCCOC(=O)c1ccccc1C(=O)OCCOCCOC(=O)c1ccccc1C(=O)OCCOCCOC(=O)c1ccccc1C(=O)OCCOCCO,6.19637444444445,6.178992987734489,6.187683716089469
CCCCCCC[C@@H]1C[C@@H]2CCc3c(C(=O)OCCCCCCC[C@H]4NC(=N)N5CCCC5=C4C(=O)OCCCCNC(=N)N)c(C)nc([n+]32)N1,6.135402222222219,6.23989018939394,6.187646205808079
CC(C)C[C@@H]1NC(=O)[C@H](CCC(=O)O)NC(=O)[C@@H]2CCCN2C(=O)CNC(=O)[C@H](Cc2ccccc2)NC(=O)[C@@H]2CCCN2C(=O)[C@H](Cc2c[nH]c3ccccc23)NC1=O,6.268988888888885,6.106094295634921,6.187541592261903
CCCCC[C@H](O)CC(=O)O[C@H]1C=COC=C2C[C@@]3(SC)C(=O)N4[C@H]5C(=COC=C[C@@H]5O)C[C@@]4(SC)C(=O)N3[C@@H]21,6.2056133333333365,6.169467934102929,6.1875406337181325
CC(/C=C/c1ccccc1)=C\[C@H](O)[C@@H]1CC(=O)N[C@@H](CO)C(=O)N[C@@H]2Cn3cc([n+]([C@H]4OC[C@@H](O)[C@@H](O)[C@@H]4O)c3)C[C@H](NC(=O)CCC[C@@H](C(=O)[O-])NC(=O)[C@H](O)CNC(=O)[C@H]([C@@H](C)c3ccc(Br)cc3)NC(=O)[C@H]([C@@H](O)C(N)=O)NC(=O)[C@H](CC(N)=O)NC2=O)C(=O)N[C@@H]([C@H](C)O)C(=O)N[C@@H](CO)C(=O)N[C@@H](Cc2ccccc2)C(=O)N1,6.302172222222222,6.072245813492063,6.187209017857143
CC(/C=C/c1ccccc1)=C\[C@H](O)[C@@H]1CC(=O)N[C@@H](CO)C(=O)N[C@@H]2C[n+]3cc(n([C@H]4OC[C@H](O)[C@H](O)[C@H]4O)c3)C[C@H](NC(=O)CCC[C@@H](C(=O)[O-])NC(=O)[C@@H](O)CNC(=O)[C@H](Cc3ccc(Br)cc3)NC(=O)[C@H]([C@@H](O)C(N)=O)NC(=O)[C@H](CC(N)=O)NC2=O)C(=O)N[C@@H]([C@H](C)O)C(=O)N[C@@H](CO)C(=O)N[C@@H](Cc2ccccc2)C(=O)N1,6.302172222222222,6.072245813492063,6.187209017857143
CC(=O)N[C@H]1[C@H](O[C@H]2[C@H](OC3CC[C@]4(C)C5=C(CC[C@H]4C3(C)C)[C@]3(C(=O)O)CC[C@H]([C@H](C)CCC(C)(OC(C)=O)C(C)C)[C@@]3(C)CC5)O[C@H](COC(C)=O)[C@H](O)[C@@H]2O[C@@H]2OC[C@H](O[C@@H]3OC[C@H](O)[C@H](O)[C@H]3O)[C@H](O)[C@H]2O)O[C@H](CO)[C@H](O)[C@@H]1O,6.343244444444446,6.031146924603172,6.187195684523809
CC(=O)N[C@H]1[C@H](O[C@H]2[C@H](OC3CC[C@]4(C)C5=C(CC[C@H]4C3(C)C)[C@]3(C(=O)O)CC[C@H]([C@H](C)CCC(C)(OC(C)=O)C(C)C)[C@@]3(C)CC5)O[C@H](COC(C)=O)[C@H](O)[C@@H]2O[C@@H]2OC[C@H](O[C@@H]3OC[C@H](O)[C@H](O)[C@H]3O)[C@H](O)[C@H]2O)O[C@H](CO)[C@@H](O)[C@@H]1O,6.343244444444446,6.031146924603172,6.187195684523809
C[N+](C)(C)[C@H](CCCc1cc(I)c(O)c(I)c1)C(=O)[O-],6.199476111111112,6.1747941266233735,6.187135118867243
CC/C=C(\C)[C@H]1OC(=O)[C@H](C)N(C)C(=O)[C@H](C(C)C)NC(=O)CN(C)C(=O)[C@H]([C@H](C)CC)N(C)C(=O)[C@H](C(C)C)NC(=O)[C@@H](C(C)C)OC(=O)/C(C)=C/C[C@H](O)[C@@H]1C,6.353463333333337,6.020681765873012,6.187072549603174
COc1c(Br)cc(Br)c(Br)c1Oc1ccccc1Br,6.22982,6.144256234848487,6.187038117424244
CCCCCCCCCCCCCCCCCCCC[C@@H](O)C(=O)N[C@@H](CO[C@H]1O[C@H](CO[C@@H]2O[C@H](CO)[C@H](O)[C@H](O)[C@H]2NC(C)=O)[C@H](O)[C@H](O)[C@H]1O[C@H]1O[C@H](CO)[C@H](O)[C@H](O)[C@H]1O)[C@H](O)[C@H](O)CCCCCCCCCCCC,6.141705555555555,6.232091726190472,6.1868986408730136
CCCCCCCCCCCCCC(=O)NC(C)(C)C(=O)N1CCC[C@H]1C(=O)N[C@@H](CC(C)C)C(=O)N[C@H](C(=O)N[C@@H](CCC(N)=O)C(=O)N[C@H](CO)CC(C)C)C(C)C,6.354741111111115,6.01881622113997,6.186778666125543
COc1c(C)cc2c(c1O)C1[C@@H]3[C@@H]4SCC(=O)C(=O)OC[C@@H](c5c6c(c(C)c(OC(C)=O)c54)OCO6)N3[C@@H](O)C(C2)N1C,6.322013333333338,6.051268002645503,6.186640667989421
C/C=C(C)/C=C/C(=O)NCC(=O)OC[C@@H]1NC(=O)[C@@H]([C@@H](C)O)NC(=O)[C@H](Cc2ccccc2)NC(=O)[C@H](c2ccc(O)cc2)NC(=O)[C@@H]([C@@H](C)CC)NC(=O)[C@@H](NC(=O)[C@H](C)[C@H](O)C(C)C)[C@@H](C)OC1=O,6.286907777777777,6.086055813492064,6.18648179563492
CCC(C)[C@H](NC(=O)C(C)(C)NC(=O)[C@@H](NC(=O)C(C)(C)NC(=O)C(C)(C)NC(C)=O)C(C)C)C(=O)NC(C)(C)C(=O)NC(C)(C)C(=O)N[C@@H](C)C(=O)NC(C)(C)C(=O)N1CCC[C@H]1COC(C)=O,6.260511111111111,6.112345308441558,6.186428209776334
COC1=C(Br)C[C@]2(OC=C1Br)ON=C(C(=O)NCCCOc1c(Br)cc(C(O)CN)cc1Br)[C@@H]2O,6.300956666666666,6.071849285714283,6.186402976190474
CC(C)C[C@@H]1OC(=O)[C@@H](CC(C)C)NC(=O)CNC(=O)[C@H](Cc2ccc(O)cc2)NC(=O)[C@H](C(C)C)NC(=O)CNC1=O,6.266052222222225,6.106676684523808,6.186364453373017
C[C@H]1CC[C@H]2C(=CCCC2(C)C)[C@@]1(C)CCC(CCCC1=CCN(CCc2c[nH]cn2)C1=O)COS(=O)(=O)O,6.159261111111104,6.213447332251085,6.1863542216810945
C[C@@H]1O[C@@H](O[C@@H]2[C@@H](O)[C@H](OCCc3ccc(O)c(O)c3O)O[C@H](CO)[C@H]2OC(=O)/C=C/c2ccc(O)c(O)c2O)[C@H](O)[C@H](O)[C@H]1O,6.331177777777781,6.040901382936512,6.186039580357146
CO[C@H]1[C@H](O)[C@@H](O[C@@H](CC[C@@H](C)[C@H]2C[C@H](O)C3[C@]4(O)C[C@H](O)C5C[C@@H](O)CC[C@]5(C)C4CC[C@@]32C)C(C)C)O[C@@H]1COS(=O)(=O)O.NCCc1ccc(O)cc1,6.3360499999999975,6.035811841029339,6.185930920514668
CCC(C)C(=O)Nc1c(O)c(C(C[N+](C)(C)C)c2c[nH]c3cc(Br)ccc23)c2c3c(ccnc13)NC=C2,6.068255555555561,6.303449682539682,6.185852619047622
CC(CCCCCCCCCCCC/C(O)=C1/C(=O)[C@@H](CC(=O)O)N(C)C1=O)CCCCCCCCO[C@@H]1O[C@H](C(=O)O)[C@@H](O[C@@H]2O[C@H](CO)[C@H](O)[C@H](O)[C@H]2O)[C@H](O)[C@H]1O,6.146305555555553,6.225043101851849,6.185674328703701
C/C=C(\C)C(=O)OC[C@H]1C2=C(C[C@H]3[C@H]4C5=C(C[C@@H]([C@H](C#N)N13)N4C)C(=O)C(C)=C(OC)C5=O)C(=O)C(C)=C(OC)C2=O,6.2676333333333325,6.103378555194804,6.185505944264069
CC(C)CC(=O)Nc1c(O)c(C(C[N+](C)(C)C)c2c[nH]c3cc(Br)ccc23)c2c3c(ccnc13)NC=C2,6.0721888888888955,6.298599682539679,6.185394285714287
COC1=C(NCCS(=O)(=O)O)CC(O)(CO)C/C1=N\C(CO)C(=O)O,6.113602222222228,6.256909493145744,6.185255857683986
CC(C)C[C@@H]1NC(=O)CNC(=O)[C@@H]2CCCN2C(=O)[C@@H]2CCCN2C(=O)[C@H](Cc2c[nH]cn2)NC(=O)[C@@H]2CCCN2C(=O)[C@H](Cc2ccccc2)NC1=O,6.338613333333333,6.031833621031747,6.185223477182539
CCCCCCCCCCCCCCCCCCCC[C@@H](O)C(=O)N[C@@H](CO[C@H]1O[C@H](CO)[C@H](O)[C@H](O)[C@H]1O[C@H]1O[C@H](CO[C@@H]2O[C@H](CO)[C@H](O)[C@H](O[C@@H]3O[C@@H](C)[C@H](O)[C@@H](O)[C@H]3O)[C@H]2NC(C)=O)[C@H](O)[C@H](O)[C@H]1O)[C@H](O)[C@H](O)CCCCCCCCCCCCCCC,6.137822222222222,6.232091726190472,6.184956974206347
CCCCCCCCCCCCCCCCCCCCCCC[C@@H](O)C(=O)N[C@@H](CO[C@H]1O[C@H](CO)[C@H](O)[C@H](O)[C@H]1O[C@H]1O[C@H](CO[C@@H]2O[C@H](CO)[C@H](O)[C@H](O[C@@H]3O[C@@H](C)[C@H](O)[C@@H](O)[C@H]3O)[C@H]2NC(C)=O)[C@H](O)[C@H](O)[C@H]1O)[C@H](O)[C@H](O)CCCCCCCCCCCC,6.137822222222222,6.232091726190472,6.184956974206347
CCCCCCCCCCCCCCCCCCCCCC[C@@H](O)C(=O)N[C@@H](CO[C@H]1O[C@H](CO)[C@H](O)[C@H](O)[C@H]1O[C@H]1O[C@H](CO[C@@H]2O[C@H](CO)[C@H](O)[C@H](O[C@@H]3O[C@@H](C)[C@H](O)[C@@H](O)[C@H]3O)[C@H]2NC(C)=O)[C@H](O)[C@H](O)[C@H]1O)[C@H](O)[C@H](O)CCCCCCCCCCCCC,6.137822222222222,6.232091726190472,6.184956974206347
CCCCCCCCCCCCCCCCCCCCC[C@@H](O)C(=O)N[C@@H](CO[C@H]1O[C@H](CO)[C@H](O)[C@H](O)[C@H]1O[C@H]1O[C@H](CO[C@@H]2O[C@H](CO)[C@H](O)[C@H](O[C@@H]3O[C@@H](C)[C@H](O)[C@@H](O)[C@H]3O)[C@H]2NC(C)=O)[C@H](O)[C@H](O)[C@H]1O)[C@H](O)[C@H](O)CCCCCCCCCCCCCC,6.137822222222222,6.232091726190472,6.184956974206347
CCCCCCCCCCCCCCCCCCC[C@@H](O)C(=O)N[C@@H](CO[C@H]1O[C@H](CO)[C@H](O)[C@H](O)[C@H]1O[C@H]1O[C@H](CO[C@@H]2O[C@H](CO)[C@H](O)[C@H](O[C@@H]3O[C@@H](C)[C@H](O)[C@@H](O)[C@H]3O)[C@H]2NC(C)=O)[C@H](O)[C@H](O)[C@H]1O)[C@H](O)[C@H](O)CCCCCCCCCCCCCCCC,6.137822222222222,6.232091726190472,6.184956974206347
CC[C@H](C)[C@@H]1NC(=O)[C@H](CC(C)C)NC(=O)[C@@H]2CCCN2C(=O)[C@H](C(C)C)NC(=O)[C@H](Cc2c[nH]c3ccccc23)NC(=O)[C@@H]2CCCN2C(=O)[C@H]([C@@H](C)CC)NC(=O)[C@@H]2CCCN2C1=O,6.276672222222222,6.093200525793652,6.184936374007937
C/C=C1/C(=O)N[C@@H](C(=O)O)[C@H](C)N[C@@H](CCCNC(=N)N)C(=O)N[C@@H](/C=C/C(C)=C/[C@H](C)[C@H](Cc2ccccc2)OC)[C@H](C)C(=O)N[C@@H](C(=O)O)CCC(=O)N1C,6.358933333333335,6.010294758297254,6.1846140458152945
CC[C@H](C)[C@@H]1NC(=O)[C@H](CC(C)C)NC(=O)[C@@H](CC(C)C)NC(=O)[C@H]2NC(=O)[C@H](NC(=O)[C@@H](C)NC(=O)[C@H](CC(C)C)NC(=O)CC(C)C)Cc3ccc(cc3)Oc3cc(ccc3O)C[C@H](NC1=O)C(=O)O[C@@H]2C,6.282544444444443,6.086587440476187,6.184565942460315
CCCC(CC)COC(=O)CC(=O)OC1CC(O)CC(O)CC(O)/C(C)=C/C=C/C(C)C(C(C)CCC/C=C/CCCN/C(N)=N/C)OC(=O)/C(C)=C/C=C/C(C)C(O)CC(O)C(C)C(O)CCC(C)C(O)CC2(O)OC(C1)CC(O)C2O,6.302788888888889,6.0660852380952335,6.184437063492061
C=C1CCC[C@]2(C)CC[C@@H](C(C)C)[C@H](NC(=O)[C@H]3CC(O)C[C@H](C(=O)N[C@@H]4[C@H]5C(=C)CCC[C@]5(C)CC[C@H]4C(C)C)N3CC(=O)OC)[C@@H]12,6.119177777777778,6.24942700396825,6.184302390873014
C=C1CCC[C@]2(C)CC[C@@H](C(C)C)[C@H](NC(=O)[C@H]3C[C@H](O)C[C@@H](C(=O)N[C@@H]4[C@H]5C(=C)CCC[C@]5(C)CC[C@H]4C(C)C)N3CC(=O)OC)[C@@H]12,6.119177777777778,6.24942700396825,6.184302390873014
C=C1C[C@H](C)C(=O)N[C@@H](C)C(=O)N(C)[C@H](Cc2ccc(O)c(Br)c2)C(=O)N[C@@H](C)C(=O)O[C@@H](C)C[C@@H](C)C1=O,6.305004444444444,6.063527103174599,6.184265773809521
CCCCCCCCCCCCCCCCCCCCCC[C@@H](O)C(=O)N[C@@H](CO[C@H]1O[C@H](CO)[C@H](O)[C@H](O)[C@H]1O[C@H]1O[C@H](CO[C@@H]2O[C@H](CO)[C@H](O)[C@H](O[C@@H]3O[C@@H](C)[C@H](O)[C@@H](O)[C@H]3O)[C@H]2NC(C)=O)[C@H](O)[C@H](O)[C@H]1O)[C@H](O)[C@H](O)CCCCCCCCCCCC,6.136405555555556,6.232091726190472,6.1842486408730135
CCCCCCCCCCCCCCCCCCCC[C@@H](O)C(=O)N[C@@H](CO[C@H]1O[C@H](CO)[C@H](O)[C@H](O)[C@H]1O[C@H]1O[C@H](CO[C@@H]2O[C@H](CO)[C@H](O)[C@H](O[C@@H]3O[C@@H](C)[C@H](O)[C@@H](O)[C@H]3O)[C@H]2NC(C)=O)[C@H](O)[C@H](O)[C@H]1O)[C@H](O)[C@H](O)CCCCCCCCCCCCCC,6.136405555555556,6.232091726190472,6.1842486408730135
CCCCCCCCCCCCCCCCCCC[C@@H](O)C(=O)N[C@@H](CO[C@H]1O[C@H](CO)[C@H](O)[C@H](O)[C@H]1O[C@H]1O[C@H](CO[C@@H]2O[C@H](CO)[C@H](O)[C@H](O[C@@H]3O[C@@H](C)[C@H](O)[C@@H](O)[C@H]3O)[C@H]2NC(C)=O)[C@H](O)[C@H](O)[C@H]1O)[C@H](O)[C@H](O)CCCCCCCCCCCCCCC,6.136405555555556,6.232091726190472,6.1842486408730135
CCCCCCCCCCCCCCCCCCCCC[C@@H](O)C(=O)N[C@@H](CO[C@H]1O[C@H](CO)[C@H](O)[C@H](O)[C@H]1O[C@H]1O[C@H](CO[C@@H]2O[C@H](CO)[C@H](O)[C@H](O[C@@H]3O[C@@H](C)[C@H](O)[C@@H](O)[C@H]3O)[C@H]2NC(C)=O)[C@H](O)[C@H](O)[C@H]1O)[C@H](O)[C@H](O)CCCCCCCCCCCCC,6.136405555555556,6.232091726190472,6.1842486408730135
CCCCCC/C=C\CCC[C@@H]1CC(=O)N[C@H](CC(C)C)C(=O)N[C@@H](CO)C(=O)N[C@@H]([C@@H](C)O)C(=O)N[C@H](CC(C)C)C(=O)N[C@@H]([C@@H](C)CC)C(=O)O1,6.221324444444448,6.145853055555551,6.18358875
C#CCCC[C@H]1OC(=O)[C@H](C(C)C)N(C)C(=O)[C@@H]2CCCN2C(=O)[C@H]([C@@H](C)CC)OC(=O)[C@H](C(C)C)N(C)C(=O)[C@H](C(C)C)NC(=O)[C@H]1C,6.28444111111111,6.082097159391532,6.1832691352513205
Oc1ccc(Oc2cc(Br)c(Oc3ccc(O)c(Oc4ccc(Br)cc4Br)c3Br)c(Oc3ccc(Br)cc3Br)c2)cc1Br,6.133102777777778,6.23338201479077,6.183242396284275
C/C=C1\NC(=O)[C@@H](NC(=O)[C@H](CCC(N)=O)NC(=O)CCC)[C@@H](C)OC(=O)[C@H](C(C)C)NC(=O)[C@H](Cc2ccc(O)cc2)N(C)C(=O)[C@H](Cc2ccccc2)N2C(=O)[C@H](CC[C@H]2O)NC1=O,6.06433,6.3016442063492,6.1829871031746
C/C=C1\NC(=O)C(NC(=O)C(CCC(N)=O)NC(=O)CCC)C(C)OC(=O)C(C(C)C)NC(=O)C(Cc2ccc(O)cc2)N(C)C(=O)C(Cc2ccccc2)N2C(=O)C(CCC2O)NC1=O,6.06433,6.3016442063492,6.1829871031746
CCCCCCCCCCCCCCC1CC(=O)N[C@H](CO)C(=O)N[C@@H](CCC(N)=O)C(=O)N[C@@H](CC(N)=O)C(=O)N[C@H](Cc2ccc(O)cc2)C(=O)N[C@@H](CC(N)=O)C(=O)N[C@H](CO)C(=O)N[C@@H]([C@@H](C)O)C(=O)N1,6.228527777777776,6.136724742063489,6.1826262599206325
CCCCCCCCCCCCC1CC(=O)N[C@H](CO)C(=O)N[C@@H](CCC(N)=O)C(=O)N[C@@H](CC(N)=O)C(=O)N[C@H](Cc2ccc(O)cc2)C(=O)N[C@@H](CC(N)=O)C(=O)N[C@H](CO)C(=O)N[C@@H]([C@@H](C)O)C(=O)N1,6.228527777777776,6.136724742063489,6.1826262599206325
C=C(C)C[C@H](OC)[C@H](O)C(=O)N[C@@H](OC)[C@@H]1C[C@@H](O)C(C)(C)[C@@H](C[C@H](O)[C@@H](C)[C@H]2Cc3c(C)c(O)cc(O)c3C(=O)O2)O1,6.245261111111112,6.119622420634913,6.182441765873012
C=C(C)CC(OC)[C@H](O)C(=O)N[C@@H](OC)[C@@H]1C[C@@H](O)C(C)(C)[C@@H](C[C@H](O)[C@@H](C)[C@H]2Cc3c(C)c(O)cc(O)c3C(=O)O2)O1,6.245261111111112,6.119622420634913,6.182441765873012
C=C1C[C@](OC)([C@H](O)C(=O)N[C@@H](OC)[C@@H]2C[C@@H](O)C(C)(C)[C@@H](C[C@@H](COC)OC)O2)O[C@H](C)[C@@H]1C,6.224183333333335,6.14067305555555,6.182428194444443
CSCC[C@@H]1NC(=O)c2csc(n2)[C@H](C(C)C)NC(=O)[C@@H]2CSC(=N2)[C@@H]2CCCN2C(=O)[C@H](C(C)C)NC(=O)[C@@H]2CSC1=N2,6.091777777777776,6.27260723214286,6.182192504960318
CO[C@@H]1[C@H](O[C@@H]2CO[C@@H](O[C@@H]3[C@@H](O)[C@H](O)CO[C@H]3N3C(=O)/C(=C(O)/C=C/C=C/C=C/C=C/C=C(Cl)/C=C(/C)Cl)C(=O)[C@@H]3CC(N)=O)[C@@H](O)[C@@H]2O)O[C@H](C)[C@H]1O,6.328276666666672,6.035982178330931,6.182129422498802
CCCCCCCCCCCCCCCCCCCCCCC[C@@H](O)C(=O)N[C@@H](CO[C@@H]1O[C@H](CO[C@]2(C(=O)O)C[C@H](OS(=O)(=O)O)[C@@H](NC(C)=O)[C@H](C(O)C(O)CO)O2)[C@@H](O)[C@H](O)[C@H]1O)[C@H](O)[C@H](O)CCCCCCCC(C)C,6.132027777777781,6.232091726190472,6.182059751984126
CCCCCCCCCCCCC1CC(=O)N[C@H](CC(N)=O)C(=O)N[C@@H](Cc2ccc(O)cc2)C(=O)N[C@@H](CC(N)=O)C(=O)N[C@H](CO)C(=O)N[C@H](CCC(=O)O)C(=O)N[C@@H](CO)C(=O)N[C@H]([C@H](C)O)C(=O)N1,6.227172222222219,6.136724742063489,6.181948482142854
CCCC(=O)N[C@@H](CC(C)C)C(=O)N[C@H](C)C(=O)N[C@@H]1Cc2ccc(cc2)Oc2cc(ccc2O)C[C@@H]2NC(=O)[C@H]([C@@H](C)CC)NC(=O)[C@H](CC(C)C)NC(=O)[C@@H](CC(C)C)NC(=O)[C@@H](NC1=O)[C@@H](C)OC2=O,6.2772944444444425,6.086587440476187,6.181940942460315
CCCCCC(C)CC(CC(O)C(O)C(O)CC(=O)NC[C@]1(O)O[C@H](C(O)C(O)CC(C)C(O)C(O)C[C@@H]2CCC[C@]3(C[C@@H](C)C[C@H](CCCC(O)CC(O)C(O)/C=C/C(O)CC(C)C(O)C(O)C(CCC(O)CC(O)C4OC(=O)CC(O)CC(O)CC(O)C/C=C/C(O)C(O)/C=C/C(O)CC(O)C(C)/C=C/C(O)C/C=C/C=C/CNC(=O)[C@H]5C[C@@H](O)[C@@](C)(O)[C@H](CC(O)CC(O)/C=C/CC(O)/C(C)=C/C=C/CC(O)/C=C(\C)CC(O)/C=C/C(O)CC(O)CC(C)/C=C/C(O)C4O)O5)OS(=O)(=O)O)O3)O2)C[C@H](O)[C@@H]1O)OS(=O)(=O)O,6.303594444444447,6.060236190476186,6.181915317460316
CCCCCC(C)CC(CC(O)C(O)C(O)CC(=O)NC[C@]1(O)O[C@H](C(O)C(O)CC(C)C(O)C(O)C[C@@H]2CCC[C@]3(C[C@@H](C)C[C@H](CCCC(O)CC(O)C(O)/C=C/C(O)CC(C)C(O)C(O)C(CCC(O)CC(O)C(O)C4OC(=O)CC(O)CC(O)CC(O)C/C=C/C(O)C(O)/C=C/C(O)CC(O)C(C)/C=C/C(O)C/C=C/C=C/CNC(=O)[C@H]5C[C@@H](O)[C@@](C)(O)[C@H](CC(O)CC(O)/C=C/CC(O)/C(C)=C/C=C/CC(O)/C=C(\C)CC(O)C=CC(O)CC(O)CC(C)/C=C/C4O)O5)OS(=O)(=O)O)O3)O2)C[C@H](O)[C@@H]1O)OS(=O)(=O)O,6.303594444444447,6.060236190476186,6.181915317460316
C/C=C1\NC(=O)C(NC(=O)C(NC(=O)C(CO)OC)C(C)C)C(C)OC(=O)C(C(C)C)NC(=O)C(Cc2ccccc2)N(C)C(=O)C(Cc2ccccc2)N2C(=O)C(CCC2O)NC1=O,6.152413333333334,6.211013035714284,6.18171318452381
CC(=O)NC(C)(C)C(=O)NC(C)(C)C(=O)N[C@H](C(=O)NC(C)(C)C(=O)N[C@H](C(=O)NC(C)(C)C(=O)NC(C)(C)C(=O)N[C@@H](C)C(=O)NC(C)(C)C(=O)N1CCC[C@H]1CO)C(C)C)C(C)C,6.339077777777779,6.0243084235209245,6.181693100649351
CCCCCCCCCCCC1CC(=O)N[C@H](CO)C(=O)N[C@@H](CCC(N)=O)C(=O)N[C@@H](CC(N)=O)C(=O)N[C@H](Cc2ccc(O)cc2)C(=O)N[C@@H](CC(N)=O)C(=O)N[C@H](CO)C(=O)N[C@@H]([C@@H](C)O)C(=O)N1,6.226527777777776,6.136724742063489,6.181626259920632
CCCCCCCCCCC1CC(=O)N[C@H](CO)C(=O)N[C@@H](CCC(N)=O)C(=O)N[C@@H](CC(N)=O)C(=O)N[C@H](Cc2ccc(O)cc2)C(=O)N[C@@H](CC(N)=O)C(=O)N[C@H](CO)C(=O)N[C@@H]([C@@H](C)O)C(=O)N1,6.226527777777776,6.136724742063489,6.181626259920632
CS[C@@H]1C(=O)N(C)[C@](Cc2ccc(OCC(O)C(C)(C)O)cc2)(SC)C(=O)N1C,6.142085555555555,6.22113643939394,6.181610997474747
CCCc1cc(O)cc(O)c1Oc1cc(O)cc(CCC)c1C(=O)O,6.175056666666668,6.188101464285711,6.181579065476189
COc1c(O)cc(CCN)c2c1SSc1c(CCN)cc(O)c(OC)c1SS2,6.165990000000003,6.196674677669554,6.181332338834778
CCCCCC(C)CC(CC(O)C(O)C(O)CC(=O)NC[C@]1(O)O[C@H](C(O)C(O)CC(C)C(O)C(O)C[C@@H]2CCC[C@]3(C[C@@H](C)C[C@H](CCCC(O)CC(O)C(O)/C=C/C(O)CC(C)C(O)C(O)C(CCC(O)CC4OC(=O)CC(O)CC(O)CC(O)C/C=C/C(O)C(O)/C=C/C(O)CC(O)C(C)/C=C/C(O)C/C=C/C=C/CNC(=O)[C@H]5C[C@@H](O)[C@@](C)(O)[C@H](CC(O)CC(O)/C=C/CC(O)/C(C)=C/C=C/CC(O)/C=C(\C)CC(O)/C=C/C(O)CC(O)CC(C)/C=C/C(O)C(O)C4O)O5)OS(=O)(=O)O)O3)O2)C[C@H](O)[C@@H]1O)OS(=O)(=O)O,6.302338888888892,6.060236190476186,6.181287539682539
CCCCCC(C)CC(CC(O)C(O)C(O)CC(=O)NC[C@]1(O)O[C@H](C(O)C(O)CC(C)C(O)C(O)C[C@@H]2CCC[C@]3(C[C@@H](C)C[C@H](CCCC(O)CC(O)C(O)/C=C/C(O)CC(C)C(O)C(O)C(CCC(O)CC(O)C(O)C(O)C4/C=C/C(C)CC(O)CC(O)/C=C/C(O)C/C(C)=C/C(O)C/C=C/C=C(\C)C(O)C/C=C/C(O)CC(O)C[C@@H]5O[C@H](C[C@@H](O)[C@@]5(C)O)C(=O)NC/C=C/C=C/CC(O)/C=C/C(C)C(O)CC(O)/C=C/C(O)C(O)/C=C/CC(O)CC(O)CC(O)CC(=O)O4)OS(=O)(=O)O)O3)O2)C[C@H](O)[C@@H]1O)OS(=O)(=O)O,6.302338888888892,6.060236190476186,6.181287539682539
CCCCCC(C)CC(CC(O)C(O)C(O)CC(=O)NC[C@]1(O)O[C@H](C(O)C(O)CC(C)C(O)C(O)C[C@@H]2CCC[C@]3(C[C@@H](C)C[C@H](CCCC(O)CC(O)C(O)/C=C/C(O)CC(C)C(O)C(O)C(CCC4CC(O)C(O)C(O)C(O)C=CC(C)CC(O)CC(O)C=CC(O)CC(C)=CC(O)CC=CC=C(C)C(O)CC=CC(O)CC(O)C[C@@H]5O[C@H](C[C@@H](O)[C@@]5(C)O)C(=O)NCC=CC=CCC(O)C=CC(C)C(O)CC(O)C=CC(O)C(O)C=CCC(O)CC(O)CC(O)CC(=O)O4)OS(=O)(=O)O)O3)O2)C[C@H](O)[C@@H]1O)OS(=O)(=O)O,6.302338888888892,6.060236190476186,6.181287539682539
CCCCCC(C)CC(CC(O)C(O)C(O)CC(=O)NC[C@]1(O)O[C@H](C(O)C(O)CC(C)C(O)C(O)C[C@@H]2CCC[C@]3(C[C@@H](C)C[C@H](CCCC(O)CC(O)C(O)/C=C/C(O)CC(C)C(O)C(O)C(CCC(O)CC(O)C(O)C(O)C(O)/C=C/C(C)CC(O)CC(O)/C=C/C(O)C/C(C)=C/C(O)C/C=C/C=C(\C)C(O)C/C=C/C(O)CC(O)C[C@@H]4O[C@@H](C(=O)NC/C=C/C=C/CC(O)/C=C/C(C)C(O)CC(O)/C=C/C(O)C(O)/C=C/CC(O)C[C@@H]5C[C@@H](O)CC(=O)O5)C[C@@H](O)[C@@]4(C)O)OS(=O)(=O)O)O3)O2)C[C@H](O)[C@@H]1O)OS(=O)(=O)O,6.302338888888892,6.060236190476186,6.181287539682539
CC(C)C[C@@H]1NC(=O)[C@H](C(C)C)NC(=O)[C@@H]2CCCN2C(=O)CNC(=O)[C@H](Cc2ccccc2)NC(=O)[C@@H]2CCCN2C(=O)C(Cc2c[nH]c3ccccc23)NC1=O,6.245711111111109,6.116689057539682,6.181200084325395
CC/C=C\C/C=C\C/C=C\C/C=C\C/C=C\CCCC(=O)O[C@@H](CCCC/C=C\C/C=C\C/C=C\CCCCC)CC(=O)N[C@@H](CCC[N+](C)(C)C)C(=O)[O-],6.120438888888886,6.241864880952375,6.181151884920631
CC/C=C\C/C=C\C/C=C\C/C=C\C/C=C\CCCC(=O)O[C@H](CCCC/C=C\C/C=C\C/C=C\CCCCC)CC(=O)N[C@H](CCC[N+](C)(C)C)C(=O)[O-],6.120438888888886,6.241864880952375,6.181151884920631
COCC(OC)C(=O)OC(CCC(C)C(CC1OC(=O)CC(O)C/C=C/C(=O)C(C)C(OC)c2coc(n2)-c2coc(n2)-c2coc(n2)/C=C/CC(OC)C1C)OC)C(C)C(OC(C)=O)C(C)/C=C/N(C)C=O,6.288483333333338,6.073537849326596,6.181010591329967
COC(=O)CCNC(=O)/C(Cc1ccc(O)c(Br)c1)=N/O,6.191113333333331,6.170534672619048,6.180824002976189
COC(=O)[C@@]1(O)c2c(oc3cc(CO)cc(O)c3c2=O)CC[C@H]1O,6.104057777777782,6.257451244949498,6.18075451136364
CC1CCc2nc3c(O)cccc3c(CCN)c2C=CCCC23CN4CCC2C2C=C(CC/C=C\CCCC(O)C(C)C4)C3N(C1)C2,6.190535555555551,6.170901517857138,6.180718536706344
COc1c(C)cc2c(c1O)C1[C@@H]3[C@@H]4SC[C@H](N)C(=O)OC[C@@H](c5c(O)c(OC)c(C)c(OC(C)=O)c54)N3[C@@H](O)C(C2)N1C,6.26071333333334,6.100100547619046,6.1804069404761925
CCCCCCCCCCCCCCCCCCCCCCC[C@@H](O)C(=O)N[C@@H](CO[C@H]1O[C@H](CO)[C@H](O[C@H]2O[C@H](CO)[C@@H](O)[C@H](O)[C@H]2NC(C)=O)[C@H](O)[C@H]1O)[C@H](O)[C@H](O)CCCCCCCCCCCCCC(C)CC,6.128583333333335,6.232091726190472,6.180337529761903
CCCCCCCCCCCCCCCCCCCCCCC[C@@H](O)C(=O)N[C@@H](CO[C@H]1O[C@H](CO)[C@H](O[C@H]2O[C@H](CO)[C@@H](O)[C@H](O)[C@H]2NC(C)=O)[C@H](O)[C@H]1O)[C@H](O)[C@H](O)CCCCCCCCCCCCCCC(C)C,6.128583333333335,6.232091726190472,6.180337529761903
CCCCCCCCCCCCCCCCCCCCCCC[C@@H](O)C(=O)N[C@@H](CO[C@H]1O[C@H](CO)[C@H](O[C@H]2O[C@H](CO)[C@@H](O)[C@H](O)[C@H]2NC(C)=O)[C@H](O)[C@H]1O)[C@H](O)[C@H](O)CCCCCCCCCCCCC(C)CC,6.128583333333335,6.232091726190472,6.180337529761903
CCCCCCCCCCCCCCCCCCCCCC[C@@H](O)C(=O)N[C@@H](CO[C@H]1O[C@H](CO)[C@H](O[C@H]2O[C@H](CO)[C@@H](O)[C@H](O)[C@H]2NC(C)=O)[C@H](O)[C@H]1O)[C@H](O)[C@H](O)CCCCCCCCCCCCCCC(C)C,6.128583333333335,6.232091726190472,6.180337529761903
CCCCCCCCCCCCCCCCCCCCCC[C@@H](O)C(=O)N[C@@H](CO[C@H]1O[C@H](CO)[C@H](O[C@H]2O[C@H](CO)[C@@H](O)[C@H](O)[C@H]2NC(C)=O)[C@H](O)[C@H]1O)[C@H](O)[C@H](O)CCCCCCCCCCCCCC(C)CC,6.128583333333335,6.232091726190472,6.180337529761903
CCCCCCCCCCCCCCCCCCC[C@@H](O)C(=O)N[C@@H](CO[C@H]1O[C@H](CO)[C@H](O[C@H]2O[C@H](CO)[C@@H](O)[C@H](O)[C@H]2NC(C)=O)[C@H](O)[C@H]1O)[C@H](O)[C@H](O)CCCCCCCCCCCCCCC(C)C,6.1285500000000015,6.232091726190472,6.180320863095236
CCCCCCCCCCCCCCCCCCCCC[C@@H](O)C(=O)N[C@@H](CO[C@H]1O[C@H](CO)[C@H](O[C@H]2O[C@H](CO)[C@@H](O)[C@H](O)[C@H]2NC(C)=O)[C@H](O)[C@H]1O)[C@H](O)[C@H](O)CCCCCCCCCCCCCCC(C)C,6.1285500000000015,6.232091726190472,6.180320863095236
CCCCCCCCCCCCCCCCCCCCC[C@@H](O)C(=O)N[C@@H](CO[C@H]1O[C@H](CO)[C@H](O[C@H]2O[C@H](CO)[C@@H](O)[C@H](O)[C@H]2NC(C)=O)[C@H](O)[C@H]1O)[C@H](O)[C@H](O)CCCCCCCCCCCCCC(C)CC,6.1285500000000015,6.232091726190472,6.180320863095236
CCCCCCCCCCCCCCCCCCCC[C@@H](O)C(=O)N[C@@H](CO[C@H]1O[C@H](CO)[C@H](O[C@H]2O[C@H](CO)[C@@H](O)[C@H](O)[C@H]2NC(C)=O)[C@H](O)[C@H]1O)[C@H](O)[C@H](O)CCCCCCCCCCCCCCC(C)C,6.1285500000000015,6.232091726190472,6.180320863095236
CCCCCCCCCCCCCCCCCCCCC[C@@H](O)C(=O)N[C@@H](CO[C@H]1O[C@H](CO)[C@H](O[C@H]2O[C@H](CO)[C@@H](O)[C@H](O)[C@H]2NC(C)=O)[C@H](O)[C@H]1O)[C@H](O)[C@H](O)CCCCCCCCCCCCC(C)C,6.1285500000000015,6.232091726190472,6.180320863095236
CCCCCCCCCCCCCCCCCCCCCC[C@@H](O)C(=O)N[C@@H](CO[C@H]1O[C@H](CO)[C@H](O[C@H]2O[C@H](CO)[C@@H](O)[C@H](O)[C@H]2NC(C)=O)[C@H](O)[C@H]1O)[C@H](O)[C@H](O)CCCCCCCCCCCCC(C)CC,6.1285500000000015,6.232091726190472,6.180320863095236
CCCCCCCCCCCCCCCCCCC[C@@H](O)C(=O)N[C@@H](CO[C@H]1O[C@H](CO)[C@H](O[C@H]2O[C@H](CO)[C@@H](O)[C@H](O)[C@H]2NC(C)=O)[C@H](O)[C@H]1O)[C@H](O)[C@H](O)CCCCCCCCCCCCC(C)CC,6.1285500000000015,6.232091726190472,6.180320863095236
CCCCCCCCCCCCCCCCCCC[C@@H](O)C(=O)N[C@@H](CO[C@H]1O[C@H](CO)[C@H](O[C@H]2O[C@H](CO)[C@@H](O)[C@H](O)[C@H]2NC(C)=O)[C@H](O)[C@H]1O)[C@H](O)[C@H](O)CCCCCCCCCCCCCC(C)CC,6.1285500000000015,6.232091726190472,6.180320863095236
CCCCCCCCCCCCCCCCCCCC[C@@H](O)C(=O)N[C@@H](CO[C@H]1O[C@H](CO)[C@H](O[C@H]2O[C@H](CO)[C@@H](O)[C@H](O)[C@H]2NC(C)=O)[C@H](O)[C@H]1O)[C@H](O)[C@H](O)CCCCCCCCCCCCC(C)C,6.1285500000000015,6.232091726190472,6.180320863095236
CCCCCCCCCCCCCCCCCCCC[C@@H](O)C(=O)N[C@@H](CO[C@H]1O[C@H](CO)[C@H](O[C@H]2O[C@H](CO)[C@@H](O)[C@H](O)[C@H]2NC(C)=O)[C@H](O)[C@H]1O)[C@H](O)[C@H](O)CCCCCCCCCCCCCC(C)CC,6.1285500000000015,6.232091726190472,6.180320863095236
CCCCCCCCCCCCCCCCCCCC[C@@H](O)C(=O)N[C@@H](CO[C@H]1O[C@H](CO)[C@H](O[C@H]2O[C@H](CO)[C@@H](O)[C@H](O)[C@H]2NC(C)=O)[C@H](O)[C@H]1O)[C@H](O)[C@H](O)CCCCCCCCCCCCC(C)CC,6.1285500000000015,6.232091726190472,6.180320863095236
CCCCCCCCCCCCCCCCCCCCC[C@@H](O)C(=O)N[C@@H](CO[C@H]1O[C@H](CO)[C@H](O[C@H]2O[C@H](CO)[C@@H](O)[C@H](O)[C@H]2NC(C)=O)[C@H](O)[C@H]1O)[C@H](O)[C@H](O)CCCCCCCCCCCCC(C)CC,6.1285500000000015,6.232091726190472,6.180320863095236
CCCCCCCCCCCCCCCCCCCCCCC[C@@H](O)C(=O)N[C@@H](CO[C@H]1O[C@H](CO)[C@H](O[C@H]2O[C@H](CO)[C@@H](O)[C@H](O)[C@H]2NC(C)=O)[C@H](O)[C@H]1O)[C@H](O)[C@H](O)CCCCCCCCCCCCC(C)C,6.1285500000000015,6.232091726190472,6.180320863095236
CCCCCCCCCCCCCCCCCCCCCC[C@@H](O)C(=O)N[C@@H](CO[C@H]1O[C@H](CO)[C@H](O[C@H]2O[C@H](CO)[C@@H](O)[C@H](O)[C@H]2NC(C)=O)[C@H](O)[C@H]1O)[C@H](O)[C@H](O)CCCCCCCCCCCCC(C)C,6.1285500000000015,6.232091726190472,6.180320863095236
CC(C)C[C@@H]1NC(=O)[C@@H]2CCCN2C(=O)[C@@H](Cc2cnc[nH]2)NC(=O)CNC(=O)[C@@H]2CCCN2C(=O)[C@@H]2CCCN2C(=O)[C@H](Cc2ccccc2)NC1=O,6.328679999999999,6.031833621031747,6.180256810515873
COC(=O)c1c(Oc2c(O)cc(C)cc2C(OC)OC)ccc(C(CC(C)C)OC(C)=O)c1OC,6.294794444444444,6.065605571067819,6.180200007756132
CCCCCCCCCCCCCCCCCCCCC[C@@H](O)C(=O)N[C@@H](CO[C@H]1O[C@H](CO)[C@H](O)[C@H](O)[C@H]1O[C@H]1O[C@H](CO[C@@H]2O[C@H](CO[C@H]3O[C@H]([C@H](C)O)[C@@H](O)[C@@H]3O)[C@H](O)[C@H](O)[C@H]2NC(C)=O)[C@H](O)[C@H](O)[C@H]1O)[C@H](O)[C@H](O)CCCCCCCCCCCCCC,6.137822222222222,6.222206170634918,6.180014196428569
CCCCCCCCCCCCCCCCCCCC[C@@H](O)C(=O)N[C@@H](CO[C@H]1O[C@H](CO)[C@H](O)[C@H](O)[C@H]1O[C@H]1O[C@H](CO[C@@H]2O[C@H](CO[C@H]3O[C@H]([C@H](C)O)[C@@H](O)[C@@H]3O)[C@H](O)[C@H](O)[C@H]2NC(C)=O)[C@H](O)[C@H](O)[C@H]1O)[C@H](O)[C@H](O)CCCCCCCCCCCCCCC,6.137822222222222,6.222206170634918,6.180014196428569
CCCCCCCCCCCCCCCCCC[C@@H](O)C(=O)N[C@@H](CO[C@H]1O[C@H](CO)[C@H](O)[C@H](O)[C@H]1O[C@H]1O[C@H](CO[C@@H]2O[C@H](CO[C@H]3O[C@H]([C@H](C)O)[C@@H](O)[C@@H]3O)[C@H](O)[C@H](O)[C@H]2NC(C)=O)[C@H](O)[C@H](O)[C@H]1O)[C@H](O)[C@H](O)CCCCCCCCCCCCCCCCC,6.137822222222222,6.222206170634918,6.180014196428569
CCCCCCCCCCCCCCCCCCC[C@@H](O)C(=O)N[C@@H](CO[C@H]1O[C@H](CO)[C@H](O)[C@H](O)[C@H]1O[C@H]1O[C@H](CO[C@@H]2O[C@H](CO[C@H]3O[C@H]([C@H](C)O)[C@@H](O)[C@@H]3O)[C@H](O)[C@H](O)[C@H]2NC(C)=O)[C@H](O)[C@H](O)[C@H]1O)[C@H](O)[C@H](O)CCCCCCCCCCCCCCCC,6.137822222222222,6.222206170634918,6.180014196428569
CCCCCCCCCC[C@H](OS(=O)(=O)[O-])[C@H](CC[C@H](CCCCCCCCCCCCC(=O)N[C@H]1CC[C@H]2c3c(O)cc(O)cc3CCN2C1=O)OS(=O)(=O)[O-])OS(=O)(=O)[O-].[Na+].[Na+].[Na+],6.192485555555553,6.167272867063487,6.179879211309521
CCCCCCCCCC[C@H](OS(=O)(=O)[O-])[C@H](CC[C@H](CCCCCCCCCCCCC(=O)N[C@H]1CC[C@@H]2c3c(O)cc(O)cc3CCN2C1=O)OS(=O)(=O)[O-])OS(=O)(=O)[O-].[Na+].[Na+].[Na+],6.192485555555553,6.167272867063487,6.179879211309521
CC[C@@H](C)[C@@H]1NC(=O)[C@@H](CC(C)C)NC(=O)[C@H](CC(C)C)NC(=O)[C@H](CC(=O)c2ccccc2N)NC(=O)CNC(=O)[C@H](CC(N)=O)NC1=O,6.287268888888892,6.072229488095233,6.179749188492062
C=CC(C)(C)[C@@]12C=C(O)C(=O)N3/C(=C/c4cn(C(C)(C)CC(C)=O)cn4)C(=O)N[C@]31N(OC)c1ccccc12,6.104300000000004,6.255162314814815,6.17973115740741
C=C(NC(=O)c1cnc2ccccc2n1)C(=O)N[C@@H](C)C(=O)N(C)[C@H]1CSC(SC)[C@@H](C(=O)N(C)[C@H](C(=O)O)C(C)C)N(C)C(=O)[C@H](C)NC(=O)[C@H](NC(=O)c2cnc3ccccc3n2)COC(=O)[C@H](C(C)C)N(C)C1=O,6.29168888888889,6.067566865079366,6.179627876984128
CCCCCCCCCCCCCCCCCC[C@@H](O)C(=O)N[C@@H](CO[C@H]1O[C@H](CO)[C@H](O)[C@H](O)[C@H]1O[C@H]1O[C@H](CO[C@@H]2O[C@H](CO[C@H]3O[C@H]([C@H](C)O)[C@@H](O)[C@@H]3O)[C@H](O)[C@H](O)[C@H]2NC(C)=O)[C@H](O)[C@H](O)[C@H]1O)[C@H](O)[C@H](O)CCCCCCCCCCCCCCCC,6.136405555555556,6.222206170634918,6.179305863095237
CCCCCCCCCCCCCCCCCCC[C@@H](O)C(=O)N[C@@H](CO[C@H]1O[C@H](CO)[C@H](O)[C@H](O)[C@H]1O[C@H]1O[C@H](CO[C@@H]2O[C@H](CO[C@H]3O[C@H]([C@H](C)O)[C@@H](O)[C@@H]3O)[C@H](O)[C@H](O)[C@H]2NC(C)=O)[C@H](O)[C@H](O)[C@H]1O)[C@H](O)[C@H](O)CCCCCCCCCCCCCCC,6.136405555555556,6.222206170634918,6.179305863095237
CCCCCCCCCCCCCCCCCCCC[C@@H](O)C(=O)N[C@@H](CO[C@H]1O[C@H](CO)[C@H](O)[C@H](O)[C@H]1O[C@H]1O[C@H](CO[C@@H]2O[C@H](CO[C@H]3O[C@H]([C@H](C)O)[C@@H](O)[C@@H]3O)[C@H](O)[C@H](O)[C@H]2NC(C)=O)[C@H](O)[C@H](O)[C@H]1O)[C@H](O)[C@H](O)CCCCCCCCCCCCCC,6.136405555555556,6.222206170634918,6.179305863095237
C=CCCCC[C@@H]1OC(=O)[C@H](C(C)C)N(C)C(=O)[C@@H]2CCCN2C(=O)[C@H](Cc2ccccc2)OC(=O)[C@H]([C@@H](C)CC)N(C)C(=O)[C@H](C(C)C)NC(=O)[C@@H]1C,6.2385466666666645,6.11977717472342,6.1791619206950426
C#C[C@@H](O)COc1ccc(C(=O)O)cc1,6.063021111111107,6.295093400432904,6.179057255772006
CC1(C)CCC[C@]2(C)[C@H]3CC/C(=C\OS(=O)(=O)[O-])[C@H](CCc4ccoc4)[C@@]3(C)CC[C@@H]12.Cn1c(N)nc2c(c1=O)[n+](C)cn2C,6.307488888888892,6.050473994708995,6.1789814417989435
NC(=O)OCc1ccc(O)cc1,6.21726,6.140690542568546,6.178975271284273
CC[C@H](C)[C@@H]1NC(=O)[C@H](CC(C)C)NC(=O)[C@@H](NC(=O)[C@H](C)NC(=O)CNC(=O)c2ccc(O)cc2)CNC(=O)[C@H](CS(=O)(=O)[O-])NC(=O)/C=C/c2csc(n2)[C@H](Cc2ccc(O)cc2)NC(=O)C1=O.[Na+],6.216494444444439,6.1410731746031715,6.1787838095238055
CC(C)C[C@@H]1NC(=O)[C@@H]2C[C@@]3([C@@]45C[C@H]6C(=O)N[C@@H](Cc7ccccc7)C(=O)N6[C@@H]4Nc4ccccc45)c4ccccc4N[C@H]3N2C1=O,6.2582522222222225,6.099252761904762,6.178752492063492
C=C[C@@](C)(CCC=C(C)C)c1ccc2c3c(c[nH]c13)C[C@@H](CO)NC(=O)[C@H](C(C)C)N2C,6.0825722222222245,6.2748212012987015,6.1786967117604625
C=C[C@@](C)(CCC=C(C)C)c1ccc2c3c(c[nH]c13)C[C@@H](CO)NC(=O)[C@@H](C(C)C)N2C,6.0825722222222245,6.2748212012987015,6.1786967117604625
C=CC(C)(CCC=C(C)C)c1ccc2c3c(c[nH]c13)C[C@@H](CO)NC(=O)[C@H](C(C)C)N2C,6.0825722222222245,6.2748212012987015,6.1786967117604625
COC(=O)CCC(=O)NCc1cc(O)c(O)c(Br)c1Br,6.13154555555556,6.225842017857144,6.1786937867063525
C=CC(C)(C)OC(C)[C@@H]1NC(=O)[C@H](C(C)CC)NC(=O)[C@@H]2CSC(=N2)[C@H](C)NC(=O)[C@H](C(C)O)NC(=O)[C@H](Cc2ccccc2)NC1=O,6.255266666666667,6.10191708333333,6.178591874999999
C/C=C(/C)C(=O)OC[C@H]1C2=C(C[C@H]3[C@H]4c5c(O)c(OC)c(C)c(O)c5[C@H](O)[C@@H]([C@H](O)N13)N4C)C(=O)C(C)=C(OC)C2=O,6.203091111111112,6.153976258297255,6.178533684704183
CCCC(=O)C(C)(C)C(=O)N[C@@H](CC(C)C)C(=O)N(C)[C@H](Cc1ccccc1)C(=O)NC(Cc1ccccc1)c1nccs1,6.198152222222225,6.158893978174601,6.178523100198413
CCCC(=O)C(C)(C)C(=O)N[C@@H](CC(C)C)C(=O)N(C)[C@H](Cc1ccccc1)C(=O)N[C@@H](Cc1ccccc1)c1nccs1,6.198152222222225,6.158893978174601,6.178523100198413
O=C(NCc1c(Br)c(O)c(O)c(Br)c1Br)NCc1c(Br)c(O)c(O)c(Br)c1Br,6.322984444444446,6.033906099386724,6.178445271915585
CCCCCCCCCCC[C@@H]1CC(=O)N[C@H](CC(C)C)C(=O)N[C@@H](CO)C(=O)N[C@@H]([C@@H](C)O)C(=O)N[C@H](CC(C)C)C(=O)N[C@@H]([C@@H](C)CC)C(=O)O1,6.212680000000005,6.144131884920633,6.178405942460319
CCCCCCCCCCCCCCCCCCC[C@@H](O)C(=O)N[C@@H](CO[C@H]1O[C@H](CO)[C@H](O)[C@H](O)[C@H]1O[C@H]1O[C@H](CO[C@@H]2O[C@H](CO)[C@H](O)[C@H](O[C@@H]3O[C@@H](C)[C@H](O)[C@@H](O)[C@H]3O)[C@H]2NC(C)=O)[C@H](O)[C@H](O)[C@H]1O)[C@H](O)[C@H](O)CCCCCCCCCCCCCC,6.124672222222223,6.232091726190472,6.1783819742063475
CCCCCCCCCCCCCCCCCCCC[C@@H](O)C(=O)N[C@@H](CO[C@H]1O[C@H](CO)[C@H](O)[C@H](O)[C@H]1O[C@H]1O[C@H](CO[C@@H]2O[C@H](CO)[C@H](O)[C@H](O[C@@H]3O[C@@H](C)[C@H](O)[C@@H](O)[C@H]3O)[C@H]2NC(C)=O)[C@H](O)[C@H](O)[C@H]1O)[C@H](O)[C@H](O)CCCCCCCCCCCCC,6.124672222222223,6.232091726190472,6.1783819742063475
CCCCCCCCCCCCCCCCCCCCC[C@@H](O)C(=O)N[C@@H](CO[C@H]1O[C@H](CO)[C@H](O)[C@H](O)[C@H]1O[C@H]1O[C@H](CO[C@@H]2O[C@H](CO)[C@H](O)[C@H](O[C@@H]3O[C@@H](C)[C@H](O)[C@@H](O)[C@H]3O)[C@H]2NC(C)=O)[C@H](O)[C@H](O)[C@H]1O)[C@H](O)[C@H](O)CCCCCCCCCCCC,6.124672222222223,6.232091726190472,6.1783819742063475
C=C1CCC[C@@H]2[C@@](C)(CC[C@@]3(C)CCn4c(=O)n(C)c5ncnc(c54)N3OC)[C@H](C)CC[C@@]12C,6.192385555555553,6.164064265873018,6.1782249107142855
C=C1CCC[C@@H]2[C@@](C)(CC[C@@]3(C)CCn4c(=O)n(C)c5ncnc(c54)N3OC)[C@H](C)CC[C@]12C,6.192385555555553,6.164064265873018,6.1782249107142855
CCC(=O)N[C@@H](CC(C)C)C(=O)N[C@H](C)C(=O)N[C@@H]1Cc2ccc(cc2)Oc2cc(ccc2O)C[C@@H]2NC(=O)[C@H]([C@@H](C)CC)NC(=O)[C@H](CC(C)C)NC(=O)[C@@H](CC(C)C)NC(=O)[C@@H](NC1=O)[C@@H](C)OC2=O,6.269827777777776,6.086587440476187,6.178207609126981
CCCCCCCCCCCCCCCCCCC[C@@H](O)C(=O)N[C@@H](CO[C@H]1O[C@H](CO)[C@H](O)[C@H](O)[C@H]1O[C@H]1O[C@H](CO[C@@H]2O[C@H](CO)[C@H](O)[C@H](O[C@@H]3O[C@@H](C)[C@H](O)[C@@H](O)[C@H]3O)[C@H]2NC(C)=O)[C@H](O)[C@H](O)[C@H]1O)[C@H](O)[C@H](O)CCCCCCCCCCCCC,6.1242833333333335,6.232091726190472,6.178187529761903
CCCCCCCCCCCCCCCCCCC[C@@H](O)C(=O)N[C@@H](CO[C@H]1O[C@H](CO)[C@H](O)[C@H](O)[C@H]1O[C@H]1O[C@H](CO[C@@H]2O[C@H](CO)[C@H](O)[C@H](O[C@@H]3O[C@@H](C)[C@H](O)[C@@H](O)[C@H]3O)[C@H]2NC(C)=O)[C@H](O)[C@H](O)[C@H]1O)[C@H](O)[C@H](O)CCCCCCCCCCCC,6.1242833333333335,6.232091726190472,6.178187529761903
CCCCCCCCCCCCCCCCCCCC[C@@H](O)C(=O)N[C@@H](CO[C@H]1O[C@H](CO)[C@H](O)[C@H](O)[C@H]1O[C@H]1O[C@H](CO[C@@H]2O[C@H](CO)[C@H](O)[C@H](O[C@@H]3O[C@@H](C)[C@H](O)[C@@H](O)[C@H]3O)[C@H]2NC(C)=O)[C@H](O)[C@H](O)[C@H]1O)[C@H](O)[C@H](O)CCCCCCCCCCCC,6.1242833333333335,6.232091726190472,6.178187529761903
CC(CCCCCCC[C@@H]1C[C@@H]2CC[C@@H]3C[C@H](C)N=C(N1)N32)OC(=O)[C@H]1[C@@H](C)NC2=[N+]3[C@@H](CC[C@@H]13)CC(=O)N2,6.087568888888885,6.268697222222221,6.178133055555553
Cc1cc(O)cc(O)c1C(=O)O[C@H](C)CC(=O)O[C@H](C)Cc1cc(O)cc(O)c1C(=O)O[C@H](C)CC(=O)O[C@H](C)Cc1cc(O)cc(O)c1,6.3468522222222195,6.009331376262623,6.178091799242422
CCCCCCCCCCCCCCCCCCC[C@@H](O)C(=O)N[C@@H](CO[C@H]1O[C@H](CO)[C@H](O[C@H]2O[C@H](CO)[C@@H](O)[C@H](O)[C@H]2NC(C)=O)[C@H](O)[C@H]1O)[C@H](O)[C@H](O)CCCCCCCCCCCCC(C)C,6.124083333333335,6.232091726190472,6.178087529761903
CC[C@H](C)[C@H](NC(=O)[C@H](Cc1ccccc1)NC(=O)[C@H](CC(C)C)NC(=O)[C@@H]1CCCN1C(=O)/C1=C/N[C@@H](C(C)C)C(=O)N2CCC[C@H]2C(=O)N[C@@H](C(C)C)C(=O)N[C@@H](Cc2ccccc2)C(=O)N2CCC[C@H]2C(=O)N1)C(N)=O,6.247572222222223,6.10852647222222,6.178049347222221
COC(C)[C@H]1[C@@H]2[C@H](Cl)[C@H](O)C3C(C[C@H]4/C=C/C(=O)C5=C(O)[C@@H](NC5=O)[C@@H](O)CCNC(=O)/C=C\C[C@H]34)[C@H]2C[C@H]1C,6.193213333333333,6.162655238095237,6.177934285714285
CC(=O)N[C@H]1[C@H](O[C@H]2CC[C@@]3(C(=O)O)C(=CC[C@@H]4C3CC[C@]3(C)[C@@H]([C@H](C)/C=C/CC(C)C)CC[C@@H]43)C2)O[C@H](CO)[C@@H](O)[C@@H]1O[C@@H]1O[C@H](CO)[C@@H](O)[C@@H]1O,6.311983333333333,6.043724107142857,6.177853720238096
Cc1ccccc1/C=C/C(=O)N[C@@H]1C(=O)N[C@@H](Cc2ccccc2)C(=O)N[C@H](CC(C)C)C(=O)N[C@@H](C(C)C)C(=O)N[C@@H](C)C(=O)N[C@H](CCC(N)=O)C(=O)NCC(=O)N2CCC[C@H]2C(=O)N[C@H](CCCNC(=N)N)C(=O)N[C@H](CC(C)C)C(=O)O[C@H]1C,6.314316666666667,6.0412716468253915,6.177794156746029
CC(C)=CCc1cc(Br)c2c(c1O)[C@]1(CC=C(C)C)CCN(C)[C@@H]1N2,6.153365000000002,6.20203429563492,6.177699647817461
COC(/C=C/CCCCCCCCCCCC[C@@H](O[C@H]1O[C@@H](CO)[C@@H](O)[C@@H](O)[C@@H]1O)[C@@H](C)N)CCCCCCCC1NCCc2cc(O)c(O)cc21,6.213665555555552,6.14122488095238,6.177445218253966
CCC[C@@H](CC[C@@H](C)[C@@H]1OC(=O)[C@H](C)NC(=O)[C@H]([C@@H](C)CCO)N(C)C(=O)C2(C)CN(O2)C(=O)[C@H](C)NC(=O)C1(C)C)OC,6.24558333333333,6.108998398268393,6.177290865800861
CCCCCCCCCCCCCCCCCCCC[C@@H](O)C(=O)N[C@@H](CO[C@H]1O[C@H](CO)[C@H](O)[C@H](O[C@H]2O[C@H](CO)[C@H](O)[C@H](O)[C@H]2NC(C)=O)[C@H]1O)[C@H](O)[C@H](O)CCCCCCCCCCCC,6.122116666666665,6.232091726190472,6.1771041964285685
CCCCCCCCCCCCCCC(=O)O[C@H]1CC[C@H](NC(=O)[C@H](OC)[C@H](O)[C@@H](O)[C@H](O)/C=C/C(C)C)C(=O)N(C)C1,6.0326055555555556,6.321400753968248,6.177003154761902
CC[C@H](C)[C@H](NC(=O)N[C@@H]1CCCCNC(=O)[C@H](CCc2ccc(O)cc2)NC(=O)[C@H](CCCCc2ccc(O)cc2)N(C)C(=O)[C@H](CCc2ccc(O)cc2)NC(=O)[C@H](C(C)C)NC1=O)C(=O)O,6.315794444444443,6.038018781746031,6.1769066130952375
C/C1=C\[C@@H](C)C/C=C/[C@H]2[C@@H]3O[C@]3(C)[C@@H](C)[C@H]3C(Cc4c[nH]c5ccccc45)NC(=O)[C@]32C2=N[C@@H](CC2)C1=O,6.106029999999998,6.246589957010581,6.176309978505289
Cn1cc(Br)cc1C(=O)NC[C@@H]1[C@@H](CNC(=O)c2cc(Br)c(Br)n2C)Cc2[nH]c(N)nc2[C@H]1C1CN=C(N)N1,6.348149999999993,6.0042100000000005,6.176179999999997
CC(C)C[C@H]1NC(=O)[C@@H]2C[C@]3([C@]45C[C@H]6C(=O)N[C@H](CC(C)C)C(=O)N6[C@H]4Nc4ccccc45)c4ccccc4N[C@@H]3N2C1=O,6.252891111111112,6.099252761904762,6.176071936507937
CCCCCCCCCC[C@@H]1CC(=O)N[C@H](CC(C)C)C(=O)N[C@@H](CO)C(=O)N[C@@H]([C@@H](C)O)C(=O)N[C@H](CC(C)C)C(=O)N[C@@H]([C@@H](C)CC)C(=O)O1,6.207768888888893,6.144131884920633,6.175950386904763
CCCc1cc(Oc2c(O)c(Cl)c(O)c(Cl)c2CCC)c(Cl)c(O)c1Cl,6.074993333333344,6.2764245238095215,6.175708928571433
C[S+]([O-])CCNC(=O)/C(Cc1ccc(O)c(Br)c1)=N/O,6.197064444444444,6.154338561507932,6.175701502976188
C/C1=C\[C@H](C)C[C@H](C)OC(=O)[C@H](C)NC(=O)[C@@H](Cc2ccc(O)c(Cl)c2)N(C)C(=O)[C@H](C)NC(=O)[C@@H](C)C1,6.303614444444445,6.047540753968252,6.175577599206349
COC1=C(Br)[C@H](O)[C@@]2(C=C1Br)CC(C(=O)NCCCc1[nH]c(N)nc1-c1cc(O)c3[nH]cc(O)c(=O)c3c1O)=NO2,6.256344444444444,6.094810324074072,6.175577384259258
COC(=O)[C@@]12C(=O)N[C@@H](Cc3ccccc3)[C@@H]1[C@H](C)[C@@]1(C)O[C@H]1[C@@H]2/C=C/C[C@H](C)C(=O)C(C)(O)CC(OC)OC,6.2356,6.115330934644054,6.175465467322027
COc1cc(O)c(C(=O)O[C@H](C)CC(=O)O)c(C[C@@H](C)OC(=O)C[C@@H](C)OC(=O)c2c(O)cc(O)cc2C[C@@H](C)OC(=O)C[C@H](O)CO)c1,6.20365222222222,6.147003360750358,6.175327791486289
COc1c(OC)c2c(c(CCN(C)C)c1SC)SSSSS2,6.232031111111114,6.117953874458873,6.174992492784994
COCc1cc(O)c(O)c(O)c1Cc1cc(O)c(O)c(Br)c1Br,6.07637111111111,6.273228948051947,6.174800029581528
CC(=O)N[C@H]1[C@H](O[C@@H]2CO[C@@H](O[C@H]3CC[C@]4(C)C5=CC[C@]6(C)[C@@H]([C@H](C)CC(=O)C=C(C)C)CC[C@H]6C5=CC[C@H]4C3(C)C)[C@H](O[C@@H]3O[C@H](CO[C@@H]4OC[C@@H](O)[C@H](O)[C@H]4O)[C@@H](O)[C@H](O)[C@H]3NC(C)=O)[C@H]2O)O[C@H](CO)[C@H](O)[C@@H]1O,6.267227777777777,6.082333035714282,6.17478040674603
COc1c(Br)cc(/C=C/C(=O)N[C@H](CCCNC(=N)N)C(=O)O)cc1Br,6.0531188888888865,6.296369158730158,6.174744023809522
COc1c(Br)cc(C/C(=N\O)C(=O)NCCc2c[nH]c(N)n2)c(O)c1Br,6.308646666666662,6.0407715873015855,6.174709126984124
N#CC(=O)NCCCOc1c(Br)cc(CCNC=C2C(=O)CCC2=O)cc1Br,6.287568888888885,6.061842330447332,6.174705609668109
CO/C(=C1/NC(=O)[C@@H](Cc2ccc(O)c(Cl)c2)N(C)C(=O)[C@H](C)NC(=O)CCC/C=C(\C)CC[C@H](C)OC1=O)c1ccccc1,6.341372222222224,6.007860357142855,6.17461628968254
CC(C)C[C@H]1NC(=O)C(=O)C(CCCNC(=N)N)NC(=O)[C@@H]2CCCN2C(=O)[C@@H](NC=O)CNC(=O)/C=C/C(Cc2ccc(O)cc2)NC1=O,6.3232300000000015,6.0258532579365065,6.174541628968254
COC(=O)C(Cc1c(SC)n(C)c[n+]1C)NC(=O)c1c[nH]c2cc(Br)ccc12,6.299955555555567,6.048982212301589,6.1744688839285775
COC(=O)NCCCCNC(=O)C1=NO[C@]2(C=C(Br)C(OC)=C(Br)[C@@H]2O)C1,6.336189999999999,6.012360066137561,6.17427503306878
CCCCC/C=C\C/C=C\CCCCCCCC(=O)NCCC(=O)N[C@@H]1CNC(=O)N(C)C1=O,6.010805555555554,6.337381369047613,6.174093462301583
CC(=O)N[C@H]1[C@H](O[C@H]2C[C@H]([C@H](C)CCC[C@@H](C)COC(C)=O)[C@@]3(C)CCC4[C@@H](CC[C@H]5C[C@H](O)CC[C@]45C)C23)O[C@H](CO)[C@@H](O)[C@@H]1O,6.2426444444444416,6.105362718253965,6.174003581349203
CCC/C=C/C=C/C(=O)OC(C)/C=C\C/C=C/C=C\C(=O)O[C@H]1[C@@H](O)[C@H](O)[C@H](O[C@@H]2[C@H](O)[C@@H](CO)O[C@H]2n2cnc3c(=O)[nH]cnc32)O[C@H]1C,6.099033333333337,6.248860833333336,6.173947083333337
CCC/C=C\C=C\C(=O)OC(C)/C=C\C/C=C/C=C/C(=O)O[C@H]1[C@@H](O)[C@H](O)[C@H](O[C@@H]2[C@H](O)[C@@H](CO)O[C@H]2n2cnc3c(=O)[nH]cnc32)O[C@H]1C,6.099033333333337,6.248860833333336,6.173947083333337
CCC/C=C/C=C\C(=O)OC(C)/C=C\C/C=C/C=C/C(=O)O[C@H]1[C@@H](O)[C@H](O)[C@H](O[C@@H]2[C@H](O)[C@@H](CO)O[C@H]2n2cnc3c(=O)[nH]cnc32)O[C@H]1C,6.099033333333337,6.248860833333336,6.173947083333337
CCC/C=C/C=C/C(=O)OC(C)/C=C/C/C=C/C=C/C(=O)O[C@H]1[C@@H](O)[C@H](O)[C@H](O[C@@H]2[C@H](O)[C@@H](CO)O[C@H]2n2cnc3c(=O)[nH]cnc32)O[C@H]1C,6.099033333333337,6.248860833333336,6.173947083333337
CCC/C=C/C=C/C(=O)O[C@@H](C)/C=C\C/C=C/C=C/C(=O)O[C@H]1[C@@H](O)[C@H](O)[C@H](O[C@@H]2[C@H](O)[C@@H](CO)O[C@H]2n2cnc3c(=O)[nH]cnc32)O[C@H]1C,6.099033333333337,6.248860833333336,6.173947083333337
COC1=C(C)C(=O)C2=C(C1=O)[C@@H]1[C@@H]3CC4=C(C(=O)C(OC)=C(C)C4=O)[C@H](CO)N3[C@@H](C#N)[C@H](C2)N1C,6.221416666666666,6.12614544011544,6.173781053391053
CC(=O)N[C@H]1[C@H](O[C@@H]2CO[C@@H](O[C@H]3CC[C@]4(C)C5=C(CCC4C3(C)C)C3CC[C@H]([C@H](C)CC(=O)C=C(C)C)[C@@]3(C)CC5)[C@H](O[C@@H]3O[C@H](CO[C@@H]4OC[C@@H](O)[C@H](O)[C@H]4O)[C@@H](O)[C@H](O)[C@H]3NC(C)=O)[C@H]2O)O[C@H](CO)[C@H](O)[C@@H]1O,6.265116666666667,6.082333035714282,6.1737248511904745
CC(=O)N[C@H]1[C@H](O[C@@H]2CO[C@@H](O[C@H]3CC[C@]4(C)C5=C(CC[C@H]4C3(C)C)C3=CC[C@H]([C@H](C)CC(=O)C=C(C)C)[C@@]3(C)CC5)[C@H](O[C@@H]3O[C@H](CO[C@@H]4OC[C@@H](O)[C@H](O)[C@H]4O)[C@@H](O)[C@H](O)[C@H]3NC(C)=O)[C@H]2O)O[C@H](CO)[C@H](O)[C@@H]1O,6.265116666666667,6.082333035714282,6.1737248511904745
CC(=O)N[C@H]1[C@H](O[C@@H]2CO[C@@H](O[C@H]3CC[C@]4(C)C5=C(CC[C@H]4C3(C)C)[C@@H]3CC[C@H]([C@H](C)CC(=O)C=C(C)C)[C@@]3(C)CC5)[C@H](O[C@@H]3O[C@H](CO[C@@H]4OC[C@@H](O)[C@H](O)[C@H]4O)[C@@H](O)[C@H](O)[C@H]3NC(C)=O)[C@H]2O)O[C@H](CO)[C@H](O)[C@@H]1O,6.265116666666667,6.082333035714282,6.1737248511904745
CCCCCCCCCCCCCCCCCCC[C@@H](O)C(=O)N[C@@H](CO[C@H]1O[C@H](CO)[C@H](O)[C@H](O)[C@H]1O[C@H]1O[C@H](CO[C@@H]2O[C@H](CO[C@H]3O[C@H]([C@H](C)O)[C@@H](O)[C@@H]3O)[C@H](O)[C@H](O)[C@H]2NC(C)=O)[C@H](O)[C@H](O)[C@H]1O)[C@H](O)[C@H](O)CCCCCCCCCCCCCC,6.124672222222223,6.222206170634918,6.17343919642857
CCCCCCCCCCCCCCCCCC[C@@H](O)C(=O)N[C@@H](CO[C@H]1O[C@H](CO)[C@H](O)[C@H](O)[C@H]1O[C@H]1O[C@H](CO[C@@H]2O[C@H](CO[C@H]3O[C@H]([C@H](C)O)[C@@H](O)[C@@H]3O)[C@H](O)[C@H](O)[C@H]2NC(C)=O)[C@H](O)[C@H](O)[C@H]1O)[C@H](O)[C@H](O)CCCCCCCCCCCCCCC,6.124672222222223,6.222206170634918,6.17343919642857
COc1cc(CCNC(=O)[C@@H]2CCCN2C)c(Br)c(Br)c1Br,6.324302222222221,6.022327073412697,6.17331464781746
CCCCCCCCCCCCCCCCCC[C@@H](O)C(=O)N[C@@H](CO[C@H]1O[C@H](CO)[C@H](O)[C@H](O)[C@H]1O[C@H]1O[C@H](CO[C@@H]2O[C@H](CO[C@H]3O[C@H]([C@H](C)O)[C@@H](O)[C@@H]3O)[C@H](O)[C@H](O)[C@H]2NC(C)=O)[C@H](O)[C@H](O)[C@H]1O)[C@H](O)[C@H](O)CCCCCCCCCCCCCC,6.1242833333333335,6.222206170634918,6.173244751984125
C/C=C1\NC(=O)[C@H](C)NC(=O)[C@@H](NC(=O)[C@@H](Cc2ccc(O)cc2)NC(=O)[C@@H](NC(=O)/C(C)=C/C)C(C)C)[C@@H](C)OC(=O)[C@H](CC[S+](C)[O-])NC(=O)[C@@H](CCC(=O)O)NC1=O,6.166818888888883,6.179451170634917,6.1731350297619
CC[C@H](C)[C@@H]1NC(=O)[C@@H](CC(C)C)NC(=O)[C@H]([C@@H](C)O)NC(=O)[C@H](CO)NC(=O)[C@@H](CC(C)C)NC(=O)C[C@@H](CCCCCCCCC(C)C)OC1=O,6.20183555555556,6.144131884920633,6.172983720238096
CC(C)=CCC[C@@](C)(O)[C@@H](O)CC/C(C)=C/COC[C@H]1O[C@@H](N2CCC(=O)NC2=O)[C@H](O)[C@@H]1O,6.101416666666666,6.244070416666664,6.172743541666665
CCCCCCC[C@H](O)CC(=O)N[C@@H](CC(C)C)C(=O)N[C@H](CCC(=O)O)C(=O)N[C@H]1C(=O)N[C@H](C(C)C)C(=O)N[C@@H](CC(C)C)C(=O)N[C@H](CO)C(=O)N[C@@H](CC(C)C)C(=O)N[C@H](CO)C(=O)N[C@@H](C(C)C)C(=O)OC1C,6.235133333333335,6.110311230158727,6.172722281746031
C[S@@+]([O-])C[C@H]1O[C@@H](n2cnc3c(N)ncnc32)[C@H](OC(=O)c2c[nH]c3cc(Br)c(O)cc23)[C@@H]1O,6.137802222222219,6.207523075396822,6.172662648809521
C[S@+]([O-])C[C@H]1O[C@@H](n2cnc3c(N)ncnc32)[C@H](OC(=O)c2c[nH]c3cc(Br)c(O)cc23)[C@@H]1O,6.137802222222219,6.207523075396822,6.172662648809521
CCCCCCCCC[C@H](O)CC(=O)N[C@@H](CC(C)C)C(=O)N[C@H](CCC(=O)O)C(=O)N[C@H]1C(=O)N[C@H](C(C)CC)C(=O)N[C@@H](CC(C)C)C(=O)N[C@H](CO)C(=O)N[C@@H](CC(C)C)C(=O)N[C@H](CO)C(=O)N[C@@H](C(C)CC)C(=O)OC1C,6.234344444444447,6.110311230158727,6.172327837301587
COC(CO)C(=O)OC(CCC(C)C(CC1OC(=O)CC(O)CCCC(=O)CC(C)c2coc(n2)-c2coc(n2)-c2coc(n2)/C=C/CC(OC)C1C)OC)C(C)C(OC(C)=O)C(C)/C=C/N(C)C=O,6.2505833333333385,6.093926554232801,6.17225494378307
N=C(N)NCCC[C@H](NC(=O)CNC(=O)[C@@H](CO)NC(=O)C[C@@H](O)[C@@H](N)CCCCNC(=O)c1cccc(O)c1O)C(=O)N[C@H](C(=O)NCC(=O)N[C@H](C(=O)O)[C@H](O)C(=O)O)[C@H](O)C(=O)O,6.339038888888889,6.005340158730158,6.172189523809523
COc1cc(CCN(C)C)c2c(c1O)SSSSS2,6.112319999999994,6.231731937950937,6.172025968975466
C=CC(C)(C)[C@@]12C=C(O)C(=O)N3/C(=C/c4cn(C(C)(C)CC(=O)C=C(C)C)cn4)C(=O)N[C@]31N(OC)c1ccccc12,6.0864777777777785,6.257211640211639,6.171844708994708
CC(C)C[C@@H]1NC(=O)[C@@H]2CCCN2C(=O)[C@H](Cc2ccccc2)NC(=O)[C@@H]2CCCN2C(=O)[C@H](c2c[nH]c3ccccc23)NC(=O)[C@@H]2CCCN2C(=O)[C@H](C(C)C)NC(=O)[C@H](C(C)O)NC1=O,6.24785,6.095805952380951,6.1718279761904755
COc1c(O)cc(C)cc1Oc1cc(C)cc(O)c1,6.169937777777775,6.173461690115439,6.171699733946607
CCCCC/C=C/C/C=C/CCCCCCCC(=O)OCC(O)COCC[C@@H](C(=O)[O-])[N+](C)(C)C,6.200182222222224,6.143174036796534,6.171678129509379
CCCCC[C@H]1OC(=O)[C@H]([C@@H](C)CC)N(C)C(=O)[C@@H]2CCCN2C(=O)[C@H](Cc2ccccc2)OC(=O)[C@H](C(C)C)N(C)C(=O)[C@H](C(C)C)NC(=O)[C@H]1C,6.256924444444443,6.0857765100408825,6.171350477242663
CCCCCC(O[C@@H]1O[C@H](CO)[C@H](O)[C@H](O[C@@H]2O[C@H](CO)[C@H](O)[C@H](O)[C@H]2O)[C@H]1O[C@H]1O[C@@H](CO)[C@H](O)[C@@H](O)[C@@H]1O)C(CCCCCCCC(=O)CCCCCCCCCCCCC(=O)NCCCCNC(=N)N)OC(=O)CC(C)C,6.320972222222222,6.0216081818181815,6.171290202020202
COC(=O)CSC[C@H](C(=O)OC)N1C(=O)C[C@@H](C)C1=O,6.296348888888892,6.0460195689033185,6.171184228896106
COC1=C(Br)[C@H](O)[C@@]2(C=C1Br)CC(C(=O)NCCC(=O)O)=NO2,6.309317777777779,6.032986990740738,6.171152384259258
CCCCCCCCCCCCCCCCCCCCCC[C@@H](O)C(=O)N[C@@H](CO[C@H]1O[C@H](CO)[C@H](O)[C@H](O[C@H]2O[C@H](CO)[C@H](O)[C@H](O)[C@H]2NC(C)=O)[C@H]1O)[C@H](O)[C@H](O)CCCCCCCCCCCCC,6.110116666666666,6.232091726190472,6.171104196428569
CCCCCCCCCCCCCCCCCCCCC[C@@H](O)C(=O)N[C@@H](CO[C@H]1O[C@H](CO)[C@H](O)[C@H](O[C@H]2O[C@H](CO)[C@H](O)[C@H](O)[C@H]2NC(C)=O)[C@H]1O)[C@H](O)[C@H](O)CCCCCCCCCCCCCC,6.110116666666666,6.232091726190472,6.171104196428569
CCCCCCCCCCCCCCCCCCCC[C@@H](O)C(=O)N[C@@H](CO[C@H]1O[C@H](CO)[C@H](O[C@H]2O[C@H](CO)[C@@H](O)[C@H](O)[C@H]2NC(C)=O)[C@H](O)[C@H]1O)[C@H](O)[C@H](O)CCCCCCCCCCCCCCC,6.110116666666666,6.232091726190472,6.171104196428569
CCCCCCCCCCCCCCCCCCC[C@@H](O)C(=O)N[C@@H](CO[C@H]1O[C@H](CO)[C@H](O[C@H]2O[C@H](CO)[C@@H](O)[C@H](O)[C@H]2NC(C)=O)[C@H](O)[C@H]1O)[C@H](O)[C@H](O)CCCCCCCCCCCCCCCC,6.110116666666666,6.232091726190472,6.171104196428569
CCCCCCCCCCCCCCCCCCCC[C@@H](O)C(=O)N[C@@H](CO[C@H]1O[C@H](CO)[C@H](O)[C@H](O[C@H]2O[C@H](CO)[C@H](O)[C@H](O)[C@H]2NC(C)=O)[C@H]1O)[C@H](O)[C@H](O)CCCCCCCCCCCCCCC,6.110116666666666,6.232091726190472,6.171104196428569
COC(=O)C(C)(C)C(O)C(C)C(=O)C(C)(C)/C=C/C(=O)NC(C(O)C(C)C)C(O)C(C)/C=C(\C)C(O)C(C)CCC(O)C(C)C(=O)NC1C(C)OC(=O)C(C(O)C(=O)O)NC(=O)/C=C/C=C/CC/C=C/C=C/CC2C[C@@H](C)C[C@@H](CC(O)C(C)C(O)/C(C)=C/C(C)C(O)/C(C)=C/CC(OC(=O)CC(O)C(=O)O)C(C)C1O)O2,6.256155555555558,6.085948591269832,6.171052073412695
CCCCCCCCCCCCCCCCCCCCCCC[C@@H](O)C(=O)N[C@@H](CO[C@H]1O[C@H](CO)[C@H](O[C@H]2O[C@H](CO)[C@@H](O)[C@H](O)[C@H]2NC(C)=O)[C@H](O)[C@H]1O)[C@H](O)[C@H](O)CCCCCCCCCCCCCCCCC,6.109283333333333,6.232091726190472,6.170687529761903
CCCCCCCCCCCCCCCCCCCCCC[C@@H](O)C(=O)N[C@@H](CO[C@H]1O[C@H](CO)[C@H](O)[C@H](O[C@H]2O[C@H](CO)[C@H](O)[C@H](O)[C@H]2NC(C)=O)[C@H]1O)[C@H](O)[C@H](O)CCCCCCCCCCCCCCCCC,6.109283333333333,6.232091726190472,6.170687529761903
CCCCCCCCCCCCCCCCCCCCCCC[C@@H](O)C(=O)N[C@@H](CO[C@H]1O[C@H](CO)[C@H](O[C@H]2O[C@H](CO)[C@@H](O)[C@H](O)[C@H]2NC(C)=O)[C@H](O)[C@H]1O)[C@H](O)[C@H](O)CCCCCCCCCCCCCCCC,6.109283333333333,6.232091726190472,6.170687529761903
CCCCCCCCCCCCCCCCCCCCCC[C@@H](O)C(=O)N[C@@H](CO[C@H]1O[C@H](CO)[C@H](O[C@H]2O[C@H](CO)[C@@H](O)[C@H](O)[C@H]2NC(C)=O)[C@H](O)[C@H]1O)[C@H](O)[C@H](O)CCCCCCCCCCCCCCCCC,6.109283333333333,6.232091726190472,6.170687529761903
CCCCCCCCCCCCCCCCCCCCCC[C@@H](O)C(=O)N[C@@H](CO[C@H]1O[C@H](CO)[C@H](O[C@H]2O[C@H](CO)[C@@H](O)[C@H](O)[C@H]2NC(C)=O)[C@H](O)[C@H]1O)[C@H](O)[C@H](O)CCCCCCCCCCCCCCCC,6.109249999999999,6.232091726190472,6.170670863095236
CCCCCCCCCCCCCCCCCCCCCCC[C@@H](O)C(=O)N[C@@H](CO[C@H]1O[C@H](CO)[C@H](O[C@H]2O[C@H](CO)[C@@H](O)[C@H](O)[C@H]2NC(C)=O)[C@H](O)[C@H]1O)[C@H](O)[C@H](O)CCCCCCCCCCCCCCC,6.109249999999999,6.232091726190472,6.170670863095236
CCCCCCCCCCCCCCCCCCCC[C@@H](O)C(=O)N[C@@H](CO[C@H]1O[C@H](CO)[C@H](O[C@H]2O[C@H](CO)[C@@H](O)[C@H](O)[C@H]2NC(C)=O)[C@H](O)[C@H]1O)[C@H](O)[C@H](O)CCCCCCCCCCCCCCCC,6.109249999999999,6.232091726190472,6.170670863095236
CCCCCCCCCCCCCCCCCCCC[C@@H](O)C(=O)N[C@@H](CO[C@H]1O[C@H](CO)[C@H](O[C@H]2O[C@H](CO)[C@@H](O)[C@H](O)[C@H]2NC(C)=O)[C@H](O)[C@H]1O)[C@H](O)[C@H](O)CCCCCCCCCCCCCCCCC,6.109249999999999,6.232091726190472,6.170670863095236
CCCCCCCCCCCCCCCCCCCCCC[C@@H](O)C(=O)N[C@@H](CO[C@H]1O[C@H](CO)[C@H](O)[C@H](O[C@H]2O[C@H](CO)[C@H](O)[C@H](O)[C@H]2NC(C)=O)[C@H]1O)[C@H](O)[C@H](O)CCCCCCCCCCCCCCC,6.109249999999999,6.232091726190472,6.170670863095236
CCCCCCCCCCCCCCCCCCCC[C@@H](O)C(=O)N[C@@H](CO[C@H]1O[C@H](CO)[C@H](O)[C@H](O[C@H]2O[C@H](CO)[C@H](O)[C@H](O)[C@H]2NC(C)=O)[C@H]1O)[C@H](O)[C@H](O)CCCCCCCCCCCCCCCCC,6.109249999999999,6.232091726190472,6.170670863095236
CCCCCCCCCCCCCCCCCCCCCC[C@@H](O)C(=O)N[C@@H](CO[C@H]1O[C@H](CO)[C@H](O)[C@H](O[C@H]2O[C@H](CO)[C@H](O)[C@H](O)[C@H]2NC(C)=O)[C@H]1O)[C@H](O)[C@H](O)CCCCCCCCCCCCCC,6.109249999999999,6.232091726190472,6.170670863095236
CCCCCCCCCCCCCCCCCCCCCC[C@@H](O)C(=O)N[C@@H](CO[C@H]1O[C@H](CO)[C@H](O[C@H]2O[C@H](CO)[C@@H](O)[C@H](O)[C@H]2NC(C)=O)[C@H](O)[C@H]1O)[C@H](O)[C@H](O)CCCCCCCCCCCCCCC,6.109249999999999,6.232091726190472,6.170670863095236
CCCCCCCCCCCCCCCCCCCCC[C@@H](O)C(=O)N[C@@H](CO[C@H]1O[C@H](CO)[C@H](O[C@H]2O[C@H](CO)[C@@H](O)[C@H](O)[C@H]2NC(C)=O)[C@H](O)[C@H]1O)[C@H](O)[C@H](O)CCCCCCCCCCCCCCCC,6.109249999999999,6.232091726190472,6.170670863095236
CCCCCCCCCCCCCCCCCCCCC[C@@H](O)C(=O)N[C@@H](CO[C@H]1O[C@H](CO)[C@H](O[C@H]2O[C@H](CO)[C@@H](O)[C@H](O)[C@H]2NC(C)=O)[C@H](O)[C@H]1O)[C@H](O)[C@H](O)CCCCCCCCCCCCCCC,6.109249999999999,6.232091726190472,6.170670863095236
CCCCCCCCCCCCCCCCCCC[C@@H](O)C(=O)N[C@@H](CO[C@H]1O[C@H](CO)[C@H](O[C@H]2O[C@H](CO)[C@@H](O)[C@H](O)[C@H]2NC(C)=O)[C@H](O)[C@H]1O)[C@H](O)[C@H](O)CCCCCCCCCCCCCCCCC,6.109249999999999,6.232091726190472,6.170670863095236
CCCCCCCCCCCCCCCCCCCCC[C@@H](O)C(=O)N[C@@H](CO[C@H]1O[C@H](CO)[C@H](O)[C@H](O[C@H]2O[C@H](CO)[C@H](O)[C@H](O)[C@H]2NC(C)=O)[C@H]1O)[C@H](O)[C@H](O)CCCCCCCCCCCCCCC,6.109249999999999,6.232091726190472,6.170670863095236
CCCCCCCCCCCCCCCCCCCCC[C@@H](O)C(=O)N[C@@H](CO[C@H]1O[C@H](CO)[C@H](O)[C@H](O[C@H]2O[C@H](CO)[C@H](O)[C@H](O)[C@H]2NC(C)=O)[C@H]1O)[C@H](O)[C@H](O)CCCCCCCCCCCCCCCCC,6.109249999999999,6.232091726190472,6.170670863095236
CCCCCCCCCCCCCCCCCCCC[C@@H](O)C(=O)N[C@@H](CO[C@H]1O[C@H](CO)[C@H](O)[C@H](O[C@H]2O[C@H](CO)[C@H](O)[C@H](O)[C@H]2NC(C)=O)[C@H]1O)[C@H](O)[C@H](O)CCCCCCCCCCCCCCCC,6.109249999999999,6.232091726190472,6.170670863095236
CCCCCCCCCCCCCCCCCCCCC[C@@H](O)C(=O)N[C@@H](CO[C@H]1O[C@H](CO)[C@H](O[C@H]2O[C@H](CO)[C@@H](O)[C@H](O)[C@H]2NC(C)=O)[C@H](O)[C@H]1O)[C@H](O)[C@H](O)CCCCCCCCCCCCCCCCC,6.109249999999999,6.232091726190472,6.170670863095236
CCCCCCCCCCCCCCCCCCCCCC[C@@H](O)C(=O)N[C@@H](CO[C@H]1O[C@H](CO)[C@H](O)[C@H](O[C@H]2O[C@H](CO)[C@H](O)[C@H](O)[C@H]2NC(C)=O)[C@H]1O)[C@H](O)[C@H](O)CCCCCCCCCCCCCCCC,6.109249999999999,6.232091726190472,6.170670863095236
CCCCCCCCCCCCCCCCCCCCC[C@@H](O)C(=O)N[C@@H](CO[C@H]1O[C@H](CO)[C@H](O)[C@H](O[C@H]2O[C@H](CO)[C@H](O)[C@H](O)[C@H]2NC(C)=O)[C@H]1O)[C@H](O)[C@H](O)CCCCCCCCCCCCCCCC,6.109249999999999,6.232091726190472,6.170670863095236
CCC(C)[C@@H]1NC(=O)[C@@H]2CSC(=N2)[C@@H]2CCCN2C(=O)[C@H](C(C)C)NC(=O)[C@@H]2CSC(=N2)[C@H](CCSC)NC(=O)c2csc1n2,6.06783333333333,6.27260723214286,6.170220282738095
C[C@H](CCC(=O)NCCOS(=O)(=O)[O-])[C@H]1CCC2C3C([C@H](O)C[C@@]21C)[C@@]1(C)CC[C@@H](O)C[C@H]1C[C@H]3O.[Na+],6.157883333333325,6.182512494949493,6.17019791414141
CCC(C)[C@@H]1NC(=O)C2COC(=N2)c2csc(n2)[C@@H](C(C)C)NC(=O)[C@H](C(C)CC)NC(=O)C2N=C(O[C@@H]2C)c2csc(n2)[C@@H](C(C)C)NC1=O,6.181274444444447,6.158806726190476,6.170040585317461
CCCCCCCCCC1CC(=O)N[C@H](CC(C)C)C(=O)N[C@@H](CO)C(=O)C[C@@H]([C@@H](C)O)C(=O)N[C@H](CC(C)C)C(=O)N[C@@H]([C@@H](C)CC)C(=O)O1,6.195894444444449,6.144131884920633,6.1700131646825405
CC(COS(=O)(=O)O)C(=O)CC[C@@H](C)[C@H]1CCC2C3C(CC[C@@]21C)[C@@]1(C)CC[C@H](NCCCNCCCCN)CC1C[C@H]3O,6.324718888888885,6.015206058802306,6.169962473845596
COC(=O)[C@H](CCC(=O)O)N1Cc2c(cc(O)c3c2O[C@]2(C3)[C@H](C)CC[C@H]3C(C)(C)[C@H](O)CC[C@@]32C)C1=O,6.1871888888888895,6.152682259499756,6.169935574194323
COC(=O)CC[C@@H](C(=O)O)N1Cc2c(cc(O)c3c2O[C@]2(C3)[C@H](C)CC[C@H]3C(C)(C)[C@H](O)CC[C@@]32C)C1=O,6.1871888888888895,6.152682259499756,6.169935574194323
COC1=C(Br)[C@@H](O)[C@]2(C=C1Br)CC(C(=O)NCCc1[nH]c(N)nc1-c1cc(O)c3[nH]cc(O)c(=O)c3c1O)=NO2,6.23446111111111,6.1050642923280405,6.169762701719575
COC1=C(Br)[C@H](O)[C@@]2(C=C1Br)CC(C(=O)NCCc1[nH]c(N)nc1-c1cc(O)c3[nH]cc(O)c(=O)c3c1O)=NO2,6.23446111111111,6.1050642923280405,6.169762701719575
CO/C(=C\c1ccc(O)cc1)C(=O)OC[C@H]1O[C@@H](n2cc(C)c(=O)[nH]c2=O)C[C@@H]1OC(=O)c1c[nH]c2cc(Br)c(O)cc12,6.244919444444437,6.094490769300142,6.169705106872289
CC(=O)c1[nH]ccc1O[C@@H]1O[C@H](C)[C@@H](O[C@H]2OC[C@H](O)[C@H](O)[C@H]2O[C@@H]2O[C@H](C)[C@H](O)[C@H](O[C@@H]3O[C@@H](CO)[C@H](O)[C@H]3O)[C@H]2O)[C@H](O)[C@H]1O[C@@H]1O[C@H](C)[C@@H](O)[C@H](O)[C@H]1O,6.248846666666666,6.090519884920636,6.169683275793651
CCCCCCCCCCCCCCCCCCCCCC[C@@H](O)C(=O)N[C@@H](CO[C@H]1O[C@H](CO)[C@H](O)[C@H](O[C@H]2O[C@H](CO)[C@H](O)[C@H](O)[C@H]2NC(C)=O)[C@H]1O)[C@H](O)[C@H](O)CCCCCCCCCCCC,6.106983333333333,6.232091726190472,6.169537529761902
CCCCCCCCCCCCCCCCCCCC[C@@H](O)C(=O)N[C@@H](CO[C@H]1O[C@H](CO)[C@H](O)[C@H](O[C@H]2O[C@H](CO)[C@H](O)[C@H](O)[C@H]2NC(C)=O)[C@H]1O)[C@H](O)[C@H](O)CCCCCCCCCCCCCC,6.106983333333333,6.232091726190472,6.169537529761902
CCCCCCCCCCCCCCCCCCCCC[C@@H](O)C(=O)N[C@@H](CO[C@H]1O[C@H](CO)[C@H](O)[C@H](O[C@H]2O[C@H](CO)[C@H](O)[C@H](O)[C@H]2NC(C)=O)[C@H]1O)[C@H](O)[C@H](O)CCCCCCCCCCCCC,6.106983333333333,6.232091726190472,6.169537529761902
CCCCCCCCCCCCCCCCCCC[C@@H](O)C(=O)N[C@@H](CO[C@H]1O[C@H](CO)[C@H](O[C@H]2O[C@H](CO)[C@@H](O)[C@H](O)[C@H]2NC(C)=O)[C@H](O)[C@H]1O)[C@H](O)[C@H](O)CCCCCCCCCCCCCCC,6.106983333333333,6.232091726190472,6.169537529761902
CCCCCC1OC(=O)[C@H](C(C)CC)N(C)C(=O)[C@@H]2CCCN2C(=O)[C@H](C(C)C)OC(=O)[C@H](Cc2ccccc2)N(C)C(=O)[C@H](C(C)C)NC(=O)C1C,6.256924444444443,6.082097159391532,6.169510801917987
CCC(C)[C@@H]1NC(=O)[C@@H]2CCCN2C(=O)[C@@H]2CCCN2C(=O)[C@H](C(C)CC)NC(=O)[C@H](Cc2ccc(O)cc2)NC(=O)[C@@H]2CCCN2C(=O)[C@@H]2CCCN2C(=O)[C@H](CC(C)C)NC(=O)[C@H]([C@@H](C)O)NC(=O)[C@H](Cc2ccccc2)NC1=O,6.288566666666665,6.050428621031747,6.169497643849207
C/C(=C\C(=O)OCCCCCCCC(=O)Nc1c2sscc-2[nH]c1=O)CC1CC(O)C(O)(C/C=C/C(C)C(C)O)CO1,6.1081277777777805,6.2302652777777805,6.16919652777778
CC1CN2CCC3C4C=C(CC/C=C\CCCC1O)C1N(CCCCc5nc6c(O)cccc6c(CCN)c5C=CCCC31C2)C4,6.214218888888885,6.1238860813492,6.1690524851190425
C/C=C1\NC(=O)[C@H](Cc2ccccc2)NC(=O)[C@@H](C(C)CC)NC(=O)[C@@H](C(C)CC)NC(=O)[C@H](NC(=O)[C@@H](CC(C)C)NC(=O)[C@H](CCCN)NC(=O)[C@H]2CCCN2C(=O)C(NC(=O)C(NC(=O)[C@@H](NC(=O)C(NC(=O)CCC)C(C)C)C(C)O)C(C)C)C(C)C)C(C)OC(=O)C(C(C)C)NC1=O,6.247944444444443,6.089725198412696,6.16883482142857
CC[C@@H](C)[C@H]1NC(=O)C(=O)C(CCCNC(=N)N)NC(=O)[C@@H]2CCCN2C(=O)[C@@H](NC(=O)[C@H](C)NC(=O)Cc2ccccc2)CNC(=O)/C=C/[C@H](Cc2ccc(O)cc2)NC1=O,6.310630000000001,6.026437027777774,6.168533513888887
CC(=O)CCCCC(C)C1CC(O)C(C)C(=O)N[C@H](Cc2ccccc2)C(=O)N2CCC[C@H]2C(=O)O1,6.310094444444442,6.0269661210317444,6.168530282738093
CCC(C)[C@@H]1NC(=O)[C@H](C(C)CC)NC(=O)[C@H](C(C)CC)NC(=O)[C@@H]2CCCN2C(=O)[C@H](C(C)O)NC(=O)[C@@H]2CCCN2C(=O)[C@@H]2CCCN2C(=O)[C@H](CC(C)C)NC1=O,6.290679999999998,6.046224930555556,6.1684524652777775
CC(C)CC1OC(=O)CCNC(=O)[C@H](C(C)C)N(C)C(=O)[C@H](C(C)C)N(C)C(=O)[C@H](Cc2ccccc2)NC(=O)[C@@H]2[C@@H](C)CCN2C1=O,6.232030000000001,6.104654684644055,6.168342342322028
COc1ccc(CC(C(=O)O)[N+](C)(C)C)cc1I,6.042241111111111,6.2942209844877315,6.168231047799422
CCC[C@H]1CCCC(=O)N[C@@H](CO)CCC[C@H](C)C(=O)N(C)[C@@H](Cc2ccccc2)C(=O)O1,6.108505555555552,6.2274088928571425,6.167957224206347
CCCC1CCCC(=O)N[C@@H](CO)CCCC(C)C(=O)N(C)[C@@H](Cc2ccccc2)C(=O)O1,6.108505555555552,6.2274088928571425,6.167957224206347
CCCCC[C@H]1OC(=O)[C@H](C(C)C)N(C)C(=O)[C@@H]2CCCN2C(=O)[C@H]([C@@H](C)CC)OC(=O)[C@H](C(C)C)N(C)C(=O)[C@H](C(C)C)NC(=O)[C@H]1C,6.253768888888888,6.082097159391532,6.1679330241402095
COCc1cc(O)c(Cc2cc(O)c(Cc3cc(O)ccc3O)cc2O)cc1O,6.12527111111111,6.209920820346317,6.167595965728713
CC[C@H](C)/C=C(C)/C=C/C1=CC2=C(Cl)C(=O)[C@](C)(OC)C(=O)C2=CN1CCO,6.039797222222217,6.294874564093308,6.167335893157762
CC[C@H](C)[C@@H]1NC(=O)[C@@H](CC(C)C)NC(=O)[C@H]([C@@H](C)O)CC(=O)[C@H](CO)NC(=O)[C@@H](CC(C)C)NC(=O)CC(CCCCCCC(C)C)OC1=O,6.19030555555556,6.144131884920633,6.167218720238097
C[C@H](/C=C/[C@@H](C)[C@@H](C)C(=O)NCCOS(=O)(=O)[O-])[C@H]1CC[C@H]2[C@@H]3C[C@H](O[C@@H]4O[C@H](C)[C@@H](OS(=O)(=O)[O-])[C@H](O)[C@H]4O)[C@H]4C[C@@H](OS(=O)(=O)[O-])CC[C@]4(C)C3=CC[C@]12C.[Na+].[Na+].[Na+],6.289666666666668,6.044717242063489,6.167191954365078
CC1(C)CCC[C@]2(C)[C@H]3CC/C(=C\OS(=O)(=O)[O-])[C@H](CCc4ccoc4)[C@@]3(C)CC[C@@H]12.CC1(C)CCC[C@]2(C)[C@H]3CC/C(=C\OS(=O)(=O)[O-])[C@H](CCc4ccoc4)[C@@]3(C)CC[C@@H]12.CN(C)C1=[N+](C)C2C(C(=O)N1C)[N+](C)=CN2C,6.309705555555557,6.024593529341032,6.1671495424482945
C=CCCCCC(C)CCC/C=C\C#C[C@H](OC)C(=O)OC[C@@H](O)CO[P-](=O)(=O)OCC[N+](C)(C)C,6.297463333333336,6.036435891053386,6.166949612193361
N=C1N[C@H]2[C@H](COC(=O)NS(=O)(=O)O)NC(=N)N3C[C@H](OS(=O)(=O)O)C(O)(O)[C@]23N1,6.304837777777782,6.029042261904765,6.166940019841274
N=C1N[C@H]2[C@H](COC(=O)NS(=O)(=O)O)NC(=N)N3C[C@@H](OS(=O)(=O)O)C(O)(O)[C@]23N1,6.304837777777782,6.029042261904765,6.166940019841274
O=S(=O)(O)Oc1ccc(Oc2cc(Br)c(Oc3ccc(O)c(Oc4ccc(Br)cc4Br)c3Br)c(Oc3ccc(Br)cc3Br)c2)cc1Br,6.157430000000001,6.176385030663782,6.166907515331891
CCCCCCCCCCCCCCCCCCCCC[C@@H](O)C(=O)N[C@@H](CO[C@H]1O[C@H](CO)[C@H](O)[C@H](O[C@H]2O[C@H](CO)[C@H](O)[C@H](O)[C@H]2NC(C)=O)[C@H]1O)[C@H](O)[C@H](O)CCCCCCCCCCCC,6.101616666666667,6.232091726190472,6.166854196428569
CCCCCCCCCCCCCCCCCCCC[C@@H](O)C(=O)N[C@@H](CO[C@H]1O[C@H](CO)[C@H](O)[C@H](O[C@H]2O[C@H](CO)[C@H](O)[C@H](O)[C@H]2NC(C)=O)[C@H]1O)[C@H](O)[C@H](O)CCCCCCCCCCCCC,6.101616666666667,6.232091726190472,6.166854196428569
COc1c(Br)cc(C/C(=N\O)C(=O)NCCc2c[nH]cn2)c(O)c1Br,6.270016666666666,6.0632433432539665,6.166630004960316
CCCCCCCCC[C@@H]1CC(=O)N[C@H](CC(C)C)C(=O)N[C@@H](CO)C(=O)N[C@@H]([C@@H](C)O)C(=O)N[C@H](CC(C)C)C(=O)N[C@@H]([C@@H](C)CC)C(=O)O1,6.189068888888893,6.144131884920633,6.166600386904763
COc1c(Br)cc(Br)c2c(CCN(C)C)c(Br)n(OC)c12,6.193103333333337,6.139918412698408,6.166510873015872
CCC(=O)N[C@@H](CSCc1c(C)c(=O)n2c(=O)c(C)c(C)n12)C(=O)N[C@H]1[C@@H](O[C@@H]2[C@H](O)[C@H](O)[C@@H](O)[C@H](O)[C@H]2O)O[C@H](CO)[C@@H](O)[C@@H]1O,6.014850000000001,6.318123809523811,6.166486904761905
CS(=O)(=O)Cc1c(Br)c(O)c(O)c(Br)c1Br,6.0283244444444515,6.304647853535348,6.1664861489899
CC(C)CCCCCCCCCCC[C@@H]1CC(=O)N[C@@H](CC(N)=O)C(=O)N[C@H](Cc2ccc(O)cc2)C(=O)N[C@H](CC(N)=O)C(=O)N[C@@H](CCC(N)=O)C(=O)N2CCC[C@H]2C(=O)N[C@H](CC(N)=O)C(=O)N[C@@H](CO)C(=O)N1,6.21081111111111,6.122153630952377,6.166482371031744
O=S(=O)(O)Oc1ccc(Oc2c(Br)cc(Oc3ccc(O)c(Br)c3)cc2Oc2ccc(Br)cc2Br)c(Br)c1Oc1ccc(Br)cc1Br,6.156096666666668,6.176385030663782,6.166240848665225
CCCCCCCCCCCCCCCCCCCCCCC[C@@H](O)C(=O)N[C@@H](CO[C@H]1O[C@H](CO)[C@H](O)[C@H](O[C@@H]2O[C@@H]([C@@H](O)CO)[C@H](O)[C@H]2O[C@H]2O[C@@H]([C@@H](O)CO)[C@H](O)[C@H]2O)[C@H]1O)[C@H](O)[C@H](O)CCCCCCCCCCCC(C)C,6.191461111111113,6.140392460317457,6.165926785714285
CCCCCCC[C@@H]1CC(=O)N[C@H](CC(C)C)C(=O)N[C@@H](CO)C(=O)N[C@@H]([C@@H](C)O)C(=O)N[C@H](CC(C)C)C(=O)N[C@@H]([C@@H](C)CC)C(=O)O1,6.187696666666671,6.144131884920633,6.165914275793652
CCCCCCCCCCCCCCCCCC(=O)OC(COC(=O)CCCCCCCCCCCCCCC)CO[C@H]1O[C@H](C(=O)NCCS(=O)(=O)O)[C@@H](O)[C@H](O)[C@H]1O,6.125622222222226,6.205925575396821,6.165773898809524
O=C(/C=C/c1ccc(O)c(O)c1)O[C@H]1[C@H](O)[C@@H](O)[C@H](OCCc2cc(O)c(O)cc2O)O[C@@H]1CO,6.301830000000003,6.029517900793654,6.165673950396829
CCC(C)[C@@H]1NC(=O)[C@H](C(C)O)NC(=O)[C@H](Cc2ccccc2)NC(=O)[C@@H]2CCCN2C(=O)[C@H](CC(N)=O)NC(=O)[C@@H]2CCCN2C(=O)[C@H](Cc2ccccc2)NC1=O,6.263763333333333,6.066959315476186,6.16536132440476
C/C(=C\C(=O)OCCCCCCCC(=O)Nc1c2sscc-2[nH]c1=O)C[C@@H]1OC[C@](O)(C/C=C/[C@@H](C)[C@H](C)O)[C@@H](O)C1O,6.100405555555557,6.2302652777777805,6.165335416666669
CCCCCCCC1CC(=O)N[C@H](CC(C)C)C(=O)N[C@@H](CO)C(=O)C[C@@H]([C@@H](C)O)C(=O)N[C@H](CC(C)C)C(=O)N[C@@H]([C@@H](C)CC)C(=O)O1,6.18650555555556,6.144131884920633,6.165318720238096
CCCCCCCCCCC1NC(=O)[C@H]2CCCN2C(=O)[C@H](CC(N)=O)NC(=O)[C@H](CO)NC(=O)[C@H](CCC(N)=O)NC(=O)[C@H](CC(N)=O)NC(=O)[C@@H](Cc2ccc(O)cc2)NC(=O)[C@H](CC(N)=O)NC1=O,6.214977777777777,6.115651636904759,6.165314707341268
CN1C(=O)N=C(Nc2nc(Cc3ccc4c(c3)OCO4)c(Cc3ccc4c(c3)OCO4)n2C)C1=O,6.153385555555556,6.177022546296299,6.165204050925928
O=C1C=CCCCCC[C@H]2O[C@]3(CCCCCC(C(O)CCCCCCCOC[C@H](CO)NS(=O)(=O)O)OC(=O)CN1)CCC[C@H]2O3,6.282466666666668,6.047614027777776,6.165040347222222
CCCCOC(=O)[C@H](Cc1ccccc1)NC(=O)c1cc(Cl)c2c(c1O)C(=O)O[C@H](C)C2,6.10491333333333,6.2248342965367955,6.164873814935063
CCCCCCCC1NC(=O)[C@H]2CCCN2C(=O)[C@H](CC(N)=O)NC(=O)[C@H](CO)NC(=O)[C@H](CCC(N)=O)NC(=O)[C@H](CC(N)=O)NC(=O)[C@@H](Cc2ccc(O)cc2)NC(=O)[C@H](CC(N)=O)NC1=O,6.213444444444442,6.115651636904759,6.1645480406746005
CC[C@H](C)[C@@H]1NC(=O)[C@@H](CC(C)C)NC(=O)[C@H]([C@@H](C)O)NC(=O)[C@H](CO)NC(=O)[C@@H](CC(C)C)NC(=O)C[C@@H](CCCCCCC(C)C)OC1=O,6.184602222222226,6.144131884920633,6.1643670535714294
CCCCCCCCC[C@H]1C[C@H]2CC[C@H]3[C@@H](C(=O)OCCCCC4NC(=N)N5CCCC5=C4C(=O)OCCCCNC(=N)N)[C@@H](C)N=C(N1)N23,6.179038888888885,6.1491707449494974,6.164104816919192
CCCCCCCCC[C@@H]1C[C@H]2CC[C@H]3[C@@H](C(=O)OCCCCC4NC(=N)N5CCCC5=C4C(=O)OCCCCNC(=N)N)[C@@H](C)N=C(N1)N23,6.179038888888885,6.1491707449494974,6.164104816919192
CO[C@]12C[C@@]3(O)[C@@H](SC)C=C[C@H](OC(C)=O)[C@H]3N1C(=O)[C@](CO)(SC)N(C)C2=O,6.245263333333337,6.082863505291004,6.164063419312171
CC[C@H](C)[C@@H]1NC(=O)[C@H]2N=C(O[C@@H]2C)[C@@H]2CCCN2C(=O)[C@H](Cc2ccc(O)cc2)NC(=O)c2coc(n2)[C@H](C)NC(=O)[C@@H]2CCCN2C(=O)[C@@H]2CCCN2C1=O,6.223291111111111,6.103972450396826,6.163631780753969
COC[C@@H](COC(C)=O)N(C)C(=O)CC/C=C/CCCCC(Cl)CCCCCCCl,6.258643333333334,6.068518243145741,6.163580788239537
C=C1C[C@H](C)C(=O)N[C@@H](C)C(=O)N(C)[C@H](Cc2ccc(O)c(Cl)c2)C(=O)N[C@@H](C)C(=O)O[C@@H](C)C[C@@H](C)C1=O,6.2792400000000015,6.047540753968252,6.163390376984127
CCCCCCCCCCCCCC(=O)OC1CCC(NC(=O)C(OC)C(O)C(O)C(O)/C=C/C(C)C)C(=O)N(C)C1,6.004838888888889,6.321400753968248,6.163119821428569
CCCCCCCCCCCCCC(=O)O[C@H]1CC[C@H](NC(=O)[C@H](OC)[C@H](O)[C@@H](O)[C@H](O)/C=C/C(C)C)C(=O)N(C)C1,6.004838888888889,6.321400753968248,6.163119821428569
CC(C)=CCC[C@@]1(C)O[C@@H]1CC/C(C)=C/COC[C@H]1O[C@@H](N2CCC(=O)NC2=O)[C@H](O)[C@@H]1O,6.081527777777778,6.244070416666664,6.162799097222221
O=C(OC[C@H](OC(=O)c1ccc(O)cc1)[C@@H](COC(=O)c1ccc(O)cc1)OC(=O)c1ccc(O)cc1)c1ccc(O)cc1,6.182962222222219,6.142252264790767,6.162607243506493
CCCCCC/C=C\C[C@@H]1CC(=O)N[C@H](CC(C)C)C(=O)N[C@@H](CO)C(=O)N[C@@H]([C@@H](C)O)C(=O)N[C@H](CC(C)C)C(=O)N[C@@H]([C@@H](C)CC)C(=O)O1,6.179352222222226,6.145853055555551,6.162602638888888
CCCCCC/C=C\CC1CC(=O)N[C@H](CC(C)C)C(=O)N[C@@H](CO)C(=O)N[C@@H]([C@@H](C)O)C(=O)N[C@H](CC(C)C)C(=O)N[C@@H]([C@@H](C)CC)C(=O)O1,6.179352222222226,6.145853055555551,6.162602638888888
C/C=C1/C(=O)N[C@@H](C(=O)O)[C@H](C)C(=O)N[C@@H](C(C)C)C(=O)N[C@@H](/C=C/C(C)=C/[C@H](C)[C@H](Cc2ccccc2)OC)[C@@H](C)C(=O)N[C@@H](C(=O)O)CCC(=O)N1C,6.314783333333334,6.010294758297254,6.1625390458152935
C/C=C1/C(=O)N[C@@H](C(=O)O)[C@H](C)C(=O)N[C@@H](C(C)C)C(=O)N[C@@H](/C=C/C(C)=C/[C@H](C)[C@H](Cc2ccccc2)OC)[C@H](C)C(=O)N[C@@H](C(=O)O)CCC(=O)N1C,6.314783333333334,6.010294758297254,6.1625390458152935
CCCCCCCCCCCCCCCCCCCCCC[C@@H](O)C(=O)N[C@@H](CO[C@H]1O[C@H](CO)[C@H](O)[C@H](O[C@@H]2O[C@@H]([C@@H](O)CO)[C@H](O)[C@H]2O[C@H]2O[C@@H]([C@@H](O)CO)[C@H](O)[C@H]2O)[C@H]1O)[C@H](O)[C@H](O)CCCCCCCCCCC(C)C,6.18435,6.140392460317457,6.162371230158729
CCCCCC[C@@H]1OC(=O)[C@H](C(C)C)N(C)C(=O)[C@@H]2CCCN2C(=O)[C@H](Cc2ccccc2)OC(=O)[C@H]([C@@H](C)CC)N(C)C(=O)[C@H](C(C)C)NC(=O)[C@@H]1C,6.2389577777777765,6.0857765100408825,6.1623671439093295
CCCCCCCCCCCCCCCCCCCCCC[C@@H](O)C(=O)N[C@@H](CO[C@H]1O[C@H](CO)[C@H](O)[C@H](O[C@@H]2O[C@@H]([C@@H](O)CO)[C@H](O)[C@H]2O[C@H]2O[C@@H]([C@@H](O)CO)[C@H](O)[C@H]2O)[C@H]1O)[C@H](O)[C@H](O)CCCCCCCCCCCC(C)C,6.183561111111112,6.140392460317457,6.161976785714285
CCCCCCCCCCCCCCCCCCCCCCC[C@@H](O)C(=O)N[C@@H](CO[C@H]1O[C@H](CO)[C@H](O)[C@H](O[C@@H]2O[C@@H]([C@@H](O)CO)[C@H](O)[C@H]2O[C@H]2O[C@@H]([C@@H](O)CO)[C@H](O)[C@H]2O)[C@H]1O)[C@H](O)[C@H](O)CCCCCCCCCCC(C)C,6.183561111111112,6.140392460317457,6.161976785714285
Cn1c[n+](C)c(Cc2nc(C(=O)O)cc3c2[nH]c2ccc(O)cc23)c1[S+](C)[O-],6.31877444444445,6.005165466269842,6.161969955357145
CC(C)C[C@H]1NC(=O)[C@H]2C[C@@]3([C@@]45C[C@@H]6C(=O)N[C@H](C(C)C)C(=O)N6[C@@H]4Nc4ccccc45)c4ccccc4N[C@H]3N2C1=O,6.223935555555556,6.099252761904762,6.161594158730159
CCCCC[C@H](O)CC(=O)O[C@H]1C=COC=C2C[C@@]3(SC)C(=O)N4[C@H]5C(=COC=C[C@@H]5OC(=O)C[C@@H](O)CCCCC)C[C@@]4(SC)C(=O)N3[C@@H]21,6.153646666666669,6.169467934102929,6.161557300384799
OCc1cc(Br)c(O)c(Cc2cc(Br)c(O)c(Br)c2)c1,6.221688333333332,6.101263854256855,6.161476093795093
COC(=O)NCCCCCNC(=O)C1=NO[C@]2(C=C(Br)C(OC)=C(Br)[C@@H]2O)C1,6.310548888888886,6.012360066137561,6.161454477513224
C=C[C@@](C)(CCC=C(C)C)c1ccc2c3c1NC(=O)[C@@]3(O)C[C@@H](CO)NC(=O)[C@H](C(C)C)N2,6.179177777777779,6.143260634920631,6.161219206349205
COC(c1ccc(O)cc1)C(NC(=O)[C@H](CCC(N)=O)N(C)C(=O)[C@H](CC(C)C)NC(=O)[C@@H](CCCNC(=N)N)NC(=O)[C@@H](N)[C@@H](C)O)C(=O)N(C)[C@@H](C)C(=O)O,6.23870777777778,6.083497291666662,6.161102534722221
CO[C@H](c1ccc(O)cc1)C(NC(=O)[C@H](CCC(N)=O)N(C)C(=O)[C@H](CC(C)C)NC(=O)[C@@H](CCCNC(=N)N)NC(=O)[C@H](N)[C@@H](C)O)C(=O)N(C)[C@@H](C)C(=O)O,6.23870777777778,6.083497291666662,6.161102534722221
COC1=CC(=O)N(C(=O)/C=C(/C)CC(C)CCCCCCC[C@H](C)C[C@@H](O)C[C@@H](O)C[C@@H](O)C[C@@H](O)C[C@@H](O)C[C@@H](O)C[C@@H](O)C[C@@H](O)C[C@@H](O)C[C@@H](O)C[C@H](O)CNC=O)[C@H]1Cc1ccccc1,6.177016666666666,6.145170099206343,6.161093382936505
CNCCCNC(=O)/C(Cc1cc(Br)c(OC)c(Br)c1)=N/O,6.113095555555552,6.208760664682534,6.160928110119043
CCC(C)CCCCCCCCCC[C@@H]1CC(=O)N[C@@H](CC(N)=O)C(=O)N[C@H](Cc2ccc(O)cc2)C(=O)N[C@H](CC(N)=O)C(=O)N[C@@H](CCC(N)=O)C(=O)N2C[C@H](O)C[C@H]2C(=O)N[C@H](CC(N)=O)C(=O)N[C@@H](CO)C(=O)N1,6.19952222222222,6.122153630952377,6.160837926587298
CC(C)CCCCCCCCCCC[C@@H]1CC(=O)N[C@@H](CC(N)=O)C(=O)N[C@H](Cc2ccc(O)cc2)C(=O)N[C@H](CC(N)=O)C(=O)N[C@@H](CCC(N)=O)C(=O)N2C[C@H](O)C[C@H]2C(=O)N[C@H](CC(N)=O)C(=O)N[C@@H](CO)C(=O)N1,6.19952222222222,6.122153630952377,6.160837926587298
COC1=CC(=O)N(C(=O)/C=C(/C)CC(C)CCCCCCC[C@H](C)C[C@@H](O)C[C@@H](O)C[C@@H](O)C[C@@H](O)C[C@@H](O)C[C@@H](O)C[C@@H](O)C[C@@H](O)C[C@H](O)CNC=O)[C@H]1Cc1ccccc1,6.176461111111109,6.145170099206343,6.160815605158726
Oc1cc(O)cc(Oc2c(O)cc(O)cc2O)c1,6.200891111111105,6.120660705266959,6.160775908189032
CCCCCCCCCCCCCCCCCCCCC[C@@H](O)C(=O)N[C@@H](CO[C@@H]1O[C@H](CO[C@]2(C(=O)O)C[C@H](O)[C@@H](NC(=O)CO)[C@H](C(O)C(CO)OS(=O)(=O)O)O2)[C@@H](O)[C@H](O)[C@H]1O)[C@H](O)[C@H](O)CCCCCCCC(C)C,6.089288888888893,6.232091726190472,6.160690307539682
C/C=C1/C(=O)N[C@@H](C(=O)O)[C@H](C)C(=O)N[C@@H](CC)C(=O)N[C@@H](/C=C/C(C)=C/[C@H](C)[C@H](Cc2ccccc2)OC)[C@@H](C)C(=O)N[C@@H](C(=O)O)CCC(=O)N1C,6.310672222222223,6.010294758297254,6.160483490259739
COC1=CC(=O)N(C(=O)/C=C(/C)CC(C)CCCCCCC[C@H](C)C[C@@H](O)C[C@@H](O)C[C@@H](O)C[C@@H](O)C[C@@H](O)C[C@@H](O)C[C@@H](O)C[C@@H](O)C[C@@H](O)C[C@H](O)CNC=O)[C@H]1Cc1ccccc1,6.17556111111111,6.145170099206343,6.160365605158726
CN1C(=O)/C(=N/c2nc(Cc3ccc4c(c3)OCO4)c(Cc3ccc4c(c3)OCO4)n2C)N(C)C1=O,6.153935555555556,6.1667687962962985,6.160352175925928
COC1=C(Br)C[C@]2(OC=C1Br)ON=C(C(=O)NCCCOc1c(Br)cc(C3CNC(=O)O3)cc1Br)[C@@H]2O,6.299617777777781,6.020820105820105,6.160218941798943
COC1=C(Br)C[C@]2(OC=C1Br)ON=C(C(=O)NCCCOc1ccc(CCN)cc1Br)[C@@H]2O,6.248564444444449,6.071849285714283,6.160206865079366
CCC(C)CCCCCCCCC(=O)N[C@@H](CC(N)=O)C(=O)N[C@H]1CC(=O)O[C@@H]1[C@H](O)C(=O)N[C@@H](CC(C)C)[C@@H]1Cc2cccc(O)c2C(=O)O1,6.1793,6.1406182936507925,6.159959146825396
CCCCCCCCCCCCCC(O)CC(=O)NC(CC(C)C)C(=O)N[C@@H]1C(=O)N[C@H](CO)C(=O)N[C@@H]([C@H](C)O)C(=O)NC(CC(C)C)C(=O)NC(CC(C)C)C(=O)O[C@H]1C,6.209055555555559,6.110311230158727,6.1596833928571435
C/C1=C\CC(OC(=O)CC(O)C(=O)O)C(C)C(C(NC(=O)C(C)C(O)CCC(C)C(O)/C(C)=C/C(C)C(O)C(CC(C)C)NC(=O)/C=C/C(C)(C)C(=O)C(C)C(O)C(C)C)C(C)O)OC(=O)C(C(O)C(=O)O)NC(=O)/C=C/C=C/CC/C=C/C=C/C[C@@H]2C[C@@H](C)C[C@@H](CC(O)C(C)C(O)/C(C)=C/C(C)C1O)O2,6.255666666666668,6.063665099206343,6.159665882936506
COc1c(SC)c(CCN(C)C)c2sc3c(CCN(C)C)c(SC)c(OC)c(OC)c3ssc2c1OC,6.241845555555559,6.077352941919191,6.159599248737376
CC(C)C[C@H](NC(=O)[C@@H](O)[C@@H](O)[C@@H]1CC(=O)OC(C)(O)[C@H](C)N1)[C@@H]1Cc2cccc(O)c2C(=O)O1,6.110916666666669,6.208091319444444,6.159503993055557
CC[C@@H](C)[C@@H]1NC(=O)[C@@H](CC(C)C)NC(=O)[C@H](CC(C)C)NC(=O)[C@H](CC(=O)c2ccccc2NC=O)NC(=O)CNC(=O)[C@H](CC(N)=O)NC1=O,6.246680000000004,6.072229488095233,6.159454744047618
C/C=C1\NC(=O)[C@H](Cc2ccccc2)NC(=O)C(C(C)C)NC(=O)C(C(C)C)NC(=O)[C@H](NC(=O)[C@H](NC(=O)[C@H](CCCN)NC(=O)[C@H]2CCCN2C(=O)C(NC(=O)C(NC(=O)C(NC(=O)[C@@H](CCC(=O)O)NC(=O)CCCC(O)CC(C)C)C(C)C)C(C)C)C(C)C)C(C)CC)C(C)OC(=O)C(C(C)C)NC1=O,6.247955555555554,6.070950634920629,6.159453095238091
C=CC(C)(C)OC(C)[C@@H]1NC(=O)[C@H](C(C)CC)NC(=O)[C@@H]2CCCN2C(=O)[C@H](C(C)CC)NC(=O)[C@H](C(C)CC)NC(=O)[C@@H]2CCCN2C(=O)[C@H](C(C)CC)NC1=O,6.279696666666667,6.038715218253965,6.159205942460316
CC/C=C/[C@@H]1CC[C@]2(C[C@H]3CC[C@H]4[C@@H](C(=O)OC(CC)CCCCCCCCCCCCCC(O)C(=O)NCCCN)[C@@]5(CCC[C@H](C)O5)NC(=[N+]34)N2)O1,6.201427777777775,6.116832420634917,6.159130099206346
C=CC(C)(C)OC(C)[C@@H]1NC(=O)[C@H]2CSC(=N2)[C@H](CC(C)C)NC(=O)[C@H](C(C)OC(C)(C)C=C)NC(=O)[C@@H]2CCCN2C(=O)[C@H](C(C)C)NC1=O,6.22187777777778,6.096121626984123,6.158999702380951
C=CC(C)(C)O[C@H](C)[C@@H]1NC(=O)[C@H]2CSC(=N2)[C@H](CC(C)C)NC(=O)[C@H]([C@@H](C)OC(C)(C)C=C)NC(=O)[C@@H]2CCCN2C(=O)[C@H](C(C)C)NC1=O,6.22187777777778,6.096121626984123,6.158999702380951
C/C(=C\Cn1c[n+](C)c2ncnc(N)c21)CC[C@@]1(C)C2=C(CC[C@@H]1C)[C@](C)(COC(=O)c1cc(Br)c[nH]1)CCC2,6.185011111111111,6.132650023809525,6.158830567460318
COC1=CC(=O)N(C(=O)/C=C(/C)CC(C)CCCCCCC[C@H](C)C[C@@H](O)C[C@@H](O)C[C@@H](O)C[C@@H](O)C[C@@H](O)C[C@@H](O)C[C@@H](O)C[C@@H](O)C[C@@H](O)C[C@@H](O)C[C@@H](O)C[C@H](O)CNC=O)[C@H]1Cc1ccccc1,6.171866666666665,6.145170099206343,6.158518382936504
C/C=C1\NC(=O)[C@@H](NC(=O)[C@H](CCc2ccc(O)cc2)NC(=O)[C@H](C)NC(=O)[C@H](O)COS(=O)(=O)O)[C@@H](C)OC(=O)[C@H](C(C)C)NC(=O)[C@H](Cc2ccc(O)cc2)N(C)C(=O)[C@H](Cc2ccccc2)N2C(=O)[C@H](CC[C@H]2O)NC1=O,6.077783333333335,6.239103789682539,6.158443561507937
CC(=O)N[C@H]1[C@H](O[C@H]2[C@H](OC3CC[C@]4(C)C5=C(CC[C@H]4C3(C)C)[C@]3(C(=O)O)CC[C@H]([C@H](C)CCC(C)(OC(C)=O)C(C)C)[C@@]3(C)CC5)O[C@H](CO)[C@H](O)[C@@H]2O[C@@H]2OC[C@H](O[C@@H]3OC[C@H](O)[C@H](O)[C@H]3O)[C@H](O)[C@H]2O)O[C@H](CO)[C@H](O)[C@@H]1O,6.2857111111111115,6.031146924603172,6.1584290178571415
CC1=C(C)[C@H]2[C@H](Cc3c[nH]c4ccccc34)NC(=O)[C@]23c2ccc([nH]2)C(=O)/C(C)=C/[C@@H](C)C/C=C/[C@H]3[C@@H]1O,6.106401111111112,6.210237060185182,6.158319085648147
CCC(C)CCCCCC1NC(=O)[C@H]2CCCN2C(=O)[C@H](CC(N)=O)NC(=O)[C@H](CO)NC(=O)[C@H](CCC(N)=O)NC(=O)[C@H](CC(N)=O)NC(=O)[C@@H](Cc2ccc(O)cc2)NC(=O)[C@H](CC(N)=O)NC1=O,6.194383333333331,6.122153630952377,6.158268482142854
CCCCCCCCCCCCCCCCCCCCCC[C@@H](O)C(=O)N[C@@H](CO[C@@H]1O[C@H](CO)[C@@H](O[C@@H]2O[C@H](CO[C@@H]3O[C@H]([C@H](C)O)[C@@H](O)[C@@H]3O)[C@H](O[C@H]3O[C@H](CO[C@@H]4O[C@H]([C@H](C)O)[C@@H](O)[C@@H]4O)[C@H](O)[C@H](O)[C@H]3O)[C@H](O)[C@H]2O)[C@H](O)[C@H]1O)[C@H](O)[C@H](O)CCCCCCCCCCCC(C)CC,6.176127777777779,6.140392460317457,6.158260119047618
NCCCOc1c(Br)cc(C/C(=N\O)C(=O)NCCc2[nH]c(N)nc2-c2cc(O)c3[nH]cc(O)c(=O)c3c2O)cc1Br,6.182866666666669,6.133616269841269,6.158241468253969
CN(C)CCCOc1c(Br)cc(/C=C/C(=O)O)cc1Br,6.134346666666661,6.182017491702736,6.158182079184699
CCC(C)[C@@H]1NC(=O)[C@H](Cc2ccccc2)NC(=O)[C@@H]2CCCN2C(=O)[C@H](CC(N)=O)NC(=O)[C@H](C(C)C)NC(=O)[C@@H]2CCCN2C(=O)[C@H](CC(C)C)NC1=O,6.24691888888889,6.069050509920632,6.157984699404761
O=C(O)CNC(=O)/C=C/CCCCC[C@H]1O[C@]2(CCCCCC(O)C(O)CCCCCCCOC[C@H](CO)NS(=O)(=O)O)CCCC1O2,6.268311111111114,6.047614027777776,6.157962569444445
CCC[C@H](O)CC[C@@H](C)[C@@H]1OC(=O)[C@H](C)NC(=O)[C@H](C(C)C)N(C)C(=O)[C@]2(C)CSC(=N2)[C@H](C)NC(=O)C1(C)C,6.104100000000002,6.211709314874935,6.157904657437468
C=C(CC[C@@H](C)[C@H]1CC[C@@]2(C(=O)O)C3=C(CC[C@]12C)[C@@]1(C)CC[C@H](O[C@@H]2O[C@H](C(=O)O)[C@@H](O)[C@H](O)[C@H]2O[C@@H]2O[C@H](CO)[C@@H](O)[C@H](O)[C@H]2NC(C)=O)C(C)(C)[C@@H]1CC3)C(C)C,6.260544444444446,6.055052996031744,6.157798720238095
CN(C#N)CCc1cc(Br)c(OCCCN)c(Br)c1,6.050718888888886,6.2646541179653665,6.157686503427126
CCCCCCCCCC(=O)NC(C(=O)NC(CO)C(=O)NC(CO)C(=O)NC(CCC(N)=O)C(=O)NC(CCCN(O)C(C)=O)C(=O)NC(CO)C(=O)NC(CCCN(O)C(C)=O)C(=O)O)C(O)C(=O)O,6.286257777777779,6.028734067460314,6.157495922619047
CC(C)C[C@@H]1NC(=O)[C@H](C(C)C)NC(=O)[C@H](Cc2ccccc2)NC(=O)[C@H](CC(=O)O)NC(=O)[C@@H]2CCCN2C(=O)[C@@H]2CCCN2C(=O)[C@@H]2CCCN2C1=O,6.239496666666667,6.075440867063489,6.157468766865078
CC(C)C(=O)CO[C@]12C=CC=COC1=NC1=C(C(C)C)NC(=O)[C@H](Cc3ccccc3)N1C2=O,6.138822222222219,6.176088829365081,6.157455525793649
CC(C)=CC[C@@]12CCN(C)[C@@H]1Nc1c(Br)cc3cc(C(C)(C)O)oc3c12,6.102368888888891,6.211484522907649,6.15692670589827
CC(C)C[C@@H]1NC(=O)[C@H](Cc2ccccc2)NC(=O)[C@H](Cc2ccccc2)N(C)C(=O)[C@H](Cc2ccccc2)NC(=O)C(C)(C)NC(=O)[C@H](CC(C)C)N(C)C(=O)[C@@H]2[C@@H](C)CCN2C1=O,6.239179999999999,6.0738152876984115,6.156497643849205
COC(=O)Cc1c(C(=O)OC2[C@H](OC(=O)c3cc(O)c(O)c(O)c3)O[C@@H]3COC(=O)c4cc(O)c(O)c(O)c4-c4c(cc(O)c(O)c4O)C(=O)O[C@H]2[C@@H]3O)cc(O)c(O)c1O,6.214130000000003,6.098726443362195,6.156428221681098
CC(=O)N[C@H]1[C@H](O[C@H]2[C@H](O[C@H]3CC[C@]4(C)C5=C(CC[C@H]4C3(C)C)[C@]3(C(=O)O)CC[C@H]([C@H](C)CCC(C)(O)C(C)(C)C)[C@@]3(C)CC5)O[C@H](CO)[C@H](O)[C@@H]2O)O[C@H](CO)[C@@H](O)[C@@H]1O,6.281622222222222,6.031146924603172,6.156384573412698
C/C1=C\[C@@H](C(C)(C)C)OC(=O)[C@H](CC(C)C)N(C)C(=O)[C@H](C)N(C)C(=O)CNC(=O)[C@H](C(C)C)NC(=O)[C@@H]2CCCN2C(=O)[C@H](C)CC1,6.2383633333333375,6.074396455026452,6.156379894179895
CC(=O)Cc1cc(O)cc(O)c1C(=O)O[C@H](C)CC(=O)O[C@H](C)Cc1cc(O)cc(O)c1C(=O)O[C@H](C)CC(=O)O[C@H](C)Cc1cc(O)cc(O)c1,6.302707777777773,6.009331376262623,6.1560195770201975
COc1c(SC)c(CCN(C)C)c2sc3c(OC)c(OC)c(SC)c(CCN(C)C)c3ssc2c1OC,6.234567777777783,6.077352941919191,6.155960359848487
C/C=C\[C@H]1C[C@H]2C(=O)O[C@H](C)[C@@H](NC(=O)[C@H](C[C@@H]3C[C@H]3[N+](=O)[O-])NC(=O)c3ccc(Cl)n3O)C(=O)N[C@@H]([C@H](C)c3ccccc3)C(=O)N[C@H](C[C@@H]3C[C@H]3[N+](=O)[O-])C(=O)N[C@@H](Cc3ccccc3)C(=O)NC([C@@H](C)CC)C(=O)N2C1,6.156379999999999,6.154714841269839,6.155547420634919
C/C=C\[C@H]1C[C@H]2C(=O)O[C@H](C)[C@@H](NC(=O)[C@H](C[C@@H]3C[C@H]3[N+](=O)[O-])NC(=O)c3ccc(Cl)n3O)C(=O)N[C@@H](Cc3ccccc3)C(=O)N[C@H](C[C@@H]3C[C@H]3[N+](=O)[O-])C(=O)N[C@@H]([C@H](C)c3ccccc3)C(=O)NC([C@@H](C)CC)C(=O)N2C1,6.156379999999999,6.154714841269839,6.155547420634919
C=C(C[C@@H]1C[C@@H](O)[C@H](O)[C@@H](CC(O)C(O)C(O)CC(O)CCC[C@@H]2CCC[C@]3(CCC[C@@H](C[C@@H](O)[C@H](O)[C@H](C)C[C@@H](O)[C@@H](O)[C@H]4C[C@@H](O)[C@@H](O)[C@@](O)(CNC(=O)C[C@@H](O)[C@H](O)[C@@H](O)C[C@H](C)/C=C(\C)C[C@@H]5O[C@H](C[C@@H](O)[C@H](O)CCCCCCC)[C@@H](O)[C@@H](O)[C@@H]5O)O4)O3)O2)O1)[C@@H](O)[C@@H](O)[C@H](O)CCC1CC(OS(=O)(=O)[O-])C(O)C(O)C(O)/C=C/C(C)C[C@@H](O)C[C@@H](O)/C=C/[C@@H](O)C[C@@H](O)C/C=C/C(O)C/C(C)=C/C(O)C/C=C/[C@@H](O)C[C@@]2(C)O[C@@H]2[C@H]2O[C@@H]2[C@@H](O)C/C=C/CC(O)/C=C/C(C)C(O)/C=C/C(O)C(O)/C=C/C=C/CC(O)C(O)C(O)CC(O)CC(=O)O1.[Na+],6.295022222222224,6.015983690476186,6.1555029563492045
C=C(C[C@@H]1C[C@@H](O)[C@H](O)[C@@H](CC(O)CC(O)CC(O)CCC[C@@H]2CCC[C@@]3(CCC[C@@H](CC(O)C(O)C(C)CC(O)C(O)C4CC(O)C(O)C(O)(CNC(=O)CC(O)C(O)C(O)CC(C)/C=C(\C)C[C@@H]5O[C@H](CC(O)C(O)CC/C=C(C)/C=C/C)[C@@H](O)[C@@H](O)[C@@H]5O)O4)O3)O2)O1)C(O)C(O)C(O)CCC1CC(OS(=O)(=O)[O-])C(O)C(O)C(O)/C=C/C(C)CC(O)CC(O)/C=C/C(O)CC(O)C/C=C/C(O)C/C(C)=C/C(O)C/C=C/C(O)CC2(C)OC2C2OC2C(O)C/C=C/CC(O)/C=C/C(C)C(O)/C=C/C(O)C(O)/C=C/C=C/CC(O)C(O)C(O)CC(O)CC(=O)O1.[Na+],6.295022222222224,6.015983690476186,6.1555029563492045
C=C(C[C@@H]1C[C@@H](O)[C@H](O)[C@@H](CC(O)C(O)C(O)CC(O)CCC[C@H]2CCC[C@@]3(CCC[C@H](C[C@H](O)[C@@H](O)[C@@H](C)C[C@@H](O)[C@@H](O)[C@H]4C[C@@H](O)[C@@H](O)[C@@](O)(CNC(=O)C[C@@H](O)[C@H](O)[C@@H](O)C[C@H](C)/C=C(\C)C[C@@H]5O[C@H](C[C@@H](O)[C@H](O)CCCCCCC)[C@@H](O)[C@@H](O)[C@@H]5O)O4)O3)O2)O1)[C@@H](O)[C@@H](O)[C@H](O)CCC1CC(OS(=O)(=O)[O-])C(O)C(O)C(O)/C=C/C(C)C[C@@H](O)C[C@@H](O)/C=C/[C@@H](O)C[C@@H](O)C/C=C/[C@@H](O)C/C(C)=C/[C@@H](O)C/C=C/[C@@H](O)C[C@]2(C)O[C@H]2[C@@H]2O[C@H]2[C@@H](O)C/C=C/C[C@@H](O)/C=C/[C@@H](C)[C@@H](O)/C=C/C(O)C(O)/C=C/C=C/C[C@H](O)[C@@H](O)[C@H](O)C[C@H](O)CC(=O)O1.[Na+],6.295022222222224,6.015983690476186,6.1555029563492045
C=C(CC(O)C(O)C(O)C/C=C/C1CC(OS(=O)(=O)[O-])C(O)C(O)C(O)/C=C/C(C)CC(O)CC(O)/C=C/C(O)CC(O)C/C=C/C(O)C/C(C)=C/C(O)C/C=C/C(O)CC2(C)OC2C2OC2C(O)C/C=C/CC(O)/C=C/C(C)C(O)/C=C/C(O)C(O)/C=C/C=C/CC(O)C(O)C(O)CCCC(=O)O1)C[C@@H]1C[C@@H](O)[C@H](O)[C@@H](CC(O)C(O)C(O)CC(O)CCC[C@@H]2CCCC3(CCC[C@@H](CC(O)C(O)C(C)CC(O)C(O)C4OC(O)(CNC(=O)CC(O)C(O)C(O)CC(C)/C=C(\C)C[C@@H]5O[C@H](CC(O)C(O)CC/C=C(C)/C=C/C)[C@@H](O)[C@@H](O)[C@@H]5O)C(O)C(O)C4O)O3)O2)O1.[Na+],6.295022222222224,6.015983690476186,6.1555029563492045
CC(=O)N[C@@H]1[C@H](O[C@H]2C[C@H]([C@H](C)CCC[C@@H](C)COC(C)=O)[C@@]3(C)CCC4[C@@H](C=C[C@H]5C[C@@H](O)CC[C@]45C)C23)O[C@@H](CO)[C@H](O)[C@H]1O,6.2310111111111075,6.079946666666663,6.155478888888885
C/C(Cl)=C/C(Cl)=C/C=C/C=C/C=C/C=C/C(O)=C1\C(=O)[C@H](CC(N)=O)N([C@@H]2OC[C@@H](O)[C@H](O)[C@H]2O[C@@H]2OC[C@@H](O[C@@H]3O[C@H](C)[C@@H](O)[C@@H]3O)[C@@H](O)[C@@H]2O)C1=O,6.292687777777783,6.0180443740981255,6.1553660759379545
OCc1cc(OCc2cc(O)ccc2O)cc(Cl)c1O,6.086872222222224,6.2231556186868735,6.155013920454548
CCCCC[C@H](O)CC(=O)O[C@H]1C=CC=C2C[C@@]3(SC)C(=O)N4[C@H]5C(=COC=C[C@@H]5OC(=O)C[C@@H](O)CCCCC)C[C@@]4(SC)C(=O)N3[C@@H]21,6.140141111111112,6.169467934102929,6.154804522607021
CC[C@@H]1C=CCC[C@]2(C[C@H]3CC[C@H]4[C@@H](C(=O)OC(C)CCCCCCCCCCCCCCC(O)C(=O)NCCCN)[C@@]5(CCC[C@H](C)O5)NC(=[N+]34)N2)O1,6.192772222222219,6.116832420634917,6.154802321428567
O=C(OC[C@H](OC(=O)c1ccc(O)cc1)[C@H](OC(=O)c1ccc(O)cc1)[C@@H](COC(=O)c1ccc(O)cc1)OC(=O)c1ccc(O)cc1)c1ccc(O)cc1,6.218948888888884,6.090550883838386,6.154749886363636
C/C=C1\NC(=O)[C@@H](NC(=O)[C@H](CCc2ccc(O)cc2)NC(=O)[C@H](C)NC(=O)[C@H](O)COS(=O)(=O)[O-])[C@@H](C)OC(=O)[C@H](C(C)C)NC(=O)[C@H](Cc2ccc(O)cc2)N(C)C(=O)[C@H](Cc2ccccc2)N2C(=O)[C@H](CC[C@H]2OC)NC1=O.[Na+],6.070299999999999,6.239103789682539,6.154701894841269
C/C(Cl)=C/C=C/C(Cl)=C/C=C/C=C/C=C/C=C/C(O)=C1\C(=O)[C@H](CC(N)=O)N([C@@H]2OC[C@@H](O)[C@H](O)[C@H]2O[C@@H]2OC[C@@H](O[C@@H]3O[C@H](C)[C@@H](O)[C@@H]3O)[C@@H](O)[C@@H]2O)C1=O,6.291310000000006,6.0180443740981255,6.1546771870490655
C#CCCC[C@H]1OC(=O)CNC(=O)[C@@H](Cc2ccccc2)N(C)C(=O)[C@@H]2CCCN2C(=O)[C@H]([C@@H](C)CC)N(C)C(=O)[C@H](C)NC(=O)[C@H](C)OC(=O)C1(C)C,6.2407411111111095,6.068364540343914,6.154552825727512
N#CC(=O)NCCCOc1c(Br)cc(CCN/C=C2/C(=O)CC(Cl)C2=O)cc1Br,6.290643333333332,6.018242092352093,6.154442712842712
CC(C)CCCCCCCCCC(C)C(=O)OC[C@@H](O)CO[P-](=O)(=O)OCC[N+](C)(C)C,6.236866666666669,6.071784632395378,6.154325649531023
C=C(CC[C@@H](C)[C@H]1[C@H](O[C@@H]2O[C@H](CO)[C@@H](OC)[C@H](O)[C@H]2NC(C)=O)CC2=C3[C@@H](O)[C@@H](O)[C@H]4C[C@H](O)CC[C@]4(C)[C@H]3CC[C@@]21C)C(C)C,6.2221999999999955,6.086163373015867,6.154181686507931
CC(=O)N[C@H]1[C@H](O[C@H]2CC[C@@]3(C(=O)O)C(=C[C@H](O)[C@@H]4C3CC[C@]3(C)[C@@H]([C@H](C)CCCC(C)C)CC[C@@H]43)C2)O[C@H](CO)[C@@H](O)[C@@H]1O[C@@H]1O[C@H](CO)[C@@H](O)[C@@H]1O,6.264611111111109,6.043724107142857,6.154167609126983
C=C1[C@@H](C)[C@H]2[C@H](Cc3ccccc3)NC(=O)[C@@]2(C(=O)OC)[C@@H](/C=C/C[C@H](C)C(=O)C(C)(O)CC=O)[C@@H]1O,6.254205555555559,6.0540989132395335,6.1541522343975466
C/C(Cl)=C/C=C/C(Cl)=C/C=C/C=C/C=C/C=C/C(O)=C1\C(=O)[C@H](CC(N)=O)N([C@@H]2OC[C@@H](O)[C@H](O)[C@H]2O[C@@H]2O[C@H](CO)[C@@H](O[C@@H]3O[C@H](C)[C@@H](O)[C@@H]3O)[C@@H]2O)C1=O,6.289976666666673,6.0180443740981255,6.1540105203824
Cc1c(Br)c(O)cc(Oc2cc(O)c(Br)c(C)c2Br)c1Br,6.054151666666664,6.2533369119769135,6.153744289321789
CC(=O)N[C@H]1[C@H](O[C@H]2[C@H](O[C@H]3CC[C@]4(C)C5=C(CCC4C3(C)C)[C@]3(C(=O)O)CC[C@H]([C@H](C)CCC=C(C)C)[C@@]3(C)CC5)OC[C@H](O)[C@@H]2O[C@@H]2OC[C@H](O)[C@H](O[C@@H]3O[C@H](CO)[C@H](O)[C@H](O)[C@H]3O)[C@H]2O)O[C@H](CO)[C@H](O)[C@@H]1O,6.275977777777778,6.031146924603172,6.153562351190475
CC(C)C[C@@H]1OC(=O)[C@H](C)NC(=O)[C@H](Cc2ccccc2)N(C)C(=O)[C@@H]2CCCN2C(=O)[C@H](Cc2ccccc2)NC(=O)[C@@H]2CCCN2C1=O,6.210659999999997,6.0963360482804205,6.153498024140209
CC(C)CCCCCCCCC(=O)N[C@@H](CC(N)=O)C(=O)N[C@H]1CC(=O)O[C@@H]1[C@H](O)C(=O)N[C@@H](CC(C)C)[C@@H]1Cc2cccc(O)c2C(=O)O1,6.1662,6.1406182936507925,6.153409146825396
C[C@H]1OC(=O)[C@@H](NC(=O)[C@H](CCCNC(=N)N)NC(=O)c2cccc(O)c2O)[C@@H](C)OC(=O)[C@@H](NC(=O)[C@H](CCCNC(=N)N)NC(=O)c2cccc(O)c2O)[C@@H](C)OC(=O)[C@H]1NC(=O)[C@H](CCCNC(=N)N)NC(=O)c1cccc(O)c1O,6.278779999999997,6.027733669913422,6.153256834956709
COc1cccc(C(=O)c2cc(O)cc(C)c2O)c1O,6.132974444444441,6.173461690115439,6.153218067279941
CO[C@H]1[C@H](O)[C@@H](NC(C)=O)[C@H](O[C@@H]2CC3=C4[C@@H](O)[C@@H](O)[C@H]5C[C@H](O)CC[C@]5(C)[C@H]4CC[C@]3(C)[C@H]2[C@H](C)/C=C/[C@@H](C)C(C)C)O[C@@H]1CO,6.2199666666666635,6.086163373015867,6.153065019841265
C=C(CC[C@@H](C)[C@H]1CC[C@@]2(C(=O)O)C3=C(CC[C@]12C)[C@@]1(C)CC[C@H](O[C@@H]2OC[C@H](O)[C@H](O[C@@H]4OC[C@H](O[C@@H]5OC[C@H](O)[C@H](O)[C@H]5O)[C@H](O)[C@H]4O)[C@H]2O[C@@H]2O[C@H](CO)[C@H](O)[C@H](O)[C@H]2NC(C)=O)C(C)(C)[C@@H]1CC3)C(C)C,6.2749555555555565,6.031146924603172,6.153051240079364
CC1=CC(=O)[C@@H]2[C@@H](C1)[C@]1(C)C=C3N(C[C@@H]4C[C@H](C)C(=O)O4)C(=O)CC[C@@]3(C)[C@]3(COC(=O)C3)[C@H]1C(=O)[C@@H]2C,6.216477777777782,6.08942520923521,6.152951493506496
C=CC(C)(C)OC(C)[C@@H]1NC(=O)[C@H](C(C)C)NC(=O)[C@@H]2CCCN2C(=O)[C@H](C(C)CC)NC(=O)[C@H](C(C)CC)NC(=O)[C@@H]2CCCN2C(=O)[C@H](C(C)CC)NC1=O,6.26713,6.038715218253965,6.152922609126982
CCCc1cc(O)cc(OC)c1Oc1cc(O)cc(CCC)c1C(=O)O,6.13483555555556,6.170929067099562,6.152882311327561
CCCc1cc(Oc2c(CCC)c(Cl)c(O)c(Cl)c2OC)c(Cl)c(O)c1Cl,6.057423333333343,6.247731293290038,6.15257731331169
COC(CC1OC(=O)CC(O)C/C=C/C(=O)C(C)C(OC)c2coc(n2)-c2coc(n2)C(=O)NC(=O)/C=C/CCC1C)C(C)CCC(=O)C(C)C(C/C=C/N(C)C=O)OC,6.280700000000002,6.024194773929768,6.1524473869648855
CC[C@H](C)[C@H]1NC(=O)[C@@H]2CCCN2C(=O)[C@H](Cc2ccccc2)NC(=O)c2csc(n2)[C@@H]2CCCN2C(=O)[C@H](Cc2ccccc2)NC(=O)[C@H]2N=C1O[C@@H]2C,6.237835555555555,6.066864295634918,6.152349925595237
CCC(C)[C@@H]1NC(=O)[C@@H]2CCCN2C(=O)[C@H](Cc2ccccc2)NC(=O)c2csc(n2)[C@@H]2CCCN2C(=O)[C@H](Cc2ccccc2)NC(=O)[C@H]2N=C1O[C@@H]2C,6.237835555555555,6.066864295634918,6.152349925595237
CC[C@H](C)[C@@H]1NC(=O)[C@@H]2CCCN2C(=O)[C@H](Cc2ccccc2)NC(=O)c2csc(n2)[C@@H]2CCCN2C(=O)[C@H](Cc2ccccc2)NC(=O)[C@H]2N=C1O[C@@H]2C,6.237835555555555,6.066864295634918,6.152349925595237
CCCC1OC(=O)CNC(=O)[C@@H](Cc2ccccc2)N(C)C(=O)[C@@H]2CCCN2C(=O)[C@H](C(C)C)N(C)C(=O)[C@H](C)NC(=O)[C@H](C(C)C)OC(=O)C1(C)C,6.2356599999999975,6.068364540343914,6.152012270171956
CC(=O)O[C@@H]1CC[C@]2(CCCCCCCCCCCCCCCOCC(N)CO)OC1[C@@H](CCCC/C=C/C(=O)O)O2,6.249699999999996,6.0540571130952365,6.151878556547617
CCCCCCCC(O)C/C=C/CCC(=O)N(C)C/C(=C\Cl)C/C(=C\C(=O)N1CC(OC)=CC1=O)OC,6.183783333333334,6.11968968253968,6.151736507936507
CC(C)(C)CC(C)(C)c1ccc(OCCOCC[N+](C)(C)Cc2ccccc2)c(Cl)c1,6.195928888888895,6.10747289357864,6.151700891233768
CCc1cc(OC)c(C)c(O)c1C=O,6.110693333333334,6.192480927489177,6.151587130411255
COC(CC1OC(=O)CC(O)CC(N)CC(=O)C(C)C(OC)c2coc(n2)-c2coc(n2)-c2coc(n2)/C=C/CCC1C)C(C)CCC(=O)C(C)C(C/C=C/N(C)C=O)OC,6.187694444444445,6.11525695646945,6.151475700456947
CCCCC/C=C/C=C/C(=O)OC(C)/C=C\C/C=C/C=C/C(=O)O[C@H]1[C@@H](O)[C@H](O)[C@H](O[C@@H]2[C@H](O)[C@@H](CO)O[C@H]2n2cnc3c(=O)[nH]cnc32)O[C@H]1C,6.066283333333336,6.236385780423283,6.151334556878309
CC[C@H](C)[C@@H]1NC(=O)[C@@H]2CCCN2C(=O)[C@H](CC(C)C)NC(=O)[C@@H]2CCCN2C(=O)[C@H](CC(C)C)NC(=O)[C@H](Cc2ccc(O)cc2)NC(=O)[C@H](Cc2ccccc2)NC1=O,6.2937999999999965,6.008768902777779,6.151284451388888
COc1c(Br)cc(Br)cc1Oc1c(O)c(Br)cc(Br)c1OC,6.03154222222222,6.270594904401153,6.151068563311687
CCCCCCCC(C)CC(C/C=C/CCC(=O)NC(COC)C(O)[C@H]1C(=O)C(C)(C)[C@@H](O)[C@@H](C)[C@H]1O)OC,6.049861111111115,6.252198055555551,6.151029583333333
C=CC(C)(C)[C@]1(C[C@@H]2NC(=O)[C@]3(OCC)CCCN3C2=O)C(=O)Nc2c1ccc1c2C=CC(C)(C)O1,6.170350000000001,6.131367003968254,6.1508585019841275
CO/C(=C/c1ccc(O)cc1)C(=O)N/C=C/c1cc(Br)c(OC)c(Br)c1,6.2115761111111105,6.090008377344876,6.150792244227993
CO/C(=C\c1ccc(O)cc1)C(=O)N/C=C/c1cc(Br)c(OC)c(Br)c1,6.2115761111111105,6.090008377344876,6.150792244227993
CO[C@H]([C@H](C)/C=C/N(C)C=O)[C@@H](C)C(=O)CC[C@H](C)[C@H](C[C@@H]1OC(=O)C[C@@H](OC(N)=O)C[C@H](C)C[C@H](O)[C@H](C)[C@@H](OC)C(=O)NC(=O)c2coc(n2)-c2coc(n2)/C=C/C[C@H](OC)[C@H]1C)OC,6.277311111111117,6.024194773929768,6.150752942520443
CCCCCCCCCCCC(O)CC(=O)NC(CC(C)C)C(=O)N[C@@H]1C(=O)N[C@H](CO)C(=O)N[C@@H]([C@H](C)O)C(=O)NC(CC(C)C)C(=O)NC(CC(C)C)C(=O)O[C@H]1C,6.190822222222226,6.110311230158727,6.150566726190476
COc1c2c(c(O)c3c4c(c(C)cc13)[C@H](O)[C@@H]1O[C@@](O)(C(OC)OC)[C@](O)(CO)[C@]1(O)O4)C(=O)[C@@H](O)C[C@@H]2O[C@H]1C[C@@](C)(O)[C@H](OC(C)=O)[C@H](C)O1,6.273930000000002,6.026733042328042,6.150331521164022
CC(C)C[C@@H]1OC(=O)[C@@H]2CCCN2C(=O)[C@H](Cc2ccccc2)NC(=O)[C@H](Cc2ccccc2)NC(=O)[C@H](CC(C)C)N(C)C(=O)[C@@H]2CCCN2C1=O,6.204113333333331,6.0963360482804205,6.150224690806876
COC1=CC(=O)N(C(=O)/C=C(/C)CC(C)CCCCCCC[C@H](C)C[C@@H](O)C[C@@H](O)C[C@@H](O)C[C@@H](O)C[C@@H](O)C[C@@H](O)C[C@@H](O)C[C@H](O)CNC=O)[C@H]1Cc1ccccc1,6.155105555555555,6.145170099206343,6.150137827380949
NCCCOc1cccc(C(=O)O)c1N,6.1367311111111125,6.163503502886004,6.150117306998558
O=C1C=CCCCCC[C@H]2O[C@]3(CCCCCC(C(O)CCCCCCCOC[C@H](COS(=O)(=O)O)NS(=O)(=O)O)OC(=O)CN1)CCC[C@H]2O3,6.252455555555557,6.047614027777776,6.150034791666666
CCCCCCCCCC(O)CC(=O)NC(C(=O)NC(CO)C(=O)NC(CO)C(=O)NC(CCC(N)=O)C(=O)NC(CCCN(O)C(C)=O)C(=O)NC(CO)C(=O)NC(CCCN(O)C(C)=O)C(=O)O)C(O)C(=O)O,6.2712833333333355,6.028734067460314,6.150008700396825
CC[C@@H]1NC(=O)[C@@H](NC(=O)[C@H](C)NC(=O)CNC(=O)c2ccc(O)cc2)CNC(=O)[C@H](CS(=O)(=O)[O-])NC(=O)/C=C/c2csc(n2)[C@H](Cc2ccc(O)cc2)NC(=O)C(=O)[C@H]([C@@H](C)CC)NC1=O.[Na+],6.157261111111107,6.1410731746031715,6.14916714285714
CC(C)=CC(=O)OCC1=C(Cn2c3ccc(Br)c(=O)c-3nc3ccccc32)CCC(C)(C)C1,6.076572222222218,6.221496626984126,6.1490344246031725
CN1c2ccccc2[C@@]23C[C@H]4C(=O)N5[C@H]6N(C[C@@]7(C)O[C@@H]7C2)c2ccccc2[C@@]6(C)C[C@H]5C(=O)N4[C@H]13,6.156699444444442,6.140838045334299,6.14876874488937
CC[C@H](C)[C@@H]1NC(=O)[C@@H]2CCCN2C(=O)[C@H](Cc2ccccc2)NC(=O)[C@H](CC(N)=O)NC(=O)[C@H]([C@@H](C)CC)NC(=O)[C@@H]2CCCN2C(=O)[C@H](Cc2ccccc2)NC1=O,6.228330000000001,6.069050509920632,6.148690254960316
CC(C)C[C@@H]1NC(=O)[C@H](Cc2ccccc2)NC(=O)[C@H](Cc2ccccc2)N(C)C(=O)[C@H](Cc2ccccc2)NC(=O)C(C)(C)NC(=O)[C@H](CC(C)C)N(C)C(=O)[C@@H]2CCCN2C1=O,6.222957777777778,6.074032767857143,6.148495272817461
OCc1cc(OCc2cc(O)ccc2O)ccc1O,6.101301111111113,6.195268042929297,6.148284577020204
CCCc1cc(O)c(OC)c(OC)c1OC,6.196301111111109,6.100235380591628,6.148268245851368
COC(=O)NCCc1cc(Br)c(OC[C@@H]2CNC(=O)O2)c(Br)c1,6.167539999999999,6.128934797378548,6.1482373986892735
COc1cc2c(c(O)c1COCc1c(OC)cc3c(c1O)C(=O)OCC3)C(=O)OCC2,6.214826666666668,6.081513239898991,6.14816995328283
CCCCCCCCCCCC(=O)N[C@@H](CCCN(O)C=O)[C@@H](O)[C@H](C)C(=O)N[C@@H](CO)C(=O)N[C@@H]1CCCN(O)C(=O)CC(C)OC(=O)[C@H]([C@@H](O)C(=O)O)NC(=O)[C@H]([C@@H](C)O)NC1=O,6.13378888888889,6.1622178174603155,6.148003353174603
CC[C@H](C)[C@@H]1NC(=O)[C@H](CC(C)C)NC(=O)[C@@H](CC(C)C)NC(=O)[C@H]2NC(=O)[C@H](NC(=O)[C@@H](C)NC(=O)[C@H](CC(C)C)NC(C)=O)Cc3ccc(cc3)Oc3cc(ccc3O)C[C@H](NC1=O)C(=O)O[C@@H]2C,6.249327777777776,6.046672869047618,6.148000323412697
COc1c(Br)cc(Br)c(CCNC(=O)[C@@H]2CCCN2C)c1Br,6.273291111111111,6.022327073412697,6.1478090922619035
NCCc1ccc(OCCCNC(=O)/C(Cc2ccccc2)=N/O)c(Br)c1,6.12176555555555,6.173478075396827,6.147621815476189
CCC(C)[C@H]1NC(=O)[C@@H]2CCCN2C(=O)[C@@H]2CCCN2C(=O)C(C(C)C)NC(=O)[C@H](Cc2ccc(O)cc2)NC(=O)[C@@H]2CCCN2C(=O)[C@@H]2CCCN2C(=O)[C@H](CC(C)C)NC(=O)[C@H](C(C)C)NC(=O)[C@H](Cc2ccccc2)NC1=O,6.286344444444443,6.008768902777779,6.147556673611111
CCCCCC[C@@H](C)/C=C(C)/C=C/C(=O)N[C@H]1C[C@]2(O)C=C(Cl)C(=O)[C@](Cl)([C@@H]1O)[C@H]2OC,6.11444888888889,6.180367579365075,6.147408234126983
CCCCCC[C@@H](C)/C=C(C)/C=C/C(=O)N[C@H]1C[C@]2(O)C=C(Cl)C(=O)[C@@](Cl)([C@H]2OC)[C@H]1O,6.11444888888889,6.180367579365075,6.147408234126983
CCC(C)[C@H]1NC(=O)[C@@H]2CCCN2C(=O)[C@@H]2CCCN2C(=O)C([C@@H](C)CC)NC(=O)[C@H](Cc2ccc(O)cc2)NC(=O)[C@@H]2CCCN2C(=O)[C@@H]2CCCN2C(=O)[C@H](CC(C)C)NC(=O)[C@H](C(C)C)NC(=O)[C@H](Cc2ccccc2)NC1=O,6.285777777777777,6.008768902777779,6.147273340277778
COc1c(O)cc2c(c1O)C(=O)C[C@H](O)[C@H]2O,6.213596666666663,6.080732630591632,6.147164648629147
COc1c(O)cc2c(c1O)C(=O)C[C@H](O)[C@@H]2O,6.213596666666663,6.080732630591632,6.147164648629147
CC(C)C[C@@H]1NC(=O)[C@H](Cc2ccccc2)NC(=O)[C@@H]2CCCN2C(=O)[C@H]([C@@H](C)O)NC(=O)[C@@H]2CCCN2C(=O)[C@H](Cc2ccc(O)cc2)NC(=O)[C@@H]2CCCN2C(=O)[C@H](Cc2ccccc2)NC(=O)[C@@H]2CCCN2C(=O)[C@H](CC(C)C)NC1=O,6.243844444444445,6.050428621031747,6.147136532738096
CCC(C)[C@@H]1NC(=O)[C@@H]2CCCN2C(=O)[C@H](CC(C)C)NC(=O)[C@H](Cc2c[nH]c3ccccc23)NC(=O)[C@@H]2CCCN2C(=O)[C@H](Cc2ccccc2)NC(=O)[C@@H]2CCCN2C1=O,6.194422222222224,6.099463720238097,6.14694297123016
CCC[C@H]1NC(=O)[C@@H](CC(C)C)OC(=O)[C@H](C(C)C)OC(=O)[C@@H](C(C)C)NC(=O)[C@H](C)[C@@H](CCC)NC(=O)[C@H](C)[C@@H](CCC)NC(=O)[C@H](C)[C@@H](CCC)NC(=O)[C@@H]1C,6.235016666666669,6.058475684523809,6.146746175595239
CCC[C@@H]1NC(=O)[C@@H](NC(=O)[C@H](C)NC(=O)CNC(=O)c2ccc(O)cc2)CNC(=O)[C@H](CS(=O)(=O)[O-])NC(=O)/C=C/c2csc(n2)[C@H](Cc2ccc(O)cc2)NC(=O)C(=O)[C@H]([C@@H](C)CC)NC1=O.[Na+],6.152338888888885,6.1410731746031715,6.146706031746028
CN[C@@]12CN3[C@@H](CCC[C@H]3C)C[C@@]1(O)C(C)(C)[C@@]1(C2)C(=O)Nc2c(C(=O)[C@H]3OC3(C)C)cccc21,6.129422222222229,6.163025582010579,6.146223902116404
CN[C@]12CN3[C@H](CCC[C@@H]3C)C[C@]1(O)C(C)(C)[C@]1(C2)C(=O)Nc2c(C(=O)[C@H]3OC3(C)C)cccc21,6.129422222222229,6.163025582010579,6.146223902116404
CC(C)CCC[C@H](O)CC(=O)N[C@H](Cc1c[nH]c2ccccc12)C(=O)N1CCC[C@H]1C(=O)N[C@@H](CCCNC(=N)N)C(=O)O,6.095572222222219,6.196763303571427,6.146167762896823
C/C(=C\[C@H](C)C[C@H](C)O)C[C@H](C)C(=O)N[C@@H](C)C(=O)N(C)[C@H](Cc1c(Br)[nH]c2ccccc12)C(N)=O,6.199749999999997,6.0924246428571385,6.146087321428568
COC1=CC(=O)N(C(=O)/C=C(/C)CC(C)CCCCCCC[C@H](C)C[C@@H](O)C[C@@H](O)C[C@@H](O)C[C@@H](O)C[C@@H](O)C[C@@H](O)C[C@@H](O)C[C@@H](O)C[C@@H](O)C[C@@H](O)C[C@@H](O)C[C@@H](O)C[C@H](O)CNC=O)[C@H]1Cc1ccccc1,6.146749999999999,6.145170099206343,6.145960049603171
CCCCCC[C@@H](C)/C=C(C)/C=C/C(=O)N[C@H]1C[C@@]2(O)C=C(Cl)C(=O)[C@@H](Cl)[C@H]2O[C@@H]1OC,6.1505233333333384,6.141210308441555,6.145866820887447
C/C1=C\[C@H](C)C[C@H](C)OC(=O)C[C@H](c2ccc(O)cc2)NC(=O)[C@@H](c2c(O)[nH]c3ccccc3c2=O)N(C)C(=O)[C@H](C)NC(=O)[C@@H](C)C1,6.056648888888893,6.234533988095236,6.1455914384920645
COC(=O)[C@H](CO)NC(=O)CNC(=O)C[C@@H](CCCCCCCCCCCC(C)C)OC(=O)CC/C=C\CCCCCCCC(C)C,6.16778888888889,6.123330492424236,6.1455596906565635
COc1c(-c2ccc(O)cc2)cc(O)c(-c2ccc(O)c(O)c2)c1O,6.202459999999997,6.088655705988457,6.1455578529942265
COCc1cc(O)c(O)c(O)c1CS(C)(=O)=O,6.089590000000004,6.201271257575754,6.145430628787879
COC(CO)C(=O)OC(CCC(C)C(CC1OC(=O)CC(O)C/C=C/C(=O)C(C)C(OC)c2coc(n2)-c2coc(n2)-c2coc(n2)/C=C/CC(OC)C1C)OC)C(C)C(OC(C)=O)C(C)/C=C/N(C)C=O,6.283516666666672,6.006908742183739,6.145212704425205
CC(C)CCCC(=O)N[C@@H](Cc1ccc(O)cc1)C(=O)N[C@@H]1COC(=O)CNC(=O)[C@H](C(C)O)NC(=O)[C@@H]2CCCN2C(=O)[C@@H](CC(C)C)NC(=O)[C@H](Cc2ccccc2)NC1=O,6.191985555555553,6.098417876984127,6.14520171626984
COc1cc(O)c2c(c1O)C(=O)c1cc(C)c(O)cc1C2=O,6.232568888888893,6.057807880591631,6.145188384740262
CC[C@H](C)[C@H]1NC(=O)[C@@H](NC(=O)[C@H](C)[C@H](O)C(C)C)[C@@H](C)OC(=O)[C@@H]2COC(=O)CNC(=O)/C=C/[C@](O)(CCl)[C@@H](C)Oc3ccc(cc3)[C@H](NC1=O)C(=O)N[C@@H](Cc1ccccc1)C(=O)N[C@H]([C@@H](C)O)C(=O)N2,6.231927777777779,6.058418988095238,6.145173382936509
CCCc1cc(Oc2c(O)cc(O)c(Cl)c2CCC)c(Cl)c(O)c1Cl,6.013460000000014,6.2764245238095215,6.1449422619047676
CC[C@@H]1C=CCC[C@]2(C[C@H]3CC[C@H]4[C@@H](C(=O)OCCCCCCCCCCCCCCC(O)C(=O)NCCCN)[C@@]5(CCC[C@H](C)O5)NC(=[N+]34)N2)O1,6.035538888888888,6.254277837301584,6.144908363095236
CC/C=C/[C@@H]1CC[C@]2(C[C@H]3CC[C@H]4[C@@H](C(=O)OCCCCCCCCCCCCCCC(O)C(=O)NCCCN)[C@@]5(CCC[C@H](C)O5)NC(=[N+]34)N2)O1,6.035538888888888,6.254277837301584,6.144908363095236
CCCCCCCCCCCCCCCC(=O)OCC(COP(=O)(O)OCCN)OC(=O)CCCCCCCCCC1CC1CCCCCC,6.219788888888887,6.069045278138523,6.144417083513705
CC(=O)c1[nH]ccc1O[C@@H]1O[C@H](C)[C@@H](O[C@@H]2O[C@H](C)[C@H](O)[C@H](O[C@@H]3O[C@H](C)[C@H](O)[C@H](O[C@@H]4O[C@@H](CO)[C@H](O)[C@H]4O)[C@H]3O)[C@H]2O)[C@H](O)[C@H]1O[C@@H]1O[C@H](C)[C@@H](O)[C@H](O)[C@H]1O,6.243696666666667,6.044898726911978,6.144297696789322
C/C(=C\C(=O)OCCCCCCCC(=O)Nc1c2sscc-2[nH]c1=O)[C@@H](O)[C@@H]1OCC(C/C=C/[C@@H](C)[C@H](C)O)=C(O)C1=O,6.152333333333335,6.136009722222224,6.144171527777779
CC(C)C[C@H](NC(=O)[C@@H](O)[C@H]1O[C@](C)(O)[C@H](C)N[C@H]1CC(=O)O)[C@@H]1Cc2cccc(O)c2C(=O)O1,6.079652222222222,6.208091319444444,6.143871770833333
C/C(=C\C(=O)OCCCCCCCC(=O)Nc1c2sscc-2[nH]c1=O)C[C@@H]1OC[C@H](C/C=C/[C@@H](C)[C@H](C)O)C(=O)[C@H]1O,6.057372222222225,6.2302652777777805,6.143818750000003
C/C(=C\C(=O)OCCCCCCCC(=O)Nc1c2sscc-2[nH]c1=O)C[C@@H]1OC[C@@H](C/C=C/[C@@H](C)[C@H](C)O)C(=O)[C@H]1O,6.057372222222225,6.2302652777777805,6.143818750000003
C[C@@H]1C[C@]23C[C@H]4C(C)(C)[C@@]5(C[C@@]4(CN2C1=O)N(C)C3=O)C(=O)Nc1c5ccc2c1C(=O)CC(C)(C)O2,6.014680000000007,6.272651762566139,6.143665881283074
Oc1cc(O)c(Oc2cc(O)c(Oc3cc(O)c(O)c(O)c3)c(O)c2Oc2cc(O)c(O)c(O)c2)c(O)c1,6.166203333333328,6.120660705266959,6.1434320193001435
CCCCCCCCCCCCCCCCCCCCCCCCCC(O)C(O)C(=O)N[C@@H](CO[C@@H]1O[C@H](CO)[C@@H](O[C@@H]2O[C@H](CO)[C@H](O)[C@H](O)[C@H]2O)[C@H](O[C@@H]2O[C@H](C)[C@H](O)[C@H](O)[C@H]2O)[C@H]1O)[C@H](O)[C@H](O)CCCCCCCCCCCCCCC,6.123435555555556,6.163164861111106,6.143300208333331
COC(C)(C)[C@@H](O)Cc1c(C)cc(O)cc1Oc1cc(C)cc(O)c1,6.1661033333333375,6.12035851984127,6.143230926587304
CCC[C@H](O)C[C@@H]1CC[C@H](C)CCCCC(=O)N(C)[C@@H](Cc2ccc(OCC(O)C(C)(C)O)cc2)C(=O)O1,6.111555555555556,6.1744564235209225,6.143005989538239
CCCc1cc(O)cc(O)c1Oc1cc(O)c(Cl)c(CCC)c1C(=O)O,6.009242222222226,6.2764245238095215,6.142833373015874
CS[C@@]1(CO)C(=O)N2[C@H]3N(c4ccc5oc6cc(=O)c(N)c(C(=O)O)c-6nc5c4C(=O)O)c4ccccc4[C@@]3(c3c[nH]c4ccccc34)[C@H](O)[C@]2(SC)C(=O)N1C,6.2095777777777785,6.0752838260582,6.142430801917989
C/C(=C\C(=O)OCCCCCCCC(=O)Nc1c2sscc-2[nH]c1=O)C[C@@H]1OC[C@H](C/C=C/[C@@H](C)[C@H](C)O)[C@@H](O)[C@H]1O,6.0544888888888915,6.2302652777777805,6.142377083333336
CCC(C)[C@H]1NC(=O)[C@@H]2CCCN2C(=O)[C@@H]2CCCN2C(=O)C([C@@H](C)CC)NC(=O)[C@H](Cc2ccc(O)cc2)NC(=O)[C@@H]2CCCN2C(=O)[C@@H]2CCCN2C(=O)[C@H](CC(C)C)NC(=O)[C@H](C)NC(=O)[C@H](Cc2ccccc2)NC1=O,6.275833333333333,6.008768902777779,6.142301118055556
CC(C)C[C@H](NC(=O)[C@@H](CCCNC(=N)N)NC(=O)[C@H](NC(=O)[C@H](NC(=O)[C@@H](NC(=O)[C@H](O)[C@H](O)[C@H](CCCNC(=N)N)NC(=O)[C@@H](C)NC(=O)[C@H](C)[C@H](O)[C@H](C)CC(C)C)[C@@H](C)[C@@H](C)C(N)=O)[C@@H](C)O)[C@@H](C)O)C(=O)N(C)[C@@H](CCC(N)=O)C(=O)O,6.278811111111112,6.0055873511904725,6.1421992311507925
C/C(Cl)=C/C=C/C=C/C=C/C=C/C(O)=C1\C(=O)[C@H](CC(N)=O)N([C@@H]2OC[C@@H](O)[C@H](O)[C@H]2O[C@@H]2OC[C@@H](O)[C@@H](O)[C@@H]2O)C1=O,6.23464444444445,6.049634751082254,6.142139597763352
CC(C)[C@@](CO)(CC[C@@H](C)[C@H]1CCC2C3C(CC[C@@]21C)[C@@]1(C)CC[C@H](NCCCNCCCCN)CC1C[C@H]3O)OS(=O)(=O)O,6.160046666666661,6.124045266955265,6.142045966810963
CC(C)C[C@@H]1OC(=O)[C@H](Cc2ccccc2)NC(=O)[C@H](Cc2ccccc2)NC(=O)[C@H](Cc2ccccc2)NC(=O)[C@H](Cc2ccccc2)NC(=O)[C@@H](Cc2ccc(O)cc2)NC1=O,6.185493333333328,6.09793152579365,6.141712429563489
COC(=O)[C@@H]1c2cc3c(c(O)c2[C@@H](O[C@H]2C[C@H](N(C)C)[C@H](O)[C@H](C)O2)C[C@@]1(O)CC(C)=O)C(=O)c1c(O)ccc(O)c1C3=O,6.043941111111111,6.239230321067818,6.141585716089464
CC(C)C[C@H](NC(=O)[C@@H](O)[C@H]1O[C@](C)(O)[C@H](C)N[C@H]1CC(N)=O)[C@@H]1Cc2cccc(O)c2C(=O)O1,6.0823888888888895,6.200459037698412,6.141423963293651
CC[C@H](CC[C@@H](C)[C@H]1[C@H](O[C@@H]2O[C@H](CO)[C@@H](OC)[C@H](O)[C@H]2NC(C)=O)CC2=C3[C@@H](O)[C@@H](O)[C@H]4C[C@H](O)CC[C@]4(C)[C@H]3CC[C@@]21C)C(C)C,6.196255555555552,6.086163373015867,6.141209464285709
CC[C@H](CC[C@@H](C)[C@H]1[C@H](O[C@@H]2O[C@H](CO)[C@H](OC)[C@H](O)[C@H]2NC(C)=O)CC2=C3[C@@H](O)[C@@H](O)[C@H]4C[C@@H](O)CC[C@]4(C)[C@H]3CC[C@@]21C)C(C)C,6.196255555555552,6.086163373015867,6.141209464285709
COc1c(C)cc2c(c1O)C1NC(C2)[C@H](O)N2[C@H]1[C@@H]1SC[C@H](N)C(=O)OC[C@H]2c2c(O)c(OC)c(C)c(OC(C)=O)c21,6.174641111111116,6.107111202380952,6.1408761567460335
CCC(C)CCCCCCC[C@@H](O)CC(=O)N[C@@H](CCC(=O)OC)C(=O)N[C@@H](CC(C)C)C(=O)N[C@@H](CC(C)C)C(=O)N[C@@H](CC(C)C)C(=O)O,6.18999666666667,6.091062589285707,6.140529627976189
C/C=C1\NC(=O)[C@H](C)NC(=O)[C@H](C(C)C)NC(=O)[C@H](NC(=O)[C@H](Cc2ccc(O)cc2)NC(=O)[C@@H](CC(C)C)NC(=O)[C@H](Cc2ccccc2)NC(C)=O)[C@@H](C)OC1=O,6.192685555555553,6.088280269841267,6.14048291269841
C[C@H]1CN2C[C@]34Cc5c([nH]c6c7c(ccc56)OC(C)(C)CC7=O)C(C)(C)[C@@H]3C[C@@]2(C1)C(=O)N4,6.017877777777783,6.2630541964285715,6.140465987103177
COC1=C(Br)C=C(Br)CC1Oc1c(O)cc(Br)cc1Br,6.065439444444452,6.215193198773449,6.1403163216089505
C/C1=C\[C@H](C)C[C@H](C)OC(=O)C[C@H](c2ccc(O)cc2)NC(=O)[C@@H](CC(=O)c2ccccc2N)N(C)C(=O)[C@H](C)NC(=O)[C@@H](C)C1,6.1996300000000035,6.080998888888883,6.140314444444443
CC[C@H](C)[C@@H]1NC(=O)[C@@H](C)NC(=O)[C@@H](Cc2ccccc2)NC(=O)CNC(=O)[C@H](CC(C)C)NC(=O)[C@H](C(C)C)NC1=O,6.253474444444446,6.027013748015872,6.140244096230159
CO[C@@H](CC/C=C\CCCCC(=O)CCCCCCC(=O)CC/C=C\CCCCCCO)C(=O)NCCc1ccc(O)cc1,6.143005555555553,6.137011249999997,6.1400084027777755
C=CC(C)(C)c1[nH]c2ccccc2c1C[C@@H]1NC(=O)[C@H](CO)NC1=O,6.117622222222221,6.161584265873017,6.139603244047619
CC(=O)N[C@H]1[C@H](O[C@H]2[C@H](O[C@H]3CC[C@]4(C)C5=C(CCC4C3(C)C)[C@]3(C(=O)O[C@@H]4OC[C@@H](O)[C@H](O)[C@H]4O)CC[C@H]([C@H](C)CCC(C)(O)C(C)(C)C)[C@@]3(C)CC5)O[C@H](CO)[C@H](O)[C@@H]2O)O[C@H](CO)[C@@H](O)[C@@H]1O,6.24731111111111,6.031146924603172,6.139229017857142
CC[C@H]1[C@@H]2C=C[C@@H]3[C@H]4C/C=C\C(=O)NCCC[C@H]5C(O)=C(C(=O)/C=C/[C@@H]4C[C@@H]3[C@H]2C[C@H]1C)C(=O)N5C,6.0475466666666655,6.230866051587298,6.139206359126982
CNC[C@@H]1CC[C@@H](N)[C@@H](O[C@H]2[C@H](O)[C@H](N(C)C(=O)CN)[C@@H](OC)C[C@@H]2N)O1,6.099285555555554,6.17908912698412,6.139187341269837
CNC[C@@H]1CC[C@@H](N)[C@@H](O[C@H]2[C@H](O)[C@H](N(C)C(=O)CN)[C@@H](OC)C[C@H]2N)O1,6.099285555555554,6.17908912698412,6.139187341269837
CCCCCC[C@@H](C)/C=C(C)/C=C/C(=O)N[C@H]1C[C@]2(O)[C@@H](OC)[C@H](Cl)C(=O)[C@H](Cl)[C@@H]2O[C@H]1OC,6.137078888888891,6.141210308441555,6.139144598665223
COC(=O)CC(=O)N1C(=O)[C@@H]2[C@@H](Cc3cccc4c3C2(O)C(=O)N4C)C1(C)C,6.247166666666664,6.030951613155366,6.139059139911016
COc1ccc(CC#N)cc1Br,6.174522222222219,6.1034883239538225,6.139005273088021
COC1=C(Br)C[C@]2(OC=C1Br)ON=C(C(=O)NCCCOc1ccc(C(O)CN)cc1Br)[C@@H]2O,6.205806666666668,6.071849285714283,6.138827976190475
COC(=O)CCCN1Cc2c(cc(O)c3c2O[C@]2(C3)[C@H](C)CC[C@H]3C(C)(C)[C@H](O)CC[C@@]32C)C1=O,6.144177777777784,6.133327279341026,6.138752528559405
COC(=O)c1ccccc1NC(=O)[C@H](CCC(N)=O)NC(=O)c1cnc2c(n1)c(=O)n(C)c(=O)n2C,6.196250000000004,6.080681654040404,6.1384658270202035
CC[C@H](NC(=O)C[C@H](O)[C@H](CC(C)C)NC(=O)[C@H](CC(C)C)NC(=O)[C@@H]1N[C@H]1C(=O)O)C(=O)N[C@H](/C=C/C(=O)O)CCCNC(=N)N,6.272813333333335,6.003997619047613,6.138405476190474
COc1c(-c2csc(-c3ccc4cc(Cl)ccc4n3)n2)n(C)c(C(=O)NCCO)c(SC)c1=O,6.141338888888887,6.135205704365076,6.138272296626981
CCCCCCC1CC1CCCCCCCCCC(=O)OC[C@@H](O)COP(=O)([O-])OCC[N+](C)(C)C,6.130635555555557,6.145619235569984,6.138127395562771
O=C(O[C@H]1[C@H](Oc2cccc3c(=O)c4ccc(O[C@@H]5O[C@H](CO)[C@@H](O[C@@H]6O[C@H](CO)[C@@H](OC(=O)c7ccc(O)cc7)[C@H](O)[C@H]6O)[C@H](O)[C@H]5O)cc4oc23)O[C@H](CO)[C@@H](O)[C@@H]1O)c1ccc(O)cc1,6.219233333333339,6.056847451659455,6.138040392496396
CCCCCCC[C@@H](C/C=C/CCC(=O)NC/C(=C/Cl)[C@]12O[C@H]1[C@H](OC(C)=O)CCC2=O)OC,6.242113333333335,6.033863869047614,6.137988601190474
CCCCCCC[C@@H](C/C=C/CCC(=O)NC/C(=C/Cl)[C@]12O[C@H]1[C@@H](OC(C)=O)CCC2=O)OC,6.242113333333335,6.033863869047614,6.137988601190474
CO[C@@H]1[C@H](O[C@@H]2CO[C@@H](O[C@@H]3[C@@H](O)[C@H](O)CO[C@H]3N3C(=O)/C(=C(O)/C=C/C=C/C=C/C=C/C=C(/C)Cl)C(=O)[C@@H]3CC(N)=O)[C@@H](O)[C@@H]2O)O[C@H](C)[C@H]1O,6.239907777777786,6.035982178330931,6.1379449780543585
COC(CC1OC(=O)CC(OC(N)=O)CC(C)CC(O)C(C)C(OC)c2coc(n2)-c2coc(n2)-c2coc(n2)/C=C/CC(OC)C1C)C(C)CCC(=O)C(C)C(OC)C(C)/C=C/N(C)C=O,6.250027777777779,6.025630329485323,6.137829053631551
COc1ccc2c3c4n(c2c1)[C@@H](C=C(C)C)OOC(C)(C)[C@@H](O)[C@@H]4N1C(=O)[C@@H]2CCCN2C(=O)[C@]1(O)[C@H]3OCC=C(C)C,6.1646888888888896,6.110294433020685,6.137491660954787
CO[C@@H](CC/C=C\CCCCC(=O)CCCCC(=O)CCCCCCCCCCO)C(=O)NCCc1ccc(O)cc1,6.13667222222222,6.137011249999997,6.1368417361111085
CCCCCCCCCCCCCCCC(=O)OCC(O)COCC[C@@H](C(=O)[O-])[N+](C)(C)C,6.11943777777778,6.153697012987011,6.136567395382396
COC(CC1OC(=O)CC(O)C/C=C/C(=O)C(C)C(OC)C(=O)NC(=O)c2coc(n2)-c2coc(n2)/C=C/CCC1C)C(C)CCC(=O)C(C)C(C/C=C/N(C)C=O)OC,6.248927777777782,6.024194773929768,6.136561275853775
CCC(C)[C@@H]1NC(=O)[C@H](CC(N)=O)NC(=O)[C@H](CC(C)C)NC(=O)[C@H](CC(N)=O)NC1=O,6.10551333333334,6.1675552916666625,6.136534312500001
C=C(CC[C@@H](C)[C@H]1CC[C@@]2(C(=O)O)C3=C(CC[C@]12C)[C@@]1(C)CC[C@H](O[C@@H]2OC[C@H](O)[C@H](O[C@@H]4OC[C@H](O)[C@H](O)[C@H]4O)[C@H]2O[C@@H]2O[C@H](CO)[C@@H](O)[C@H](O)[C@H]2NC(C)=O)C(C)(C)C1CC3)C(C)C,6.2415222222222235,6.031146924603172,6.136334573412698
CCOC(C)NC(=O)C[C@]1(O)C=C(Br)[C@@](OC)(OCC)C(Br)=C1,6.138493333333333,6.1330979761904745,6.135795654761903
COC(=O)[C@@H](C)O[C@@H]1[C@@H](NC(C)=O)[C@@H]2OCC(O2)[C@H]1OC(=O)CCCCCCCCCCCC(C)C,6.213372222222225,6.057851559644059,6.135611890933142
CCC(=O)C1=C2C3=CN(CCOCCO)C(/C=C/[C@@H](C)CC)=CC3=C(Cl)C(=O)[C@@]2(C)OC1=O,6.14938333333333,6.120818095238092,6.135100714285711
C[C@@H]1[C@]2(O[C@H]3C=C4[C@@H]5CC[C@H]6Cc7nc8c(nc7C[C@]6(C)[C@H]5C[C@@H](O)[C@]4(C)[C@]31O)C[C@@H]1CC[C@H]3C4=C[C@@H]5O[C@]6(O[C@](C)(CO)C[C@H]6O)[C@@H](C)[C@]5(O)[C@@]4(C)[C@H](O)C[C@@H]3[C@@]1(C)[C@H]8O)O[C@](C)(CO)C[C@H]2O,6.250227777777776,6.019731805555554,6.134979791666665
COC(=O)[C@@H](C)CC(=O)NC(=O)c1cn([C@@H](Cc2ccccc2)c2cc(OC)cc(=O)o2)c(Cc2ccccc2)cc1=O,6.053277777777778,6.216156007395381,6.13471689258658
CCCCCCCCC[C@@H]1C[C@@H]2CC[C@H]3C(C(=O)OC(C)CCCCCCC[C@@H]4C[C@@H]5CC[C@H]6C[C@@H](C)N(O)C(=N4)N56)[C@@H](C)NC(=N1)N23,6.011216666666666,6.257482083333331,6.134349374999998
CC(=O)N[C@H]1[C@H](O[C@H]2CC[C@]3(C)C4=C(CC[C@H]3[C@@]2(C)C(=O)O)[C@@H]2CC[C@H]([C@H](C)[C@@H](O)[C@@H](O)[C@H](C)C(C)C)[C@@]2(C)CC4)O[C@H](CO[C@@H]2O[C@H](C(=O)O)[C@@H](O)[C@H](O)[C@H]2O)[C@@H](O)[C@@H]1O,6.2132722222222245,6.055052996031744,6.134162609126984
CCC(C)[C@@H]1NC(=O)[C@H](C)NC(=O)[C@H](CC(C)C)NC(=O)[C@@H]2CCCN2C(=O)[C@H](CC(=O)O)NC(=O)[C@H](Cc2ccc(O)cc2)NC(=O)[C@@H]2CCCN2C1=O,6.180263333333332,6.08778830753968,6.134025820436506
CC(C)[C@@H]1NC(=O)[C@H](C)NC(=O)[C@H](CCCNC(=N)N)NC(=O)[C@H](CO)NC(=O)[C@H](CC(=O)O)NC(=O)[C@H](Cc2ccccc2)NC(=O)[C@@H]2CCCN2C(=O)[C@H](Cc2ccc(O)cc2)NC(=O)[C@H]([C@@H](C)O)NC1=O,6.258141111111112,6.0098924801587295,6.1340167956349205
COC1=C(Br)[C@H](O)[C@@]2(C=C1Br)CC(C(=O)NCCCC(=O)O)=NO2,6.234634444444445,6.032986990740738,6.133810717592591
COC1=C(Br)[C@@H](O)[C@]2(C=C1Br)CC(C(=O)NCCCC(=O)O)=NO2,6.234634444444445,6.032986990740738,6.133810717592591
CN1C(=O)[C@@H]2CCC[N@+]2(C)[C@H]1Cc1c(Br)n(C)c2c(Br)c(Br)ccc12,6.051654523809523,6.215860059523808,6.133757291666665
CC[C@H](C)[C@H](OC(=O)[C@H]([C@@H](C)CC)N(C)C)C(=O)N(C)[C@H](C(=O)N1CCC[C@H]1C(=O)N[C@@H](Cc1ccccc1)C(N)=O)[C@@H](C)CC,6.166541111111109,6.100922251984123,6.133731681547616
C=C(CC[C@@H](C)[C@H]1CC[C@@]2(C(=O)O)C3=C(CC[C@]12C)[C@@]1(C)CC[C@H](O[C@@H]2O[C@H](CO)[C@H](O)[C@H](O[C@@H]4OC[C@H](O)[C@H](O)[C@H]4O)[C@H]2O[C@@H]2O[C@H](CO)[C@@H](O)[C@H](O)[C@H]2NC(C)=O)C(C)(C)C1CC3)C(C)(C)C,6.236072222222223,6.031146924603172,6.133609573412698
C=CC(C)(C)[C@@]12C[C@H]3C(=O)N[C@@H](Cc4ccc(O)cc4)C(=O)N3[C@@H]1N([C@H]1O[C@]3(C[C@@H]1NC(=O)/C=C/C(C)CC(C)CCCCCC)[C@@H]1O[C@@H]1[C@](O)(CC(C)=O)[C@@H]1O[C@@H]13)c1ccccc12,6.154155555555557,6.112749947089947,6.133452751322752
CC[C@H](C)[C@@H]1NC(=O)[C@H](CC(C)C)NC(=O)[C@@H](CC(C)C)NC(=O)[C@@H](NC(=O)[C@@H](Cc2ccc(O)cc2)NC(=O)[C@@H](C)NC(=O)[C@H](CC(C)C)NC(C)=O)[C@@H](C)OC(=O)[C@H](Cc2ccc(O)cc2)NC1=O,6.235455555555552,6.031249178571428,6.133352367063489
C/C=C(\C)[C@H](O[C@@H]1O[C@H](CO)[C@@H](O)[C@H](O)[C@H]1O)[C@H](C)/C=C(C)/C=C/C/C(C)=C/Cc1nc(OC)cc(O)c1C,6.084544444444447,6.181827086940833,6.13318576569264
COCc1ccc(O)c(NC(C)=O)c1,6.021752222222225,6.244609428571424,6.133180825396824
OCC(O)CO[C@@H]1O[C@H](CO[C@@H]2O[C@H](CO)[C@@H](O)[C@H](O)[C@H]2O)[C@@H](O)[C@H](O)[C@H]1O,6.1623899999999985,6.103942531024533,6.133166265512266
CC(=O)N[C@H]1[C@H](O[C@H]2[C@H](OC3CC[C@]4(C)C5=C(CC[C@H]4C3(C)C)[C@]3(C(=O)O)CC[C@H]([C@H](C)CCC(C)(OC(C)=O)C(C)C)[C@@]3(C)CC5)O[C@H](CO)[C@H](O)[C@@H]2O[C@@H]2OC[C@H](O)[C@H](O)[C@H]2O)O[C@H](CO)[C@H](O)[C@@H]1O,6.234488888888888,6.031146924603172,6.1328179067460304
CCC(C)[C@@H]1NC(=O)[C@H](CC(C)C)NC(=O)[C@@H]2CCCN2C(=O)[C@H](C(C)C)NC(=O)[C@H](Cc2ccc(O)cc2)NC(=O)[C@@H]2CCCN2C(=O)[C@@H]2CCCN2C(=O)[C@H](CC(C)C)NC1=O,6.256816666666666,6.008768902777779,6.132792784722222
CC[C@H](C)[C@@H]1NC(=O)[C@H](Cc2ccccc2)NC(=O)[C@@H]2CCCN2C(=O)[C@H](Cc2ccc(O)cc2)NC(=O)[C@H](CCC(=O)O)NC(=O)[C@@H]2CCCN2C(=O)[C@@H]2CCCN2C1=O,6.241463333333331,6.023998823412698,6.1327310783730145
C=C(CC[C@@H](C)[C@H]1CC[C@@]2(C(=O)O)C3=C(CC[C@]12C)[C@@]1(C)CC[C@H](O[C@@H]2O[C@H](CO)[C@H](O)[C@H](O[C@@H]4OC[C@H](O)[C@H](O)[C@H]4O)[C@H]2O[C@@H]2O[C@H](CO)[C@@H](O)[C@H](O)[C@H]2NC(C)=O)C(C)(C)C1CC3)C(C)C,6.23393888888889,6.031146924603172,6.132542906746031
CCC(C)[C@@H]1NC(=O)[C@H](CC(C)C)NC(=O)[C@@H]2CCCN2C(=O)[C@H](C(C)C)NC(=O)[C@H](Cc2ccc(O)cc2)NC(=O)[C@@H]2CCCN2C(=O)[C@@H]2CCCN2C(=O)[C@H](C(C)CC)NC1=O,6.256205555555553,6.008768902777779,6.132487229166665
Cn1cc(Br)cc1C(=O)NC[C@@H]1[C@@H](CNC(=O)c2ccc(Br)n2C)Cc2[nH]c(N)nc2[C@H]1C1CN=C(N)N1,6.2606333333333275,6.0042100000000005,6.132421666666664
CCC(C)CCCCCCCC[C@@H](O)CC(=O)N[C@@H](CCC(=O)OC)C(=O)N[C@@H](CC(C)C)C(=O)N[C@@H](CC(C)C)C(=O)N[C@@H](CC(C)C)C(=O)O,6.173452222222226,6.091062589285707,6.1322574057539665
CC(=O)N[C@H]1[C@H](OC[C@]23CCC(=O)C=C2CC[C@@H]2[C@@H]3CC[C@]3(C)[C@@H]([C@H](C)CCCC(C)C)CC[C@@H]23)O[C@H](CO)[C@@H](O)[C@@H]1O,6.252077777777776,6.011886051587299,6.131981914682537
C=C(CC[C@@H](C)[C@H]1CC[C@@]2(C(=O)O)C3=C(CC[C@]12C)[C@@]1(C)CC[C@H](O[C@@H]2OC[C@H](O)[C@H](O[C@@H]4OC[C@H](O)[C@H](O)[C@H]4O)[C@H]2O[C@@H]2O[C@H](CO)[C@@H](O)[C@H](O)[C@H]2NC(C)=O)C(C)(C)C1CC3)C(C)(C)C,6.232572222222222,6.031146924603172,6.131859573412697
CC(=O)[C@]12S[C@@]3(C[C@]4(n5cc(C[C@@]67NCCN[C@@](Cl)(C(=O)N6C)N(C)C7=O)c6ccccc65)c5ccccc5N[C@@H]4N3C1=O)C(=O)N2C,6.174382777777782,6.0891051587301614,6.131743968253971
CONCC(OC)c1cc(Br)c(OCCCN)c(Br)c1,6.01702666666667,6.246120615079364,6.131573640873016
CCCCCCCCC[C@@H](O)CC(=O)N[C@@H](CC(N)=O)C(=O)N[C@@H](CCC(N)=O)C(=O)NC(CC(C)C)OCC,6.158077777777779,6.105000238095232,6.131539007936505
CC[C@H](C)[C@@H]1NC(=O)[C@@H]2CCCN2C(=O)[C@@H]2CCCN2C(=O)[C@@H]2CCCN2C(=O)[C@H](Cc2ccccc2)NC(=O)[C@@H]2CCCN2C(=O)[C@H](Cc2ccc(O)cc2)NC1=O,6.253999999999998,6.008768902777779,6.131384451388888
CC[C@H](C)[C@@H]1NC(=O)[C@@H]2CCCN2C(=O)[C@H](Cc2ccccc2)NC(=O)[C@@H]2CCCN2C(=O)[C@@H]2CCCN2C(=O)[C@H](Cc2ccc(O)cc2)NC(=O)[C@@H]2CCCN2C1=O,6.253999999999998,6.008768902777779,6.131384451388888
CC(C)C[C@@H]1NC(=O)[C@H](Cc2ccccc2)NC(=O)[C@H](CC(C)C)N(C)C(=O)[C@H](C(C)C)NC(=O)[C@H](CC(C)C)OC1=O,6.164163333333332,6.098532871031742,6.131348102182537
C/C(Cl)=C/C=C/C=C/C=C/C=C/C(O)=C1\C(=O)C(CC(N)=O)N(C2OCC(O)C(O)C2OC2OCC(OC3OC(C)C(O)C3O)C(O)C2O)C1=O,6.2441500000000065,6.0180443740981255,6.1310971870490665
Cn1cnc(C(=O)c2nc3c4c5c(nccc5c([C@@H](C[N+](C)(C)C)c5c[nH]c6cc(Br)ccc56)c3o2)C=CN4)c1,6.096535555555561,6.165489642857142,6.131012599206351
Cn1cnc(C(=O)c2nc3c4c5c(nccc5c([C@H](C[N+](C)(C)C)c5c[nH]c6cc(Br)ccc56)c3o2)C=CN4)c1,6.096535555555561,6.165489642857142,6.131012599206351
CC[C@H](C)[C@@H]1NC(=O)[C@H](C(C)C)NC(=O)[C@H](CC(N)=O)NC(=O)[C@@H]2CCCN2C(=O)[C@H](CC(C)C)NC(=O)[C@H](CC(C)C)NC(=O)[C@@H]2CCCN2C1=O,6.192591111111111,6.069050509920632,6.130820810515871
CC(/C=C/c1ccccc1)=C\[C@H](O)[C@@H]1CC(=O)N[C@@H](CO)C(=O)N[C@@H]2Cn3cnc(c3)C[C@H](NC(=O)C[C@H](O)C[C@@H](C(=O)O)NC(=O)[C@@H](O)CNC(=O)[C@H]([C@@H](C)c3ccc(Br)cc3)NC(=O)[C@H]([C@@H](O)C(N)=O)NC(=O)[C@H](CC(N)=O)NC2=O)C(=O)N[C@@H]([C@H](C)O)C(=O)N[C@@H](CO)C(=O)N[C@@H](Cc2ccccc2)C(=O)N1,6.236449999999998,6.024661607142853,6.130555803571426
C[N+](C)(C)CC(c1c(O)c(O)c2nccc3c2c1C=CN3)c1c[nH]c2cc(Br)ccc12,6.013795555555561,6.2472156150793685,6.130505585317465
C=CC(C)(C)[C@@]12C[C@H]3C(=O)N[C@@H](Cc4ccccc4)C(=O)N3[C@@H]1N([C@H]1O[C@]3(C[C@@H]1NC(=O)/C=C/C(C)CC(C)CCCCCC)[C@@H]1O[C@@H]1[C@](O)(CC(C)=O)[C@@H]1O[C@@H]13)c1ccccc12,6.120488888888891,6.140478339947089,6.13048361441799
CC(C)C[C@@H]1NC(=O)[C@H](C(C)C)NC(=O)[C@H](Cc2ccccc2)NC(=O)[C@@H]2CCCN2C(=O)[C@H](CC(N)=O)NC(=O)[C@H](C(C)C)NC(=O)[C@@H]2CCCN2C1=O,6.191774444444446,6.069050509920632,6.130412477182539
CC(C)C[C@@H]1NC(=O)[C@@H]2CCCN2C(=O)[C@@H]2CCCN2C(=O)[C@@H](NC(=O)[C@@H]2CCC(=O)N2)CSSC[C@@H](C(=O)N2CCC[C@H]2C(N)=O)NC1=O,6.211463333333331,6.0489742031024525,6.130218768217892
C/C(=C\C(=O)OCCCCCCCC(=O)Nc1c2sscc-2[nH]c1=O)[C@@H](O)[C@@H]1OC[C@H](C/C=C/[C@@H](C)[C@H](C)O)C(=O)[C@H]1O,6.124305555555558,6.136009722222224,6.130157638888891
C/C(=C\C(=O)OCCCCCCCC(=O)Nc1c2sscc-2[nH]c1=O)[C@@H](O)[C@@H]1OC[C@@H](C/C=C/[C@@H](C)[C@H](C)O)[C@H](O)C1=O,6.124305555555558,6.136009722222224,6.130157638888891
C/C(=C\C(=O)OCCCCCCCC(=O)Nc1c2sscc-2[nH]c1=O)[C@@H](O)[C@@H]1OC[C@@H](C/C=C/[C@@H](C)[C@H](C)O)C(=O)[C@H]1O,6.124305555555558,6.136009722222224,6.130157638888891
C/C=C/[C@H](O)C[C@H]1CC[C@H](C)[C@H](CC(=O)NC[C@H](O)[C@H](C)C(=O)NCCC[C@H]2O[C@@]3(CCC[C@@H](CC[C@H](C)/C=C(\C)[C@H](C)O)O3)CC[C@@H]2C)O1,6.211455555555553,6.048798055555551,6.130126805555552
C/C=C/C(O)CC1CCC(C)C(CC(=O)NCC(O)C(C)C(=O)NCCCC2OC3(CCCC(CCC(C)/C=C(\C)C(C)O)O3)CCC2C)O1,6.211455555555553,6.048798055555551,6.130126805555552
CN[C@@H](CC(C)C)C(=O)NCCc1c(Br)[nH]c2cc(Br)c(Br)cc12,6.258099999999994,6.002064573412696,6.130082286706345
CCCCCCCCC[C@@H](O)CC(=O)N[C@@H](CC(N)=O)C(=O)N[C@@H](CCC(N)=O)C(=O)NC(CC(C)C)OC,6.182666666666668,6.077468343253962,6.130067504960315
COc1cc(O)c2c(c1O)[C@@H](O)[C@@H](CC(C)=O)[C@@H](CO)C2=O,6.072322222222225,6.187623896464645,6.129973059343435
C/C=C1\NC(=O)[C@H](Cc2ccccc2)NC(=O)[C@@H](C(C)C)NC(=O)[C@@H](C(C)CC)NC(=O)[C@H](NC(=O)[C@H](NC(=O)[C@H](CCCN)NC(=O)[C@H]2CCCN2C(=O)[C@@H](NC(=O)[C@H](NC(=O)[C@@H](NC(=O)[C@H](NC(=O)CCCC(C)C)C(C)C)C(C)O)C(C)C)C(C)C)C(C)CC)C(C)OC(=O)[C@H](C(C)C)NC1=O,6.2541555555555535,6.004901607142854,6.129528581349204
C/C=C1\NC(=O)[C@H](Cc2ccccc2)NC(=O)[C@@H](C(C)C)NC(=O)[C@@H]([C@@H](C)CC)NC(=O)[C@H](NC(=O)[C@H](NC(=O)[C@H](CCCN)NC(=O)[C@H]2CCCN2C(=O)[C@H](NC(=O)[C@@H](NC(=O)[C@@H](NC(=O)[C@H](NC(=O)CCCC(C)C)C(C)C)[C@@H](C)O)C(C)C)C(C)C)[C@@H](C)CC)[C@@H](C)OC(=O)[C@H](C(C)C)NC1=O,6.2541555555555535,6.004901607142854,6.129528581349204
C/C=C1\NC(=O)[C@H](Cc2ccccc2)NC(=O)[C@@H](C(C)C)NC(=O)[C@@H]([C@@H](C)CC)NC(=O)[C@H](NC(=O)[C@H](NC(=O)[C@H](CCCN)NC(=O)[C@H]2CCCN2C(=O)[C@H](NC(=O)[C@@H](NC(=O)[C@@H](NC(=O)[C@H](NC(=O)CC[C@@H](C)CC)C(C)C)[C@@H](C)O)C(C)C)C(C)C)[C@@H](C)CC)[C@@H](C)OC(=O)[C@H](C(C)C)NC1=O,6.2541555555555535,6.004901607142854,6.129528581349204
C/C=C1\NC(=O)[C@H](Cc2ccccc2)NC(=O)C(C(C)C)NC(=O)[C@@H](C(C)CC)NC(=O)C(NC(=O)[C@H](NC(=O)[C@H](CCCN)NC(=O)[C@H]2CCCN2C(=O)C(NC(=O)C(NC(=O)C(NC(=O)C(NC(=O)CCCC(C)C)C(C)C)C(C)O)C(C)C)C(C)C)C(C)CC)C(C)OC(=O)C(C(C)C)NC1=O,6.2541555555555535,6.004901607142854,6.129528581349204
C/C=C1\NC(=O)[C@H](Cc2ccccc2)NC(=O)[C@@H](C(C)C)NC(=O)C([C@@H](C)CC)NC(=O)[C@H](NC(=O)[C@H](NC(=O)[C@H](CCCN)NC(=O)[C@H]2CCCN2C(=O)[C@H](NC(=O)[C@@H](NC(=O)[C@@H](NC(=O)[C@H](NC(=O)CCCC(C)C)C(C)C)C(C)O)C(C)C)C(C)C)C(C)CC)C(C)OC(=O)[C@H](C(C)C)NC1=O,6.2541555555555535,6.004901607142854,6.129528581349204
COC1=C(CO)O[C@@H]2C[C@@]1(OC)n1c3ccccc3c3c4c(c5c6ccccc6n2c5c31)C(=O)NC4,6.136875000000005,6.121878015873015,6.1293765079365095
COC(=O)C(Cc1cc(Br)c(O)c(O)c1Br)/C(=C/C(=O)O)C(=O)O,6.02280111111111,6.235919754329005,6.129360432720057
CC(C)[C@H]1C(=O)N2[C@@H]3N4c5ccccc5[C@]3(C[C@@H]3[C@@]5(C)CCCC(C)(C)[C@@H]5CC[C@]34C)C[C@H]2C(=O)N1C,6.088705555555553,6.16982611652237,6.129265836038961
CCCCCC/C=C\CCCCCCCCCCCC[C@]12Sc3cc(O)c(Br)cc3[C@H]1[C@@H]1NC3=C(C4=NCCc5c[nH]c(c54)C3=O)[C@H]2O1,6.130066666666668,6.127797986111108,6.128932326388888
C/C=C1\NC(=O)C(Cc2ccccc2)NC(=O)C(C(C)C)NC(=O)C(C(C)CC)NC(=O)C(NC(=O)C(NC(=O)C(CCCCN)NC(=O)C2CCCN2C(=O)C(NC(=O)C(NC(=O)C(NC(=O)C(NC(=O)CCCC(C)C)C(C)C)C(C)O)C(C)C)C(C)C)C(C)CC)C(C)OC(=O)C(C(C)C)NC1=O,6.252294444444442,6.004901607142854,6.128598025793648
C=CC(C)(C)[C@@]12C=C(O)C(=O)N3/C(=C/c4cn([C@@H]5C[C@@]6(O)O[C@@H]7C[C@@]6(C)[C@]6(C[C@]8(C)CCC(C)(C)[C@@H]8[C@@H]76)[C@@H]5C)cn4)C(=O)N[C@]31N(OC)c1ccccc12,6.056566666666665,6.200598617123615,6.1285826418951395
CSc1c(CCNC(=O)c2cc(Br)c(O)c(Br)c2)[n+](C)cn1C,6.2545188888888905,6.002642152777779,6.128580520833335
CCCC(=O)N[C@H](Cc1ccccc1)C(=O)N[C@H]1C(=O)N[C@H](Cc2ccc(O)cc2)C(=O)NC(CCCNC(=N)N)C(=O)N[C@H](Cc2ccc(O)cc2)C(=O)N[C@@H]([C@H](C)CC)C(=O)O[C@H]1C,6.187724444444442,6.0691156944444415,6.1284200694444415
CC(=O)N[C@H]1[C@H](O[C@H]2[C@H](OC3CC[C@]4(C)C5=C(CC[C@H]4C3(C)C)[C@]3(C(=O)O)CC[C@H]([C@H](C)CCC(C)(O)C(C)(C)C)[C@@]3(C)CC5)O[C@H](CO)[C@H](O)[C@@H]2O[C@@H]2OC[C@H](O)[C@H](O)[C@H]2O)O[C@H](CO)[C@H](O)[C@@H]1O,6.2256333333333345,6.031146924603172,6.128390128968253
COc1c(O)c2c(c(O)c1CO)C(=O)OCC2,6.128067777777782,6.128565094155847,6.1283164359668145
COc1c(Br)cc(C/C(=N\O)C(=O)NCCc2c[nH]cn2)cc1Br,6.178244444444443,6.078200585317458,6.128222514880951
CC(C)CC1NC(=O)C(CC(N)=O)NC(=O)C(CC(N)=O)NC(=O)C(C(C)C)NC(=O)C(NC(=O)/C=C/C=C/C=C/C=C/c2ccc(O)c(Br)c2)C(C)OC1=O,6.213305555555555,6.043113809523805,6.12820968253968
CCC(C)C1NC(=O)C(CC(N)=O)NC(=O)C(CC(N)=O)NC(=O)C(C(C)C)NC(=O)C(NC(=O)/C=C/C=C/C=C/C=C/c2ccc(O)c(Br)c2)C(C)OC1=O,6.213116666666666,6.043113809523805,6.128115238095235
C=C1CCC[C@]2(C)CC[C@@H](C(C)C)[C@H](NC(=O)[C@H]3C[C@H](O)[C@H](O)[C@@H](C(=O)N[C@@H]4[C@H]5C(=C)CCC[C@]5(C)CC[C@H]4C(C)C)N3CC(=O)NCCc3ccccc3)[C@@H]12,6.222311111111107,6.033852876984123,6.128081994047616
C/C(=C\Cn1cnc2c1c(=O)nc(C)n2C)CC[C@@]1(C)[C@H](C)CC[C@]2(O)[C@@H]1CCCC2(C)C,6.062385555555551,6.193318214285713,6.1278518849206325
CC(C)C[C@@H](NC(=O)C(O)CO)C(=O)N[C@H](C)C(=O)N[C@H](CC(C)C)C(=O)N[C@H](CC(C)C)C(=O)N[C@H](C(=O)N[C@H](CC(C)C)C(=O)N[C@H](C)C(=O)O)C(C)C,6.16441888888889,6.090965337301584,6.127692113095237
C=C1CCC[C@]2(C)CC[C@@H](C(C)C)[C@H](NC(=O)CN(CC(=O)OC)C(=O)N[C@@H]3[C@H]4C(=C)CCC[C@]4(C)CC[C@H]3C(C)C)[C@@H]12,6.197716666666664,6.056984404761902,6.1273505357142835
Cn1cc(Br)cc1C(=O)OCC[n+]1cccc(C(=O)[O-])c1,6.1273222222222214,6.127148306277056,6.127235264249639
CN(C)CCCOc1c(Br)cc(CCN)cc1Br,6.168754444444443,6.085204761904756,6.1269796031745996
N=C(N)NCCC[C@@H](NC(=O)c1cccc(O)c1O)C(=O)N[C@@H](COC(=O)[C@H](CO)NC(=O)[C@@H](CCCNC(=N)N)NC(=O)c1cccc(O)c1O)C(=O)O,6.080182222222222,6.1733605476190485,6.1267713849206356
C/C=C1\NC(=O)C(Cc2ccccc2)NC(=O)C(C(C)C)NC(=O)C(C(C)CC)NC(=O)C(NC(=O)C(NC(=O)C(CCCN)NC(=O)C2CCCN2C(=O)C(NC(=O)C(NC(=O)C(NC(=O)C(NC(=O)CCCC(C)C)C(C)C)C(C)O)C(C)C)C(C)C)C(C)C)C(C)OC(=O)C(C(C)C)NC1=O,6.24801111111111,6.004901607142854,6.126456359126982
CC[C@H](C)[C@@H]1NC(=O)[C@H](NC(=O)N[C@@H](Cc2ccccc2)C(=O)O)CCCCNC(=O)[C@H](Cc2ccccc2)NC1=O,6.203302222222224,6.049528706349206,6.126415464285715
CC1=CC(=O)[C@@H]2[C@@H](C1)[C@]13CO[C@@]4(C1=O)N1C[C@@H]5O[C@@]1(CC[C@@]4(C)[C@]1(COC(=O)C1)[C@H]3C(=O)[C@@H]2C)C[C@@H](C)[C@H]5O,6.1704944444444445,6.0823147420634935,6.1264045932539695
COc1ccc(CCC(=O)C[C@@H]2CCC[C@H](CC(=O)CCc3ccc(O)cc3)N2)cc1,6.163408333333334,6.089223978174602,6.126316155753968
COc1c(Br)cc(/C=C/C(=O)NCCc2c[nH]c(N)n2)cc1Br.O=C(O)C(F)(F)F,6.1376166666666645,6.114383855820105,6.126000261243385
Cn1cc(Br)cc1C(=O)NC[C@H]1Cc2[nH]c(N)nc2[C@@H](C2CN=C(N)N2)[C@@H]1CNC(=O)c1cc(Br)cn1C,6.247774444444438,6.0042100000000005,6.125992222222219
CC(C)C[C@@H]1NC(=O)[C@@H](NC(=O)/C=C\c2ccc(O)cc2)[C@@H](C)OC(=O)[C@@H](C)CNC(=O)[C@@H](C)NC1=O,6.163677777777775,6.088280269841267,6.125979023809521
CC(C)C[C@@H]1NC(=O)[C@@H](NC(=O)/C=C/c2ccc(O)cc2)[C@@H](C)OC(=O)[C@@H](C)CNC(=O)[C@@H](C)NC1=O,6.163677777777775,6.088280269841267,6.125979023809521
CCCCCCC[C@@H]1C[C@@H]2CCC3=C(C(=O)OCCCCCCC[C@@H]4C[C@@H]5CCC6=C(C(=O)OCCCCNC(=N)N)C(C)N=C(N4)N65)C(C)N=C(N1)N32,6.060355555555553,6.191436994949496,6.125896275252524
C#CC#CCCC(O)C(O)C(O)C(O)C(O)CC(O)C(O[C@H]1O[C@H](CO)[C@H](O)[C@H](O)[C@H]1O)C(O)C[C@H]1O[C@@H]([C@H]2O[C@H]3CC[C@H]([C@H]4O[C@H]5[C@@H](O)C[C@H](CC(O)[C@H]6CC[C@@H]7O[C@H]([C@@H]8CC[C@H]9O[C@H]%10C[C@H]%11O[C@H]%12CC[C@H](/C=C/C=C/CC(N)C/C=C/C=C/C#CCCC#C/C=C/Cl)O[C@@H]%12C[C@@H]%11O[C@@H]%10C[C@H](O)[C@@H]9O8)[C@H](C)C[C@H]7O6)O[C@@H]5C[C@H]4O)O[C@@H]3[C@@H](O)[C@H]2O)[C@@H](O)[C@H](O)[C@@H]1O,6.234377777777776,6.017165826719573,6.125771802248675
C/C1=C\[C@@H](C)C/C=C/[C@H]2[C@@H]3O[C@]3(C)[C@@H](C)[C@H]3[C@H](Cc4c[nH]c5ccccc45)NC(=O)[C@]32c2ccc([nH]2)C1=O,6.004924444444444,6.246589957010581,6.125757200727513
N#CCc1ccc(O)c(Br)c1,6.078962222222219,6.171482688672437,6.125222455447329
C=C(/C=C\C[C@@H](O)[C@@H](O)[C@H](O)C/C=C/C=C\[C@@H](O)C[C@@H]1O[C@H](C[C@@H](O)[C@H](O)C[C@H]2O[C@H]([C@H](O)[C@H](O)CC[C@H](O)/C=C/[C@H](C)[C@@H](O)C[C@]3(O)O[C@H](C[C@@H](O)CCCCCCCC45CC(C)CC(C)(O4)C(C[C@@H](C)CCCCC[C@@H](O)[C@H](O)[C@H](O)[C@@H](O)[C@H](O)[C@H]4O[C@H](C[C@H](O)[C@H](O)/C(C)=C/C6CC(C)C(C(=O)C/C=C/C(=O)NCCO)O6)[C@H](O)[C@@H](O)[C@@H]4O)O5)[C@H](O)[C@@H](O)[C@H]3O)C[C@@H](O)[C@@H]2O)[C@@H](O)[C@H](O)[C@H]1O)CC[C@H](O)[C@@H](O)[C@H](O)[C@H](C)C[C@H]1O[C@H](/C=C\[C@@H](O)[C@H](O)CC2CC3CC(O2)C(CC[C@H]2O[C@H](CN)C[C@H]2O)O3)[C@@H](O)[C@H](O)[C@H]1O,6.245122222222225,6.004955178571428,6.125038700396827
C[C@H](CCC(=O)N[C@@H](CO)COS(=O)(=O)[O-])[C@H]1[C@@H](O)[C@H](O)C2C3CC(=O)[C@@]4(O)C[C@@H](O)CC[C@]4(C)C3CC[C@@]21C.[Na+],6.079088888888885,6.170906102453102,6.124997495670993
CCO[C@H]1c2cc3c(nc2[C@@]2(C)OC(=O)C[C@H]2C1(C)C)CC[C@]1(C)C3=CC(=O)O[C@H]1c1ccoc1,6.1786333333333365,6.071360348124101,6.124996840728719
CC(/C=C/c1ccc(Br)cc1)=C\[C@H](O)[C@@H]1CC(=O)N[C@@H](CO)C(=O)N[C@@H]2Cn3cnc(c3)C[C@H](NC(=O)C[C@H](O)C[C@@H](C(=O)O)NC(=O)CCNC(=O)[C@H](Cc3ccc(Br)cc3)NC(=O)[C@H]([C@@H](O)C(N)=O)NC(=O)[C@H](CC(N)=O)NC2=O)C(=O)N[C@@H]([C@@H](C)O)C(=O)N[C@@H](CO)C(=O)N[C@@H](Cc2ccccc2)C(=O)N1,6.224277777777777,6.024661607142853,6.124469692460315
CC[C@H](C)[C@@H]1NC(=O)[C@@H]2CCCN2C(=O)[C@H](Cc2ccc(O)cc2)NC(=O)[C@@H]2CCCN2C(=O)[C@H](CC(C)C)NC(=O)[C@@H]2CCCN2C(=O)[C@H](Cc2ccccc2)NC1=O,6.239333333333333,6.008768902777779,6.124051118055556
CC[C@H](C)[C@@H]1NC(=O)[C@H](Cc2ccccc2)NC(=O)[C@@H]2CCCN2C(=O)[C@H](CC(C)C)NC(=O)[C@@H]2CCCN2C(=O)[C@H](Cc2ccc(O)cc2)NC(=O)[C@@H]2CCCN2C1=O,6.239333333333333,6.008768902777779,6.124051118055556
C/C=C/C(O)C/C=C/C[C@H](C)[C@@H](O)CC(=O)NC[C@H](O)[C@H](C)C(=O)NCCC[C@H]1O[C@@]2(CCC[C@@H](CC[C@H](C)/C=C(\C)C(C)=O)O2)CC[C@@H]1C,6.19923333333333,6.048798055555551,6.124015694444441
COCc1c(O)cc(C)c2c1Oc1c(C)cc(O)c(C)c1OC2=O,6.173170000000001,6.074207555555553,6.123688777777777
Oc1cc(O)c(Oc2cc(O)c(O)c(O)c2Oc2cc(O)c(Oc3cc(O)c(O)c(O)c3Oc3cc(O)c(O)c(O)c3)c(O)c2)c(O)c1,6.126042222222218,6.120660705266959,6.123351463744589
CO[C@@H]1[C@@H](C)C[C@@H]2CN3[C@@]1(CC[C@@]1(C)[C@]4(COC(=O)C4)[C@H]4C(=O)[C@H](C)[C@@H]5C(=O)C=C(C)C[C@H]5[C@@]45CO[C@@]31C5=O)O2,6.189938888888889,6.056395641534392,6.123167265211641
CO[C@@H](CC[C@H](C)C1O[C@@]23C[C@H](OC(=O)C[C@H](CO)OC(=O)C[C@](O)(O2)[C@H](C)CC3(C)C)[C@@H]1C)c1cc(O)ccc1Br,6.208905555555555,6.037045685425685,6.12297562049062
C#CCCC[C@@H]1OC(=O)CNC(=O)[C@H]([C@@H](C)CC)NC(=O)[C@@H]2CCCN2C(=O)[C@H]([C@@H](C)CC)OC(=O)[C@H](Cc2ccccc2)NC(=O)[C@H](C(C)C)NC(=O)C1(C)C,6.229891111111108,6.01556145833333,6.122726284722219
COc1c2c(c(O)c3c4c(c(C)cc13)[C@H](O)[C@@H]1O[C@@](O)(C(OC)OC)[C@](O)(CO)[C@]1(O[C@H]1C[C@@H](O)[C@@](O)(C(C)=O)[C@H](C)O1)O4)C(=O)[C@@H](O)C[C@@H]2O[C@H]1C[C@@](C)(O)[C@H](OC(C)=O)[C@H](C)O1,6.218613333333336,6.026733042328042,6.122673187830689
CC(C)[C@@H]1C[C@H](O)[C@H](C)C[C@H](C)C[C@H](C)C(=O)NCC(=O)N(C)[C@H](Cc2ccc(O)c(I)c2)C(=O)O1,6.182795555555558,6.062020378246752,6.122407966901155
CCCCCCCCCCCCC[C@@H](C/C=C/CCC(=O)N[C@@H](COC)COC(C)=O)OC,6.080927777777778,6.16346452380952,6.122196150793648
CN(C)CCc1cn(C(c2ccc(O)c(O)c2)C2Oc3ccc(/C=C/OS(=O)(=O)[O-])cc3O2)cn1.[Na+],6.073488888888886,6.170854698172198,6.122171793530542
CN(C)CCc1cn([C@@H](c2ccc(O)c(O)c2)[C@@H]2Oc3ccc(/C=C\OS(=O)(=O)[O-])cc3O2)cn1.[Na+],6.073488888888886,6.170854698172198,6.122171793530542
CN(C)CCc1cn(C(c2ccc(O)c(O)c2)[C@@H]2Oc3ccc(/C=C\OS(=O)(=O)[O-])cc3O2)cn1.[Na+],6.073488888888886,6.170854698172198,6.122171793530542
CN(C)CCc1cn(C(c2ccc(O)c(O)c2)[C@H]2Oc3ccc(/C=C\OS(=O)(=O)[O-])cc3O2)cn1.[Na+],6.073488888888886,6.170854698172198,6.122171793530542
CN(C)CCc1cn([C@@H](c2ccc(O)c(O)c2)[C@H]2Oc3ccc(/C=C\OS(=O)(=O)[O-])cc3O2)cn1.[Na+],6.073488888888886,6.170854698172198,6.122171793530542
C=C1C[C@](OC)([C@H](O)C(=O)NC[C@@H]2C[C@H](O)C(C)(C)[C@@H](CC(=O)CCC/C=C/C=C/C=C/C(=O)N[C@@H](CCCNC(=N)N)C(=O)O)O2)O[C@H](C)[C@@H]1C,6.240383333333336,6.00325423340548,6.121818783369408
CC(=O)N[C@H](Cc1ccc(OC(=O)c2c[nH]c3cc(Br)c(O)cc23)cc1)C(=O)O,6.0724611111111075,6.170423829365083,6.121442470238096
CC(C)C[C@@H]1OC(=O)[C@H](C)NC(=O)[C@H](C(C)C)OC(=O)[C@H](C)N(C)C(=O)[C@@H](C)NC(=O)[C@@H](Cc2ccccc2)N(C)C1=O,6.172817777777778,6.069881184523806,6.1213494811507925
CN[C@@H](CCC(=O)N[C@@H](CSSCCNC(=O)/C(Cc1ccc(O)c(Br)c1)=N/O)C(=O)NCC(=O)O)C(=O)O,6.22282111111111,6.018481498015875,6.120651304563493
COc1cccc2c1c(CC(N)=O)cn2[C@H]1O[C@H](C(N)=O)C[C@H](O)[C@@H]1O,6.134316666666668,6.106658478835979,6.1204875727513235
C[C@H](/C=C/[C@@H](C)[C@H]1C[C@@H](O)[C@@H]2[C@]1(C)CC[C@@H]1[C@@]3(C)CC[C@H](O)C[C@@H]3[C@@H](O)C[C@]12O)[C@H](C)C(=O)NCCOS(=O)(=O)[O-].[Na+],6.104583333333328,6.136358611111107,6.1204709722222175
CO[C@@H](CC[C@H](C)C1O[C@@]23C[C@H](OC(=O)C[C@H](CO)OC(=O)C[C@](O)(O2)[C@H](C)CC3(C)C)[C@@H]1C)c1cccc(O)c1,6.2272888888888875,6.013621717171715,6.120455303030301
C[C@H]1CC=C[C@H]2[C@@H]3O[C@]3(C)[C@@H](C)[C@H]3[C@H](Cc4ccccc4)NC(=O)[C@]32OC(=O)C=C[C@@](C)(O)C1=O,6.197471111111113,6.0432550760582,6.120363093584657
CC[C@H](C)[C@H]1NC(=O)[C@@H](NC(=O)[C@H](C)[C@H](O)C(C)C)[C@@H](C)OC(=O)[C@@H]2COC(=O)CNC(=O)/C=C/[C@]3(CO3)[C@@H](C)Oc3ccc(cc3)[C@H](NC1=O)C(=O)N[C@@H](Cc1ccccc1)C(=O)N[C@H]([C@@H](C)O)C(=O)N2,6.181738888888891,6.058850833333333,6.120294861111112
COC1=C(N)CC(O)(COS(=O)(=O)O)C/C1=N\C(C(=O)O)C(C)O,6.008452222222225,6.231603223304473,6.120027722763349
CC[C@@H]1CCC[C@H](C)CC[C@@H](O[C@@H]2O[C@@H](C)[C@@H](O)[C@H](NC(C)=O)[C@H]2O)[C@H](CC)CCCNC1=O,6.064105555555556,6.175862896825392,6.119984226190474
C[N+](C)([O-])CCc1c2c(c3nccc4c3c1Nc1ccccc1-4)NC(=O)CS2,6.022352777777782,6.217074176587298,6.11971347718254
O=S(=O)([O-])O[C@@H]1[C@H](OC[C@H]2O[C@@H](O)[C@@H](OS(=O)(=O)[O-])[C@@H](OS(=O)(=O)[O-])[C@@H]2O)O[C@H](CO)[C@@H](O)[C@@H]1OS(=O)(=O)[O-].[Na+].[Na+].[Na+].[Na+],6.233793333333338,6.005538423881677,6.119665878607508
[C-]#[N+][C@]12CCC(=C)[C@H]3[C@H](CC(C)(C)NC(=O)CN4C[C@H](OC)C4=O)C[C@H](C)[C@@H](CC[C@@H]1C)[C@@H]32,6.0442777777777765,6.194849316378063,6.11956354707792
CO[C@@H](CC[C@H](C)C1O[C@@]23C[C@H](OC(=O)C[C@H](CO)OC(=O)C[C@](O)(O2)[C@H](C)CC3(C)C)[C@@H]1C)c1cc(O)c(Br)cc1Br,6.202013333333334,6.037045685425685,6.119529509379509
C/C=C/C(O)CC1CCC(C)C(C(C)C(=O)NCC(O)C(C)C(=O)NCCCC2OC3(CCCC(CCC(C)/C=C(\C)C(C)O)O3)CCC2C)O1,6.190255555555551,6.048798055555551,6.119526805555552
O=Cc1c(O)ccc(O)c1OS(=O)(=O)O,6.158646666666665,6.0794584433621965,6.119052555014431
CC(C)C[C@H](NC(=O)C[C@@H](O)[C@@H](O)[C@H]1CCC(=O)N1)[C@@H]1Cc2cccc(O)c2C(=O)O1,6.045327777777777,6.192626954365078,6.1189773660714275
CC(C)C[C@@H]1NC(=O)[C@@H](NC(=O)/C=C/c2ccc(O)c(O)c2)[C@@H](C)OC(=O)[C@@H](C)CNC(=O)[C@@H](C)NC1=O,6.143163333333335,6.094348404761903,6.118755869047619
CCCCCCC[C@H](C/C=C/CCC(=O)N(C)[C@@H](C)C(=O)N[C@@H](C)[C@@H](O)[C@@H](C)C(=O)N1C(=O)C=C(OC)[C@@H]1C(C)C)OC,6.198055555555555,6.039430611471857,6.118743083513706
CCCCCCCCCCCC(=O)NC(CCCN(O)C(C)=O)C(=O)NC(CCCN(O)C(C)=O)C(=O)NC(CO)C(=O)NC(CCCN(O)C(C)=O)C(=O)O,6.208357777777778,6.028734067460314,6.118545922619045
C[C@H]1C[C@@H]2CN3[C@](CC[C@@]4(C)C5(C)CC(=O)O[C@@]34C[C@@]34C[C@@H]6C(=O)[C@H]([C@H]3C[C@H]6CO)[C@@H](C)C(=O)[C@H]54)(C1)O2,6.02468333333333,6.212216856060604,6.118450094696968
C=C1CCC[C@]2(C)CC[C@@H](C(C)C)[C@H](NC(=O)CN(CC(=O)N[C@@H]3[C@H]4C(=C)CCC[C@]4(C)CC[C@H]3C(C)C)CC(=O)OC)[C@@H]12,6.178966666666662,6.056984404761902,6.117975535714282
NC1=NC(=N\CCOS(=O)(=O)O)/C(=C/CCNC(=O)c2cc(Br)c(Br)[nH]2)N1,6.168324444444445,6.0675635227272755,6.11794398358586
CC(/C=C/c1ccc(Br)cc1)=C\[C@H](O)[C@@H]1CC(=O)N[C@@H](CO)C(=O)N[C@@H]2Cn3cnc(c3)C[C@H](NC(=O)C[C@H](O)C[C@@H](C(=O)O)NC(=O)CCNC(=O)[C@H](Cc3ccccc3)NC(=O)[C@H]([C@@H](O)C(N)=O)NC(=O)[C@H](CC(N)=O)NC2=O)C(=O)N[C@@H]([C@H](C)O)C(=O)N[C@@H](CO)C(=O)N[C@@H](Cc2ccccc2)C(=O)N1,6.210677777777777,6.024661607142853,6.117669692460315
CC(=O)N[C@H]1[C@H](O[C@@H]2CC3=CC(=O)CC[C@]3(C)C3CC[C@@]4(C)C(CC[C@@H]4[C@H](C)CCC[C@@H](C)CO)[C@@H]32)O[C@H](CO)[C@@H](O)[C@@H]1O,6.223261111111109,6.011886051587299,6.117573581349204
C=CC(C)(C)[C@]12Nc3ccccc3[C@@]1(OC(C)=O)C[C@H]1C(=O)O[C@@H](Cc3ccccc3)C(=O)N12,6.190475,6.044140840007218,6.11730792000361
Oc1ccc(O)c(COCc2cc(O)cc(Cl)c2O)c1,6.0178227777777815,6.216729034992788,6.117275906385284
C[S@@+]([O-])C[C@H]1O[C@@H](n2cnc3c(N)ncnc32)[C@H](O)[C@@H]1OC(=O)c1c[nH]c2cc(Br)c(O)cc12,6.137802222222219,6.096480876322748,6.117141549272484
C[S@+]([O-])C[C@H]1O[C@@H](n2cnc3c(N)ncnc32)[C@H](O)[C@@H]1OC(=O)c1c[nH]c2cc(Br)c(O)cc12,6.137802222222219,6.096480876322748,6.117141549272484
CC[C@@H](C)[C@@H]1NC(=O)[C@@H]2CCCN2C(=O)[C@H](Cc2ccccc2)NC(=O)[C@H](C)NC(=O)c2csc(n2)[C@H]([C@H](C)CC)NC(=O)[C@@H]2CCCN2C1=O,6.209141111111109,6.024663224206352,6.11690216765873
CC[C@H](C)[C@@H]1NC(=O)[C@@H]2CCCN2C(=O)[C@H](Cc2ccccc2)NC(=O)[C@H](C)NC(=O)c2csc(n2)[C@H]([C@@H](C)CC)NC(=O)[C@@H]2CCCN2C1=O,6.209141111111109,6.024663224206352,6.11690216765873
C/C(=C\Cn1c[n+](C)c2ncnc(N)c21)CC[C@]1(C)[C@@H](C)CC[C@]2(C)C(COC(=O)c3cc(Br)c[nH]3)=CCC[C@@H]12,6.101005555555556,6.132650023809525,6.1168277896825405
C/C(=C\Cn1c[n+](C)c2ncnc(N)c21)CC[C@]1(C)[C@H](C)CC[C@@]2(C)C(COC(=O)c3cc(Br)c[nH]3)=CCC[C@@H]12,6.101005555555556,6.132650023809525,6.1168277896825405
CN(CC(OCCOCCO)c1ccc(O)cc1)C(=O)/C=C/c1ccc(O)cc1,6.1180600000000025,6.11554917388167,6.116804586940836
CCC[C@H](Cc1c(Br)c(O)c2c(=O)c3c(O)c(Br)c(O)c4c5c(O)c(Br)c(O)c6c(=O)c7c(O)c(Br)c(C[C@@H](CCC)OS(=O)(=O)O)c8c1c2c(c34)c(c65)c78)OS(=O)(=O)O,6.166299999999999,6.067268154040402,6.116784077020201
CCOC(=O)/C=C/CCCC[C@H]1O[C@]2(CCCCCCCCCCCCCCCOC[C@H](N)COS(=O)(=O)[O-])CC[C@@H](O)C1O2.[Na+],6.1683666666666666,6.064086240079365,6.116226453373016
CO[C@@H]1C2=C(C(=O)C3=C(C2=O)S(=O)(=O)CCN3)C(C)(C)[C@@H]2CC[C@@](C)(OC)[C@@H]12,6.2281555555555554,6.004261587301587,6.116208571428571
CCCCCC[C@@H](C)/C=C(C)/C=C/C(=O)N[C@H]1C[C@]2(C=C(Cl)C(=O)[C@H](Cl)[C@H]2O)O[C@H]1OC,6.1505233333333384,6.08181387566137,6.116168604497354
Oc1cc(O)c(Oc2cc(O)c(O)c(O)c2Oc2cc(O)c(Oc3cc(O)c(O)c(O)c3Oc3cc(O)c(Oc4cc(O)c(O)c(O)c4)c(O)c3)c(O)c2)c(O)c1,6.111575555555552,6.120660705266959,6.116118130411255
C[C@H](CCC(=O)N[C@@H](CO)COS(=O)(=O)[O-])[C@H]1[C@@H](O)[C@H](O)C2C3C[C@@H](O)[C@@]4(O)C[C@@H](O)CC[C@]4(C)C3CC[C@@]21C.[Na+],6.060694444444439,6.170906102453102,6.11580027344877
C[C@H](CCC(=O)N[C@@H](CO)COS(=O)(=O)[O-])[C@H]1[C@@H](O)[C@H](O)C2C3C[C@H](O)[C@@]4(O)C[C@@H](O)CC[C@]4(C)C3CC[C@@]21C.[Na+],6.060694444444439,6.170906102453102,6.11580027344877
CC[C@H](C)[C@@H]1NC(=O)[C@H](C(C)C)NC(=O)[C@@H]2CCCN2C(=O)[C@H](Cc2ccc(O)cc2)NC(=O)[C@H](Cc2ccc(O)cc2)N(C)C1=O,6.141657777777777,6.089546140873016,6.115601959325396
COC1=C(C)C(=O)C2=C(C1=O)[C@H](CO)N1[C@@H](C#N)[C@@H]3C(=O)c4c(O)c(C)c(OC)c(O)c4[C@H]([C@@H]1C2)N3C,6.136452222222223,6.094602245670996,6.11552723394661
COc1cc(-c2ccccc2)c(OC)c(O)c1-c1ccc(O)c(O)c1,6.20630222222222,6.0243038805916305,6.115303051406926
C[C@@H](CC(=O)N(C)[C@H](C[C@H](C)C(Cl)Cl)C(=O)NCc1nccs1)C(Cl)Cl,6.1470933333333315,6.08337848611111,6.115235909722221
COCc1c(O)cc(C)c2c1Oc1c(C)cc(O)cc1OC2=O,6.154117777777778,6.074207555555553,6.114162666666665
CO[C@]1(C)c2nc3ccccc3c(=O)n2[C@H](C[C@@]2(O)c3ccccc3N3C(=O)C4(CC4)N(C(C)=O)[C@@H]32)C(=O)N1C,6.1755388888888945,6.052661144179897,6.114100016534396
COC1=C(Br)[C@H](O)[C@@]2(C=C1Br)CC(C(=O)NCCCC1NC(N)=NC1=O)=NO2,6.198551111111112,6.02963157407407,6.114091342592591
C[C@@H]1C[C@]23C[C@H]4C(C)(C)[C@@]5(C[C@@]4(CN2[C@@H]1O)N(C)C3=O)C(=O)Nc1c5ccc2c1C(=O)CC(C)(C)O2,6.004852222222225,6.223318012566137,6.114085117394181
CCCCCCC[C@@H](C/C=C/CCC(=O)N(C)C/C(=C\Cl)C/C(=C\C(=O)N1C[C@H](O)CC1=O)OC)OC,6.1870166666666675,6.040437669552668,6.113727168109667
C=C1[C@@H](C)[C@H]2[C@H](Cc3c[nH]c4ccccc34)NC(=O)[C@]23c2ccc([nH]2)C(=O)/C(C)=C/[C@@H](C)C/C=C/[C@H]3[C@@H]1O,6.016617777777778,6.210237060185182,6.11342741898148
CC[C@H](C)[C@H]1NC(=O)[C@@H](NC(C)=O)[C@@H](C)OC(=O)[C@H](C(C)C)NC(=O)[C@H](Cc2ccccc2)NC(=O)[C@@H]2CCCN2C(=O)[C@@H]2CCCN2C1=O,6.20503222222222,6.0216435912698385,6.113337906746029
CC(C)[C@H](CCCCCCCCCCCCC(=O)N[C@@H](C)C(=O)O)O[C@@H]1O[C@H](COC(=O)CCC(=O)O)[C@@H](O)[C@H](O)[C@H]1O,6.178916666666672,6.0477349476911995,6.113325807178936
COC(=O)C[C@H](C)Oc1cccc(O)c1O,6.17536222222222,6.050621321428566,6.112991771825393
C[C@@]1(O)C2=Nc3c([nH]c(=O)[nH]c3=O)N[C@H](C(=O)O[C@@H]3[C@@H](O)[C@@H](O)[C@@H](O)[C@H](O)[C@H]3O[C@@H]3OC[C@@H](O)[C@H](O)[C@H]3O)[C@H]2C[C@]12C(=O)Nc1cc(Br)ccc12,6.150460000000007,6.075381501984131,6.112920750992069
C/C=C(/C)C(=O)OCc1nccc2c1C(=O)C(NCCS(=O)(=O)O)=C(C)C2=O,6.036472222222222,6.189272870370375,6.112872546296298
C[C@H](Cc1cc(O)cc(O)c1C(=O)O[C@H](C)CC(=O)O)OC(=O)C[C@@H](C)OC(=O)c1c(O)cc(O)cc1C[C@@H](C)OC(=O)C[C@H](O)CO,6.119568888888886,6.105966234126982,6.112767561507934
Oc1cc(O)c(Oc2cc(O)c(Oc3cc(O)c(Oc4cc(O)c(O)c(O)c4Oc4cc(O)c(Oc5cc(O)c(O)c(O)c5)c(O)c4)c(O)c3)c(O)c2)c(O)c1,6.104295555555553,6.120660705266959,6.112478130411256
Oc1cc(O)c(Oc2cc(O)c(Oc3cc(O)c(O)c(O)c3Oc3cc(O)c(Oc4cc(O)c(Oc5cc(O)c(O)c(O)c5)c(O)c4)c(O)c3)c(O)c2)c(O)c1,6.104295555555553,6.120660705266959,6.112478130411256
C/C(=C\[C@H](C(C)C)N(C)C(=O)[C@@H](NC(=O)[C@H]1N(C)Cc2[nH]c3ccccc3c2C1(C)C)C(C)(C)C)C(=O)O,6.072255555555555,6.152657222222221,6.112456388888887
CS[C@H]1NC(=O)[C@@](Cc2ccc(OCC=C(C)C)cc2)(SC)N(C)C1=O,6.089279999999997,6.135249289321784,6.112264644660891
COC(=O)c1ccc(O)c(OCC=C(C)C)c1,6.137967777777779,6.085660254689755,6.111814016233767
O=C(OC[C@@H](O)[C@@H](O)COC(=O)/C(Cc1ccc(O)cc1)=N\O)/C(Cc1ccc(O)cc1)=N\O,6.165493888888889,6.0575609834054855,6.111527436147187
O=C(OCCC(OC(=O)c1ccc(O)cc1)[C@@H](COC(=O)c1ccc(O)cc1)OC(=O)c1ccc(O)cc1)c1ccc(O)cc1,6.141932222222218,6.0802914790764815,6.111111850649349
CC(=O)C[C@@]1(O)C(=O)N2C(C)(C)[C@@H]3Cc4cccc5c4[C@@]4(O[C@@]1(O)[C@@]2(O)[C@H]34)C(=O)N5C,6.098524444444445,6.123505092592592,6.111014768518519
CCCCCCCCCCCCCCCCCC(=O)OC[C@H](CO[C@H]1O[C@H](CN)[C@@H](O)[C@H](O)[C@H]1O)OC(=O)CCCCCCCCCCCCCCCCC,6.17616111111111,6.044711904761901,6.110436507936505
C[N+](C)(C)CCCOc1c(I)cc(CC[N+](C)(C)C)cc1I.[Cl-].[Cl-],6.140959444444447,6.079788368686867,6.110373906565657
CCOC(=O)CCCNc1cnc2c3c(ccnc13)C=C(OC)C2=O,6.069177777777776,6.151366607142858,6.110272192460317
CCCCCCCCC[C@H](CC(=O)NCCCCN)N1CC(=O)N[C@@H](Cc2ccccc2)C1=O,6.017499999999995,6.20295374007936,6.110226870039678
CS[C@]1(CO)C(=O)N(C)[C@](Cc2ccccc2)(SC)C(=O)N1C,6.072275555555556,6.1479371385281345,6.110106347041845
COc1c(O[C@@H]2O[C@H](CO[C@@H]3OC[C@H](O)[C@H](O)[C@H]3O)[C@@H](O)[C@H](O)[C@H]2O)cc(OC)c2c(=O)c3ccccc3oc12,6.033457777777783,6.186542613997114,6.110000195887448
CC[C@H](C)[C@@H]1NC(=O)[C@@H]2CCCN2C(=O)[C@H](Cc2ccccc2)NC(=O)[C@@H]2CCCN2C(=O)[C@H](Cc2ccc(O)cc2)NC(=O)[C@@H]2CCCN2C(=O)[C@H]([C@@H](C)CC)NC1=O,6.211185555555556,6.008768902777779,6.109977229166667
CC[C@H](C)[C@@H]1NC(=O)[C@@H]2CCCN2C(=O)[C@H](Cc2ccc(O)cc2)NC(=O)[C@@H]2CCCN2C(=O)[C@H]([C@@H](C)CC)NC(=O)[C@@H]2CCCN2C(=O)[C@@H](Cc2ccccc2)NC1=O,6.211185555555556,6.008768902777779,6.109977229166667
CC[C@H](C)[C@@H]1NC(=O)[C@@H]2CCCN2C(=O)[C@H]([C@@H](C)CC)NC(=O)[C@@H]2CCCN2C(=O)[C@H](Cc2ccc(O)cc2)NC(=O)[C@@H]2CCCN2C(=O)[C@H](Cc2ccccc2)NC1=O,6.211185555555556,6.008768902777779,6.109977229166667
CN(C)CCc1c2c(c3nccc4c3c1Nc1ccccc1-4)NC(=O)CS2,6.10015277777778,6.119466636904758,6.109809707341269
CCCCCCCCCCCCCCCC(=O)OCC(CO[C@H]1O[C@H](CN)[C@@H](O)[C@H](O)[C@H]1O)OC(=O)CCCCCCCCCCCCCCC,6.174894444444444,6.044711904761901,6.109803174603172
COC1=C(Br)[C@H](O)[C@@]2(C=C1Br)CC(C(=O)NCCC1N=C(N)NC1=O)=NO2,6.204151111111114,6.01520157407407,6.109676342592592
C[C@H]1CC=C[C@H]2[C@@H]3O[C@]3(C)[C@@H](C)[C@H]3[C@H](Cc4ccccc4)NC(=O)[C@]32OC(=O)C/C=C(/CO)C1=O,6.096638888888893,6.122219179894176,6.1094290343915345
Oc1ccc(O)c(COCc2cc(O)ccc2O)c1,6.004640000000002,6.213980820707075,6.1093104103535385
COc1cccc(OC)c1C(=O)c1c(O)cc(C)c(OC)c1COC(C)=O,6.090416666666673,6.128042383838384,6.109229525252529
CCC[C@@H]1NC(=O)[C@@H]2C[C@H](C)CN2C(=O)[C@@H](NC=O)CNC(=O)[C@@H](CC)NC(=O)c2coc(n2)[C@H](C)NC(=O)C1=O,6.131830000000003,6.0864505952380945,6.1091402976190485
COc1c(Br)cc(Br)c(CCN2C=[N+](C)CCC2)c1Br,6.1616000000000035,6.055983634559882,6.108791817279943
COC(=O)/C=C(/C(=O)O)C(Cc1c(Br)c(O)c(O)c(Br)c1Br)C(=O)O,6.03931777777778,6.1781210440115455,6.108719410894663
CC(=O)NC(CC(C)C)C(=O)NC(=Cc1cc(OC(C)=O)c(OC(C)=O)c(OC(C)=O)c1)C(=O)NC(Cc1c[nH]c2cc(Br)ccc12)C(=O)N/C=C/c1ccc(OC(C)=O)cc1,6.134138888888885,6.083070376984128,6.1086046329365065
Oc1cc(O)c(Oc2cc(O)c(Oc3cc(O)c(Oc4cc(O)c(Oc5cc(O)c(Oc6cc(O)c(O)c(O)c6)c(O)c5)c(O)c4)c(O)c3)c(O)c2)c(O)c1,6.096228888888887,6.120660705266959,6.108444797077922
C=C1CCC[C@@H]2[C@@](C)(Cc3cc(C(=O)OC)c(O)c(NC(=O)CO)c3O)[C@H](C)CC[C@@]12C,6.070755555555555,6.146117876984123,6.108436716269839
CC[C@@H]1C=CCC[C@]2(C[C@H]3CC[C@H]4[C@@H](C(=O)OCCCCCCCCCCCCCCCC(=O)O)[C@@]5(CCC[C@H](C)O5)N=C(N2)N34)O1,6.027135555555557,6.189025753968253,6.108080654761904
COc1c(C(CC(C)C)OC(C)=O)ccc2c1Oc1c(O)cc(C)cc1COC2=O,6.169771111111117,6.046210575396824,6.107990843253971
COc1c(Br)cc(C(=O)OCC[N+](C)(C)C)cc1Br,6.091996666666668,6.123543610750358,6.107770138708513
COc1c(C(O)CC(C)C)ccc2c1Oc1c(O)cc(C)cc1COC2=O,6.141286666666669,6.074245202380951,6.10776593452381
Oc1cc(O)c(Oc2cc(O)c(Oc3cc(O)c(Oc4cc(O)c(Oc5cc(O)c(O)c(O)c5)c(O)c4)c(O)c3)c(O)c2)c(O)c1,6.094862222222219,6.120660705266959,6.107761463744589
Oc1cc(O)c(Oc2cc(O)c(Oc3cc(O)cc(O)c3Oc3cc(O)c(Oc4cc(O)c(O)c(O)c4)c(O)c3)c(O)c2)c(O)c1,6.094862222222219,6.120660705266959,6.107761463744589
COc1cc(C)cc(Oc2cc(C)cc(O)c2)c1,6.194509999999999,6.020926419552669,6.107718209776334
C[C@@H]1C[C@H](Cl)[C@@H](/C(Cl)=C/C=C/C(Cl)=C/C=C/C=C/C=C/C=C/C(O)=C2\C(=O)[C@H](CC(N)=O)N([C@@H]3OC[C@@H](O)[C@H](O)[C@H]3O)C2=O)O1,6.070512222222225,6.144685502645502,6.107598862433864
CON(CCCCCCCCCCC#CCCc1cccnc1)[C@@H]1O[C@H](CO)[C@@H](O)[C@H](O)[C@H]1O,6.038666666666665,6.1760347384559875,6.107350702561327
CO[C@H]1/C=C/O[C@@]2(C)Oc3c(C)c(O)c4c(c3C2=O)C(=O)C2=C(NC(=O)[C@](C)(CC(=O)[C@@H]3C[C@@H]3[C@H](O)[C@@H](C)[C@@H](O)[C@@H](C)[C@H](OC(C)=O)[C@@H]1C)O2)C4=O,6.167760000000004,6.046744907407402,6.107252453703703
CCCCCC[C@H](C)[C@@H]1CC(=O)NCC(=O)N[C@@H](C(C)C)C(=O)N[C@H](CC(C)C)C(=O)N[C@@H](C)C(=O)N[C@@H](CC(C)C)C(=O)O1,6.200935555555559,6.0132821329365065,6.107108844246033
COc1c(OC)c2c(c(CCN(C)C)c1SC)SSS2,6.119612222222225,6.09419339069264,6.106902806457432
C/C(=C\Cn1c[n+](C)c2ncnc(N)c21)CC[C@]1(C)[C@@H](C)CC[C@@]2(C)C(COC(=O)c3cc(Br)c[nH]3)=CCC[C@@H]12.[Cl-],6.104227777777778,6.1095267301587315,6.106877253968255
CO/C(=C/C(=O)N1C(=O)C=CC1Cc1ccc(O)cc1)CCNC(=O)CCCCC(C)(C)C,6.05486111111111,6.158674940476186,6.106768025793649
CO/C(=C/C(=O)N1C(=O)C=C[C@@H]1Cc1ccc(O)cc1)CCNC(=O)CCCCC(C)(C)C,6.05486111111111,6.158674940476186,6.106768025793649
CC(C)[C@H](CCCCCCCCCCCCC(=O)NCC(=O)O)O[C@@H]1O[C@H](COC(=O)CCC(=O)O)[C@@H](O)[C@H](O)[C@H]1O,6.164661111111116,6.0477349476911995,6.106198029401158
CN1C(=O)/C(=C(/O)CCCCCCCCCCC/C=C\CCCCCCCCCCO[C@@H]2O[C@H](C(=O)O)[C@H](O[C@@H]3O[C@H](CO)[C@@H](O)[C@H](O)[C@H]3O)[C@H](O)[C@H]2O)C(=O)[C@H]1CC(=O)O,6.173129999999995,6.03734328042328,6.105236640211638
COC(=O)c1cc(OC)cc(O)c1Oc1cc(C)cc(O)c1C(=O)OC,6.069722222222225,6.140385202020201,6.105053712121213
CCCCCC/C=C\CCCCCC(=O)NC(CCCN(O)C(C)=O)C(=O)NC(CCCN(O)C(C)=O)C(=O)NC(CO)C(=O)NC(CCCN(O)C(C)=O)C(=O)O,6.190313333333333,6.01970543650793,6.105009384920631
C=CC(C)(C)OC(C)[C@@H]1NC(=O)[C@H](C(C)CC)NC(=O)[C@@H]2CSC(=N2)[C@H](C)NC(=O)[C@H]2N=C(OC2C)[C@H](Cc2ccccc2)NC1=O,6.181061111111114,6.028427242063489,6.104744176587301
CCCCCCCC[C@@H]1C[C@@H]2CC[C@H]3[C@@H](C(=O)OCCCCCCCCC[C@H]4NC(=N)N5CCCC5=C4C(=O)OCCCCNC(=N)N)[C@@H](C)N=C(N1)N23,6.060238888888885,6.1491707449494974,6.104704816919192
CCCCCCCCCC[C@H]1C[C@H]2CC[C@H]3[C@@H](C(=O)OCCCCCCCCCC4NC(=N)N5CCCC5=C4C(=O)OCCCCNC(=N)N)[C@@H](C)N=C(N1)N23,6.060238888888885,6.1491707449494974,6.104704816919192
CCCCCCCCCCC[C@H]1C[C@H]2CC[C@H]3[C@@H](C(=O)OCCCCCCCCCC4NC(=N)N5CCCC5=C4C(=O)OCCCCNC(=N)N)[C@@H](C)N=C(N1)N23,6.060238888888885,6.1491707449494974,6.104704816919192
CCCCCCCCC[C@H]1C[C@H]2CC[C@H]3[C@@H](C(=O)OCCCCCCCCCC4NC(=N)N5CCCC5=C4C(=O)OCCCCNC(=N)N)[C@@H](C)N=C(N1)N23,6.060238888888885,6.1491707449494974,6.104704816919192
COC(=O)c1c(O)cc(C)c(Cl)c1Oc1c(OC)cc(OC)cc1C(=O)O,6.005334444444444,6.203603777417027,6.104469110930736
Cc1cc(O)cc(Oc2cc(O)cc(C)c2CC(=O)C(C)C)c1,6.10370666666667,6.104956729437228,6.104331698051949
CCCCCCC[C@@H]1C[C@@H]2CC[C@H]3[C@@H](C(=O)OCCCCCCCCC[C@H]4NC(=N)N5CCCC5=C4C(=O)OCCCCNC(=N)N)[C@@H](C)N=C(N1)N23,6.059405555555552,6.1491707449494974,6.104288150252525
CC(C)C[C@H](NC(=O)[C@@H](N)C(C)C)C(=O)N1CCC[C@@H]1C(=O)N[C@H](C(=O)N1CCC[C@H]1C(=O)N[C@@H](CCC(N)=O)C(=O)O)C(C)C,6.179591111111111,6.02889354563492,6.104242328373015
COc1c([C@@H](O)CC(C)C)ccc(Oc2c(O)cc(C)cc2CO)c1C(=O)O,6.018126666666672,6.190348698051946,6.104237682359309
CC1=CC(=O)[C@@H]2[C@@H](C1)[C@]13CO[C@@]4([C@H]1O)N1C[C@@H]5O[C@@]1(CC[C@@]4(C)[C@]1(COC(=O)C1)[C@H]3C(=O)[C@@H]2C)C[C@@H](C)[C@H]5O,6.151188888888888,6.0560848809523815,6.103636884920634
O=C1N[C@H](CO)[C@H](Oc2ccc(O)cc2)[C@@H]1O,6.173597777777777,6.0324997853535365,6.103048781565657
CS[C@]1(CO)C(=O)N2c3ccccc3C[C@@]2(SC)C(=O)N1C,6.027000000000003,6.179072757936506,6.1030363789682545
CO[C@@H]1c2cc3c(nc2[C@@]2(C)OC(=O)C[C@H]2C1(C)C)CC[C@]1(C)C3=CC(=O)O[C@H]1c1ccoc1,6.19006666666667,6.01550010040885,6.10278338353776
CCCCCC[C@H](C)C[C@H](C)[C@H]1OC(=O)[C@H](C)NC(=O)[C@H](C)NC(=O)[C@H](CC(C)C)NC(=O)[C@H](C(C)C)NC(=O)CNC(=O)[C@@H]1C,6.191991111111114,6.0132821329365065,6.102636622023811
COC(=O)c1cc(OC)c(Cl)c(Oc2cc(C)cc(O)c2C(=O)OC)c1O,6.0016166666666715,6.203603777417027,6.102610222041849
COC(=O)c1cc(OC)c(Cl)c(O)c1Oc1cc(C)cc(O)c1C(=O)OC,6.0016166666666715,6.203603777417027,6.102610222041849
COC(=O)c1cc(OC)cc(OC)c1Oc1c(Cl)c(C)cc(O)c1C(=O)OC,6.020701111111112,6.184289396464647,6.102495253787879
CO[C@]12CCN(Cc3cc(O)c(O)c(Br)c3Br)[C@H]1NC(=O)N2,6.032987777777777,6.171258621031748,6.102123199404762
CC(=O)N[C@H]1CC(=O)OCC(O)c2ccc3c(c2Cl)C2=CC=C[C@]2(O[C@@H]2OC(C)(C)[C@@H](N(C)C)[C@@H](O)[C@H]2O)[C@@H]3Oc2c(O)cc1cc2Cl,6.1410666666666724,6.062915081770082,6.101990874218377
CCOC1(OCC)C(Br)=CC(O)(CC(N)=O)C=C1Br,6.020048333333335,6.183413919552664,6.101731126442999
CCCCCC[C@@H](C)/C=C(C)/C=C/C(=O)N[C@H]1C[C@]2(C=C(Br)C(=O)[C@H](Br)[C@H]2O)O[C@H]1OC,6.124798888888894,6.078435859788352,6.101617374338623
COc1cc(C)c(Oc2cc(C)cc(O)c2)c(O[C@@H]2O[C@H](CO)[C@@H](O)[C@H](O)[C@H]2O)c1,6.05811777777778,6.1450694195526685,6.101593598665224
COC1=C(C)C(=O)C2=C(C1=O)C1[C@@H]3Cc4c(OC(C)=O)c(C)c5c(c4[C@H](CO)N3[C@@H](O)[C@H](C2)N1C)OCO5,6.119530000000003,6.083562380351128,6.101546190175565
CC(=O)OC[C@@]1(C)CCC[C@@]2(C)C1CC[C@@]1(C)c3cc[n+](CC(=O)O)cc3CCC21,6.154111111111107,6.048846111111107,6.101478611111107
CC[C@H](C)[C@@H]1NC(=O)[C@@H]2CCCN2C(=O)[C@H](Cc2ccccc2)NC(=O)[C@H](Cc2ccc(O)cc2)NC(=O)[C@H]([C@@H](C)CC)NC(=O)[C@@H]2CCCN2C(=O)[C@H](Cc2ccccc2)NC1=O,6.194029999999999,6.008768902777779,6.101399451388889
CC[C@H](C)[C@@H]1NC(=O)[C@H](Cc2ccccc2)NC(=O)[C@@H]2CCCN2C(=O)[C@H]([C@@H](C)CC)NC(=O)[C@@H]2CCCN2C(=O)[C@H](Cc2ccccc2)NC(=O)[C@H](Cc2ccc(O)cc2)NC1=O,6.194029999999999,6.008768902777779,6.101399451388889
CO/C(C)=C/C(=O)N(C)CCC/C(=C/Cl)CC[C@H](C)C[C@@H](C)/C=C(\C)C(=O)N(C)Cc1nccs1,6.131554444444446,6.071239126984125,6.101396785714286
CO/C(C)=C/C(=O)N(C)CCC/C(=C\Cl)CC[C@H](C)C[C@@H](C)/C=C(\C)C(=O)N(C)Cc1nccs1,6.131554444444446,6.071239126984125,6.101396785714286
CCC[C@@H]1CC(=O)N[C@@H](CC(C)C)C(=O)N[C@H](Cc2ccccc2)C(=O)N[C@@H](CC(C)C)C(=O)N[C@@H](Cc2ccccc2)C(=O)O1,6.146449999999998,6.056285942460314,6.101367971230156
CC(C)[C@@H](O)[C@@H](C)C(=O)N[C@@H]1C(=O)N[C@H](C(C)C)C(=O)N[C@@H]2C(=O)N[C@@H](Cc3ccccc3)C(=O)N[C@H]([C@@H](C)O)C(=O)N[C@@H](COC(=O)CNC(=O)/C=C/[C@]3(CO3)[C@@H](C)Oc3ccc2cc3)C(=O)O[C@@H]1C,6.201861111111113,6.000597916666668,6.101229513888891
C=C1C[C@](OC)([C@H](O)C(=O)N[C@@H](OC)[C@@H]2C[C@@H](O)C(C)(C)[C@@H](C[C@H](O)CCC/C=C/C=C/C=C/C(=O)N[C@@H](CCCNC(=N)N)C(=O)O)O2)O[C@H](C)[C@@H]1C,6.198822222222224,6.00325423340548,6.101038227813852
CC#CC#CC#CC(O)C(O)CO,6.068653333333329,6.133129496212125,6.100891414772727
CC(=O)NC(CC(C)C)C(=O)NC(=Cc1cc(OC(C)=O)c(OC(C)=O)c(OC(C)=O)c1)C(=O)NC(Cc1c[nH]c2cc(Br)ccc12)C(=O)N/C=C/c1ccc(OC(C)=O)c(OC(C)=O)c1,6.117761111111105,6.083070376984128,6.100415744047616
CC(=O)NC(CC(C)C)C(=O)N/C(=C\c1cc(OC(C)=O)c(OC(C)=O)c(OC(C)=O)c1)C(=O)N[C@@H](Cc1c[nH]c2cc(Br)ccc12)C(=O)N/C=C/c1ccc(OC(C)=O)c(OC(C)=O)c1,6.117761111111105,6.083070376984128,6.100415744047616
CC[C@H](C)[C@@H]1NC(=O)[C@H](Cc2ccccc2)NC(=O)[C@@H]2CCCN2C(=O)[C@H](Cc2ccccc2)NC(=O)[C@@H]2CCCN2C(=O)[C@H](Cc2ccc(O)cc2)NC(=O)[C@@H]2CCCN2C1=O,6.191885555555554,6.008768902777779,6.100327229166666
CC1=CCC[C@H]2[C@](C)(Cc3cc(O)cc(-n4cnc5c(ncn5[C@H]5C[C@H](O)[C@@H](CO)O5)c4=O)c3O)[C@@H](C)CC[C@]12C,6.036227777777773,6.164367361111111,6.100297569444442
CON(CC(C)CCCCCCCCCCc1cccnc1)[C@@H]1O[C@H](CO)[C@@H](O)[C@H](O)[C@H]1O,6.004557777777776,6.195943793290039,6.100250785533907
CC1(C)CCC[C@]2(C)[C@H]3Cc4c(OS(=O)(=O)[O-])c(O)cc(CO)c4[C@@]3(C)CC[C@@H]12.[Na+],6.172452222222222,6.027740636002884,6.100096429112552
CCCCC(C)C1CC(=O)NCC(=O)N[C@@H](C(C)C)C(=O)N[C@H](CC(C)C)C(=O)N[C@@H](C)C(=O)N[C@@H](C(C)C)C(=O)O1,6.186880000000003,6.0132821329365065,6.100081066468254
COCc1c(C(C)O)cc(O)c(C)c1OC,6.066001111111114,6.1339574473304435,6.099979279220779
CC(C)CC12OC(=O)c3cc([C@H](c4c[nH]c5ccccc45)[C@H](O)CO)ccc3N1C(c1ccc(O)cc1)=C(c1ccc(O)cc1)C2=O,6.0930388888888904,6.106490912698413,6.099764900793652
CC[C@H](C)[C@H]1NC(=O)[C@H](CC(C)C)NC(=O)[C@@H](CC(C)C)NC(=O)[C@H](CC(C)C)NC(=O)[C@H](C(C)C)NC(=O)[C@@H](Cc2ccc(O)cc2)NC1=O,6.142729999999997,6.056248878968253,6.099489439484125
COc1cccc2c1C(=O)OCc1cc(CO)cc(O)c1O2,6.10198666666667,6.0969381269841305,6.0994623968254
C/N=C(\NC)NCCC/C=C/CCC[C@H](C)[C@@H]1OC(=O)/C(C)=C/C=C/[C@H](C)[C@@H](O)C[C@H](O)[C@@H](C)[C@H](O)CC[C@H](C)[C@@H](O)C[C@@]2(O)O[C@@H](C[C@@H](OC(=O)C(N)C(C)C)C[C@H](O)C[C@@H](O)C[C@H](O)/C(C)=C/C=C/[C@H]1C)C[C@@H](O)[C@@H]2O,6.195422222222221,6.002423333333328,6.098922777777775
COc1cc(C)cc(Oc2cc(C)cc(OC)c2OC)c1O,6.0353944444444485,6.1621876663059165,6.098791055375182
COc1c(Br)cc(CCC[C@H](C(=O)[O-])[N+](C)(C)C)cc1I,6.078631666666671,6.118665607503604,6.098648637085137
CCCCCCCC(C)CC(C/C=C/CCC(=O)NC(COC)C(O)C1=CC(C)C(O)C(C)(C)C1=O)OC,6.034594444444446,6.162656269841265,6.098625357142856
CCC[C@@H]1NC(=O)C(NC(=O)[C@H](C)NC(=O)CNC(=O)c2cc(O)ccc2O)CNC(=O)[C@H](CS(=O)(=O)[O-])NC(=O)/C=C/c2csc(n2)[C@@H](Cc2ccc(O)cc2)NC(=O)C(=O)[C@H](C(C)CC)NC1=O.[Na+],6.055555555555552,6.141037619047616,6.098296587301584
C/C(=C\C(=O)OCCCCCCCCCC(=O)Nc1c2sscc-2[nH]c1=O)C(O)C1OCC(C/C=C/C(C)C(C)O)C(O)C1O,6.0605333333333355,6.136009722222224,6.098271527777779
C/C(=C\C(=O)OCCCCCCCC(=O)Nc1c2sscc-2[nH]c1=O)[C@@H](O)[C@@H]1OC[C@H](C/C=C/C(C)[C@H](C)O)[C@@H](O)[C@H]1O,6.060333333333336,6.136009722222224,6.0981715277777795
C/C(=C\C(=O)OCCCCCCCC(=O)Nc1c2sscc-2[nH]c1=O)C(O)C1OCC(C/C=C/C(C)C(C)O)C(O)C1O,6.060333333333336,6.136009722222224,6.0981715277777795
CN(C)CCCOc1c(Br)cc([C@H]2CNC(=O)O2)cc1Br,6.07977888888889,6.116521488095236,6.098150188492063
CON(CCCCCCCCC#CCCCCc1cccnc1)[C@@H]1O[C@H](CO)[C@@H](O)[C@H](O)[C@H]1O,6.0198555555555515,6.1760347384559875,6.0979451470057695
Cc1cc(O)cc(Oc2cc(O)cc(C)c2C[C@@H](O)C(C)(C)O)c1,6.1338700000000035,6.0619808376623405,6.0979254188311725
Cc1cc(O)cc(Oc2cc(O)cc(C)c2C[C@H](O)C(C)(C)O)c1,6.1338700000000035,6.0619808376623405,6.0979254188311725
C=C1CCC[C@]2(C)CC[C@@H](C(C)C)[C@H](NC(=O)CN3[C@@H](C(=O)OC)CC[C@H]3C(=O)N[C@@H]3[C@H]4C(=C)CCC[C@]4(C)CC[C@H]3C(C)C)[C@@H]12,6.1595999999999975,6.036169543650793,6.097884771825395
CCCCCC[C@H](C)[C@H]1OC(=O)[C@H](C)NC(=O)[C@H](C)NC(=O)[C@H](CC(C)C)NC(=O)[C@H](C(C)C)NC(=O)CNC(=O)[C@@H]1C,6.182268888888891,6.0132821329365065,6.097775510912699
CCOC(=O)c1cc(OCC)c(C)c(O)c1C=O,6.006839999999999,6.1880808048340565,6.097460402417028
COc1c(O)c2c(c3c1SSSSS3)CCNC2,6.0633239682539735,6.131398328342956,6.097361148298464
CCCCCC/C=C\CCCCCCCCCCCC(=O)OC[C@@H](O)COP(=O)([O-])OCC[N+](C)(C)C,6.157630000000003,6.036435891053386,6.097032945526694
CC[C@H](CCCCCCCCCCCCC(=O)N[C@@H](C)C(=O)O)O[C@@H]1O[C@H](COC(=O)CCC(=O)O)[C@@H](O)[C@H](O)[C@H]1O,6.14631666666667,6.0477349476911995,6.097025807178935
C=C1[C@@H](C)[C@H]2[C@H](Cc3ccc(OC)cc3)NC(=O)[C@]23OC(=O)OC=C[C@@](C)(O)C(=O)[C@@H](C)CC=C[C@H]3[C@@H]1O,6.079072222222222,6.11407584986772,6.096574036044971
CCCCCCCCCCCCCCC(=O)O[C@H]1CC[C@H](NC(=O)[C@H](OC)[C@H](O)[C@@H](O)[C@H](O)/C=C/C(C)C)C(=O)NC1,6.010188888888889,6.182859146825389,6.0965240178571385
CCCCCCCCCCCCCCCCCCCCCCC[C@H](OC(C)=O)C(=O)N[C@@H](COC(C)=O)[C@H](OC(C)=O)[C@@H](CCCCCCCCCCCC)OC(C)=O,6.076452222222221,6.115820019841266,6.096136121031743
CN1C(=O)[C@]23SSS[C@@]1(CO)C(=O)N2[C@H]1N(c2ccc4oc5cc(=O)c(N)c(C(=O)O)c-5nc4c2C(=O)O)c2ccccc2[C@@]1(c1c[nH]c2ccccc12)[C@@H]3O,6.068277777777776,6.122084738756615,6.095181258267195
COCc1c(CO)cc(O)c(C)c1OC,6.044775555555557,6.144345304473301,6.094560430014429
CC[C@H](C)[C@@H]1NC(=O)[C@H](Cc2ccccc2)OC(=O)[C@H](C(C)C)N(C)C(=O)[C@H](C(C)C)OC(=O)[C@H](C)[C@@H](C)NC1=O,6.138446666666667,6.050127926587298,6.094287296626982
CC(O)[C@H](NC(=O)c1cccc(NC=O)c1O)C(=O)O[C@@H](C)[C@H](OC(=O)Cc1ccccc1)[C@@H](C)C(=O)O,6.09405555555556,6.094281869047619,6.09416871230159
COC(=O)c1cc(O)cc(OC)c1Oc1cc(C)cc(OC)c1C(=O)OC,6.062983333333335,6.125151178210679,6.094067255772007
Oc1cc(O)cc(Oc2cc(O)c(Oc3c(O)cc(O)cc3Oc3cc(O)c(Oc4cc(O)cc(O)c4Oc4cc(O)cc(O)c4Oc4cc(O)cc(O)c4Oc4cc(O)c(Oc5c(O)cc(O)cc5Oc5c(O)cc(Oc6c(O)cc(Oc7c(O)cc(Oc8c(O)cc(Oc9c(O)cc(Oc%10c(O)cc(Oc%11c(O)cc(O)cc%11O)cc%10O)cc9O)cc8O)cc7O)cc6O)cc5O)c(O)c4)c(O)c3)c(O)c2)c1,6.066462222222219,6.120660705266959,6.093561463744589
CCC(C)[C@@H]1NC(=O)C2N=C(O[C@@H]2C)c2csc(n2)[C@@H](Cc2ccccc2)NC(=O)[C@H](C(C)C)NC(=O)[C@H]2N=C(O[C@@H]2C)c2csc(n2)[C@@H](C)NC1=O,6.161696666666666,6.025307628968252,6.093502147817459
CC(C)Cc1ncc(C(O)C(C)C)n([O-])c1=O.CC(C)Cc1ncc(C(O)C(C)C)n([O-])c1=O.CC(C)Cc1ncc(C(O)C(C)C)n([O-])c1=O.[Fe+3],6.12562777777778,6.061359734126984,6.093493755952382
CC(C)C[C@@H]1NC(=O)[C@@H]2CCCN2C(=O)[C@H](CC(C)C)OC(=O)[C@@H]2CCCN2C(=O)[C@H](Cc2ccccc2)NC(=O)[C@H](Cc2ccccc2)NC1=O,6.180885555555553,6.005632771825394,6.093259163690473
CC(O)CCCCC(C)C1CC(O)C(C)C(=O)N[C@H](Cc2ccccc2)C(=O)N2CCC[C@H]2C(=O)O1,6.099933333333331,6.085905386904759,6.092919360119045
Oc1cc(O)c(Oc2cc(O)c(Oc3cc(O)c(Oc4cc(O)c(O)c(O)c4Oc4cc(O)c(Oc5cc(O)c(Oc6cc(O)c(O)c(O)c6)c(O)c5)c(O)c4)c(O)c3)c(O)c2)c(O)c1,6.064895555555553,6.120660705266959,6.092778130411256
COc1cc2c(cc1O)OCc1c-2oc(CO)cc1=O,6.038990000000002,6.146530471139971,6.092760235569987
CON(CCCCCCCCCCC#CCCCCc1cccnc1)[C@@H]1O[C@H](CO)[C@@H](O)[C@H](O)[C@H]1O,6.009444444444443,6.1760347384559875,6.092739591450215
COc1cccc(Oc2c(O)cc(C)cc2C=O)c1C(=O)O,6.044842222222222,6.140385202020201,6.092613712121212
CN(/C=C\c1c(Br)n(C)c2c(Br)c(Br)ccc12)C(=O)[C@@H]1CCCN1C,6.113822222222222,6.071310833333332,6.092566527777777
C=CC(/C=C\c1ccc(OC)c(O)c1)c1ccc(O)cc1,6.03015666666667,6.154703127344879,6.092429897005775
C=C1Oc2cc(OC)cc(C(=O)SC[C@H](NC(C)=O)C(=O)O)c2NC1=O,6.013943333333336,6.170222995310247,6.092083164321792
Oc1cc(O)cc(Oc2c(O)cc(Oc3c(O)cc(Oc4c(O)cc(Oc5cc(O)c(Oc6cc(O)c(Oc7cc(O)c(Oc8c(O)cc(O)cc8O)c(O)c7)c(O)c6)c(O)c5)cc4O)cc3O)cc2O)c1,6.063328888888885,6.120660705266959,6.091994797077922
COc1ccc(CC(=O)c2c(O)cc(OC)cc2OC)c(OC)c1,6.048448888888889,6.135394987012989,6.091921937950939
C[N+](C)(C)[C@H](CCCc1cc(Br)c(O)c(I)c1)C(=O)[O-],6.007906111111113,6.1747941266233735,6.091350118867243
CN1CC[C@]23C1=NCC[C@@]21C(=Nc2cc(Br)ccc23)Nc2c(Cl)cc(Cl)cc21,6.1620205555555545,6.0203561210317496,6.091188338293652
COc1cc(/C=C/C(=O)N(C)CC(O)c2ccc(O)cc2)ccc1O,6.028310000000005,6.153064769119765,6.090687384559885
CCC(C)[C@@H]1NC(=O)[C@H]2N=C(O[C@@H]2C)c2csc(n2)[C@@H](Cc2ccccc2)NC(=O)[C@H](CC(C)C)NC(=O)[C@H]2N=C(O[C@@H]2C)c2csc(n2)[C@@H](C)NC1=O,6.1556355555555555,6.025307628968252,6.090471592261904
CCCCC[C@@H]1CC[C@H](C)CCCCC(=O)N(C)[C@@H](Cc2ccc(OCC=C(C)C)cc2)C(=O)O1,6.058327777777777,6.121271204906203,6.08979949134199
COC[C@@H](COC(C)=O)N(C)C(=O)CC/C=C/CCCCC(Cl)CCCCCC(Cl)Cl,6.110921111111111,6.068518243145741,6.089719677128426
C[C@@H]1C[C@H](Cl)[C@H](/C=C/C=C\C=C\C(Cl)=C\C=C\C=C\C=C\C=C\C(O)=C2/C(=O)[C@H](CC(N)=O)N([C@@H]3OC[C@@H](O)[C@H](O)[C@H]3O)C2=O)O1,6.0339966666666704,6.144685502645502,6.089341084656086
CCCCC(C)[C@@H]1CC(=O)NCC(=O)N[C@@H](C(C)C)C(=O)N[C@H](CC(C)C)C(=O)N[C@@H](C)C(=O)N[C@@H](Cc2ccccc2)C(=O)O1,6.164502222222225,6.0132821329365065,6.088892177579366
CCCC[C@H](C)[C@@H]1CC(=O)NCC(=O)N[C@@H](C(C)C)C(=O)N[C@@H](CC(C)C)C(=O)N[C@@H](C)C(=O)N[C@@H](Cc2ccccc2)C(=O)O1,6.164502222222225,6.0132821329365065,6.088892177579366
CCCCCC[C@H](C)[C@@H]1CC(=O)NCC(=O)N[C@@H](C(C)C)C(=O)N[C@H](CC(C)C)C(=O)N[C@@H](C)C(=O)N[C@@H](Cc2ccccc2)C(=O)O1,6.163668888888892,6.0132821329365065,6.0884755109127
CCCCCCC(C)[C@@H]1CC(=O)NCC(=O)N[C@@H](C(C)C)C(=O)N[C@H](CC(C)C)C(=O)N[C@@H](C)C(=O)N[C@@H](Cc2ccccc2)C(=O)O1,6.163668888888892,6.0132821329365065,6.0884755109127
CCCCCC[C@H](C)[C@@H]1CC(=O)NCC(=O)N[C@@H](C(C)C)C(=O)N[C@@H](CC(C)C)C(=O)N[C@@H](C)C(=O)N[C@@H](Cc2ccccc2)C(=O)O1,6.163668888888892,6.0132821329365065,6.0884755109127
COC(=O)c1cc(O)cc(OC)c1Oc1cc(C)cc(OC)c1C(=O)O,6.036516666666668,6.140385202020201,6.0884509343434345
CC1=CCC[C@H]2[C@](C)(CC3=C(O)C(=O)C=C(NCCC[S+](C)[O-])C3=O)[C@@H](C)CC[C@]12C,6.125122222222225,6.0512754852092305,6.088198853715728
C=C1CCC[C@H]2[C@](C)(CC3=C(O)C(=O)C=C(NCCC[S+](C)[O-])C3=O)[C@@H](C)CC[C@]12C,6.125122222222225,6.0512754852092305,6.088198853715728
COC(CC1OC(=O)CC(OC(N)=O)CC(C)CC(O)C(C)C(OC)c2coc(n2)-c2coc(n2)-c2coc(n2)/C=C/CC(O)C1C)C(C)CCC(=O)C(C)C(OC)C(C)/C=C/N(C)C=O,6.1505333333333345,6.025630329485323,6.088081831409329
CC(C)CCCCCCCCC1CC(=O)N[C@@H](CC(N)=O)C(=O)N[C@@H](Cc2ccc(O)cc2)C(=O)N[C@H](CC(N)=O)C(=O)N[C@H](CCC(N)=O)C(=O)N2CCC[C@H]2C(=O)N[C@@H](CC(N)=O)C(=O)N[C@@H](CC(N)=O)C(=O)N1,6.173922222222221,6.001940863095234,6.087931542658728
CCC(C)CCCCCCCCCCC1CC(=O)N[C@@H](CC(N)=O)C(=O)N[C@@H](Cc2ccc(O)cc2)C(=O)N[C@H](CC(N)=O)C(=O)N[C@H](CCC(N)=O)C(=O)N2CCC[C@H]2C(=O)N[C@@H](CC(N)=O)C(=O)N[C@@H](CC(N)=O)C(=O)N1,6.173922222222221,6.001940863095234,6.087931542658728
CCC(C)CCCCCCCCC1CC(=O)N[C@@H](CC(N)=O)C(=O)N[C@H](Cc2ccc(O)cc2)C(=O)N[C@H](CC(N)=O)C(=O)N[C@@H](CCC(N)=O)C(=O)N2CCC[C@H]2C(=O)N[C@H](CC(N)=O)C(=O)N[C@@H](CC(N)=O)C(=O)N1,6.173922222222221,6.001940863095234,6.087931542658728
CC(C)CCCCCCCCCCC1CC(=O)N[C@@H](CC(N)=O)C(=O)N[C@@H](Cc2ccc(O)cc2)C(=O)N[C@H](CC(N)=O)C(=O)N[C@H](CCC(N)=O)C(=O)N2CCC[C@H]2C(=O)N[C@@H](CC(N)=O)C(=O)N[C@@H](CC(N)=O)C(=O)N1,6.173922222222221,6.001940863095234,6.087931542658728
CC(C)=CCC/C(C)=C/C[C@@]12CCN(C)[C@@H]1Nc1c(Br)ccc(O)c12,6.100140555555553,6.075530426587301,6.087835491071427
CC[C@H](C)[C@@H]1NC(=O)[C@@H](C)NC(=O)[C@H](C(C)C)NC(=O)C[C@@H](/C=C/c2ccccc2)OC(=O)[C@H](C(C)C)NC1=O,6.12548888888889,6.049772896825392,6.087630892857141
CC[C@H](C)[C@@H]1NC(=O)[C@@H](C)NC(=O)[C@H](C(C)C)NC(=O)C[C@H](/C=C/c2ccccc2)OC(=O)[C@H](C(C)C)NC1=O,6.12548888888889,6.049772896825392,6.087630892857141
CCC(=O)N(C)CCC/C(=C\Cl)CCC(C)C(O)C(C)C(=O)N1C(=O)C=C(OC)C1CC(C)C,6.011127777777778,6.164028055555555,6.087577916666667
CC[C@H](C)[C@@H]1NC(=O)[C@H](C)NC(=O)[C@@H]2CCCN2C(=O)[C@H](Cc2ccc(O)cc2)NC(=O)[C@@H]2CCCN2C(=O)[C@H]([C@@H](C)CC)NC(=O)[C@H](CCC(N)=O)NC1=O,6.150718888888889,6.023998823412698,6.087358856150793
CCCCCCCCCCCCCCCCOC(=O)[C@@H]1[C@@H]2CC[C@@H]3C[C@]4(CCC=C[C@@H](CC)O4)N=C(N[C@]14CCC[C@H](C)O4)N32,6.072213333333333,6.102050615079363,6.087131974206348
C=CC(C)(C)c1[nH]c2ccccc2c1/C=C1\NC(=O)[C@]2(C[C@H](C)C=C[C@@H]2CCc2c(O)cc(CC=C(C)C)c(O)c2C=O)NC1=O,6.146627777777778,6.027630555555556,6.087129166666667
CCCCCCCCCCCCCCCCCCCCC/C=C/[C@@H](O)[C@H](COP(=O)(O)O[C@@H]1[C@H](O)[C@H](O)[C@@H](O)[C@H](O)[C@H]1O[C@@H]1OC[C@@H](O)[C@@H](O)[C@@H]1O)NC(=O)CCCCCCCCCCCCCCCCC,6.1155500000000025,6.058289642857137,6.08691982142857
CC(C)C[C@@H]1NC(=O)[C@@H](CC(C)C)NC(=O)[C@H](Cc2ccccc2)NC(=O)[C@H](CC(C)C)OC(=O)[C@H](Cc2ccccc2)NC1=O,6.14754111111111,6.025423470238092,6.086482290674601
C[C@H](C[C@@H](C(=O)NCc1nccs1)N(C)C(=O)C[C@@H](C)C(Cl)(Cl)Cl)C(Cl)Cl,6.089285555555556,6.08337848611111,6.086332020833333
C[C@H](CC(=O)N(C)[C@@H](C[C@@H](C)C(Cl)(Cl)Cl)C(=O)NCc1nccs1)C(Cl)Cl,6.089285555555556,6.08337848611111,6.086332020833333
CCCCCC[C@@H](C)/C=C(C)/C=C/C(=O)N[C@@H]1CO[C@H]2[C@@H](Cl)C(=O)C(Cl)=C[C@@]2(O)C1,6.127020000000004,6.045337411616161,6.0861787058080825
COC(=O)[C@]1(O)CCc2oc3cc(CO)cc(O)c3c(=O)c21,6.074226666666668,6.097015685425689,6.085621176046178
CC[C@H](C)[C@H]1NC(=O)[C@@H](NC(=O)[C@H](C)[C@H](O)C(C)C)[C@@H](C)OC(=O)[C@H](CO)NC(=O)[C@@H]([C@@H](C)O)NC(=O)[C@H](Cc2ccccc2)NC(=O)[C@H](c2ccc(O)cc2)NC1=O,6.169972222222225,6.001009166666668,6.085490694444447
CN[C@@H](CCC(=O)N[C@@H](CSSCCNC(=O)/C(Cc1ccc(O)c(Br)c1)=N/O)C(=O)O)C(=O)O,6.151904444444442,6.018481498015875,6.085192971230159
CC(COS(=O)(=O)O)[C@H](O)CC[C@@H](C)[C@H]1CCC2C3C(CC[C@@]21C)[C@@]1(C)CC[C@H](NCCCNCCCCN)CC1C[C@H]3O,6.155152222222218,6.015206058802306,6.0851791405122615
CON(CCCC/C=C\CCc1cccnc1)[C@@H]1O[C@H](CO)[C@@H](O)[C@H](O)[C@H]1O,6.0307077777777724,6.139551563852811,6.0851296708152915
CC[C@H](C)[C@@H]1NC(=O)[C@@H](CC(C)C)NC(=O)[C@@H](C(C)C)NC(=O)[C@H](C(C)C)NC(=O)[C@@H](C(C)C)NC(=O)[C@H](Cc2ccc(O)cc2)NC1=O,6.11369333333333,6.056248878968253,6.084971106150792
CC(C)CCCCCCCCCCCCCC(C)CC(=O)OC[C@@H](O)COP(=O)([O-])OCC[N+](C)(C)C,6.097618888888889,6.071784632395378,6.084701760642133
CN1C(=O)/C(=C(/O)CCCCCCCCCCCCCCCCCCCCCO[C@@H]2O[C@H](C(=O)O)[C@@H](O[C@@H]3O[C@H](CO)[C@H](O)[C@H](O)[C@H]3O)[C@H](O)[C@H]2O)C(=O)[C@H]1CC(=O)O,6.131505555555552,6.03734328042328,6.084424417989416
CN1C(=O)/C(=C(/O)CCCCCCCCCCCCCCCCCCCCCO[C@@H]2O[C@H](C(=O)O)[C@H](O[C@@H]3O[C@H](CO)[C@@H](O)[C@H](O)[C@H]3O)[C@H](O)[C@H]2O)C(=O)[C@H]1CC(=O)O,6.131505555555552,6.03734328042328,6.084424417989416
CCC(=O)NCCCOc1c(Br)cc(CC#N)cc1Br,6.001816111111114,6.167001102092351,6.084408606601732
CC(C)CC(NC(=O)C(Cc1cnc[nH]1)NC(=O)C(Cc1ccccc1)NC(=O)C(N)Cc1ccccc1)C(=O)NC(Cc1cnc[nH]1)C(=O)NC(Cc1ccccc1)C(=O)NC(Cc1cnc[nH]1)C(=O)N/C=C/c1ccc(O)c(O)c1,6.116138888888891,6.052308690476191,6.084223789682541
COC(=O)Cc1cc(O)cc(O)c1C(=O)CCCCCCCOC(C)=O,6.061735555555551,6.106354821789323,6.084045188672437
C#CCCC[C@@H]1NC(=O)[C@H](C(C)C)NC(=O)[C@H](C(C)C)OC(=O)[C@H](C(C)C)OC(=O)[C@H](C(C)C)N(C)C(=O)[C@@H](C)[C@H](CCCC#C)NC(=O)[C@H](C(C)C)NC(=O)[C@H](C(C)C)OC(=O)[C@H](C(C)C)OC(=O)[C@H](C(C)C)N(C)C(=O)[C@H]1C,6.166341111111113,6.0005728345959595,6.083456972853536
CCC(C)[C@H]1NC(=O)[C@H]([C@@H](C)O)NC(=O)[C@@H]2CCCN2C(=O)[C@H](Cc2ccccc2)NC(=O)c2csc(n2)[C@@H](C)NC(=O)[C@@H]2CSC1=N2,6.066727777777775,6.100003938492065,6.08336585813492
CC(O)C(N)C(=O)NC(Cc1ccc(O)c(O)c1)C(=O)NC(Cc1c[nH]cn1)C(=O)N/C=C\c1c[nH]c2cc(Br)ccc12,6.161283333333333,6.005248561507935,6.083265947420633
Cc1cc2c3c(c1Br)O[C@]14N[C@]3(Oc3c(Br)c(C)cc(c31)[C@H]1[C@@H](C(C)C)CC[C@@]1(C)CC4=O)C(=O)C[C@]1(C)CC[C@H](C(C)C)[C@H]21,6.153502222222221,6.012984593253968,6.083243407738094
CC[C@@H](O)c1oc(=O)cc(OC)c1CO,6.0253466666666675,6.141108090187592,6.08322737842713
CN1C(=O)[C@@]23C[C@]4(c5c[nH]c6ccccc56)c5ccccc5N[C@@H]4N2C(=O)[C@]1(CO)SSS3,6.026617857142859,6.1397,6.08315892857143
C[C@@H]1CC[C@H]2C(C)(C)[C@H](O)CC[C@]2(C)[C@@]12Cc1c(O)cc3c(c1O2)CN(CCCCCN1Cc2c(cc(O)c4c2O[C@]2(C4)[C@H](C)CC[C@H]4C(C)(C)[C@H](O)CC[C@@]42C)C1=O)C3=O,6.149955555555554,6.015957669552669,6.082956612554112
COc1cc(CCN(C)CCCNC(C)=O)c(Br)cc1Br,6.144534444444446,6.020812063492059,6.082673253968252
CSc1c(CCNC(=O)c2ccc(O)c(Br)c2)[n+](C)cn1C,6.162155555555554,6.002642152777779,6.082398854166666
COC(=O)CN1Cc2c(cc(O)c3c2O[C@]2(C3)[C@H](C)CC[C@H]3C(C)(C)[C@H](O)CC[C@@]32C)C1=O,6.067796666666673,6.096779243626741,6.0822879551467075
C=CC(C)(C)[C@]1(C[C@@H]2NC(=O)[C@@]3(OC)CCCN3C2=O)C(=O)Nc2c1ccc1c2C=CC(C)(C)O1,6.15877777777778,6.003955443121692,6.081366610449736
C=CC(C)(C)[C@@]1(C[C@@H]2NC(=O)[C@]3(OC)CCCN3C2=O)C(=O)Nc2c1ccc1c2C=CC(C)(C)O1,6.15877777777778,6.003955443121692,6.081366610449736
C[C@@H]1CC[C@H]2C(C)(C)[C@H](O)CC[C@]2(C)[C@@]12Cc1c(O)cc3c(c1O2)CN(CCCCN1Cc2c(cc(O)c4c2O[C@]2(C4)[C@H](C)CC[C@H]4C(C)(C)[C@H](O)CC[C@@]42C)C1=O)C3=O,6.146755555555554,6.015957669552669,6.081356612554112
COc1cc2c(c(O)c1CO[C@@H](C)c1c(OC)cc3c(c1O)C(=O)CC[C@H]3O)C(=O)CC[C@@H]2O,6.051265555555556,6.111209602092353,6.081237578823955
COc1cc2c(c(O)c1CO[C@H](C)c1c(OC)cc3c(c1O)C(=O)CC[C@@H]3O)C(=O)CC[C@@H]2O,6.051265555555556,6.111209602092353,6.081237578823955
C[C@@H](N)[C@H](O)CCCCCCCCC(=O)CCCCCCCCCCCCCC[C@@H](O[C@@H]1O[C@H](CO)[C@H](O)[C@H](O)[C@H]1O)[C@H](N)CO,6.088535555555552,6.07375793380231,6.0811467446789305
C=C1CCC[C@]2(C)CC[C@@H](C(C)C)[C@H](NC(=O)[C@H]3C[C@H](O)C[C@@H](C(=O)N[C@@H]4[C@H]5C(=C)CCC[C@]5(C)CC[C@H]4C(C)C)N3CC(=O)NCCc3ccccc3)[C@@H]12,6.147033333333332,6.014650575396822,6.080841954365077
CC(C)C[C@H]1NC(=O)[C@@H](C(C)C)NC(=O)[C@H](C(C)C)NC(=O)[C@@H](C(C)C)NC(=O)[C@H](Cc2ccc(O)cc2)NC(=O)[C@H](C(C)C)NC1=O,6.105026666666664,6.056248878968253,6.080637772817458
CO[C@H]([C@H](C)/C=C/N(C)C=O)[C@@H](C)C(=O)CC[C@H](C)[C@H](C[C@@H]1OC(=O)C[C@@H](OC(N)=O)C[C@H](C)C[C@H](O)[C@H](C)[C@@H](O)c2coc(n2)-c2coc(n2)-c2coc(n2)/C=C/C[C@H](O)[C@H]1C)OC,6.135566666666669,6.025630329485323,6.080598498075997
C/C(=C\Cn1c[n+](C)c2ncnc(N)c21)CC[C@]1(C)[C@@H](C)CC[C@@]2(C)C(COC(=O)c3ccc[nH]3)=CCC[C@@H]12.[Cl-],6.101216666666666,6.059971646825399,6.080594156746033
CC[C@@H](C)[C@H](NC(=O)[C@@H](Cc1ccccc1)N(C)C(=O)[C@@H](N)CC(C)C)C(=O)Nc1c(O)cccc1C(=O)O,6.03593888888889,6.124314158730154,6.080126523809522
CCC(O)C(C)/C=C/CC1COC(C(O)/C(C)=C/C(=O)OCCCCCCCC(=O)Nc2c3sscc-3[nH]c2=O)C(O)C1O,6.071433333333336,6.088357361111113,6.079895347222225
CC(=O)OCC/C=C/C=C/C=C/CCc1ccc(OC(C)=O)c(O)c1,6.085412222222221,6.073962282828285,6.079687252525253
CC(=O)OCC/C=C/C=C/C=C/CCc1ccc(O)c(OC(C)=O)c1,6.085412222222221,6.073962282828285,6.079687252525253
N[C@H]1[C@H](O)[C@H](O)[C@@H](OCC(O)CO)O[C@@H]1CO,6.048908888888885,6.109728813492064,6.079318851190475
NCCCOc1c(Br)cc(CCN)cc1Br,6.117822222222221,6.040613324314574,6.079217773268398
CC/C=C\C/C=C/C=C/C(=O)OC(C)/C=C\C/C=C/C=C/C(=O)O[C@H]1[C@@H](O)[C@H](O)[C@H](O[C@@H]2[C@H](O)[C@@H](CO)O[C@H]2n2cnc3c(=O)[nH]cnc32)O[C@H]1C,6.067583333333338,6.089903575396827,6.078743454365082
CCC(C)C(=O)O[C@H]1[C@H](C)OC(=O)[C@@H](NC(=O)c2cccc(NC=O)c2O)[C@@H](C)OC(=O)[C@@H]1Cc1ccccc1,6.152024444444447,6.005330468253966,6.078677456349206
C[C@H](CC(=O)N(C)[C@H](C[C@@H](C)C(Cl)(Cl)Cl)C(=O)NCc1nccs1)C(Cl)(Cl)Cl,6.073580000000001,6.08337848611111,6.078479243055556
C[C@H](CC(=O)N(C)[C@@H](C[C@@H](C)C(Cl)(Cl)Cl)C(=O)NCc1nccs1)C(Cl)(Cl)Cl,6.073580000000001,6.08337848611111,6.078479243055556
C[C@H](N)[C@@H](O)CCCCCCCC(=O)CCCCCCCCCCCCCC[C@@H](O)[C@@H](N)CO[C@@H]1O[C@H](CO)[C@@H](O)[C@H](O)[C@H]1O,6.082779999999996,6.07375793380231,6.0782689669011525
C[C@@H](N)[C@H](O)CCCCCCCCCCCCCCC(=O)CCCCCCC[C@@H](O[C@@H]1O[C@H](CO)[C@@H](O)[C@H](O)[C@H]1O)[C@@H](N)CO,6.082779999999996,6.07375793380231,6.0782689669011525
C[C@@H](N)[C@H](O)CCCCCCCC(=O)CCCCCCCCCCCCCC[C@@H](O[C@@H]1O[C@H](CO)[C@@H](O)[C@H](O)[C@H]1O)[C@@H](N)CO,6.082779999999996,6.07375793380231,6.0782689669011525
CC(N)C(O)CCCCCCCCCCCCCCC(=O)CCCCCCCC(O[C@@H]1O[C@H](CO)[C@@H](O)[C@H](O)[C@H]1O)C(N)CO,6.082779999999996,6.07375793380231,6.0782689669011525
C=C(C)[C@H](O)COc1ccc(CCO)cc1,6.109745555555549,6.046787380050506,6.078266467803028
CC(C)=CCOc1cc(O)c2c3c(c(O)cc(C)c13)C1=C(N[C@]34C[C@@H](O)CC[C@]3(C)C3=CC[C@]5(C)[C@@H]([C@H](C)/C=C/[C@H](C)C(C)C)CC[C@H]5C3=C[C@@H]4O1)C2=O,6.059355555555558,6.0970937301587265,6.078224642857142
C[C@@H](N)[C@H](O)CCCCCCCCCCCCCCC(=O)CCCCCCC[C@@H](O[C@@H]1O[C@H](CO)[C@H](O)[C@H](O)[C@H]1O)[C@@H](C)N,6.149893333333329,6.006465130230882,6.078179231782105
CC(N)C(O)CCCCCCCC(=O)CCCCCCCCCCCCCCC(O[C@@H]1O[C@H](CO)[C@H](O)[C@H](O)[C@H]1O)C(C)N,6.149893333333329,6.006465130230882,6.078179231782105
C[C@H](N)[C@@H](CCCCCCCCCCCCCCC(=O)CCCCCCC[C@@H](O)[C@@H](C)N)O[C@@H]1O[C@H](CO)[C@H](O)[C@H](O)[C@H]1O,6.149893333333329,6.006465130230882,6.078179231782105
C[C@@H](N)[C@H](O)CCCCCCCC(=O)CCCCCCCCCCCCCC[C@@H](O[C@@H]1O[C@H](CO)[C@H](O)[C@H](O)[C@H]1O)[C@@H](C)N,6.149893333333329,6.006465130230882,6.078179231782105
CC1=C[C@@H](C)CC=C[C@H]2[C@H](O)[C@](C)(O)[C@@H](C)[C@H]3[C@H](Cc4c[nH]c5ccccc45)NC(=O)[C@]32C(=O)CC[C@H](O)C1=O,6.091963333333332,6.0632511276455,6.077607230489416
CC1=C[C@@H](C)CC=C[C@H]2[C@H](O)[C@@](C)(O)[C@@H](C)[C@H]3[C@H](Cc4c[nH]c5ccccc45)NC(=O)[C@]32C(=O)CC[C@H](O)C1=O,6.091963333333332,6.0632511276455,6.077607230489416
CC(=O)OC[C@]12CC[C@@H](N)C[C@@H]1CC[C@H]1[C@@H]3CC[C@H]([C@H](C)C[C@H]4[C@H](C(C)C)CCN4C)[C@@]3(C)CC[C@@H]12,6.0199599999999975,6.134842679473304,6.077401339736651
CC[C@@H](C)[C@H]1NC(=O)C(C)C(O)CC(C(C)CCCCC(C)O)OC(=O)[C@@H]2CCCN2C1=O,6.067455555555554,6.085905386904759,6.076680471230157
CCCC(=O)O[C@@H]1CC2C(C)(C)CCC[C@]2(C)C2CC[C@@H](C(=O)OC)[C@H]3[C@H]4CC5(C)CN4[C@H](O5)[C@@]231,6.05151333333333,6.101670915704666,6.0765921245189976
CCC[C@@H](C)[C@H](O)[C@H](C)[C@@H](O)[C@@H](C)[C@H](Cc1nc(C2=N[C@@](C)(C3=N[C@@](C)(C(=O)N[C@H]([C@@H](O)[C@@H](C)C(=O)O)[C@@H](C)CC)CS3)CS2)cs1)OC,6.0959777777777795,6.057028273809519,6.076503025793649
CCCCCC[C@@H](C)/C=C(C)/C=C/C(=O)N[C@H]1C[C@]2(O[C@H]1OC)[C@H](O)[C@H](Cl)C(=O)[C@H](Cl)[C@H]2O,6.069740000000004,6.08181387566137,6.075776937830687
C=C=CCOc1ccc(/C=C/C(=O)O)cc1,6.022988888888885,6.127973107142859,6.0754809980158715
CN1C(=O)[C@@]23C[C@]4(c5c[nH]c6ccccc56)c5ccccc5N[C@@H]4N2C(=O)[C@]1(CO)SS3,6.011169444444447,6.1397,6.075434722222224
COc1c([C@@H](O)CC(C)C)ccc2c1C(=O)OCc1cc(CO)cc(O)c1O2,6.036134444444449,6.113842920634918,6.074988682539683
COc1c([C@H](CC(C)C)OC(C)=O)ccc2c1C(=O)Oc1cc(C)cc(CO)c1O2,6.102380000000005,6.046210575396824,6.074295287698414
CC1=C[C@@H](C)CC=C[C@H]2C=C(CO)[C@@H](C)[C@H]3[C@H](Cc4c[nH]c5ccccc45)NC(=O)[C@@]23C(=O)CCC(=O)C1=O,6.012422222222224,6.134169480820103,6.073295851521163
CS[C@@H]1C(=O)N[C@](Cc2ccc(OCC=C(C)C)cc2)(SC)C(=O)N1C,6.089279999999997,6.0570673015872964,6.073173650793647
Cc1cc(O)cc(Oc2cc(C)cc(O[C@H]3O[C@H](CO)[C@@H](O)[C@H]3O)c2O)c1,6.119765555555558,6.025950251082255,6.072857903318907
CC[C@H](C)/C=C/C1=CC2=C(Cl)C(=O)[C@@]3(C)OC(=O)C(C(=O)[C@@H](C)[C@@H](C)O)=C3C2=CN1CCOCCO,6.033305555555552,6.112348234126981,6.072826894841267
COC(=O)c1cc(OC)c2c(O)c(C(C)=O)c(O)c(O)c2c1,6.087402222222227,6.057807880591631,6.07260505140693
CC(=O)[C@H]1[C@@H]2C=C[C@@H]3[C@H]4C/C=C\C(=O)NCCC[C@H]5C(O)=C(C(=O)/C=C/[C@@H]4C[C@@H]3[C@H]2C[C@H]1C)C(=O)N5C,6.024668888888887,6.120030892857143,6.072349890873015
CO[C@]1(C)CC[C@H]2[C@@H]([C@@H]3[C@H]1CC[C@@]3(C)CNCCS(=O)(=O)O)C2(C)C,6.096357777777771,6.047911220238091,6.072134499007931
CO[C@]1(C)CC[C@@H]2[C@H]([C@H]3[C@H]1CC[C@@]3(C)CNCCS(=O)(=O)O)C2(C)C,6.096357777777771,6.047911220238091,6.072134499007931
C/C(=C\C=C\C(C)/C=C/CC(C)C)[C@H]1[C@@H](O)[C@@H]2[C@H](CS(=O)(=O)CCN2CC2=C[C@H](O)[C@H](/C(C)=C/C=C/C(C)/C=C/CC(C)C)[C@@H](O)C2=O)C(=O)[C@@H]1O,6.123211111111107,6.020971024531019,6.072091067821063
CNCCc1ccc(O)c(Br)c1,6.010092222222225,6.132483160714282,6.071287691468253
CCCCCCCCCCCC[C@@H]1N=C(N)N[C@@]2(CCCO2)[C@@H]1C(=O)OCCCCCNC(=N)N,6.042557777777774,6.0996208531746,6.071089315476187
CCCCCCCCCCCCC[C@@H]1N=C(N)N[C@@]2(CCCO2)[C@@H]1C(=O)OCCCCCNC(=N)N,6.040824444444442,6.0996208531746,6.070222648809521
CC(C)C1=C2N=C3OC=CC=C[C@@]34OC[C@H]3O[C@@]4(OC3(C)C)N2[C@@H](Cc2ccccc2)C(=O)N1,6.13778333333333,6.001541964285716,6.069662648809523
CC1=C[C@H](C)/C=C(/C)[C@@H]2[C@]34C[C@@]5(NC(=O)[C@H](CC(C)C)[C@H]5[C@@H](C)C1=O)C(=O)c1cc(C)c(O)c(c13)C(=O)[C@@]2(C)O4,6.0212455555555575,6.1172186871693075,6.0692321213624325
COCc1cc(O)c(O)c2c1[C@@]1(C)CC[C@H]3C(C)(C)CCC[C@]3(C)[C@H]1C2,6.041796666666665,6.096440038419912,6.069118352543288
COc1cc(O)c2c(c1O)C(=O)c1ccc(O)c(C(C)=O)c1C2=O,6.080036666666669,6.057807880591631,6.06892227362915
CC(C)=CCC/C(C)=C/CCC(C)/C=C/C(=O)NC[C@@H]1CC[N@+]2(C)CCCC[C@H]12.O=P([O-])(O)O,6.071961111111108,6.065763908730161,6.068862509920635
C=C=CCOc1ccc(/C=C/C(=O)N[C@@H]2CCCCNC(=O)[C@H](C)N(C)C(=O)[C@H](C(C)C)N(C)C2=O)cc1,6.001733333333328,6.13565530844156,6.0686943208874435
C=C=CCOc1ccc(/C=C/C(=O)N[C@H]2CCCCNC(=O)[C@H](C)N(C)C(=O)[C@@H](C(C)C)N(C)C2=O)cc1,6.001733333333328,6.13565530844156,6.0686943208874435
CC[C@H]1[C@@H]2[C@H](Cl)[C@@H](O)[C@H]3[C@H](C[C@H]4/C=C/C(=O)C5=C(O)[C@@H](CCCNC(=O)/C=C\C[C@H]34)NC5=O)[C@H]2C[C@H]1C,6.104352222222221,6.0329261309523785,6.0686391765873
COC(=O)[C@@H]1C[C@H](O)[C@H](O)[C@@H](n2cc(CC(N)=O)c3c(OC)cccc32)O1,6.044122222222225,6.093072982804233,6.068597602513229
C=C1CCC[C@@H]2[C@@](C)(CC[C@@]3(C)CCn4cnc5ncnc(c54)N3OC)[C@H](C)CC[C@@]12C,6.061968888888888,6.074944841269842,6.068456865079365
C[As](C)(=O)C[C@H]1O[C@@H](OCC(O)COP(=O)(O)OCC(O)CO)[C@H](O)[C@@H]1O,6.136501111111111,6.00036293229918,6.068432021705146
CCOC(=O)[C@@H]1[C@@H]2CC[C@@H]3C[C@]4(CCC=C[C@@H](CC)O4)N=C(N[C@]14CCC[C@H](C)O4)N32,6.034724444444446,6.102050615079363,6.068387529761905
COc1ccc(C/C(=N\O)C(=O)NCCc2c[nH]cn2)cc1Br,6.057933333333333,6.078200585317458,6.068066959325396
COc1c(I)cc(CCN(C)C)cc1I,6.120500555555552,6.015589329004322,6.068044942279936
CCCCC[C@@H]1CC(=O)N[C@@H](CC(C)C)C(=O)N[C@H](Cc2ccccc2)C(=O)N[C@@H](CC(C)C)C(=O)N[C@@H](Cc2ccccc2)C(=O)O1,6.122561111111108,6.0132821329365065,6.067921622023807
COc1ccc2c3c(n(CC=C(C)C)c2c1)[C@H](C=C(C)C)N1C(=O)[C@@H]2CCCN2C(=O)[C@@]1(O)[C@H]3OC,6.10871666666667,6.0265220977633485,6.067619382215009
CCCCCCCCC[C@@H]1N=C(N)N[C@]2(CCCO2)[C@@H]1C(=O)OCCCCCCCCNC(=N)N,6.035313333333331,6.0996208531746,6.067467093253965
COc1ccc(O)c(-c2cc(OC)ccc2O)c1,6.107578888888891,6.026439178210678,6.067009033549784
COc1cc2nc(C(=O)NCC(=O)O)sc2c(C/C=C(\C)CC/C=C(\C)CC/C=C(\C)CCC/C(C)=C\CC(=O)O)c1O,6.004644444444446,6.127634761904757,6.0661396031746015
CO[C@H]1O[C@@H]([C@@H]2CC(=O)NC2=O)CC=C1CC/C=C(\C)CC/C=C(\C)CCC=C(C)C,6.043761111111112,6.088461137566132,6.066111124338622
CC(C)C[C@H](NC(=O)[C@H](CCC(N)=O)NC(=O)[C@@H](N)Cc1ccc(O)cc1)C(=O)N1CCC[C@H]1C(=O)O,6.128849999999999,6.0022402123015866,6.065545106150793
CC[C@H](C)[C@@H]1NC(=O)[C@H](CC(C)C)NC(=O)[C@@H](CC(C)C)NC(=O)[C@H]([C@@H](C)O)NC(=O)[C@H](Cc2ccc(O)cc2)NC1=O,6.1036055555555535,6.0270927599206345,6.065349157738094
CC(C)C[C@H](NC(=O)[C@@H](Cc1ccccc1)N(C)C(=O)[C@@H](N)C(C)C)C(=O)Nc1ccccc1C(=O)O,6.013605555555556,6.116921916666663,6.06526373611111
C[C@@H]1CC[C@H]2C(C)(C)[C@H](O)CC[C@]2(C)[C@@]12Cc1c(O)cc3c(c1O2)C(=O)N(CCO)C3,6.02530555555556,6.105184316378065,6.065244935966812
COc1ccc(CC(=O)CCCCCNC(=N)N)cc1Br,6.06350555555555,6.06600713690476,6.064756346230155
COc1cc(O)c2c(c1)C(=O)c1cc(C)c(O[C@H]3O[C@H](COC(C)=O)[C@@H](O)[C@H](O)[C@H]3O)cc1C2=O,6.0915744444444435,6.0361777925685445,6.063876118506494
CC(C)=CCC/C(C)=C/CC[C@@]1(C)Oc2c(c(O)cc3c2CN(C2CCCNC2=O)C3=O)C[C@H]1O,6.085872222222223,6.041037658730156,6.0634549404761895
CC(C)=CCC/C(C)=C/CC[C@]1(C)Oc2c(c(O)cc3c2CN([C@@H]2CCCNC2=O)C3=O)C[C@@H]1O,6.085872222222223,6.041037658730156,6.0634549404761895
CC(C)=CCC/C(C)=C/CC[C@]1(C)Oc2c(c(O)cc3c2CN([C@H]2CCCNC2=O)C3=O)C[C@@H]1O,6.085872222222223,6.041037658730156,6.0634549404761895
CC1=C[C@@H]2/C=C(\C)CC[C@H](O)[C@H]3O[C@H]4OCC(C)=C5C(=O)[C@@H](O)[C@H](C(=O)[C@]26C(=O)N[C@@H](CC(C)C)[C@@H]6[C@@H]1C)[C@@H]3[C@H]54,6.070746666666664,6.0555100165343925,6.063128341600528
COc1c(SC)c(CCNC(C)=O)c2c3c(ccnc13)-c1ccccc1N2,6.039991666666669,6.085831247294371,6.062911456980521
CCC[C@@H]1CC(=O)N[C@@H](Cc2ccccc2)C(=O)N[C@H](CC(C)C)C(=O)N[C@H](C)C(=O)N[C@@H](CC(C)C)C(=O)O1,6.067594444444444,6.056285942460314,6.061940193452379
CC(C)C[C@@H]1NC(=O)[C@H](Cc2ccccc2)NC(=O)[C@H](CC(C)C)NC(=O)[C@H](Cc2ccccc2)NC1=O,6.0847355555555565,6.039122200396824,6.06192887797619
CC1=CC(=O)[C@H]2[C@H](CO)C(=O)[C@@H]3C4(C)CC(=O)O[C@@]5(C[C@@]3(C)[C@@H]2C1)N1C[C@H]2C[C@H](C)C[C@]1(CC[C@@]45C)O2,6.059116666666669,6.064362649711398,6.061739658189033
CC1=CC(=O)[C@@H]2[C@@H](C1)[C@]1(C)C[C@@]34OC(=O)CC(C)([C@H]1C(=O)[C@@H]2CO)[C@]3(C)CC[C@]12C[C@@H](C)C[C@H](CN14)O2,6.059116666666669,6.064362649711398,6.061739658189033
CC[C@]1(O)C[C@H](O[C@H]2C[C@H](N(C)C)[C@H](O)[C@H](C)O2)c2c(cc3c(c2O)C(=O)c2c(O)ccc(O)c2C3=O)[C@H]1C(=O)OC,6.00104111111111,6.122383039321792,6.061712075216452
CC[C@]1(O)C[C@@H](O[C@H]2C[C@H](N(C)C)[C@H](O)[C@H](C)O2)c2c(cc3c(c2O)C(=O)c2c(O)ccc(O)c2C3=O)[C@H]1C(=O)OC,6.00104111111111,6.122383039321792,6.061712075216452
C=CCCC/C(=C\Cl)CCC(C)/C=C/CCC(=O)NCC/C(=C\C(=O)N1C(=O)C=C[C@@H]1C)OC,6.0182222222222235,6.104306130952378,6.061264176587301
C#CCCC/C(=C\Cl)CCC(C)/C=C/CCC(=O)NCC/C(=C\C(=O)N1C(=O)C=C[C@@H]1C)OC,6.017577777777781,6.104306130952378,6.060941954365079
C[C@@H](CCC(=O)c1cnc2c(n1)c(=O)n(C)c(=O)n2C)C(=O)c1cnc2c(n1)c(=O)n(C)c(=O)n2C,6.02746111111111,6.094031326358829,6.06074621873497
CCCCCCCCCC(O)CC(=O)NC1COC(=O)C(NC(=O)c2cccc(O)c2O)COC(=O)C(NC(=O)c2cccc(O)c2O)COC(=O)C(NC(=O)c2cccc(O)c2O)COC1=O,6.005766666666667,6.115261478174599,6.060514072420633
CCC(C)C(=O)c1c(O)c(C)c(OC)c(C)c1OC,6.060556666666663,6.059200229076477,6.05987844787157
CCC(C)C(=O)c1c(OC)c(C)c(O)c(C)c1OC,6.060556666666663,6.059200229076477,6.05987844787157
CN[C@@H](CC(C)C)C(=O)NCCc1c[nH]c2cc(Br)c(Br)cc12,6.117255555555552,6.002064573412696,6.059660064484124
CCCc1cc(O)cc(O)c1C(=O)Oc1cc(O)cc(CCC)c1C(=O)O,6.028005555555557,6.0911707175324645,6.059588136544011
CCCc1cc(OC(=O)c2c(O)cc(O)cc2CCC)cc(O)c1C(=O)O,6.028005555555557,6.0911707175324645,6.059588136544011
CO[C@H]1[C@H](C)O[C@H]2Oc3cc(CO)nc(-c4ccccn4)c3O[C@@]2(OC)[C@@H]1O,6.0556333333333345,6.062920194805196,6.059276764069265
C[C@H]1CC[C@H]2C(=CCCC2(C)C)[C@@]1(C)CCC(CCCC1=CCN(CCCCNC(=N)N)C1=O)COS(=O)(=O)O,6.092788888888884,6.0244727687590185,6.058630828823951
COC(=O)c1c(Oc2cc(C)cc(O)c2C(=O)O)c(OC)cc(O)c1[N+](=O)[O-],6.04659888888889,6.070198064574315,6.058398476731602
C/C=C(\NC(=O)CNC(=O)c1cccc(O)c1O)C(=O)O[C@H](C)[C@H](NC(=O)CNC(=O)c1cccc(O)c1O)C(=O)O[C@H](C)[C@H](NC(=O)CNC(=O)c1cccc(O)c1O)C(=O)O,6.032535555555556,6.083891336580084,6.05821344606782
CCCCCC[C@@H](C)/C=C(C)/C=C/C(=O)N[C@H]1C[C@]2(O[C@H]1OC)[C@H](O)[C@H](Br)C(=O)[C@H](Br)[C@H]2O,6.034606666666671,6.078435859788352,6.056521263227512
CC1=C[C@@H](C)CC=C[C@H]2[C@@H]3O[C@]3(C)[C@@H](C)[C@H]3C(Cc4c[nH]c5ccccc45)NC(=O)[C@]32C(=O)CCC(=O)[C@H]1O,6.072335555555554,6.039238667328042,6.0557871114417985
CC1=C[C@@H](C)CC=C[C@H]2[C@@H]3O[C@]3(C)[C@@H](C)[C@H]3C(Cc4c[nH]c5ccccc45)NC(=O)[C@]32C(=O)CCC(=O)[C@@H]1O,6.072335555555554,6.039238667328042,6.0557871114417985
C[C@@H]1CC[C@H]2C(C)(C)[C@H](O)CC[C@]2(C)[C@@]12Cc1c(O[C@H]3O[C@H](CO)[C@@H](O)[C@H](O)[C@H]3O)cc3c(c1O2)CNC3=O,6.042633333333336,6.068691746031745,6.05566253968254
COc1cc(O)c2c(=O)oc(CO[C@@H]3O[C@H](CO)[C@@H](OC)[C@H](O)[C@H]3O)c(C)c2c1C,6.101224444444445,6.008755490981241,6.054989967712843
CO/C(=C\c1ccc(O)cc1)C(=O)N/C=C/c1ccc(OC)c(Br)c1,6.019945555555557,6.090008377344876,6.054976966450217
CO/C(=C/c1ccc(O)cc1)C(=O)N/C=C/c1ccc(OC)c(Br)c1,6.019945555555557,6.090008377344876,6.054976966450217
O=C(/C=C/c1ccc(O[C@H]2O[C@@H](CO)[C@H](O)[C@@H](O)[C@@H]2O)c(O)c1)O[C@H]1[C@H](O)C[C@@](O)(C(=O)O)C[C@H]1O,6.095813333333336,6.013426134920638,6.054619734126987
CC(C)C[C@@H]1NC(=O)[C@H](C(C)C)NC(=O)[C@H](CC(C)C)OC(=O)[C@H](CC(C)C)NC(=O)[C@H](Cc2ccccc2)NC1=O,6.083457777777774,6.025423470238092,6.054440624007933
CC(O)CCCCC(C)C1CC(O)C(C)C(=O)N[C@H](C(C)C)C(=O)N2CCC[C@H]2C(=O)O1,6.022377777777775,6.085905386904759,6.054141582341267
CO[C@H]1[C@H](O)[C@@H](O)[C@H](Oc2cc(O)cc3cc4c(c(O)c23)C(=O)[C@H](C)[C@H](C)O4)O[C@@H]1CO,6.048982222222223,6.0591526338383845,6.054067428030304
CO[C@H]1[C@H](O)[C@@H](O)[C@H](Oc2cc(O)c3c(O)c4c(cc3c2)O[C@@H](C)[C@H](C)C4=O)O[C@@H]1CO,6.048982222222223,6.0591526338383845,6.054067428030304
CCC(c1cnc2c(n1)c(=O)n(C)c(=O)n2C)c1[nH]c2ccccc2c1CC(NC(=O)OC)C(=O)O[C@H](CC)c1cnc2c(n1)c(=O)n(C)c(=O)n2C,6.051811111111112,6.056227509920635,6.054019310515874
O=S(=O)(O)Oc1cc(O)cc(Oc2c(O)cc(OS(=O)(=O)O)cc2O)c1,6.028211111111114,6.0794584433621965,6.053834777236656
CCCCCCCC(=O)[C@@H](C)C(=O)N[C@H](Cc1ccc(OC)cc1)C(=O)N[C@H](C(N)=O)C(C)C,6.003894444444444,6.10305256944444,6.053473506944442
CCCCCCCC(=O)[C@H](C)C(=O)N[C@H](Cc1ccc(OC)cc1)C(=O)N[C@H](C(N)=O)C(C)C,6.003894444444444,6.10305256944444,6.053473506944442
CS[C@]1(CO)C(=O)N2[C@H]3[C@H](OC(C)=O)C(=O)C=C[C@@]3(O)C[C@@]2(SC)C(=O)N1C,6.023853333333335,6.082863505291004,6.05335841931217
CS[C@@]1(CO)C(=O)N2[C@@H]3[C@@H](OC(C)=O)C(=O)C=C[C@]3(O)C[C@@]2(SC)C(=O)N1C,6.023853333333335,6.082863505291004,6.05335841931217
CC(=O)CCC[C@H](C)[C@@H]1C=C[C@@](C)(O[C@H]2O[C@H](CO)[C@@H](O)[C@H](O)[C@H]2NC(C)=O)CC1,6.06642222222222,6.04017958333333,6.053300902777775
C[As](C)(=O)C[C@H]1O[C@@H](OCC(O)COS(=O)(=O)O)[C@H](O)[C@@H]1O,6.072603333333335,6.0332124561087035,6.052907894721019
C/C=C1\NC(=O)[C@@H](NC(=O)[C@@H](NC(=O)[C@H](C)NC(C)=O)C(C)C)[C@@H](C)OC(=O)[C@H](C(C)C)NC(=O)[C@H](Cc2ccc(O)cc2)N(C)C(=O)[C@H](Cc2ccccc2)N2C(=O)[C@H](CC[C@H]2O)NC1=O,6.047707777777777,6.057502308802306,6.052605043290042
COc1cc(/C=C\NC(=O)[C@@H]2CCCN2C)c(Br)c(Br)c1Br,6.091479999999999,6.013627361111109,6.052553680555554
COc1cc(/C=C/NC(=O)[C@@H]2CCCN2C)c(Br)c(Br)c1Br,6.091479999999999,6.013627361111109,6.052553680555554
CCCCC[C@@H]1CC(=O)N[C@@H](Cc2ccccc2)C(=O)N[C@H](CC(C)C)C(=O)N[C@H](C)C(=O)N[C@@H](CC(C)C)C(=O)O1,6.091199999999997,6.0132821329365065,6.052241066468252
CCCCCCCCCCCCCCCC(=O)NC(CO)C(=O)NC(CC(=O)O)C(=O)NC(C(=O)NC(CO)C(=O)NC(CO)C(=O)O)C(C)C,6.085883333333337,6.018354960317456,6.0521191468253965
COc1c(Br)cc(Br)c(CCN(C)C=O)c1Br,6.022746666666665,6.081127106782098,6.0519368867243815
CCCCCCC[C@@H](C/C=C/CCC(=O)N(C)C/C(=C/Cl)C/C(=C\C(=O)N1CC=CC1=O)OC)OC,6.092616666666668,6.0102663798701315,6.0514415232684
COc1cc2c(cc1C)[C@@H](C(C)C)[C@H](O)C[C@@H]2C,6.096239999999998,6.00620586075036,6.051222930375179
C=C(CNC)C/C(=C\C(=O)N1CC(OC)=CC1=O)OC,6.022668888888887,6.07969304563492,6.051180967261903
CN1C(=N)N(C)[C@@]2(Cc3c([nH]c4cc(Br)ccc34)[C@]3(C(=O)N(C)C(=N)N3C)[C@@H]2c2c[nH]c3cc(Br)ccc23)C1=O,6.0594499999999965,6.0421713492063525,6.0508106746031745
COc1ccc2c(C[C@@H]3NC(=O)[C@@H]4CCCN4C3=O)c(CC=C(C)C)[nH]c2c1,6.088005555555549,6.012148749999997,6.050077152777773
CCCCCCCCCCCCCCC(COC[C@@H](O)COP(=O)([O-])OCC[N+](C)(C)C)OC,6.077807777777778,6.02233145238095,6.050069615079364
CC1=C[C@H](/C=C(C)/C=C/C=C(\C)C(=O)NCC2CCN3CCCC23)[C@@](C)(/C=C/C=C(C)/C=C\C=C(/C)C(=O)NCC2CCN3CCCC23)CC1,6.066261111111107,6.0337732638888895,6.050017187499998
CC1=C[C@H](/C=C(C)/C=C/C=C(\C)C(=O)NCC2CCN3CCCC23)[C@@](C)(/C=C/C=C(C)/C=C/C=C(\C)C(=O)NCC2CCN3CCCC23)CC1,6.066261111111107,6.0337732638888895,6.050017187499998
CC1=C[C@H](/C=C(C)/C=C/C=C(\C)C(=O)NCC2CCN3CCCC23)[C@@](C)(/C=C/C=C(C)/C=C/C(=O)NCC2CCN3CCCC23)CC1,6.066194444444441,6.0337732638888895,6.0499838541666655
CC1=CCC[C@H]2[C@](C)(CC3=C(O)C(=O)C=C(NCCOS(=O)(=O)O)C3=O)[C@@H](C)CC[C@]12C,6.041983333333334,6.057901933621929,6.049942633477632
CC(C)=CC(=O)/C=C(\C)CCC/C(C)=C/CC/C(C)=C/Cn1cnc2c1c(=O)ncn2C,6.008761111111109,6.090873472222223,6.049817291666667
C[S+](C)CC(O)C[C@H](N)C(=O)[O-],6.0523066666666665,6.047200744047611,6.049753705357139
CCCCCCCCCCCCCCCCOC[C@@H](O)COP(=O)([O-])OCC[N+](C)(C)C,6.076185555555558,6.02233145238095,6.049258503968254
Cn1c(C(=O)NCCCC(=O)O)cc(Br)c1Br,6.085398888888888,6.012851617063492,6.04912525297619
NCCc1ccc(O)c(Br)c1,6.034575555555557,6.063319924783547,6.048947740169552
CCC(C)[C@H]1NC(=O)C2N=C(O[C@@H]2C)[C@@H]2CCCN2C(=O)[C@H](Cc2ccccc2)NC(=O)c2csc(n2)[C@H](C)NC(=O)[C@@H]2CSC1=N2,6.030313333333334,6.066864295634918,6.048588814484126
CCC(C)[C@H]1NC(=O)C2N=C(O[C@@H]2C)[C@@H]2CCCN2C(=O)[C@H](Cc2ccccc2)NC(=O)c2csc(n2)[C@@H](C)NC(=O)[C@@H]2CSC1=N2,6.030313333333334,6.066864295634918,6.048588814484126
CC(=O)Nc1cc(Cc2cc3oc4cc(=O)c(NC(C)=O)cc-4nc3cc2CO)ccc1O,6.073366666666667,6.023303750601254,6.048335208633961
C#CCCCC(=C)CCC(C)/C=C/CCC(=O)NCC/C(=C\C(=O)N1C(=O)C=C[C@@H]1C)OC,6.000405555555559,6.092239682539679,6.0463226190476185
COc1c(-c2ccc(O)cc2)cc(O)c(-c2ccc(O)cc2)c1O,6.002502222222221,6.088655705988457,6.045578964105339
C[C@@]12CCC[C@]3(C)c4cc5c(cc4C(=O)[C@](O)(OC1)[C@H]23)C(=O)C1=C(NCCS1(=O)=O)C5=O,6.0020000000000024,6.088650158730157,6.04532507936508
Cc1cc(C)c(Oc2cc(Br)cc(Br)c2Br)c(Br)c1,6.0349533333333305,6.051379000000002,6.043166166666666
CN(C)CCc1c2ncsc2c2c3c(c4ccccc4nc13)C=CN2C,6.001843888888891,6.084005932539688,6.042924910714289
COC(=O)c1csc([C@@H](OC(=O)[C@H](C)[C@H](CCCC(C)(Cl)Cl)OC(=O)c2csc([C@H](O)CO)n2)C(C)C)n1,6.017560000000005,6.068259743867244,6.042909871933624
CCCCCCCCCCCCCCOC[C@@H](O)COP(=O)([O-])OCC[N+](C)(C)C,6.063074444444445,6.02233145238095,6.042702948412698
CC[C@H](C)[C@@H]1NC(=O)[C@@H](N)Cc2ccc3c(c2)[C@]24c5cc(Cl)cc(c5N[C@@H]2O3)-c2cccc3[nH]c(Cl)c(c23)-c2oc(nc2Cl)-c2nc1oc24,6.053651111111111,6.030931388888887,6.042291249999999
COc1ccc(-c2cc(=O)c3c(O)cc(O[C@@H]4O[C@H](CO)[C@@H](O)[C@H](O)[C@H]4OS(=O)(=O)O)cc3o2)cc1O,6.053183333333336,6.0306094592352135,6.041896396284274
COc1cc(-c2cc(=O)c3c(O)cc(O[C@@H]4O[C@H](CO)[C@@H](O)[C@H](O)[C@H]4OS(=O)(=O)O)cc3o2)ccc1O,6.053183333333336,6.0306094592352135,6.041896396284274
C=CCCCCCCCC(=O)N(C)[C@H](CC[S+](C)[O-])C(=O)N[C@H]1CCCCNC1=O,6.015819444444438,6.066631765873011,6.041225605158725
C=CCCCCCCCC(=O)N(C)[C@@H](CC[S+](C)[O-])C(=O)N[C@H]1CCCCNC1=O,6.015819444444438,6.066631765873011,6.041225605158725
NC[C@H](O)c1ccc(O)c2c1OC[C@@H](Oc1cccc(O)c1)[C@H]2c1ccc(Br)c(Br)c1,6.068564444444442,6.013853119648874,6.041208782046658
CCC1=C[C@H]2C[C@@H]3[C@H](CC[C@@H]4/C=C/C(=O)C5=C(O)[C@H](CCCNC(=O)/C=C\C[C@@H]34)NC5=O)[C@H]2[C@@H]1CO,6.038818888888886,6.04355996362434,6.041189426256613
COC(=O)/C=C/CCCC[C@H]1O[C@]2(CCCCCCCCCCCCCCCOCC(N)CO)CC[C@@H](O)C1O2,6.060526666666666,6.02073472222222,6.0406306944444434
NC(=O)NCCCOc1c(Br)cc(CCNC=O)cc1Br,6.050512222222221,6.030587927489176,6.040550074855698
CC(/C=C/C(=O)N[C@](C)(CO)C(=O)O)=C\[C@@H](C)C(=O)c1ccc(N(C)C)cc1,6.022618888888879,6.057781757936505,6.040200323412693
CC(C)C[C@H]1C(=O)OCc2ccc(C=O)n21,6.008713333333334,6.0714843560606075,6.040098844696971
CCCc1cc(=O)c2c(OC)c3c(OC)cc(O)c(Oc4c(O)cc(OC)c5c(OC)c6c(=O)cc(CCC)oc6cc45)c3cc2o1,6.072124444444451,6.00762949494949,6.03987696969697
CO[C@@]1(Cc2ccccc2)NC(=O)[C@](O)(Cc2ccccc2)NC1=O,6.061991111111107,6.017625857683981,6.039808484397544
CC(=O)c1cc(C(C)C(C)O)c(C)c(O)c1O,6.043966666666664,6.035146611111112,6.039556638888888
CCC(c1cnc2c(n1)c(=O)n(C)c(=O)n2C)c1cccc2[nH]cc(CC(NC(=O)OC)C(=O)O[C@H](CC)c3cnc4c(n3)c(=O)n(C)c(=O)n4C)c12,6.055155555555557,6.023534017857144,6.0393447867063506
COc1c2c(c(O)c3c1[C@H](O)Cc1cc(CC(C)=O)c(C(=O)O)c(O)c1-3)C(=O)c1cccc(O)c1C2=O,6.012802222222224,6.065795278138526,6.039298750180375
COC(=O)c1c([S+](C)[O-])ccc2oc3cc(CO)cc(O)c3c(=O)c12,6.050344444444443,6.027794374819624,6.039069409632034
C=C1[C@@H](C)[C@H]2[C@H](Cc3c[nH]c4ccccc34)NC(=O)[C@]23C(=O)CC[C@H](O)[C@H](O)C(C)=C[C@@H](C)CC=C[C@H]3[C@@H]1O,6.014741111111112,6.0632511276455,6.0389961193783055
CC[C@H](C)[C@@H]1NC(=O)[C@@H](N)Cc2ccc3c(c2)[C@]24c5cccc(c5N[C@@H]2O3)-c2cccc3[nH]c(Cl)c(c23)-c2oc(nc2Cl)-c2nc1oc24,6.046646666666667,6.030931388888887,6.038789027777777
CC1(C)Cc2cc(CO)c(CCCl)c(CO)c2C1,6.05056333333333,6.026513257936504,6.0385382956349165
Oc1cc(Cc2c(O)c(Br)c(O)c(Br)c2O)c(Br)c(Br)c1O,6.062829999999999,6.0129944891774905,6.037912244588744
CCC(=O)N[C@H](C[C@H](C)C(Cl)Cl)C(=O)N1C(=O)C=C(OC)[C@@H]1C[C@H](C)C(Cl)Cl,6.041621111111113,6.034076484487731,6.0378487977994215
CC(=O)OC[C@H]1O[C@H](OCc2c(C)oc(=O)c3c(O)cc(O)cc23)[C@H](O)[C@@H](O)[C@@H]1O,6.063055555555557,6.012601618326122,6.03782858694084
CCO[C@H]1c2c([nH]c3c4c(ccc23)OC(C)(C)C=C4)C(C)(C)[C@@H]2C[C@]34CCCN3C(=O)[C@]12NC4=O,6.015094444444443,6.060493663419915,6.0377940539321795
COc1c(C)cc(O)cc1CCC(C)=O,6.045865555555557,6.026214440115436,6.036039997835497
CC(CCCCCCCCCCCCCCO[C@@H]1O[C@H](CO)[C@@H](O)[C@H](O)[C@@H]1O)C(=O)C1=C(O)N(C)C(C)C1=O,6.0049388888888915,6.066385423280422,6.035662156084657
COC(=O)C(Cc1c(O)c(C)cc(C(C)=O)c1O)Cc1c(O)c(C)cc(C(C)=O)c1O,6.046557777777772,6.024500606060609,6.03552919191919
COC(=O)Cc1c(C)c(O)c(C)c(O)c1C(C)=O,6.040726666666669,6.027933379870131,6.034330023268399
CC(COCO)C(C)C(O)C1C(C)CCC2C3CCC(O)C(CN)C3C(=O)CC21,6.031307777777773,6.036643423520919,6.033975600649346
C[N+]1(C)CCc2cc(O)c(O)cc21.[Cl-],6.013863333333338,6.052850540764788,6.033356937049063
CCC(C)[C@H]1NC(=O)[C@@H]2CSC(=N2)[C@H](Cc2ccccc2)NC(=O)c2csc(n2)[C@H](C(C)C)NC(=O)[C@@H]2CCCN2C(=O)[C@H](C(C)C)NC(=O)c2csc1n2,6.038977777777778,6.024663224206352,6.031820500992065
COC1=CC(=O)N(C(=O)C(CC(C)C(Cl)(Cl)Cl)NC(=O)CC(C)C(Cl)(Cl)Cl)[C@H]1C,6.032202222222223,6.030572198773445,6.031387210497834
CCC(C)CCCCCCC(=O)N(C)CCC[N+](C)(C)CCCNCCCCNCCC[N+](C)(C)CCCN(C)C(=O)CCCCCCC(C)CC,6.012722222222223,6.0497068452380915,6.031214533730157
CCCCCCC(C)CCC(=O)N(C)CCC[N+](C)(C)CCCNCCCCNCCC[N+](C)(C)CCCN(C)C(=O)CCC(C)CCCCCC,6.012722222222223,6.0497068452380915,6.031214533730157
CCOC(=O)CCCNC(=O)c1[nH]cc(Br)c1Br,6.005352222222223,6.056913403679655,6.031132812950939
COc1cc2c(cc1O)[N+](C)(C)C(C(=O)[O-])C2,6.0219600000000035,6.040261708152958,6.031110854076481
COc1cc(O)cc2c1C(=O)c1c(O)cc(COC(C)=O)cc1C2=O,6.010355555555564,6.051557375901877,6.03095646572872
COc1ccc2c(c1)C1=N[C@H](CC(C)=O)[C@@H](CC(C)=O)c3c([nH]c4ccccc34)C1=N2,6.000818333333339,6.060299748376622,6.03055904085498
CC(C)C[C@H]1NC(=O)[C@H]([C@H](C)O)NC(=O)C2CSSC[C@H](NC(=O)c3csc1n3)C(=O)N[C@@H]([C@H](C)O)C(=O)N[C@H](CC(C)C)c1nc(cs1)C(=O)N2,6.003738888888889,6.0570037797619065,6.030371334325398
COc1cc(C)cc2c1C(=O)c1c(cc(O)c(O)c1O)C2=O,6.002884444444445,6.057807880591631,6.030346162518038
C/C(=C\C(=O)OCCCCCCCC(=O)NC1CCCNC1=O)[C@H](O)[C@@H]1OC[C@H](C/C=C/[C@@H](C)[C@H](C)O)[C@@H](O)[C@H]1O,6.013111111111106,6.047001408730159,6.030056259920633
CCCCCC(=O)N[C@@H](Cc1ccc(O)cc1)C(=O)N1C[C@@H](C)C[C@H]1C(=O)N[C@H](CO)CCCNC(=N)N,6.032266666666663,6.027276994949493,6.0297718308080785
C/C=C1\CN(C(=O)[C@H](CCCCNC(=N)N)NC(=O)CC(C)C)[C@H](C(=O)N[C@@H](Cc2c[nH]c3ccccc23)C(=O)O)[C@@H]1C,6.0206111111111085,6.038792301587299,6.029701706349204
C/C=C1/CN(C(=O)[C@H](CCCCNC(=N)N)NC(=O)CC(C)C)[C@H](C(=O)N[C@@H](Cc2c[nH]c3ccccc23)C(=O)O)[C@@H]1C,6.0206111111111085,6.038792301587299,6.029701706349204
CC(C)=CCC/C(C)=C/C[C@@]12CCN(C)[C@@H]1Nc1c2ccc(Br)c1O,6.042475555555557,6.015913363095238,6.029194459325398
CCCCCCCC(C)CC(=O)N(C)CCC[N+](C)(C)CCCNCCCCNCCC[N+](C)(C)CCCN(C)C(=O)CC(C)CCCCCCC,6.007868888888889,6.0497068452380915,6.028787867063491
CCOC(=O)[C@H](OCC)[C@@H]1CNC(=O)c2cc(Br)c(Br)n21,6.041496666666664,6.015669893578643,6.028583280122653
CCOC(=O)[C@@H](OCC)[C@H]1CNC(=O)c2cc(Br)c(Br)n21,6.041496666666664,6.015669893578643,6.028583280122653
COc1cc2c(c(O)c1C=O)COCC2,6.033320000000001,6.022744688311691,6.028032344155846
CN(C)[C@H]1C[C@@]23CC[C@@]4(O2)C(=CC[C@]2(C)[C@@H](c5ccc6ccncc6c5)C(=O)C[C@H]24)C=C3[C@@H](O)[C@@H]1O,6.032005555555555,6.022566825396823,6.02728619047619
COc1cn2c(c(Cc3c4n(cc(OC)c3=O)-c3c(ccnc3CC(C)C)C4=O)c1=O)C(=O)c1ccnc(CC(C)C)c1-2,6.005683333333337,6.0485379563492065,6.027110644841272
CC(C)=CC(=O)NC1=C(CC2=C(NC(=O)C=C(C)C)N3[C@@H](C)C[C@@H](O)[C@@]3(C)C2=O)C(=O)[C@]2(C)C[C@H](O)[C@H](C)N12,6.035599999999996,6.017735082671955,6.026667541335975
Cn1c(=N)ccn([C@H]2C[C@H](O)[C@@H](CO)O2)c1=O,6.0040555555555555,6.046936706349203,6.025496130952379
Cc1cn(C2CC(O)C/C=C\C(O)CC[C@@H](C)[C@@H](O)CCCc3cc(O)cc(O)c3OC2=O)c(=O)[nH]c1=O,6.006637777777784,6.043924218975463,6.025280998376624
COC(=O)c1c(Oc2c(O)cc(C)cc2C=O)ccc(C(CC(C)C)OC)c1OC,6.044676666666671,6.003593444444441,6.024135055555556
CN(C)[C@H]1C[C@@]23CC[C@@]4(O2)C(=CC[C@@]2(C)[C@H]4CC(=O)[C@]2(O)c2ccc4ccncc4c2)C=C3[C@@H](O)[C@@H]1O,6.024099999999998,6.022566825396823,6.023333412698411
CCCOP(=S)(N/N=C(C)/C(C)=N/O)OCCC,6.001451111111111,6.045051042568536,6.0232510768398235
CCC(=O)N[C@H](C[C@H](C)C(Cl)(Cl)Cl)C(=O)N1C(=O)C=C(OC)[C@@H]1C[C@H](C)CCl,6.009418888888891,6.034076484487731,6.021747686688311
Cn1c(N)nc(Cc2ccc3c(c2)OCO3)c1Cc1ccc2c(c1)OCO2,6.0236822222222255,6.019121759018762,6.021401990620493
CCCCCCC[C@@H](C/C=C/CCC(=O)NC/C(=C/Cl)[C@]12O[C@H]1[C@H](O)CCC2=O)OC,6.024377777777779,6.018329563492058,6.021353670634919
CCCCCCC[C@@H](C/C=C/CCC(=O)NC/C(=C/Cl)[C@]12O[C@H]1[C@@H](O)CCC2=O)OC,6.024377777777779,6.018329563492058,6.021353670634919
C=C(C)[C@H](O)COc1ccc(CC(=O)O)cc1,6.010946666666665,6.031536249098126,6.021241457882395
COC[C@@H](CO)N(C)C(=O)CC/C=C/CCCC[C@H](Cl)CCCCCCCCCl,6.027346666666665,6.012904914321784,6.020125790494225
C/C=C/C=C/CCc1c(O)ccc(O)c1COC,6.007914444444439,6.029805928210672,6.018860186327556
CCCCCCC[C@@H](C/C=C/CCC(=O)NC/C(=C\Cl)[C@]12O[C@H]1C[C@@H](O)[C@@H](C)C2=O)OC,6.017355555555556,6.018329563492058,6.017842559523807
CCOC(=O)C[C@]1(O)C=C(Br)[C@](OC)(OCC)C(Br)=C1,6.003678888888889,6.0318797099567085,6.0177792994227985
CCOC(=O)C[C@]1(O)C=C(Br)[C@@](OC)(OCC)C(Br)=C1,6.003678888888889,6.0318797099567085,6.0177792994227985
C[C@H]1C=C[C@H]2C[C@H](O)CC[C@H]2[C@@H]1c1cc(NCCO)c(C=O)c(=O)o1,6.000918888888891,6.033209060846562,6.017063974867726
O=C(O)C[C@@H](NC(=O)c1c[nH]c2cc(Br)c(OC(=O)c3ccc(O)cc3)cc12)C(=O)O,6.020535555555553,6.009512906746036,6.015024231150795
COC[C@@H](CO)N(C)C(=O)CC/C=C/CCCCC(Cl)CCCCCCCl,6.016841111111109,6.012904914321784,6.014873012716446
CC(C)=CC(=O)NC1=C(CC2=C(NC(=O)C=C(C)C)N3[C@@H](C)[C@@H](O)C[C@@]3(C)C2=O)C(=O)[C@]2(C)C[C@H](O)[C@H](C)N12,6.013499999999997,6.016087166005288,6.014793583002643
CS[C@@]1(Cc2ccccc2)NC(=O)[C@@](Cc2ccccc2O)(SC)NC1=O,6.008346111111112,6.0209730250721485,6.014659568091631
CCC(C)[C@H]1NC(=O)[C@@H]2CSC(=N2)[C@H](CC(C)C)NC(=O)c2csc(n2)[C@H](C(C)C)NC(=O)[C@@H]2CCCN2C(=O)[C@H](C(C)C)NC(=O)c2csc1n2,6.002494444444444,6.024663224206352,6.013578834325398
CCCCCCCCCCCCCCCCC(=O)/C=C1\[C@H](O)[C@@H](C(=O)OC)[C@H](CCC)N1CCc1ccc(O)cc1,6.00805,6.0185520797258265,6.013301039862913
CCCCCCCCCCCCCCCCC(=O)/C=C1\[C@H](O)[C@@H](C(=O)OC)[C@H](CCCCCCCCCCCCCCC)N1CCc1ccc(O)cc1,6.003216666666666,6.0185520797258265,6.010884373196246
COC(=O)CC(C(=O)OC)/C(=C/c1c(Br)c(O)c(O)c(Br)c1Br)C(=O)O,6.000862222222226,6.020291353896104,6.010576788059165
COC(=O)CC(C(=O)OC)/C(=C\c1c(Br)c(O)c(O)c(Br)c1Br)C(=O)O,6.000862222222226,6.020291353896104,6.010576788059165
CN1C(=N)N(C)[C@@]2(C1=O)c1[nH]c3ccccc3c1C[C@@]1(C(=O)N(C)C(=O)N1C)[C@@H]2c1c[nH]c2cc(Br)ccc12,6.003741666666668,6.010634940476193,6.00718830357143
CC(C)=CCC/C(C)=C/CC[C@]1(C)Oc2c(c(O)cc3c2CN(CC(=O)O)C3=O)C[C@@H]1O,6.003124444444447,6.005260793650791,6.004192619047619
COc1cccc2c(=O)c(C)c(CO)oc12,6.002497777777776,6.0058702132034645,6.004183995490621
COc1cc(C)c(Oc2cc(C)cc(O[C@@H]3O[C@H](CO)[C@@H](O)[C@H]3O)c2)c(O)c1,6.00381777777778,6.003088465367966,6.003453121572873
COc1c(C)c(O)cc2c1C(O)CC2=O,6.000524444444446,6.004994542568545,6.002759493506495
