Smiles,pChEMBL_Fisico,pChEMBL_MACCS,Media_Predicciones,Violaciones_Lipinski
CC[C@H]1C=CCC[C@@]2(CC3CCc4c(C(=O)OCCCCCCCCCCCCCCCC(=O)N(CCCN)CC(O)CCN)c(CCCC(C)O)nc([n+]43)N2)O1.[Cl-],6.492683333333334,6.622900376984125,6.5577918551587295,1
CC(=O)N(C)CCc1cc(Br)c(OCCCNc2ncn(C)c3ncnc2-3)c(Br)c1,6.466276666666666,6.578190860389609,6.522233763528137,1
CCC(=O)N(C)CCc1cc(Br)c(OCCCNC(=O)Cc2ccc(O)cc2)c(I)c1,6.594172222222217,6.42019743145743,6.507184826839824,1
COC1=C(Br)C[C@]2(OC=C1Br)ON=C(C(=O)NCCCOc1c(Br)cc(CCN(C)C(N)=O)cc1Br)[C@@H]2O,6.686236666666667,6.327730899470897,6.506983783068781,1
CCC(=O)N(C)CCc1cc(Br)c(OCCCNC(=O)Cc2ccc(O)cc2)c(Br)c1,6.572585555555552,6.42019743145743,6.496391493506491,1
COc1c(O)cc(CO)cc1Br,6.173153333333338,6.753760651154403,6.46345699224387,0
C[C@@H]1NC(=O)[C@@H](C)C/C(CO)=C/[C@H](C)C[C@H](C)OC(=O)C[C@H](c2ccc(O)cc2)NC(=O)[C@@H](Cc2c(Br)[nH]c3ccccc23)N(C)C1=O,6.496005555555557,6.424829371693118,6.460417463624338,1
CN[C@@H](Cc1ccc(OC)c(Br)c1)C(=O)NCCc1cc(Br)c(OCCCN(C)C)c(Br)c1,6.554467777777775,6.351861717171715,6.453164747474744,1
CC[C@H](C)[C@@H](C(=O)N[C@H](C(=O)N(C)[C@@H](C(C)C)[C@@H](CC(=O)N1CCC[C@H]1[C@H](OC)[C@@H](C)C(=O)O[C@H](CO)Cc1ccccc1)OC)C(C)C)N(C)C,6.438533333333338,6.454652539682538,6.446592936507939,1
CCOCc1cc(O)c(O)c(Br)c1Cc1cc(O)c(O)c(Br)c1Br,6.322481111111111,6.555399590367968,6.438940350739539,1
CC[C@H](C)[C@@H]([C@@H](CC(=O)N1CCC[C@H]1[C@H](OC)[C@@H](C)C(=O)O[C@H](CO)Cc1ccccc1)OC)N(C)C(=O)[C@@H](NC(=O)[C@H](C(C)C)N(C)C)[C@@H](C)CC,6.418277777777783,6.454652539682538,6.436465158730161,1
COC1=C(Br)[C@@H](O)[C@]2(C=C1Br)CC(C(=O)NCCCOc1c(Br)cc(CC[N+](C)(C)C)cc1Br)=NO2,6.624732222222222,6.246980376984124,6.435856299603173,1
COC1=C(Br)[C@H](O)[C@@]2(C=C1Br)CC(C(=O)NCCCOc1c(Br)cc(CC[N+](C)(C)C)cc1Br)=NO2,6.624732222222222,6.246980376984124,6.435856299603173,1
COC1=C(Br)[C@H](O)[C@@]2(C=C1Br)CC(C(=O)NCCCOc1c(Br)cc(CCN(C)C)cc1Br)=NO2,6.62297111111111,6.246980376984124,6.434975744047617,1
C/C1=C\[C@H](C)C[C@H](C)OC(=O)C[C@H](c2ccc(O)cc2)NC(=O)[C@@H](Cc2c(Br)[nH]c3ccccc23)N(C)C(=O)[C@H](CO)NC(=O)[C@@H](C)C1,6.474783333333336,6.395157466931215,6.434970400132276,1
COc1ccc(C[C@H](N)C(=O)NCCc2cc(Br)c(OCCCN(C)C)c(Br)c2)cc1Br,6.512351111111109,6.351861717171715,6.432106414141412,1
CNCCCOc1c(Br)cc(CCNC(=O)/C(Cc2ccc(OC)c(Br)c2)=N/O)cc1Br,6.543606666666663,6.3176366468253935,6.430621656746029,1
CNCCCOc1ccc(CCNC(=O)/C(Cc2cc(Br)c(OC)c(Br)c2)=N\O)cc1Br,6.543606666666663,6.3176366468253935,6.430621656746029,1
CC[C@H](C)[C@@H]([C@@H](CC(=O)N1CCC[C@H]1[C@H](OC)[C@@H](C)C(=O)OC[C@@H](O)Cc1ccccc1)OC)N(C)C(=O)[C@@H](NC(=O)[C@H](C(C)C)N(C)C)[C@@H](C)CC,6.418277777777783,6.439145119047618,6.428711448412701,1
CN(C)CCCOc1c(Br)cc(CCNC(=O)/C(Cc2ccc(O)c(Br)c2)=N/O)cc1Br,6.537101111111108,6.3176366468253935,6.427368878968251,1
COc1c(Br)cc(C/C(=N\O)C(=O)NCCCOc2c(Br)cc(CCN)cc2Br)c(O)c1Br,6.474884444444444,6.379734365079364,6.427309404761904,1
C/C1=C\[C@H](C)C[C@H](C)OC(=O)[C@H]([C@@H](C)O)NC(=O)[C@@H](Cc2ccc(O)c(I)c2)N(C)C(=O)[C@H](CO)NC(=O)[C@@H](C)C1,6.537716666666669,6.3115333333333306,6.424625,1
COC1=C(Br)[C@H](O)[C@@]2(C=C1Br)CC(C(=O)NCCc1cc(Br)c(OCCCN(C)C)c(Br)c1)=NO2,6.62297111111111,6.225154880952378,6.424062996031744,1
CN(C)CCCOc1c(Br)cc(CCNC(=O)/C(Cc2ccccc2)=N/O)cc1Br,6.510897777777776,6.336999801587297,6.4239487896825365,1
CNCCCOc1cc(Br)c(CCNC(=O)C2=NO[C@]3(C=C(Br)C(OC)=C(Br)[C@@H]3O)C2)c(Br)c1,6.614953333333334,6.225154880952378,6.420054107142856,1
COC1=C(Br)[C@H](O)[C@@]2(C=C1Br)CC(C(=O)NCCc1cc(Br)c(OCCC[N+](C)(C)[O-])c(Br)c1)=NO2,6.606654444444445,6.225154880952378,6.415904662698411,1
CN(C)CCCOc1c(Br)cc(C/C(=N\O)C(=O)NCCc2cnc(N)[nH]2)cc1Br,6.468688888888892,6.362341111111108,6.415514999999999,1
COc1ccc(C/C(=N\O)C(=O)NCCc2cc(Br)c(OCCCN)c(Br)c2)cc1Br,6.442023333333328,6.379734365079364,6.410878849206346,1
COc1c(Br)cc(C/C(=N\O)C(=O)NCCCOc2ccc(CCN)cc2Br)cc1Br,6.442023333333328,6.379734365079364,6.410878849206346,1
COc1ccc(C/C(=N\O)C(=O)NCCCOc2c(Br)cc(CCN)cc2Br)cc1Br,6.442023333333328,6.379734365079364,6.410878849206346,1
COc1c(Br)cc(C/C(=N\O)C(=O)NCCc2ccc(OCCCN)c(Br)c2)cc1Br,6.442023333333328,6.379734365079364,6.410878849206346,1
COC1=C(Br)C[C@]2(OC=C1Br)ON=C(C(=O)NCCCOc1c(Br)cc(CCNC(=O)CO)cc1Br)[C@@H]2O,6.636707777777781,6.179194589947088,6.407951183862434,1
COc1ccc(C/C(=N\O)C(=O)NCCc2ccc(OCCCN)c(Br)c2)cc1Br,6.433289999999991,6.379734365079364,6.406512182539677,1
CCO[C@]1(OC)C(Br)=C[C@@](O)(CC(=O)NC(C)NC(=O)C[C@]2(O)C=C(Br)[C@](OC)(OCC)C(Br)=C2)C=C1Br,6.6383611111111085,6.169619087301586,6.403990099206347,1
CCO[C@]1(OC)C(Br)=C[C@@](O)(CC(=O)NC(C)NC(=O)C[C@]2(O)C=C(Br)[C@@](OC)(OCC)C(Br)=C2)C=C1Br,6.6383611111111085,6.169619087301586,6.403990099206347,1
CNCCCOc1c(Br)cc(C/C(=N\O)C(=O)NCCc2cnc(N)[nH]2)cc1Br,6.4232111111111125,6.379433075396822,6.401322093253967,1
COCc1cc(O)c(O)c(Br)c1Cc1cc(O)c(O)c(Br)c1Br,6.37061777777778,6.4282117384559845,6.399414758116882,1
COC(=O)c1ccccc1NC(=O)[C@H](CCS(C)(=O)=O)NC(=O)c1cnc2c(n1)c(=O)n(C)c(=O)n2C,6.247861111111114,6.549143253968257,6.398502182539685,1
C/C1=C\[C@H](C)C[C@H](C)OC(=O)[C@H](C)NC(=O)[C@@H](Cc2ccc(O)c(I)c2)N(C)C(=O)[C@H](CO)NC(=O)[C@@H](C)C1,6.484750000000002,6.3115333333333306,6.398141666666666,1
CC[C@H]1C=CCC[C@@]2(C[C@@H]3CC[C@@H]4[C@H](C(=O)OCCCCCCCCCCCCCCCC5=NCCCN5C[C@@H](O)CCN)[C@]5(CCC[C@@H](C)O5)NC(=[N+]34)N2)O1.[Cl-],6.299272222222221,6.49124081349206,6.39525651785714,1
Cc1c(Cl)cc2c(c(C3=N[C@@](C)(C(=O)N[C@H](C)C(=O)N[C@@H](CO)C(=O)O)CO3)cn2C)c1O,6.415457777777775,6.374516812169313,6.394987294973544,0
CCOCc1c(Cc2cc(O)c(O)c(Br)c2Br)cc(O)c(O)c1Br,6.227847777777777,6.555399590367968,6.391623684072872,1
CC[C@H](C)[C@@H]([C@@H](CC(=O)N1CCC[C@H]1[C@H](OC)[C@@H](C)C(=O)O[C@@H](Cc1ccccc1)C(=O)O)OC)N(C)C(=O)[C@@H](NC(=O)[C@H](C(C)C)N(C)C)C(C)C,6.41595555555556,6.365390248015871,6.390672901785715,1
COC1=C(Br)C[C@]2(OC=C1Br)ON=C(C(=O)NCCCOc1c(Br)cc(CC[N+](C)(C)C)cc1Br)[C@@H]2O,6.5917333333333366,6.188548075396823,6.39014070436508,1
Oc1cc(Cl)ccc1Oc1ccc(Cl)cc1Cl,6.239786666666695,6.539776007575767,6.389781337121231,1
C=C1C[C@H](C)C(=O)N[C@@H](C)C(=O)N(C)[C@H](Cc2c(Br)[nH]c3ccccc23)C(=O)N[C@@H](c2ccc(O)cc2)CC(=O)O[C@@H](C)C[C@@H](C)[C@@H]1O,6.4543833333333325,6.324282962962956,6.389333148148144,1
C=C1C[C@H](C)C(=O)N[C@@H](C)C(=O)N(C)[C@H](Cc2c(Br)[nH]c3ccccc23)C(=O)N[C@@H](c2ccc(O)cc2)CC(=O)O[C@@H](C)C[C@@H](C)C1O,6.4543833333333325,6.324282962962956,6.389333148148144,1
C=C1C[C@H](C)C(=O)N[C@@H](C)C(=O)N(C)[C@H](Cc2c(Br)[nH]c3ccccc23)C(=O)N[C@@H](c2ccc(O)cc2)CC(=O)O[C@@H](C)C[C@@H](C)[C@H]1O,6.4543833333333325,6.324282962962956,6.389333148148144,1
C[S+]([O-])CC[C@@H]1NC(=O)[C@@H]2CCCN2C(=O)[C@@H]2CCCN2C(=O)[C@H](CC[S+](C)[O-])NC(=O)c2csc(n2)[C@H](Cc2ccccc2)NC(=O)[C@@H]2CCCN2C1=O,6.494646666666668,6.2809435019841295,6.387795084325399,1
CN(C)CCc1ccc(OCCCNC(=O)c2cc(Br)c(Br)[nH]2)c(Br)c1,6.356548888888888,6.414801360028856,6.3856751244588725,1
CN(C)CCc1ccc(OCCCNC(=O)c2cc(Br)c[nH]2)c(I)c1,6.355862777777772,6.414801360028856,6.385332068903314,1
COc1c(Br)cc(CC(O)C(=O)NCCc2ccc(O)c(I)c2)cc1Br,6.36294333333333,6.40664545400433,6.38479439366883,1
COC1=C(Br)C[C@]2(OC=C1Br)ON=C(C(=O)NCCCOc1c(Br)cc(CCNC=O)cc1Br)[C@@H]2O,6.628441111111112,6.140627288359788,6.38453419973545,1
CN(C)CCc1ccc(OCCCNC(=O)c2cc(Br)c[nH]2)c(Br)c1,6.350715555555553,6.414801360028856,6.382758457792205,0
C[C@@H]1NC(=O)[C@@H](C)C/C(C=O)=C\[C@H](C)C[C@H](C)OC(=O)C[C@H](c2ccc(O)cc2)NC(=O)[C@@H](Cc2c(Br)[nH]c3ccccc23)N(C)C1=O,6.440550000000002,6.324282962962956,6.382416481481479,1
COC1=C(Br)[C@@H](O)[C@]2(C=C1Br)CC(C(=O)NCCCOc1c(Br)cc(C/C(=N\O)C(=O)NCCCCN)cc1Br)=NO2,6.581205555555554,6.17846671296296,6.379836134259257,1
CN(C)CCc1ccc(OCCCNC(=O)c2cc(Br)c(Br)[nH]2)c(I)c1,6.342240555555554,6.414801360028856,6.378520957792205,1
C=CC(C)(C)[C@@]12C[C@@]3(OC)C(=O)N/C(=C/c4cn(C(C)(C)CC(C)=O)cn4)C(=O)N3[C@]1(C)Nc1ccccc12,6.290911111111112,6.466040701058205,6.378475906084658,1
COc1c(Br)cc(CC(O)C(=O)NCCc2ccc(O)c(Br)c2)cc1Br,6.345789999999999,6.40664545400433,6.376217727002165,1
CC[C@H](C)[C@H]1C(=O)N2CCC[C@H]2C(=O)O[C@H](C(C)(C)C)C[C@@H](C)C[C@H](O)[C@H](C)C2=N[C@@H](/C=C(\C)C(=O)N[C@@H](Cc3ccc(OC)cc3)C(=O)N(C)[C@@H](C)C(=O)N1C)C[S+]2[O-],6.651744444444446,6.098659570105815,6.37520200727513,1
CNCCCOc1c(Br)cc(CCNC(=O)/C(Cc2ccc(O)c(Br)c2)=N/O)cc1Br,6.412706666666661,6.333279206349204,6.3729929365079325,1
C=C1C[C@H](C)C(=O)N[C@@H](C)C(=O)N(C)[C@H](Cc2c(Br)[nH]c3ccccc23)C(=O)N[C@@H](c2ccc(O)cc2)CC(=O)O[C@@H](C)C[C@@H](C)C1=O,6.421683333333334,6.324282962962956,6.372983148148145,1
COC1=C(Br)[C@@H](O)[C@]2(C=C1Br)CC(C(=O)NCCCOc1c(Br)cc(C[C@H](C(=O)O)N(C)C)cc1Br)=NO2,6.585096666666668,6.159147705026452,6.37212218584656,1
COC1=C(Br)[C@@H](O)[C@]2(C=C1Br)CC(C(=O)NCCCOc1c(Br)cc(C[C@@H](C(=O)O)N(C)C)cc1Br)=NO2,6.585096666666668,6.159147705026452,6.37212218584656,1
COC1=C(Br)[C@H](O)[C@@]2(C=C1Br)CC(C(=O)N(C)CCc1cc(Br)c(OCCCN(C)C)c(Br)c1)=NO2,6.63523,6.103539742063488,6.369384871031744,1
COc1ccc(C/C(=N\O)C(=O)NC[C@H](O)c2cc(Br)c(OCCCN(C)C)c(Br)c2)cc1Br,6.412123333333332,6.3176366468253935,6.364879990079363,1
CNCCCOc1c(Br)cc(CCNC(=O)/C(Cc2ccccc2)=N/O)cc1Br,6.3629088888888825,6.364054861111107,6.363481874999994,1
COC1=C(Br)[C@H](O)[C@@]2(C=C1Br)CC(C(=O)NCCc1cc(Br)c(OCC[C@@H](C(=O)[O-])[N+](C)(C)C)c(Br)c1)=NO2,6.574157777777778,6.150851772486769,6.362504775132273,1
C/C1=C\[C@H](C)C[C@H](C)OC(=O)[C@H](C)NC(=O)[C@@H](Cc2ccc(O)c(Br)c2)N(C)C(=O)[C@H](CO)NC(=O)[C@@H](C)C1,6.41094666666667,6.3115333333333306,6.36124,1
COc1c(Br)cc(O)c(O)c1C=O,6.376265555555556,6.345430975829727,6.360848265692642,0
CC[C@H](C)[C@H]1C(=O)N2CCC[C@H]2C(=O)O[C@H](C(C)C)C[C@@H](C)C[C@H](O)[C@H](C)C2=N[C@@H](/C=C(\C)C(=O)N[C@@H](Cc3ccc(OC)cc3)C(=O)N(C)[C@@H](C)C(=O)N1C)CS2,6.6216944444444445,6.098659570105815,6.36017700727513,1
CCC(=O)N(C)CCc1ccc(OCCCNC(=O)Cc2ccc(O)cc2)c(I)c1,6.2983555555555535,6.42019743145743,6.359276493506492,1
CCCCCCC[C@@H](C/C=C/CCC(=O)NC/C(=C\Cl)C/C(=C\C(=O)N1C(=O)C=C(OC)[C@@H]1CO)OC)OC,6.414994444444447,6.303246964285711,6.359120704365079,1
CCCCCCC[C@@H](C/C=C/CCC(=O)NC/C(=C\Cl)C/C(=C\C(=O)N1C(=O)C=C(OC)[C@H]1CO)OC)OC,6.414994444444447,6.303246964285711,6.359120704365079,1
CNCCc1cc(Br)c(OCCCNC=C2C(=O)[C@@H]3[C@H](C2=O)[C@H]2C(O)[C@@H]3C(=O)[C@H]2Br)c(Br)c1,6.481007777777774,6.2357977380952345,6.358402757936505,1
CNCCc1cc(Br)c(OCCCNC(=O)C2=CO[C@@]3(CC(Br)=C(OC)C(Br)=CO3)[C@H]2O)c(Br)c1,6.605457777777779,6.110962886904761,6.358210332341271,1
C/C1=C/[C@H](C)C(=O)N[C@@H](C)C(=O)N(C)[C@H](Cc2c(Br)[nH]c3ccccc23)C(=O)N[C@@H](c2ccc(O)cc2)CC(=O)O[C@@H](C)C[C@@H](C)[C@H]1O,6.3889000000000005,6.324282962962956,6.356591481481479,1
COC1=C(Br)[C@H](O)[C@@]2(C=C1Br)CC(C(=O)NCCCOc1c(Br)cc(CCNC=O)cc1Br)=NO2,6.539829999999998,6.169133300264548,6.354481650132273,1
CC[C@H](C)[C@H]1C(=O)N(C)[C@@H](CC(C)C)C(=O)N(C)[C@@H]([C@@H](C)CC)C(=O)N(C)[C@@H](C)C(=O)N(C)CC(=O)N(C)[C@@H](CC(C)C)C(=O)N2CCC[C@H]2C(=O)N(C)[C@@H](Cc2ccc(OC)cc2)C(=O)N[C@@H](C)C(=O)N1C,6.511527777777777,6.194940505952384,6.35323414186508,1
COC(=O)c1ccccc1NC(=O)[C@H](CC[S+](C)[O-])NC(=O)c1cnc2c(n1)c(=O)n(C)c(=O)n2C,6.155872222222227,6.549143253968257,6.352507738095242,1
CCC[C@H]1NC(=O)[C@H](C)NC(=O)[C@H](CC(C)C)N(C)C(=O)[C@H](Cc2ccccc2)NC(=O)[C@H](CC[S+](C)[O-])NC(=O)[C@@H](Cc2ccccc2)N(C)C(=O)[C@@H](C(C)C)OC(=O)[C@H]1C,6.332329999999999,6.371551934523805,6.351940967261902,1
CCC[C@H]1NC(=O)[C@H](C)NC(=O)[C@H](CC(C)C)N(C)C(=O)[C@H](Cc2ccccc2)NC(=O)[C@H](CC[S+](C)[O-])NC(=O)[C@@H](Cc2ccccc2)N(C)C(=O)[C@@H](C(C)C)OC(=O)[C@@H]1C,6.332329999999999,6.371551934523805,6.351940967261902,1
C=C1C[C@H](C)C(=O)N[C@@H](C)C(=O)N(C)[C@H](CC2(OC)OC(=O)Nc3ccccc32)C(=O)N[C@@H](c2ccc(O)cc2)CC(=O)O[C@@H](C)C[C@@H](C)C1=O,6.461422222222228,6.235955456349201,6.348688839285714,1
CSCC[C@@H]1NC(=O)[C@@H]2CCCN2C(=O)[C@@H]2CCCN2C(=O)[C@H](CCSC)NC(=O)c2csc(n2)[C@H](Cc2ccccc2)NC(=O)[C@@H]2CCCN2C1=O,6.423505555555556,6.27260723214286,6.348056393849208,1
C[N+](C)(C)C[C@H](c1c[nH]c2cc(Br)ccc12)c1c(O)c(NC(=O)CS(=O)(=O)[O-])c2c3c(nccc13)C=CN2,6.35618888888889,6.336211091269839,6.346199990079365,1
C[N+](C)(C)C[C@@H](c1c[nH]c2cc(Br)ccc12)c1c(O)c(NC(=O)CS(=O)(=O)[O-])c2c3c(nccc13)C=CN2,6.35618888888889,6.336211091269839,6.346199990079365,1
COC1(CC2C(=O)N[C@@H](c3ccc(O)cc3)CC(=O)O[C@@H](C)C[C@@H](C)/C=C(\C)C[C@H](C)C(=O)N[C@@H](C)C(=O)N2C)OC(=O)Nc2ccccc21,6.456411111111119,6.235955456349201,6.346183283730159,1
COC1(C[C@@H]2C(=O)N[C@@H](c3ccc(O)cc3)CC(=O)O[C@@H](C)C[C@@H](C)/C=C(\C)C[C@H](C)C(=O)N[C@@H](C)C(=O)N2C)OC(=O)Nc2ccccc21,6.456411111111119,6.235955456349201,6.346183283730159,1
CC[C@H](C)[C@H]1C(=O)O[C@H](C(C)C)C(=O)N(C)[C@@H](C)C(=O)N(C)[C@@H](CC(C)C)C(=O)N(C)[C@@H](C(C)C)C(=O)N2CCC[C@H]2C(=O)N[C@@H](C(C)C)C(=O)N[C@H](CC)[C@H](C)C(=O)N[C@@H](CC(C)C)C(=O)N1C,6.446935555555556,6.244447119708995,6.345691337632275,1
CCC(=O)N(C)CCc1ccc(OCCCNC(=O)Cc2ccc(O)cc2)c(Br)c1,6.270211111111111,6.42019743145743,6.3452042712842704,0
C/C1=C\[C@H](C)C[C@H](C)OC(=O)C[C@H](c2ccc(O)cc2)NC(=O)[C@@H](Cc2ncnc3ccccc23)N(C)C(=O)C(C)NC(=O)[C@@H](C)C1,6.282030000000003,6.408284563492059,6.345157281746031,1
CCCC(=O)N(C)[C@H](C(=O)N1CCC[C@H]1C(=O)N(C)[C@@H](Cc1ccccc1)C(=O)N[C@@H](CC(C)C)C(=O)N(C)[C@H](C(=O)N(C)Cc1nccs1)C(C)C)C(C)C,6.460157777777782,6.228314017857144,6.344235897817463,1
CC[C@H](C)[C@H]1C(=O)N(C)[C@@H](C)C(=O)N(C)CC(=O)N(C)[C@@H](CC(C)C)C(=O)N2CCC[C@H]2C(=O)N(C)[C@@H](Cc2ccc(OC)cc2)C(=O)N[C@@H](C)C(=O)N(C)[C@@H](C(C)C)C(=O)N(C)[C@@H](CC(C)C)C(=O)N1C,6.493427777777778,6.194940505952384,6.344184141865081,1
CCC[C@@H](CC[C@@H](C)[C@@H]1OC(=O)[C@H](C)NC(=O)[C@H]([C@@H](C)CCO)N(C)C(=O)[C@]2(C)CSC(=N2)[C@H](C)NC(=O)C1(C)C)OC,6.454599999999998,6.230584853294849,6.342592426647424,1
CNCCCCN(C)CCCNC(=O)/C(Cc1cc(Br)c(OC)c(Br)c1)=N/O,6.462654444444441,6.213296914682533,6.337975679563487,1
O=S(=O)(O)OCCc1cc(O)c(O)c(Br)c1Cc1cc(O)c(O)c(Br)c1Br,6.361088888888892,6.313785368686871,6.337437128787881,1
C/C1=C\[C@H](C)C[C@H](C)OC(=O)C[C@H](c2ccc(O)cc2)NC(=O)[C@@H](Cc2c(Br)[nH]c3ccccc23)N(C)C(=O)[C@H](C)NC(=O)[C@@H](C)C1O,6.3889000000000005,6.28581522486772,6.33735761243386,1
COC1=C(Br)C[C@]2(OC=C1Br)ON=C(C(=O)NCCCOc1c(Br)cc(CCNC(C)=O)cc1Br)[C@@H]2OC(C)=O,6.629783333333328,6.042687546296296,6.336235439814812,1
COC1=C(Br)[C@H](O)[C@]2(CC(C(=O)NCCCOc3c(Br)cc(CCNS(=O)(=O)O)cc3Br)=NO2)CC1Br,6.495983333333336,6.1747861772486745,6.335384755291005,1
CSCC[C@@H]1NC(=O)[C@@H]2CCCN2C(=O)[C@@H]2CCCN2C(=O)[C@H](CC[S+](C)[O-])NC(=O)c2csc(n2)[C@H](Cc2ccccc2)NC(=O)[C@@H]2CCCN2C1=O,6.389452222222223,6.2809435019841295,6.335197862103176,1
COC1=C(Br)[C@H](O)[C@@]2(C=C1Br)CC(C(=O)NCCCOc1c(Br)cc(CCN(O)C=O)cc1Br)=NO2,6.49288,6.169133300264548,6.331006650132274,1
CN[C@@]12CN3[C@@H](C[C@@H](OC(=O)[C@H](C(C)C)N(C)C)C[C@H]3C)C[C@@]1(O)C(C)(C)[C@@]1(C2)C(=O)Nc2c(C(=O)[C@H]3OC3(C)C)cccc21,6.420249999999999,6.23971183201058,6.329980916005289,1
CN[C@]12CN3[C@H](C[C@H](OC(=O)[C@H](C(C)C)N(C)C)C[C@@H]3C)C[C@]1(O)C(C)(C)[C@@]1(C2)C(=O)Nc2c(C(=O)[C@H]3OC3(C)C)cccc21,6.420249999999999,6.23971183201058,6.329980916005289,1
CN[C@]12CN3[C@H](C[C@H](OC(=O)[C@H](C(C)C)N(C)C)C[C@@H]3C)C[C@]1(O)C(C)(C)[C@]1(C2)C(=O)Nc2c(C(=O)C3OC3(C)C)cccc21,6.420249999999999,6.23971183201058,6.329980916005289,1
CC(=O)Nc1cc(COCc2ccc(O)c(NC(C)=O)c2)ccc1O,6.3894888888888905,6.268820695165947,6.329154792027419,0
Oc1ccc(Br)cc1Oc1ccc(Br)cc1,6.059320000000007,6.598789154401159,6.329054577200584,0
O=C(NCCc1ccc(OS(=O)(=O)[O-])c(Br)c1)/C(Cc1cc(Br)c(O)c(Br)c1)=N/O.[Na+],6.552967777777778,6.102350259920637,6.327659018849207,1
COC1=C(Br)C[C@]2(OC=C1Br)ON=C(C(=O)NCCCOc1c(Br)cc(C(OC)OC)cc1Br)[C@@H]2O,6.594060000000002,6.06026845238095,6.327164226190476,1
CC[C@H]1C=CCC[C@@]2(C[C@@H]3CC[C@H]4[C@@H](C(=O)OCCCCCCCCCCCCCCCC(=O)N(CCCN)CC(O)CCN)[C@@]5(CCC[C@@H](C)O5)NC(=[N+]34)N2)O1.[Cl-],6.260233333333334,6.39338684523809,6.326810089285711,1
CC[C@H]1C=CCC[C@@]2(C[C@@H]3CC[C@@H]4[C@H](C(=O)OCCCCCCCCCCCCCCCC(=O)N(CCCN)C[C@@H](O)CCN)[C@]5(CCC[C@@H](C)O5)NC(=[N+]34)N2)O1.[Cl-],6.260233333333334,6.39338684523809,6.326810089285711,1
CN1C(=O)N(C)[C@]2(Oc3c(O)cc4c(c3C3=C2C(=O)c2c(CCN)c[nH]c2C3=O)CC[N+]4(C)C)C1=O,6.141555555555556,6.510105403439152,6.325830479497354,0
CC[C@H](C)[C@@H]1NC(=O)[C@H](C)N(C)C(=O)[C@H](Cc2ccc(OC)cc2)NC(=O)/C(C)=C/[C@H]2CSC(=N2)[C@@H](C)[C@@H](O)C[C@H](C)C[C@@H](C(C)(C)C)OC(=O)[C@@H]2CCCN2C1=O,6.478172222222224,6.16700772486772,6.322589973544972,1
COC1=C(Br)C[C@]2(OC=C1Br)ON=C(C(=O)NCCCOc1c(Br)cc(CCNC=C3C(=O)CC(Cl)C3=O)cc1Br)[C@@H]2O,6.549952222222221,6.09375549182299,6.321853857022606,1
COC1=C(C)C(=O)C2=C(C1=O)[C@@H]1[C@@H]3CC4=C(C(=O)C(OC)=C(C)C4=O)[C@H](CO)N3[C@@H](CC(C)=O)[C@H](C2)N1C,6.371688888888889,6.266598297258294,6.319143593073592,1
Oc1cc(COCc2cc(O)c(O)c(Br)c2)cc(Br)c1O,6.188824444444449,6.446449626623382,6.317637035533915,0
CCC(C)[C@@H]1NC(=O)[C@@H]2[C@@H](C)CCN2C(=O)[C@@H](C[C@H](O)CCl)OC(=O)CCNC(=O)[C@H](C)N(C)C(=O)[C@H](C(C)C)N(C)C1=O,6.433118888888893,6.201488512566133,6.317303700727512,1
O=S(=O)(O)Oc1cc(CO)c(Br)c(Br)c1OS(=O)(=O)O,6.246856666666671,6.386582142857146,6.316719404761908,0
CC(C)=CC(=O)NCCCOc1c(I)cc(CCNC(=O)Cc2ccc(O)cc2)cc1I,6.44406666666666,6.187624137806633,6.315845402236647,1
CO/C(=C1/NC(=O)[C@@H](Cc2ccc(O)c(Br)c2)N(C)C(=O)[C@H](C)NC(=O)C[C@H](O)C/C=C(\C)CC[C@H](C)OC1=O)c1ccccc1,6.42448555555556,6.206776349206344,6.315630952380952,1
COC1=C(Br)C(O)C2(C=C1Br)CC(C(=O)NCC(O)c1cc(Br)c(OC[C@@H]3COC(=O)N3)c(Br)c1)=NO2,6.460609999999998,6.169133300264548,6.3148716501322735,1
Cc1cc(O)cc(Oc2cc(O)cc(CO)c2)c1,6.323242222222222,6.304866997294374,6.314054609758298,0
CC(C)=CC(=O)NCCCOc1c(Br)cc(CCNC(=O)Cc2ccc(O)cc2)cc1I,6.44042777777777,6.187624137806633,6.314025957792202,1
Cc1cc(O)cc(Oc2cc(C)c(O)c(O)c2)c1,6.441331111111106,6.183330873015874,6.31233099206349,0
COC(=O)C[C@@H]1NC(=O)[C@@H]2CCCN2C(=O)[C@@H]2CCCN2C(=O)[C@@H]2CCCN2C(=O)[C@H](CC(C)C)NC(=O)[C@H](C(C)C)NC(=O)[C@H](Cc2ccccc2)NC1=O,6.377463333333333,6.24644399801587,6.311953665674602,1
CS[C@@H]1C(=O)N(C)[C@](Cc2ccc(OC/C=C(\C)C(=O)NCCC(=O)O)cc2)(SC)C(=O)N1C,6.338112222222222,6.285087956349206,6.311600089285713,1
CCC[C@H](O)CC(=O)N1CC[C@@]23c4ccccc4N[C@@H]4N(C)c5cccc6c5[C@@]42CCN([C@@H]13)[C@@H]6[C@H]1OC1(C)C,6.326683333333336,6.294890496031738,6.310786914682537,1
C/C1=C\[C@H](C)C[C@H](C)OC(=O)[C@H](CO)NC(=O)[C@@H](Cc2ccc(O)c(I)c2)N(C)C(=O)[C@H](C)NC(=O)[C@@H](C)C1,6.520583333333336,6.100437202380951,6.310510267857143,1
C[N+](C)(C)C[C@H](c1c[nH]c2cc(Br)ccc12)c1c2ccnc3c2c(c2nc(CS(=O)(=O)[O-])oc12)NC=C3,6.312544444444445,6.3055081613756565,6.30902630291005,1
C[N+](C)(C)C[C@@H](c1c[nH]c2cc(Br)ccc12)c1c2ccnc3c2c(c2nc(CS(=O)(=O)[O-])oc12)NC=C3,6.312544444444445,6.3055081613756565,6.30902630291005,1
CO[C@@H]1/C=C(C)/C=C/[C@@H](C)/C=C(\C)C(=O)O[C@H](/C(C)=C/C=C(\C)CNC(=O)[C@H](COS(=O)(=O)[O-])NC=O)[C@@H](C)/C=C/C=C/[C@@H](OC)CC/C=C(C)\C=C\C1.[Na+],6.32402222222222,6.289265218253963,6.306643720238092,1
COC1/C=C(C)/C=C/C(C)/C=C(\C)C(=O)OC(/C(C)=C/C=C(\C)CNC(=O)[C@H](COS(=O)(=O)[O-])NC=O)C(C)/C=C/C=C/C(OC)CC/C=C(C)/C=C/C1.[Na+],6.32402222222222,6.289265218253963,6.306643720238092,1
C[C@@H](NC(=O)[C@@]1(C)COC(c2cn(C)c3cc(Cl)cc(O)c23)=N1)C(=O)N[C@@H](CO)C(=O)O,6.316400000000002,6.295447943121696,6.305923971560849,0
C=C[C@@](C)(CCC=C(C)C)c1ccc2c3c1NC(=O)[C@@]3(O)C[C@@H](CO)NC(=O)[C@H](C(C)C)N2C,6.287344444444446,6.322237619047616,6.304791031746031,0
CCC(=O)N(C)CCc1ccc(OCCCN(C)C(=O)Cc2ccc(O)cc2)c(Br)c1,6.42484666666667,6.18428537301587,6.304566019841269,0
C=CC(C)(C)c1[nH]c2c(C/C=C(\C)CO)cc(CC=C(C)C)cc2c1C[C@@H]1NC(=O)[C@H](C)NC1=O,6.364988888888887,6.243384395743144,6.304186642316015,0
C=CC(C)(C)c1[nH]c2c(C/C=C(/C)CO)cc(CC=C(C)C)cc2c1C[C@@H]1NC(=O)[C@H](C)NC1=O,6.364988888888887,6.243384395743144,6.304186642316015,0
CC[C@H](C)[C@@H]1NC(=O)[C@@H]2[C@@H](C)CCN2C(=O)[C@@H](C[C@H](O)CCl)OC(=O)CCNC(=O)[C@H](C)N(C)C(=O)[C@H]([C@@H](C)CC)N(C)C1=O,6.40670777777778,6.201488512566133,6.304098145171956,1
COC1=C(Br)[C@H](O)[C@@]2(C=C1Br)CC(C(=O)NCCCCNC(=O)C1=NO[C@]3(C=C(Br)C(OC)=C(Br)[C@@H]3O)C1)=NO2,6.58682777777778,6.020937943121689,6.303882860449734,1
CC(C)=CC(=O)NCCCOc1c(Br)cc(CCNC(=O)Cc2ccc(O)cc2)cc1Br,6.419841111111106,6.187624137806633,6.30373262445887,1
COC1=C(Br)[C@H](O)[C@@]2(C=C1Br)CC(C(=O)NCCCOc1c(Br)cc(CCNS(=O)(=O)[O-])cc1Br)=NO2.[Na+],6.43741,6.169133300264548,6.303271650132274,1
COc1c(O)cc(CO)c(Cc2cc(O)c(O)c(Br)c2Br)c1O,6.15193777777778,6.454537602813856,6.303237690295818,0
CO/C(C)=C/C(=O)N(C)[C@@H](Cc1ccc(OC)cc1)C(=O)N(C)[C@@H](CC(C)C)C(=O)N(C)[C@H](C(=O)N1CCC[C@H]1c1nccs1)C(C)C,6.504438888888892,6.101963690476189,6.303201289682541,1
COC1=C(Br)C[C@]2(OC=C1Br)ON=C(C(=O)NCCCOc1c(Br)cc(CCNC=C3C(=O)C=CC3=O)cc1Br)[C@@H]2O,6.523506666666664,6.0810836267436255,6.302295146705145,1
CNCCc1cc(Br)c(OCCCNC(=O)C#N)c(Br)c1,6.213192777777773,6.388357610028858,6.300775193903315,0
COCn1cc(C[C@@H]2NC(=O)[C@@H]3CCCN3C2=O)c2ccccc21,6.172777777777776,6.428211598124096,6.300494687950936,0
COc1ccc(C[C@@H]2NC(=O)/C(C)=C/C3CSC(=N3)[C@@H](C)[C@@H](O)C[C@H](C)C[C@@H](C(C)(C)C)OC(=O)[C@H](C)N(C)C(=O)[C@H](C(C)C)N(C)C(=O)[C@H](C)N(C)C2=O)cc1,6.492955555555562,6.107632645502641,6.3002941005291015,1
COC1=C(Br)[C@H](O)[C@@]2(C=C1Br)CC(C(=O)NCCCOc1c(Br)cc(C[C@H](N)C(=O)O)cc1Br)=NO2,6.43084111111111,6.169133300264548,6.299987205687829,1
CC[C@H](C)[C@H]1C(=O)N[C@@H](C(C)C)C(=O)N[C@H](C)[C@@H](C)C(=O)N[C@@H](CC(C)C)C(=O)N[C@@H](Cc2ccccc2)C(=O)O[C@@H](C(C)C)C(=O)N2CCC[C@H]2C(=O)N(C)[C@@H](C)C(=O)N(C)[C@@H](CC(C)C)C(=O)N1C,6.352985555555555,6.244447119708995,6.298716337632275,1
CCC[C@H]1NC(=O)c2csc(n2)[C@H](C(C)C)NC(=O)[C@H](Cc2ccc(OC)cc2)N(C)C(=O)[C@H](Cc2ccc(OC)cc2)N(C)C(=O)[C@H](C(C)C)NC(=O)[C@H]1C,6.366994444444448,6.229476001984128,6.298235223214288,1
CN1C(=O)N=C([N-]c2nc(Cc3ccc4c(c3)OCO4)cn2C)C1=O.CN1C(=O)N=C([N-]c2nc(Cc3ccc4c(c3)OCO4)cn2C)C1=O.[Zn+2],6.453372222222229,6.142432764550268,6.297902493386248,1
C=C[C@@](C)(CCC=C(C)C)c1ccc2c3c(c[nH]c13)C[C@@H](COC(C)=O)NC(=O)[C@H](C(C)C)N2C,6.182216666666665,6.413422629870129,6.297819648268398,1
CNCCCOc1c(Br)cc(CCNC(=O)OC)cc1Br,6.328840000000004,6.26488916756854,6.296864583784272,0
COc1cc(CC(=O)NCCCCNC(=O)CC(=O)NCCC(=O)c2ccccc2NC=O)ccc1O,6.397410000000007,6.196222110389612,6.296816055194809,1
C=CCCC[C@@H]1OC(=O)[C@H](C)NC(=O)[C@H](CC(C)C)NC(=O)[C@@H]2CCCN2C(=O)[C@H]([C@@H](C)CC)OC(=O)[C@H](C(C)C)N(C)C(=O)[C@H](C(C)C)NC(=O)C1(C)C,6.321222222222222,6.271263419312166,6.296242820767194,1
C/C1=C\[C@H](C)C[C@@H](C)OC(=O)C[C@H](c2ccc(O)cc2)NC(=O)[C@@H](Cc2ccc(O)c(I)c2)N(C)C(=O)[C@H](C)NC(=O)[C@@H](C)C1,6.435755555555554,6.1562222023809445,6.295988878968249,1
CN(C)CCCOc1ccc(CCNC(=O)c2cc(Br)c[nH]2)cc1Br,6.350715555555553,6.241087579365074,6.295901567460314,0
CCOC(=O)c1c(O)c(O)cc(Br)c1OC,6.147510000000005,6.442650082972584,6.295080041486294,0
COC1=C(Br)[C@H](O)[C@]2(C=C1Br)CN=C(C(=O)NCCCC(=O)CNC(=O)C1=NO[C@]3(C=C(Br)C(OC)=C(Br)[C@@H]3O)C1)C2,6.568088888888892,6.020937943121689,6.294513416005291,1
COC1/C=C(C)/C=C/C(C)/C=C/C(=O)OC(/C(C)=C/C=C(\C)CNC(=O)[C@H](COS(=O)(=O)[O-])NC=O)C(C)/C=C/C=C/C(OC)CC/C=C(C)/C=C/C1.[Na+],6.299688888888888,6.289265218253963,6.294477053571425,1
CO[C@@H]1/C=C(C)/C=C/[C@@H](C)/C=C/C(=O)O[C@H](/C(C)=C/C=C(\C)CNC(=O)[C@H](COS(=O)(=O)[O-])NC=O)[C@@H](C)/C=C/C=C/[C@@H](OC)CC/C=C(C)\C=C\C1.[Na+],6.299688888888888,6.289265218253963,6.294477053571425,1
C[C@@H]1C[C@@]23C[C@H]4C(C)(C)[C@@]5(C[C@]4(C[N+]2([O-])C1)N(C)C3=O)C(=O)Nc1c5ccc2c1C(=O)CC(C)(C)O2,6.1530777777777805,6.435173865740742,6.294125821759261,0
C/C1=C\[C@H](C)C[C@H](C)OC(=O)[C@H](C)NC(=O)[C@@H](Cc2ccc(O)c(I)c2)N(C)C(=O)CNC(=O)[C@@H](C)C1,6.524652222222224,6.063527103174599,6.294089662698411,1
O=S(=O)(O)OCc1cc(O)c(OS(=O)(=O)O)c(Br)c1Br,6.2077200000000055,6.380341428571432,6.294030714285719,0
COC1=C(Br)[C@H](O)[C@@]2(C=C1Br)CC(C(=O)NCCCCCNC(=O)C1=NO[C@]3(C=C(Br)C(OC)=C(Br)[C@@H]3O)C1)=NO2,6.566172222222223,6.020937943121689,6.293555082671956,1
COC1=C(Br)[C@@H](O)[C@]2(C=C1Br)CC(C(=O)NCCCOc1c(Br)cc(CCNC(=N)N)cc1Br)=NO2,6.485426666666665,6.100355297619043,6.292890982142854,1
NCCCOc1c(Br)cc(CCNC(=O)/C(Cc2ccc(O)c(Br)c2)=N/O)cc1Br,6.372301111111108,6.213433829365081,6.292867470238095,1
CCCCC(C)C(=O)N1CCC[C@H]1C(=O)N(C)C(Cc1ccccc1)C(=O)NCC(=O)N(C)[C@@H](C(=O)N(C)[C@H](C(=O)NCC(=O)N(C)C(Cc1ccccc1)C(=O)N1CCC[C@@H]1C(=O)OC)[C@@H](C)CC)C(C)C,6.480441111111111,6.105052807539681,6.292746959325396,1
CCC[C@H]1NC(=O)c2csc(n2)[C@H](C)NC(=O)[C@H](C(C)C)N(C)C(=O)[C@H](Cc2ccc(O)cc2)N(C)C(=O)[C@H](C(C)C)OC(=O)[C@H]1C,6.3050688888888935,6.278117695105821,6.291593291997357,1
COc1cc(CCN(C)C)c2c(c1O)Sc1c(CCN(C)C)cc(OC)c(O)c1S2,6.37874555555556,6.202479484487734,6.290612520021647,0
COc1cc(CCN(C)C)c2c(c1O)Sc1c(O)c(OC)cc(CCN(C)C)c1S2,6.37874555555556,6.202479484487734,6.290612520021647,0
CCC1CC(C)CC(=O)N(C)/C=C/CCC(C)C(=O)N[C@@H](C(C)C)C(=O)N(C)[C@@H](Cc2ccccc2)C(=O)N(C)[C@@H](C(C)O)C(=O)N(C)[C@@H](Cc2ccccc2)C(=O)O1,6.344291111111115,6.235831091269835,6.290061101190475,1
COc1c(Br)cc(C/C(=N\O)C(=O)N[C@H](Cc2ccc(O)c(Br)c2)C(=O)O)cc1Br,6.358128888888888,6.221672640873018,6.289900764880953,1
COC1=C(Br)[C@@H](O)[C@]2(C=C1Br)CC(C(=O)NCCCOc1c(Br)cc(CC(NS(=O)(=O)[O-])C(=O)O)cc1Br)=NO2.[Na+],6.409693333333333,6.169133300264548,6.289413316798941,1
CCC[C@H]1NC(=O)c2csc(n2)[C@H](C)NC(=O)[C@H](C(C)C)N(C)C(=O)[C@H](Cc2ccc(O)cc2)N(C)C(=O)[C@H](C(C)CC)OC(=O)[C@H]1C,6.300457777777782,6.278117695105821,6.289287736441802,1
COC1=C(Br)[C@@H](O)[C@]2(C=C1Br)CC(C(=O)NCCCOc1c(Br)cc(CCN)cc1Br)=NO2,6.4780544444444415,6.100355297619043,6.289204871031743,1
COC1=C(Br)[C@H](O)[C@]2(C=C1Br)CC(C(=O)NCCCOc1c(Br)cc(CCN)cc1Br)=NO2,6.4780544444444415,6.100355297619043,6.289204871031743,1
COC1=C(Br)[C@@H](O)[C@]2(C=C1Br)CC(C(=O)NCCc1cc(Br)c(OCCCN)c(Br)c1)=NO2,6.4780544444444415,6.100355297619043,6.289204871031743,1
COC1=C(Br)[C@H](O)[C@@]2(C=C1Br)CC(C(=O)NCCCOc1c(Br)cc(CCN)cc1Br)=NO2,6.4780544444444415,6.100355297619043,6.289204871031743,1
CCCC(=O)N[C@H](C(=O)N1CCC[C@H]1C(=O)N(C)[C@@H](Cc1ccccc1)C(=O)N[C@@H](CC(C)C)C(=O)N(C)[C@H](C(=O)N(C)Cc1nccs1)C(C)C)C(C)C,6.332780000000004,6.244886359126985,6.288833179563495,1
CCCC(=O)N(C)[C@H](C(=O)N1CCC[C@H]1C(=O)N(C)[C@@H](Cc1ccccc1)C(=O)N[C@@H](CC(C)C)C(=O)N[C@H](C(=O)N(C)Cc1nccs1)C(C)C)C(C)C,6.332780000000004,6.244886359126985,6.288833179563495,1
C/C1=C\[C@H](C)C[C@H](C)OC(=O)[C@H](C(C)C)NC(=O)[C@@H](Cc2ccc(O)c(I)c2)N(C)C(=O)CNC(=O)[C@@H](C)C1,6.514055555555557,6.063527103174599,6.288791329365078,1
CCC[C@H]1NC(=O)c2csc(n2)[C@H](C)NC(=O)[C@H](C(C)C)N(C)C(=O)[C@H](Cc2ccccc2)N(C)C(=O)[C@H](C)OC(=O)[C@@H]1C,6.290941111111116,6.286500472883597,6.288720791997356,1
COC(=O)c1ccccc1NC(=O)[C@H](CCSC)NC(=O)c1cnc2c(n1)c(=O)n(C)c(=O)n2C,6.079911111111113,6.496936011904764,6.288423561507939,1
Oc1ccc(Oc2ccc(Br)cc2Br)cc1Br,6.07526111111111,6.500374194444451,6.287817652777781,1
CCCCCC(=O)N[C@H](C(=O)N[C@@H](CC[S+](C)[O-])C(=O)N[C@@H](CC(C)C)C(=O)[C@@]1(C)CO1)C(C)C,6.270150000000003,6.302963630952377,6.28655681547619,1
COC1=C(Br)C[C@]2(OC=C1Br)ON=C(C(=O)NCCCOc1c(Br)cc(CCNC=C3C(=O)CCC3=O)cc1Br)[C@@H]2O,6.490288888888885,6.0810836267436255,6.285686257816256,1
C/C=C(/C)C(=O)OCC1C2=C(C=CN1C=O)C(=O)C(C)=C(OC)C2=O,6.36078333333333,6.209796612554114,6.285289972943723,0
OCc1c(Cc2cc(O)c(O)c(Br)c2Br)cc(O)c(O)c1Br,6.348375555555557,6.221734942640693,6.285055249098125,0
C[C@H]1Cc2c(Cl)cc(C(=O)N[C@H](Cc3ccccc3)C(=O)OCC(O)C(O)CO)c(O)c2C(=O)O1,6.202782222222223,6.367165876322747,6.284974049272485,1
COC1=C(Br)[C@H](O)[C@]2(C=C1Br)CC(C(=O)NCCCOc1ccc(CCN)cc1Br)=NO2,6.46955444444444,6.100355297619043,6.284954871031742,1
C/C1=C\[C@H](C)C[C@@H](C)OC(=O)C[C@H](c2ccc(O)cc2)NC(=O)[C@@H](Cc2ccc(O)c(Br)c2)N(C)C(=O)[C@H](C)NC(=O)[C@@H](C)C1,6.412788888888889,6.1562222023809445,6.284505545634916,1
C/C=C(/C)C(=O)OCC1C2=C(C=CN1/C=C/C(C)=O)C(=O)C(C)=C(OC)C2=O,6.3569466666666665,6.209796612554114,6.28337163961039,0
C#CCCCC1OC(=O)CCNC(=O)[C@@H](Cc2ccccc2)N(C)C(=O)[C@H](C(C)C)OC(=O)[C@H]([C@@H](C)CC)NC(=O)C1(C)C,6.323938888888889,6.24151991071428,6.2827293998015845,1
CO[C@@H]1CC(=O)N2c3cc(O)cc4c3O[C@@H](C=CC=CC[C@H](OC(=O)[C@@H](C)NC(=O)CC(C)C)[C@H](C)[C@@H](O)/C(C)=C\CC4)[C@H]12,6.364188888888887,6.199730353835975,6.281959621362431,1
CC[C@H](C)[C@@H](OC(=O)/C=C\c1ccccc1)C(=O)N1CCC[C@H]1C(=O)NCC(=O)N(C)[C@@H](CC(C)C)C(=O)N[C@@H](C)C(=O)N(C)[C@H](Cc1ccccc1)C(=O)N1CCC[C@H]1C(=O)OC,6.446211111111112,6.117598115079362,6.281904613095238,1
CC[C@H](C)[C@@H](OC(=O)/C=C/c1ccccc1)C(=O)N1CCC[C@H]1C(=O)NCC(=O)N(C)[C@@H](CC(C)C)C(=O)N[C@@H](C)C(=O)N(C)[C@H](Cc1ccccc1)C(=O)N1CCC[C@H]1C(=O)OC,6.446211111111112,6.117598115079362,6.281904613095238,1
COC1=C(Br)[C@H](O)[C@@]2(C=C1Br)CC(C(=O)NCCCOc1c(Br)cc(C(O)CNC(C)=O)cc1Br)=NO2,6.452177777777775,6.111278240740738,6.281728009259256,1
CC[C@H]1C=CCC[C@@]2(C[C@@H]3CC[C@@H]4[C@H](C(=O)OCCCCCCCCCCCCC[C@@H](O)CC(=O)N(CCCN)CCCCN)[C@]5(CCC[C@@H](C)O5)NC(=[N+]34)N2)O1.[Cl-],6.292433333333333,6.270570317460315,6.281501825396824,1
CC(C)=CC[C@@]12C[C@H]3C(=O)N4[C@H]5Nc6ccccc6[C@@]5(C)C[C@H]4C(=O)N3[C@@H]1N(C)c1ccccc12,6.140790000000005,6.421324404761902,6.281057202380953,0
COC(=O)[C@@H]1CCCN1C(=O)[C@@H](Cc1ccccc1)N(C)C(=O)[C@H](C)NC(=O)[C@H](CC(C)C)N(C)C(=O)CNC(=O)[C@@H]1CCCN1C(=O)[C@H](O)C(C)C,6.456652222222225,6.104504156746028,6.280578189484126,1
COC1=C(Br)[C@H](O)[C@@]2(C=C1Br)CC(C(=O)NC[C@@H](O)c1cc(Br)c(OCCCNC(C)=O)c(Br)c1)=NO2,6.452177777777775,6.108004530423278,6.280091154100527,1
CCC[C@H]1NC(=O)[C@@H]2CCCN2C(=O)[C@H]([C@H](C)Cc2ccccc2)NC(=O)[C@@H]2CCCN2C(=O)[C@@H](C(C)C)N(C)C(=O)[C@H](C(C)C)OC(=O)[C@@H]2CCCN2C(=O)[C@H](Cc2ccccc2)OC(=O)[C@@H]1C,6.295566666666665,6.264596068121689,6.280081367394176,1
C/C(=C\[C@H](C)C[C@H](C)OC(=O)CC(=O)c1ccc(O)c(O)c1)C[C@H](C)C(=O)N[C@@H](C)C(=O)N(C)[C@H](Cc1c(Br)[nH]c2ccccc12)C(N)=O,6.444655555555554,6.114543888888887,6.279599722222221,1
C#CCCC[C@@H]1OC(=O)[C@H](C)NC(=O)[C@H](CC(C)C)NC(=O)[C@@H]2CCCN2C(=O)[C@H]([C@@H](C)CC)OC(=O)[C@H](C(C)C)N(C)C(=O)[C@H](C(C)C)NC(=O)C1(C)C,6.324413333333331,6.234702040343913,6.279557686838622,1
CC(=O)NCCCO[C@@H](CN)c1cc(Br)c(OS(=O)(=O)O)c(Br)c1,6.204637777777777,6.354394742965368,6.279516260371572,0
CCC[C@H]1NC(=O)c2csc(n2)[C@H](C)NC(=O)[C@H](Cc2ccccc2)N(C)C(=O)[C@H](Cc2ccc(O)cc2)N(C)C(=O)[C@H](C)OC(=O)[C@@H]1C,6.278963333333333,6.278117695105821,6.278540514219577,1
CCCCCCC[C@@H](C/C=C/CCC(=O)N(C)C/C(=C\Cl)CC(=O)CC(=O)N1CC(OC)=CC1=O)OC,6.452872222222225,6.103605863997116,6.27823904310967,1
C#CCCCC1NC(=O)[C@H](C)N(C)C(=O)[C@H](C(C)C)NC(=O)[C@H](Cc2ccc(OC)cc2)N(C)C(=O)C(C(C)CC)OC(=O)C1C,6.317250000000002,6.238675009920634,6.277962504960318,1
COC(=O)c1cc(O)c(O)c(Br)c1,6.004236666666669,6.550797674963926,6.2775171708152975,0
CCC[C@H]1NC(=O)[C@H](C)NC(=O)[C@H](CC(C)C)N(C)C(=O)[C@H](Cc2ccccc2)NC(=O)[C@H](CCSC)NC(=O)[C@@H](Cc2ccccc2)N(C)C(=O)[C@@H](C(C)C)OC(=O)[C@H]1C,6.2068577777777785,6.347633621031743,6.2772456994047605,1
CCC[C@H]1NC(=O)c2csc(n2)[C@H](C)NC(=O)[C@H](C(C)C)N(C)C(=O)[C@H](Cc2ccc(O)cc2)N(C)C(=O)[C@H](C)OC(=O)[C@@H]1C,6.276041111111115,6.278117695105821,6.277079403108468,1
C/C1=C\[C@H](C)C[C@H](C)OC(=O)C[C@H](c2ccc(O)cc2)NC(=O)[C@@H](C[C@]2(O)C(=O)Nc3ccccc32)N(C)C(=O)C(C)NC(=O)[C@@H](C)C1,6.395213333333338,6.157347367724862,6.2762803505291,1
C/C1=C\[C@H](C)C[C@H](C)OC(=O)C[C@H](c2ccc(O)cc2)NC(=O)[C@@H](C[C@@]2(O)C(=O)Nc3ccccc32)N(C)C(=O)C(C)NC(=O)[C@@H](C)C1,6.395213333333338,6.157347367724862,6.2762803505291,1
CCCC1NC(=O)CNC(=O)[C@@H](Cc2ccc(OC)cc2)N(C)C(=O)[C@H](C(C)C)OC(=O)[C@H](C(C)C)N(C)C(=O)[C@H](C(C)C)OC(=O)C1C,6.288796666666668,6.262022371031744,6.275409518849206,1
C/C1=C\[C@H](C)C[C@H](C)OC(=O)[C@H](CO)NC(=O)[C@@H](Cc2ccc(O)c(Br)c2)N(C)C(=O)[C@H](C)NC(=O)[C@@H](C)C1,6.445180000000004,6.100437202380951,6.272808601190477,1
COS(=O)CCNC(=O)/C(Cc1ccc(O)c(Br)c1)=N/O,6.372734444444449,6.170534672619048,6.271634558531749,0
COc1cc(CC(=O)NCCCCNC(=O)CC(=O)NCCC(=O)c2ccccc2N)ccc1O,6.3459333333333365,6.196222110389612,6.271077721861474,0
CCCCC[C@@H]1OC(=O)[C@H](C)NC(=O)[C@H](CC(C)C)NC(=O)[C@@H]2CCCN2C(=O)[C@H]([C@@H](C)CC)OC(=O)[C@H](C(C)C)N(C)C(=O)[C@H](C(C)C)NC(=O)C1(C)C,6.307413333333332,6.234702040343913,6.271057686838622,1
COc1cc(CCN(C)C)c2sc3c(O)c(OC)cc(CCN(C)C)c3ssc2c1O,6.342117777777782,6.199029394300144,6.270573586038963,0
CN1C(=O)C(/N=c2/n(C)cc(Cc3ccc4c(c3)OCO4)n2C)=NC/1=N\CCS(=O)(=O)O,6.354450000000008,6.186284351851855,6.270367175925932,0
CC[C@H](C)[C@H]1NC(C)(C)NC(=O)[C@@H](Cc2c[nH]c3cc(I)cc(I)c23)NC1=O,6.251427777777774,6.287747033730155,6.269587405753965,1
COC(=O)O[C@@]12C(=O)N[C@@H](Cc3ccc(OC)cc3)[C@@H]1[C@H](C)[C@@]1(C)O[C@H]1[C@@H]2/C=C/C[C@H](C)C(=O)[C@](C)(O)CC(OC)OC,6.344611111111113,6.191714684644054,6.268162897877583,1
C=CC(C)(C)O[C@H](C)[C@@H]1NC(=O)[C@H]2CSC(=N2)[C@@H](Cc2ccccc2)NC(=O)[C@@H]2CCCN2C(=O)[C@H](CO)NC(=O)[C@H](CC(C)C)NC1=O,6.243661111111113,6.292034186507933,6.267847648809523,1
CC[C@@H](C)[C@@H]1NC(=O)CN(C)C(=O)[C@@H](Cc2ccccc2)N(C)C(=O)[C@H](C)NC(=O)[C@@H]([C@@H](C)CC)OC(=O)/C(C)=C/C[C@H](O)[C@H](C)C[C@H]([C@@H](C)CC)OC(=O)[C@H](C)N(C)C1=O,6.403557777777781,6.1318019047619,6.267679841269841,1
CC[C@@H](C)[C@@H](C(=O)N1CCC[C@H]1c1nccs1)N(C)C(=O)[C@H](CC(C)C)N(C)C(=O)[C@H](Cc1ccc(O)cc1)N(C)C(=O)/C=C(\C)OC,6.453602222222226,6.080749781746029,6.267176001984128,1
CC[C@@H](C)[C@@H]1NC(=O)[C@H](Cc2ccc(O)cc2)N(C)C(=O)[C@H](Cc2ccccc2)NC(=O)CN(C)C(=O)[C@@H]2CCCN2C(=O)[C@@H](Cc2ccc(O)cc2)N(C)C(=O)[C@H](CC(C)C)NC1=O,6.389552222222224,6.144051656746033,6.266801939484129,1
C#CCCC[C@@H]1OC(=O)CNC(=O)[C@H](Cc2ccccc2)N(C)C(=O)[C@@H]2CCCN2C(=O)[C@@H]([C@@H](C)CC)OC(=O)[C@H](C(C)C)N(C)C(=O)[C@H](C(C)C)NC(=O)C1(C)C,6.2871855555555545,6.245398191137562,6.266291873346559,1
C/C1=C\C(C)CC(C)OC(=O)C(C(C)C)NC(=O)C(Cc2ccc(O)c(I)c2)N(C)C(=O)C(C)NC(=O)C(C)C1,6.467855555555556,6.063527103174599,6.265691329365078,1
C/C1=C\[C@H](C)C[C@H](C)OC(=O)C[C@H](c2ccc(O)cc2)NC(=O)[C@@H](Cc2ccc(O)c(Cl)c2)N(C)C(=O)[C@H](C)NC(=O)[C@@H](C)C1,6.379933333333335,6.150597996031739,6.265265664682537,1
C=C1C[C@H](C)C(=O)N[C@@H](C)C(=O)N(C)[C@H](Cc2ccc(O)c(I)c2)C(=O)N[C@@H](C)C(=O)O[C@@H](C)C[C@@H](C)C1=O,6.465233333333334,6.063527103174599,6.264380218253967,1
OCc1cc(Br)c(O)c(Oc2c(CO)cc(Br)c(O)c2O)c1Br,6.181692222222224,6.345800781024536,6.26374650162338,1
C=CC(C)(C)OC[C@@H]1NC(=O)N[C@H]([C@@H](C)CC)C(=O)[C@@H]2CCCN2C(=O)[C@H]([C@H](C)CC)NC(=O)[C@@H]2CSC(=N2)[C@@H]2CCCN2C(=O)[C@H](Cc2ccccc2)NC1=O,6.334866666666668,6.192101666666662,6.2634841666666645,1
CC[C@H](C)[C@H](NC(=O)[C@H](CCC(N)=O)N(C)C(=O)[C@H](CC(C)C)NC(=O)[C@@H](O)CC(C)C)C(=O)NCC(=O)N(C)[C@H](Cc1ccccc1)C(=O)N1CCC[C@H]1C(=O)OC,6.440930000000003,6.085347390873012,6.263138695436508,1
CCCCCC(=O)N[C@H](C(=O)N[C@@H](CCS(C)(=O)=O)C(=O)N[C@@H](CC(C)C)C(=O)[C@@]1(C)CO1)C(C)C,6.222605555555558,6.302963630952377,6.262784593253967,1
COC1=C(Br)C[C@]2(OC=C1Br)ON=C(C(=O)NCCCOc1c(Br)cc(CCN)cc1Br)[C@@H]2O,6.453647777777777,6.071849285714283,6.262748531746031,1
CC[C@H](C)[C@H](O)C(=O)N[C@@H](CC(C)C)C(=O)N(C)[C@@H](CCC(N)=O)C(=O)N[C@H](C(=O)NCC(=O)N(C)[C@H](Cc1ccccc1)C(=O)N1CCC[C@H]1C(=O)OC)[C@@H](C)CC,6.437585555555558,6.085347390873012,6.261466473214285,1
CC[C@H](C)[C@H](O)C(=O)N[C@H](CC(C)C)C(=O)N(C)[C@H](CCC(N)=O)C(=O)N[C@H](C(=O)NCC(=O)N(C)[C@H](Cc1ccccc1)C(=O)N1CCC[C@H]1C(=O)OC)[C@@H](C)CC,6.437585555555558,6.085347390873012,6.261466473214285,1
O=C(NCCc1ccc(OS(=O)(=O)[O-])c(Br)c1)/C(Cc1ccc(O)c(Br)c1)=N/O.[Na+],6.4204616666666645,6.102350259920637,6.261405963293651,1
CCCCCCC[C@@H](C/C=C/CCC(=O)N(C)C/C(=C\Cl)C/C(=C\C(=O)N1C(=O)C=C(OC)[C@@H]1CO)OC)OC,6.366216666666669,6.154128840187591,6.260172753427129,1
CCCCCCC[C@@H](C/C=C/CCC(=O)N(C)C/C(=C\Cl)C/C(=C\C(=O)N1C(=O)C=C(OC)[C@H]1CO)OC)OC,6.366216666666669,6.154128840187591,6.260172753427129,1
COC(=O)NCCc1cc(Br)c(OCCCN(C)C)c(Br)c1,6.427640000000005,6.092675178571425,6.260157589285715,0
CNCC(O)c1ccc(OCCCNC(=O)C2=NO[C@@]3(CC(Br)=C(OC)C(Br)=CO3)[C@H]2O)cc1,6.295434444444447,6.224392896825394,6.259913670634921,1
C=C(CCNC(=O)CC/C=C/C[C@H](CCCCCCC)OC)[C@]12O[C@H]1[C@H](O[C@H]1OC[C@H](OC)[C@@H](O)[C@@H]1OC)C=C(C)C2=O,6.453363333333334,6.066069126984122,6.259716230158728,1
NCCc1cc(Br)c(OCCCNC(=O)/C(Cc2ccccc2)=N/O)c(Br)c1,6.34529444444444,6.173478075396827,6.259386259920634,1
NCCCOc1c(Br)cc(CCNC(=O)/C(Cc2ccccc2)=N/O)cc1Br,6.34529444444444,6.173478075396827,6.259386259920634,1
C/C1=C\[C@H](C)C[C@H](C)OC(=O)[C@H](C)NC(=O)[C@@H](Cc2ccc(O)c(Br)c2)N(C)C(=O)[C@H](C)NC(=O)[C@@H](C)C1,6.454752222222224,6.063527103174599,6.259139662698411,1
C/C1=C\[C@H](C)C[C@H](C)OC(=O)[C@H](C)NC(=O)[C@H](Cc2ccc(O)c(Br)c2)N(C)C(=O)[C@H](C)NC(=O)[C@@H](C)C1,6.454752222222224,6.063527103174599,6.259139662698411,1
C#CCCC[C@H]1OC(=O)[C@H](C(C)C)N(C)C(=O)[C@@H]2CCCN2C(=O)[C@H]([C@@H](C)CC)OC(=O)[C@H](C(C)CC)N(C)C(=O)[C@H]([C@@H](C)CC)NC(=O)[C@H]1C,6.277068888888889,6.239558330026455,6.258313609457671,1
C/C1=C\[C@H](C)C[C@H](C)OC(=O)[C@H](C)NC(=O)[C@@H](Cc2ccc(O)c(I)c2)N(C)C(=O)[C@H](C)NC(=O)[C@@H](C)C1,6.452463333333333,6.063527103174599,6.257995218253966,1
C/C1=C\[C@H](C)C[C@H](C)OC(=O)[C@H](C)NC(=O)[C@@H](Cc2ccc(O)c(I)c2)N(C)C(=O)[C@H](C)NC(=O)[C@H](C)C1,6.452463333333333,6.063527103174599,6.257995218253966,1
C/C1=C\C(C)CC(C)OC(=O)C(C)NC(=O)C(Cc2ccc(O)c(I)c2)N(C)C(=O)C(C)NC(=O)C(C)C1,6.452463333333333,6.063527103174599,6.257995218253966,1
C/C1=C\[C@H](C)C[C@H](C)OC(=O)[C@H](C)NC(=O)[C@H](Cc2ccc(O)c(I)c2)N(C)C(=O)[C@H](C)NC(=O)[C@@H](C)C1,6.452463333333333,6.063527103174599,6.257995218253966,1
CN[C@@H](CC(C)C)C(=O)NCCCN(C)CCc1cc(OC)c(Br)cc1Br,6.452961111111106,6.061327926587296,6.257144518849201,1
CCC[C@@H](CC[C@@H](C)[C@@H]1OC(=O)[C@H](C)NC(=O)[C@H]([C@@H](C)CC)N(C)C(=O)[C@]2(C)CSC(=N2)[C@H](C)NC(=O)C1(C)C)OC,6.378644444444446,6.133817184644057,6.256230814544251,1
CC(C)C[C@@H]1NC(=O)[C@H](C(C)C)NC(=O)[C@H](Cc2ccc(O)cc2)N(C)C(=O)[C@H](Cc2ccccc2)NC(=O)CN(C)C(=O)[C@@H]2CCCN2C(=O)[C@@H](Cc2ccccc2)N(C)C1=O,6.3678411111111135,6.144051656746033,6.255946383928573,1
COC1=C(Br)[C@H](O)[C@@]2(C=C1Br)CC(C(=O)NCCCCCNC(=O)C1=NO[C@]3(C=C(Br)C(=O)[C@@H]4O[C@@H]43)C1)=NO2,6.475446666666664,6.036101951058197,6.255774308862431,1
CC(C)C[C@@H]1NC(=O)[C@H](C(C)C)NC(=O)[C@H](Cc2ccc(O)cc2)N(C)C(=O)[C@H](Cc2ccccc2)NC(=O)CN(C)C(=O)[C@@H]2CCCN2C(=O)[C@@H](Cc2ccc(O)cc2)N(C)C1=O,6.366918888888892,6.144051656746033,6.255485272817462,1
COC1=C(Br)[C@@H](O)[C@]2(C=C1Br)CC(C(=O)NCCCOc1c(Br)cc(C(=O)O)cc1Br)=NO2,6.341093333333332,6.169133300264548,6.255113316798941,1
COC(=O)CCCNC(=O)NCc1c(Br)c(O)c(O)c(Br)c1Br,6.209983888888888,6.298567443542571,6.2542756662157295,1
CC[C@H](C)[C@@H](O)C(=O)N1CCC[C@H]1C(=O)NCC(=O)N(C)[C@@H](CC(C)C)C(=O)N[C@@H](C)C(=O)N(C)[C@H](Cc1ccccc1)C(=O)N1CCC[C@H]1C(=O)OC,6.400252222222224,6.104504156746028,6.252378189484126,1
CC[C@@H](O)CCCCCCCCCCC(=O)N[C@H]1CSSC[C@@H](C(=O)OC)NC(=O)[C@H](CC(C)C)NC(=O)[C@@H]2CCCN2C(=O)[C@@H]2CCCN2C1=O,6.4401077777777775,6.0623171031746,6.251212440476189,1
C=CCCC[C@H]1OC(=O)[C@H]([C@@H](C)CC)NC(=O)[C@@H]2CCCN2C(=O)[C@H](Cc2ccccc2)OC(=O)[C@H](C(C)C)N(C)C(=O)[C@H](C(C)C)NC(=O)[C@H]1C,6.224552222222221,6.276126236772481,6.250339229497351,1
CCCC1OC(=O)CNC(=O)[C@H](Cc2ccccc2)N(C)C(=O)[C@@H]2CCCN2C(=O)[C@H](Cc2ccccc2)N(C)C(=O)[C@H](C(C)C)NC(=O)C1(C)C,6.244776666666664,6.255764738756612,6.250270702711638,1
COc1c(O)cc(CCN)c2c1SSSSS2,6.149565555555555,6.350877189935065,6.25022137274531,0
COc1cc(CCN)c2c(c1O)SSSSS2,6.149565555555555,6.350877189935065,6.25022137274531,0
CCCCC[C@@H]1OC(=O)[C@H](C)NC(=O)[C@H](C(C)C)NC(=O)[C@@H]2CCCN2C(=O)[C@H](Cc2ccccc2)OC(=O)C(C(C)C)N(C)C(=O)[C@H](C(C)C)NC(=O)C1(C)C,6.253799841269841,6.245398191137562,6.249599016203701,1
C/C=C(/C)C(=O)OC[C@H]1c2c(cc(C)c(OC)c2O)C[C@H]2[C@H]3C4=C(C[C@@H]([C@H](C#N)N12)N3C)C(=O)C(C)=C(OC)C4=O,6.388572222222223,6.11059643217893,6.249584327200576,1
C=C(C)CCOc1ccc(C[C@@H]2NC(=O)[C@H]([C@@H](C)CC)N(C)C(=O)[C@H](C)NC(=O)[C@@H]3CCCN3C(=O)C(Cc3ccccc3)OC(=O)[C@H](C)N(C)C2=O)cc1,6.347546666666665,6.150786236772487,6.249166451719576,1
CCOC(=O)NCCCCCNC(=O)C1=NO[C@]2(C=C(Br)C(OC)=C(Br)[C@@H]2O)C1,6.34082444444444,6.157250978835978,6.249037711640209,1
C=CC(C)(C)n1cc(C[C@@H]2NC(=O)[C@H](C[C@@H](C)CO)N(C)C2=O)c2ccccc21,6.024172222222214,6.473708780663779,6.248940501442997,0
C/C1=C\[C@H](C)C[C@H](C)OC(=O)[C@H](C)NC(=O)[C@@H](Cc2ccc(O)c(Br)c2)N(C)C(=O)CNC(=O)[C@@H](C)C1,6.434193333333337,6.063527103174599,6.248860218253968,1
COc1cc(O)c(Oc2cc(C)cc(O)c2)c(C)c1OC,6.324147777777779,6.173461690115439,6.248804733946609,0
COC1=C(Br)[C@H](O)[C@@]2(C=C1Br)CC(C(=O)NCCCOc1c(Br)cc(C(O)CNS(=O)(=O)[O-])cc1Br)=NO2.[Na+],6.327718888888888,6.169133300264548,6.248426094576718,1
COc1cc(CCN(C)C)c2c(c1O)Sc1c(CCN(C)C)c(SC)c(OC)c(OC)c1S2,6.347731111111115,6.148903417027415,6.248317264069265,1
C#CCn1cc(C[C@@H]2NC(=O)[C@H](C[C@@H](C)CO)N(C)C2=O)c2ccccc21,6.082555555555548,6.41405360209235,6.24830457882395,0
COC1=C(Br)C(O)C2(C=C1Br)CN=C(C(=O)NCCCOc1c(Br)cc(C(O)CN)cc1Br)O2,6.432415555555557,6.0631887896825365,6.247802172619046,1
C=CC(C)(C)[C@@]12C=C(O)C(=O)N3/C(=C/c4cn(C(C)(C)CC(=O)CC(C)(C)O)cn4)C(=O)N[C@]31N(OC)c1ccccc12,6.1668944444444485,6.327928207671956,6.247411326058202,1
COC1C(=O)N(C)C(OC)C1OC(CN(C)c1cn(C)cn1)C(O)CO,6.295822222222218,6.198878452380954,6.247350337301586,0
COc1cc(CCN(C)CCCNC(=O)[C@H](CC(C)C)N(C)C)c(Br)cc1Br,6.477255555555552,6.015901121031742,6.246578338293647,1
CCC[C@H]1NC(=O)[C@@H](NC(C)=O)[C@@H](C)OC(=O)[C@H](C(C)C)NC(=O)[C@H](Cc2ccc(OC)cc2)N(C)C(=O)[C@@H]2CCCN2C(=O)[C@@H]2CCCN2C1=O,6.318157777777771,6.174989074074073,6.246573425925922,1
COC1=C(Br)C(O)C2(C=C1Br)CN=C(C(=O)NCCCOc1c(Br)cc(CCN)cc1Br)O2,6.428837777777778,6.0631887896825365,6.246013283730157,1
CC[C@H](C)[C@@H](C(=O)N[C@@H](Cc1ccc(OCC=C(C)C)cc1)C(=O)O)N(C)C(=O)[C@H](CO)NC(=O)[C@@H]1CCCN1C(=O)C(O)Cc1ccccc1,6.209877777777774,6.282043591269839,6.245960684523807,1
C=C1/C=C/C(=O)N(C)C(=O)NC(CCC(N)=O)C(=O)OC(C(C)CC(C)CC(C)CC)C(C)C(=O)N1,6.039466666666666,6.4521770833333285,6.245821874999997,1
C#CCCC[C@@H]1OC(=O)CNC(=O)[C@H]([C@@H](C)CC)NC(=O)[C@@H]2CCCN2C(=O)[C@H]([C@@H](C)CC)OC(=O)[C@H](Cc2ccccc2)N(C)C(=O)[C@H](C(C)C)NC(=O)C1(C)C,6.245374444444445,6.245398191137562,6.245386317791004,1
CCCCCC[C@H](C)[C@@H]1CC(=O)NCC(=O)N[C@@H](C(C)C)C(=O)N[C@H](CC(C)C)C(=O)N[C@@H](C)C(=O)N[C@@H](CCSC)C(=O)O1,6.13074666666667,6.3595762797619,6.245161473214285,1
CCCCCC[C@H](C)[C@@H]1CC(=O)NCC(=O)N[C@@H](C(C)C)C(=O)N[C@@H](CC(C)C)C(=O)N[C@@H](C)C(=O)N[C@@H](CCSC)C(=O)O1,6.13074666666667,6.3595762797619,6.245161473214285,1
CC(C)C[C@@H]1NC(=O)[C@H](C)NC(=O)C(NC(=O)C(N)Cc2ccccc2)Cc2cn(c3ccccc23)C23CC(NC1=O)C(=O)N1C(Cc4ccccc4)C(=O)N(c4ccccc42)C13,6.27478888888889,6.215503670634919,6.245146279761904,1
CC(C)C[C@@H]1NC(=O)[C@H](C)NC(=O)[C@@H](NC(=O)[C@@H](N)Cc2ccccc2)Cc2cn(c3ccccc23)[C@]23C[C@H](NC1=O)C(=O)N1[C@@H](Cc4ccccc4)C(=O)N(c4ccccc42)[C@@H]13,6.27478888888889,6.215503670634919,6.245146279761904,1
C=CC(C)(C)OC[C@@H]1NC(=O)CNC(=O)[C@@H]2CCCN2C(=O)[C@H](C(C)CC)NC(=O)[C@@H]2CSC(=N2)[C@H](CC(C)C)NC1=O,6.248350000000003,6.241641051587298,6.244995525793651,1
CCCCCCCCCc1nc(N)[n+]2c(c1C(=O)OCCCCCCCNC(=N)N)CCC2,6.1547188888888895,6.334929237012985,6.244824062950937,0
CN(C)CCCOc1c(Br)cc(CC[N+](C)(C)O)cc1Br,6.151197777777777,6.337688357683982,6.244443067730879,0
CCCC(=O)N[C@@H]1C(=O)N[C@@H](CC(C)C)C(=O)N[C@H]2CC[C@@H](O)N(C2=O)[C@@H](CC(C)C)C(=O)N(C)[C@@H](Cc2ccccc2)C(=O)N[C@@H](C(C)C)C(=O)O[C@@H]1C,6.177663333333331,6.31074277777777,6.24420305555555,1
CCC(C)[C@@H]1NC(=O)[C@@H]2[C@@H](C)CCN2C(=O)[C@@H](CC(C)C)OC(=O)CCNC(=O)[C@H](C)N(C)C(=O)[C@H](C(C)CC)N(C)C1=O,6.234202222222221,6.2511940046296255,6.242698113425924,1
C[N+](C)(C)CCOC(OCC(O)COC(=O)c1c[nH]c2cc(Br)ccc12)C(=O)O,6.192568888888891,6.292811453823955,6.242690171356423,0
C=CCCC[C@@H]1OC(=O)CNC(=O)[C@H]([C@@H](C)CC)NC(=O)[C@@H]2CCCN2C(=O)[C@H]([C@@H](C)CC)OC(=O)[C@H](Cc2ccccc2)N(C)C(=O)[C@H](C(C)C)NC(=O)C1(C)C,6.20853873015873,6.276126236772481,6.2423324834656055,1
CC[C@H](C)[C@H]1NC(=O)[C@H](Cc2ccc(O)cc2)N(C)C(=O)[C@@H](C)N(C)C(=O)[C@H](C)NC(=O)CN(O)C(=O)[C@@H](CC(C)C)N(C)C(=O)[C@@H](C)NC1=O,6.276465555555554,6.208174394841267,6.242319975198411,1
CCC[C@H](O)CC[C@@H](C)[C@@H]1OC(=O)[C@H](C)NC(=O)[C@H]([C@@H](C)CCO)N(C)C(=O)[C@]2(C)CSC(=N2)[C@H](C)NC(=O)C1(C)C,6.143511111111108,6.341101586700332,6.24230634890572,1
C/C(=C\Cn1cnc2c1C(=O)N(C)CN2C)CC/C=C(\C)CCC/C(C)=C/C(=O)CC(C)C,6.18095222222222,6.303602293771044,6.242277257996632,1
C/C(=C/C(=O)CC(C)C)CCC/C(C)=C/CC/C(C)=C/Cn1cnc2c1C(=O)N(C)CN2C,6.18095222222222,6.303602293771044,6.242277257996632,1
CC(C)C[C@@H]1OC(=O)CCNC(=O)[C@H](CC(C)C)N(C)C(=O)[C@H](C(C)C)N(C)C(=O)[C@H](Cc2ccc(O)cc2)NC(=O)[C@@H]2CCCN2C1=O,6.24933,6.234309302248676,6.241819651124338,1
C#CCCC[C@@H]1OC(=O)CNC(=O)[C@H](C(C)C)NC(=O)[C@@H]2CCCN2C(=O)[C@H]([C@@H](C)CC)OC(=O)[C@H](Cc2ccccc2)N(C)C(=O)[C@H](C(C)C)NC(=O)C1(C)C,6.235507777777777,6.245398191137562,6.24045298445767,1
C#CCCC[C@H]1OC(=O)[C@H]([C@@H](C)CC)NC(=O)[C@@H]2CCCN2C(=O)[C@H](Cc2ccccc2)OC(=O)[C@H](C(C)C)N(C)C(=O)[C@H](C(C)C)NC(=O)[C@H]1C,6.232757777777777,6.245398191137562,6.239077984457669,1
CCC(C)[C@@H]1C(=O)N2CCC[C@H]2C(=O)NC(C(C)Cc2ccccc2)C(=O)N2CCC[C@H]2C(=O)NC(C(C)C)C(C)C(=O)OC(C)C(=O)N2CCC[C@H]2C(=O)O[C@H](C(C)C)C(=O)N1C,6.292555555555555,6.182224004629628,6.237389780092592,1
CCCCC(C)CC(C)C(=O)N(C)[C@@H](CC(C)C)C(=O)N[C@H](C(=O)N(C)[C@H](C(=O)N1C[C@@H](O)C[C@H]1C(=O)N1C(=O)C=CC1C)C(C)C)C(C)OC(C)=O,6.248885555555557,6.225405773809518,6.237145664682537,1
CCCC[C@@H](C)C[C@@H](C)C(=O)N(C)[C@@H](CC(C)C)C(=O)N[C@H](C(=O)N(C)[C@H](C(=O)N1C[C@@H](O)C[C@H]1C(=O)N1C(=O)C=C[C@@H]1C)C(C)C)C(C)OC(C)=O,6.248885555555557,6.225405773809518,6.237145664682537,1
COC1=C(Br)C[C@]2(OC=C1Br)ON=C(C(=O)NCCCOc1c(Br)cc(C(O)CNC=O)cc1Br)[C@@H]2O,6.332974444444442,6.140627288359788,6.236800866402115,1
CNCCc1cc(Br)c(OCCCN)c(Br)c1,6.143598888888886,6.329892590187589,6.236745739538238,0
C[C@H]1CN2C[C@]34C[C@@]5(C(=O)Nc6c5ccc5c6C(=O)CC(C)(C)O5)C(C)(C)[C@@H]3C[C@@]2(C1)C(=O)N4C,6.0382722222222265,6.435173865740742,6.236723043981485,0
CCCCC[C@H]1OC(=O)[C@H]([C@@H](C)CC)NC(=O)[C@@H]2CCCN2C(=O)[C@H](Cc2ccccc2)OC(=O)[C@H](C(C)C)N(C)C(=O)[C@H](C(C)C)NC(=O)[C@H]1C,6.227329999999999,6.245398191137562,6.2363640955687805,1
CCCC[C@@H](C)C[C@@H](C)C(=O)N(C)[C@@H](CC(C)C)C(=O)N[C@H](C(=O)N(C)[C@H](C(=O)N1CCC[C@H]1C(=O)N1C(=O)C=C[C@@H]1C)C(C)C)[C@@H](C)O,6.268424444444445,6.203486547619044,6.235955496031744,1
CC(C)C1NC(=O)[C@@H]2CCCN2C(=O)C(C(C)Cc2ccccc2)NC(=O)[C@@H]2CCCN2C(=O)[C@@H](C(C)C)N(C)C(=O)[C@@H](C(C)C)OC(=O)[C@@H]2CCCN2C(=O)[C@H](C)OC(=O)C1C,6.289572222222221,6.182224004629628,6.235898113425924,1
CC(C)[C@H]1NC(=O)[C@@H]2CCCN2C(=O)[C@H]([C@H](C)Cc2ccccc2)NC(=O)[C@@H]2CCCN2C(=O)[C@@H](C(C)C)N(C)C(=O)[C@@H](C(C)C)OC(=O)[C@@H]2CCCN2C(=O)[C@H](C)OC(=O)[C@@H]1C,6.289572222222221,6.182224004629628,6.235898113425924,1
C=CC(C)(C)OC[C@@H]1NC(=O)[C@H]([C@@H](C)CC)NC(=O)[C@H]2CCCN2C(=O)[C@H]([C@H](C)CC)NC(=O)[C@@H]2CCC(=N2)[C@@H]2CCCN2C(=O)[C@H](Cc2ccccc2)NC1=O,6.289891111111111,6.181452797619044,6.235671954365078,1
CCCCOC(=O)CCNc1nc(=O)n(C)c2c1ncn2C,6.108324444444441,6.362844690957192,6.235584567700816,0
CCOC(=O)NCCCCNC(=O)C1=NO[C@]2(C=C(Br)C(OC)=C(Br)[C@@H]2O)C1,6.313671111111108,6.157250978835978,6.235461044973543,1
COC(=O)NCC(=O)CCNC(=O)C1=NO[C@]2(C=C(Br)C(OC)=C(Br)[C@@H]2O)C1,6.458304444444443,6.012360066137561,6.235332255291002,1
COC(=O)NCCC(=O)CNC(=O)C1=NO[C@]2(C=C(Br)C(OC)=C(Br)[C@@H]2O)C1,6.458304444444443,6.012360066137561,6.235332255291002,1
CC(C)C[C@H]1NC(=O)[C@H](C)NC(=O)[C@H](CC(C)C)N(C)C(=O)[C@H]2CCCCN2C(=O)c2ccccc2NC(=O)[C@H](C(C)C)NC1=O,6.116057777777777,6.354240089285712,6.235148933531745,1
COc1cc(/C=C/C(=O)N(C)CC(OCCOCCO)c2ccc(O)cc2)ccc1O,6.296726666666669,6.172883142135639,6.2348049044011535,0
CC/C=C(\C)[C@H]1OC(=O)[C@H](C)N(C)C(=O)[C@H](C(C)C)NC(=O)CN(C)C(=O)[C@@H](C)N(C)C(=O)[C@H](C(C)C)NC(=O)[C@@H]([C@@H](C)CC)OC(=O)/C(C)=C/C[C@H](C)[C@@H]1C,6.392563333333335,6.076677718253962,6.234620525793648,1
CN(C)CCCOc1c(I)cc(CCN(C)C)cc1I,6.36355611111111,6.103578606782105,6.233567358946607,1
CCC(=O)CCCCCCCCCCC(=O)N[C@H]1CSSC[C@@H](C(=O)OC)NC(=O)[C@H](CC(C)C)NC(=O)[C@@H]2CCCN2C(=O)[C@@H]2CCCN2C1=O,6.403368888888888,6.062985158730157,6.233177023809523,1
C/C=C(/C)C(=O)OC[C@H]1C2=C(CC3[C@H]4C5=C(C[C@@H](C(=O)N31)N4C)C(=O)C(C)=C(OC)C5=O)C(=O)C(C)=C(OC)C2=O,6.349066666666666,6.116993706709957,6.233030186688312,1
COc1c(C)cc(C(C)=O)c(O)c1CO,6.231893333333334,6.234074613997116,6.232983973665225,0
COc1ccc(C[C@H]2NC(=O)/C=C/C[C@@H]([C@H](C)[C@H]3O[C@@H]3c3ccccc3)OC(=O)[C@H](CC(C)C)OC(=O)CCNC2=O)cc1,6.3472222222222205,6.116541249999995,6.231881736111108,1
C=CC(C)(C)c1[nH]c2c(CC=C(C)C)cc(CC=C(C)C)cc2c1C[C@@H]1NC(=O)[C@H](CO)NC1=O,6.364988888888887,6.097355535714285,6.231172212301586,0
CCC[C@H]1C[C@@H](OC)C[C@H](C)C[C@@H]2C[C@@H](OC(=O)/C=C\CCc3coc(/C=C\CNC(=O)OC)n3)C[C@H](CC(=O)O1)O2,6.266305555555554,6.1943389009139,6.230322228234726,1
C/C=C(\C)[C@@H]1OC(=O)[C@H](C)N(C)C(=O)[C@H]([C@H](C)CC)NC(=O)CN(C)C(=O)[C@@H](Cc2ccccc2)N(C)C(=O)[C@H](C)NC(=O)[C@@H]([C@@H](C)CC)OC(=O)/C(C)=C/C[C@H](O)[C@@H]1C,6.377346666666671,6.08313662698412,6.230241646825396,1
C=C(C)C(Cl)COc1ccc(C[C@@H]2NC(=O)[C@H]([C@@H](C)CC)N(C)C(=O)[C@H](C)NC(=O)[C@@H]3CCCN3C(=O)C(Cc3ccccc3)OC(=O)[C@H](C)N(C)C2=O)cc1,6.316479999999999,6.143404252645504,6.229942126322752,1
C#CCCC[C@@H]1OC(=O)CNC(=O)[C@H]([C@@H](C)CC)NC(=O)[C@@H]2CCCN2C(=O)[C@H](C(C)C)OC(=O)[C@H](Cc2ccccc2)N(C)C(=O)[C@H](C(C)C)NC(=O)C1(C)C,6.214474444444443,6.245398191137562,6.229936317791003,1
CC[C@@H](C)[C@@H]1NC(=O)CN(C)C(=O)[C@@H](Cc2ccccc2)N(C)C(=O)[C@H](C)NC(=O)[C@@H]([C@@H](C)CC)OC(=O)/C(C)=C/C[C@H](O)[C@H](C)[C@H]([C@@H](C)CC)OC(=O)[C@H](C)N(C)C1=O,6.376041111111116,6.08313662698412,6.2295888690476175,1
COc1ccc([C@]23Oc4cc(OC)cc(OC)c4[C@@]4(O)[C@H](C(=O)N(CCCCNC(=O)/C(C)=C/CO)C42O)[C@H]3c2ccccc2)cc1,6.334122222222223,6.124421364838867,6.229271793530545,1
COc1c(-c2csc(-c3ccc4cc(Cl)ccc4n3)n2)n(C)c(C(=O)NCCOC(C)=O)c(SC)c1=O,6.29915,6.15897507936508,6.229062539682539,1
CCC[C@H](C)[C@H]1OC(=O)[C@H](C)N(C)C(=O)[C@H]([C@@H](C)CC)NC(=O)CN(C)C(=O)[C@@H](Cc2ccccc2)N(C)C(=O)[C@H](C)NC(=O)[C@@H]([C@@H](C)CC)OC(=O)/C(C)=C/C[C@H](O)[C@@H]1C,6.373980000000006,6.08313662698412,6.228558313492063,1
CC(CC(=O)N(C)[C@@H]1C(=O)N(C)[C@@H](C)C(=O)N[C@H](C(C)C)C(=O)N(C)[C@@H](C)C(=O)N(C)[C@H](Cc2ccccc2)C(=O)N[C@@H](C(C)C)C(=O)O[C@@H]1C)C(Cl)Cl,6.283315555555556,6.173619884920632,6.228467720238094,1
CC(C)C[C@@H]1NC(=O)[C@H](Cc2ccoc2)N(C)C(=O)[C@H](C(C)C)NC(=O)[C@H](Cc2ccoc2)N(C)C1=O,6.280955555555561,6.175813409391533,6.228384482473548,1
C=C[C@@](C)(CCC=C(C)C)c1ccc2c3c1NC(=O)[C@@H]3C[C@@H](CO)NC(=O)[C@H](C(C)C)N2C,6.172305555555556,6.283627411616159,6.227966483585858,0
COc1cc([C@@H](OC)[C@H](O)CO)cc(OC)c1O,6.096108888888886,6.359095666305918,6.227602277597402,0
C/C(=C\C(C(C)C)N(C)C(=O)C(NC(=O)C1N(C)Cc2c(c3ccccc3n2C)C1(C)C)C(C)(C)C)C(=O)O,6.298677777777778,6.156471488095236,6.227574632936507,1
C/C(=C\[C@H](C(C)C)N(C)C(=O)[C@@H](NC(=O)[C@H]1N(C)Cc2c(c3ccccc3n2C)C1(C)C)C(C)(C)C)C(=O)O,6.298677777777778,6.156471488095236,6.227574632936507,1
OCc1cc(O)c(O)c(Br)c1Cc1cc(O)c(O)c(Br)c1Br,6.231952222222223,6.221734942640693,6.226843582431458,0
CN(C)CCCOc1c(I)cc(CC[N+](C)(C)C)cc1I.Cl.[Cl-],6.373418888888888,6.079788368686867,6.226603628787878,1
Cc1cc(O)c(O)c(Oc2cc(C)cc(Oc3cc(C)cc(O)c3O)c2O)c1,6.267785555555552,6.183330873015874,6.225558214285712,0
Cc1cc(O)c(O)c(Oc2cc(C)cc(O)c2Oc2cc(C)cc(O)c2O)c1,6.267785555555552,6.183330873015874,6.225558214285712,0
Cc1cc(O)c(Oc2c(O)cc(C)cc2Oc2cc(C)cc(O)c2O)c(O)c1,6.267785555555552,6.183330873015874,6.225558214285712,0
C#CCCC[C@H]1OC(=O)[C@H](C(C)CC)N(C)C(=O)[C@@H]2CCCN2C(=O)[C@H](C(C)C)OC(=O)[C@@H](C(C)CC)C(C)C(=O)[C@H](C(C)C)NC(=O)[C@H]1C,6.368691111111113,6.082097159391532,6.225394135251323,1
COC1=C(Br)[C@H](O)[C@@]2(C=C1Br)CC(C(=O)NCCCCCNC(=O)C1=NO[C@]3(C=C(Br)C(=O)[C@@H](Br)[C@@H]3O)C1)=NO2,6.414207777777777,6.036101951058197,6.225154864417987,1
NC(=O)NCCCOc1c(Br)cc(CCNC=C2C(=O)C=CC2=O)cc1Br,6.421264444444443,6.028943203463208,6.225103823953825,1
CC(C)C[C@@H]1NC(=O)[C@H](C)NC(=O)[C@@H](N)Cc2cn(c3ccccc23)[C@]23C[C@H](NC1=O)C(=O)N1[C@@H](Cc4ccccc4)C(=O)N(c4ccccc42)[C@@H]13,6.234702222222225,6.215503670634919,6.2251029464285725,1
CCCCC(C)CC(C)C(=O)N(C)[C@@H](CC(C)C)C(=O)N[C@H](C(=O)N(C)[C@H](C(=O)N1CCC[C@H]1C(=O)N1C(=O)C=CC1C)C(C)C)C(C)OC(C)=O,6.242874444444445,6.206804206349204,6.224839325396824,1
CC[C@H](C)[C@@H](C(=O)O[C@@H](CC(C)C)C(=O)N[C@@H](CC(C)C)C(=O)N[C@@H](C)/C=C/C(=O)N1C(=O)C=C(OC)[C@@H]1C)N(C)C,6.134855555555557,6.314401309523803,6.22462843253968,1
CCCCC[C@@H]1OC(=O)CNC(=O)[C@H]([C@@H](C)CC)NC(=O)[C@@H]2CCCN2C(=O)[C@H]([C@@H](C)CC)OC(=O)[C@H](Cc2ccccc2)N(C)C(=O)[C@H](C(C)C)NC(=O)C1(C)C,6.203657777777778,6.245398191137562,6.22452798445767,1
C/C1=C\[C@H](C)C[C@H](C)OC(=O)[C@H](CO)NC(=O)[C@@H](Cc2ccc(O)c(I)c2)N(C)C(=O)CNC(=O)[C@@H](C)C1,6.348394444444449,6.100437202380951,6.2244158234127,1
COC(=O)NCCSSCCNC(=O)/C(Cc1ccc(O)c(Br)c1)=N/O,6.224948888888887,6.219287640873018,6.222118264880953,0
CC[C@H](C)[C@H](NC(=O)[C@H](OC(=O)[C@@H](O)C(C)C)[C@@H](C)CC)C(=O)NCC(=O)N(C)[C@H](Cc1ccccc1)C(=O)N1CCC[C@H]1C(=O)OC,6.361463333333334,6.082338442460314,6.221900887896824,1
C=C[C@@](C)(CCC=C(C)C)c1ccc2c(c1NC=O)C(=O)C[C@@H](CO)NC(=O)[C@H](C(C)C)N2C,6.147572222222225,6.295057233044733,6.221314727633478,0
COc1c(Br)cc(Br)c(C[C@@H]2N(C)C(=O)[C@@H]3CCC[N@+]23C)c1Br,6.182010000000004,6.260378750000001,6.221194375000002,1
COc1c(Br)cc(Br)c(C[C@H]2N(C)C(=O)[C@@H]3CCC[N@@+]32C)c1Br,6.182010000000004,6.260378750000001,6.221194375000002,1
CC[C@H](C)[C@H]1NC(=O)[C@@H](NC(C)=O)[C@@H](C)OC(=O)[C@H](C(C)C)NC(=O)[C@H](Cc2ccc(OC)cc2)N(C)C(=O)[C@@H]2CCCN2C(=O)[C@@H]2CCCN2C1=O,6.265185555555553,6.177195720899468,6.221190638227511,1
CC[C@H](C)[C@@H](C(=O)N1C(=O)C=C(OC)[C@@H]1Cc1ccccc1)N(C)C(=O)[C@H](C(C)C)N(C)C(=O)[C@@H](NC(=O)[C@H](C(C)C)N(C)C)C(C)C,6.387133333333339,6.054745972222215,6.220939652777777,1
CCOC1(CCCNC(=O)C2=NO[C@@]3(C=C(Br)C(OC)=C(Br)[C@H]3O)C2)N=C(N)NC1=O,6.316018888888885,6.125830839947088,6.220924864417986,1
C/C(=C\Cn1cc(C[C@@H]2NC(=O)[C@H](C)NC2=O)c2ccccc21)CO,6.14227222222222,6.299304554473304,6.220788388347762,0
CC(=O)CC(=O)N1C(=O)[C@@H]2[C@@H](Cc3cccc4c3C2(O)C(=O)N4C)C1(C)C,6.305196666666667,6.136199484126983,6.220698075396825,0
CC(=O)CC(=O)N1C(=O)[C@@H]2[C@@H](Cc3cccc4c3[C@@]2(O)C(=O)N4C)C1(C)C,6.305196666666667,6.136199484126983,6.220698075396825,0
C#CCCCC1CC(=O)O[C@@H](C(C)C)C(=O)N2CCC[C@H]2C(=O)N(C)[C@@H](C(C)C)C(=O)O[C@@H](C(C)C)C(=O)N(C)[C@@H](C(C)C)C(=O)N[C@@H](CC(C)C)C(=O)N1,6.215546666666667,6.225002298280419,6.220274482473544,1
C/C1=C\[C@H](C)C[C@H](C)OC(=O)[C@H](CO)NC(=O)[C@@H](Cc2ccc(O)c(Cl)c2)N(C)C(=O)[C@H](C)NC(=O)[C@@H](C)C1,6.341674444444449,6.096017996031745,6.218846220238097,1
OCc1cc(O)c(O)c(Br)c1Cc1cc(O)c(O)c(Br)c1,6.215048888888893,6.221734942640693,6.218391915764792,0
CC(C)=CCC/C(C)=C/C[C@@]12CCN(C)[C@@H]1Nc1c(Br)cc(Br)c(O)c12,6.233843333333335,6.20203429563492,6.217938814484127,1
COC(=O)CCCNC(=O)NCc1cc(O)c(O)c(Br)c1Br,6.136183333333332,6.298567443542571,6.217375388437951,0
CCOC(=O)/C(=C/C(=O)OC)C(Cc1c(Br)c(O)c(O)c(Br)c1Br)C(=O)O,6.239056666666673,6.192230845598846,6.21564375613276,1
COC(=O)CCCCCCCC[C@H](CC(=O)NCCCN)N1CC(=O)N(O)[C@@H](Cc2ccccc2)C1=O,6.282294444444445,6.148857199675324,6.2155758220598845,1
C=C[C@@](C)(C/C=C/C(C)(C)O)c1ccc2c3c(c[nH]c13)C[C@@H](CO)NC(=O)[C@H](C(C)C)N2C,6.107233333333335,6.322985030663784,6.215109181998559,0
COc1c(Br)cc(C/C(=N\O)C(=O)NCCCCNC(=N)N)c(O)c1Br,6.207307222222221,6.219809406746033,6.213558314484127,1
CC(CC(=O)N(C)[C@@H]1C(=O)N(C)[C@@H](C(C)C)C(=O)N[C@H](C)C(=O)N(C)[C@@H](C)C(=O)N(C)[C@H](Cc2ccccc2)C(=O)N[C@@H](C)C(=O)O[C@@H]1C)C(Cl)Cl,6.252121111111111,6.173619884920632,6.212870498015872,1
C=C1/C=C/C(=O)N(C)CC(=O)N[C@@H]([C@@H](O)C(N)=O)C(=O)O[C@@H]([C@@H](C)CCCCCCCCCCCCCCC)[C@H](C)C(=O)N1,6.196733333333338,6.2267255609668055,6.211729447150072,1
CC[C@@H](C)[C@@H]1NC(=O)[C@H](Cc2ccc(OC)cc2)N(C)C(=O)[C@@H]2CCCN2C(=O)[C@@H]2CCCN2C(=O)[C@@H]([C@@H](C)CC)NC(=O)[C@@H](NC(C)=O)[C@@H](C)OC1=O,6.24505222222222,6.177195720899468,6.211123971560844,1
CC(C)C[C@@H]1NC(=O)[C@H](C(C)C)N(C)C(=O)[C@H](Cc2ccc(O)cc2)NC(=O)[C@@H]2CCCN2C(=O)[C@H](CC(C)C)OC(=O)CCNC1=O,6.198202222222221,6.2237776157407385,6.21098991898148,1
CC(C)C[C@@H]1NC(=O)[C@H](C(C)C)N(C)C(=O)[C@H](Cc2ccccc2)NC(=O)[C@@H]2CCCN2C(=O)[C@H](CC(C)C)OC(=O)CCNC1=O,6.196963333333333,6.225002298280419,6.210982815806876,1
CCCCC[C@H]1NC(=O)[C@H](C)NC(=O)[C@@H](Cc2ccccc2)N(C)C(=O)[C@@H]2CCCN2C(=O)[C@H]([C@@H](C)CC)OC(=O)[C@H]1C,6.170616666666664,6.251009083994708,6.210812875330686,1
CCCCC[C@H]1NC(=O)[C@H](C)NC(=O)[C@@H](Cc2ccccc2)N(C)C(=O)[C@@H]2CCCN2C(=O)[C@H]([C@@H](C)CC)OC(=O)[C@@H]1C,6.170616666666664,6.251009083994708,6.210812875330686,1
C=C1/C=C/C(=O)N(C)CC(=O)NC(C(O)C(N)=O)C(=O)OC(C(C)CCCCCC)C(C)C(=O)N1,6.194538888888894,6.2267255609668055,6.210632224927849,0
C/C=C(\C)[C@H]1OC(=O)[C@@H](C)NC(=O)[C@H]([C@@H](C)CC)NC(=O)CN(C)C(=O)[C@@H](Cc2ccccc2)N(C)C(=O)[C@H](C)NC(=O)[C@@H](CC(C)C)OC(=O)/C(C)=C/C[C@H](O)[C@@H]1C,6.335468888888893,6.08313662698412,6.2093027579365065,1
O=C(NCCCOc1c(Br)cc(CC[n+]2ccccc2)cc1Br)/C(Cc1ccccc1)=N/O,6.239090000000003,6.1792814682539685,6.209185734126986,1
COC(=O)C[C@H]1[C@@H](C)C(=O)[C@H]2C[C@]3(CC[C@@]4(C)C(=CC(=O)O[C@@H]4c4ccoc4)C3=O)N[C@@H]2C1(C)C,6.250227777777781,6.168049530423279,6.20913865410053,0
C=C1C[C@](OC)([C@H](O)C(=O)N[C@H]2OCO[C@H]3[C@@H]2O[C@H](C[C@H](O)COC)C(C)(C)[C@@H]3OC)O[C@H](C)[C@@H]1C,6.313683333333336,6.104412936507931,6.209048134920634,1
COc1c(OC)c2c(c(CCN(C)C)c1SC)SC(CCNC(=N)N)(C1=NCCc3cc(O)c(O)cc31)S2,6.366157777777782,6.050714556277055,6.208436167027418,1
CCCCCC1OC(=O)C(C(C)C)NC(=O)C(C)NC(=O)C(Cc2ccccc2)N(C)C(=O)C2CCCN2C(=O)C1(C)C,6.184241111111108,6.231856127645501,6.208048619378305,1
NCCCOc1c(Br)cc(C/C(=N\O)C(=O)NCCC(=O)O)cc1Br,6.2103522222222205,6.2052739682539695,6.207813095238095,0
COc1c(Br)cc(/C=C/C(=O)NCCCC[C@@H](N)C(=O)O)cc1Br,6.141385555555551,6.273802730158731,6.2075941428571415,0
CCCCC[C@H](O)CC(=O)O[C@H]1C=COC=C2C[C@@]3(SC)C(=O)N4c5c(O)cccc5C[C@@]4(SC)C(=O)N3[C@@H]21,6.248780000000007,6.164328489658484,6.206554244829245,1
CC(=O)N[C@H]1[C@H](O[C@@H]2CC3=CC(=O)CC[C@]3(C)C3CC[C@@]4(C)C(CC[C@@H]4[C@H](C)CCC[C@@H](C)COC(C)=O)[C@@H]32)O[C@H](CO)[C@@H](O)[C@@H]1O,6.400349999999999,6.011886051587299,6.206118025793649,1
CCOC(=O)/C=C/c1cc(Br)c(OCCCN(C)C)c(Br)c1,6.31550222222222,6.096374182178928,6.205938202200574,0
CCC[C@H](O)CC[C@@H](C)[C@@H]1OC(=O)[C@H](C)NC(=O)[C@H]([C@@H](C)CCO)N(C)C(=O)C2(C)CN(O2)C(=O)[C@H](C)NC(=O)C1(C)C,6.226027777777778,6.184584563492059,6.205306170634919,1
C=C1/C=C/C(=O)N(C)CC(=O)N[C@@H]([C@@H](O)C(N)=O)C(=O)O[C@@H]([C@@H](C)CCCCCCCCCCCCCC)[C@H](C)C(=O)N1,6.18301666666667,6.2267255609668055,6.204871113816738,1
C=C[C@@](C)(CCC(O)C(=C)C)c1ccc2c3c(c[nH]c13)C[C@@H](CO)NC(=O)[C@H](C(C)C)N2C,6.116433333333335,6.290246102092351,6.203339717712844,0
C/C(=C\CC/C(C)=C/Cn1cnc2c1C(=O)N(C)CN2C)CC/C=C(\C)CC(=O)CC(C)C,6.102874444444446,6.303602293771044,6.203238369107744,1
COC1=C(Br)C[C@]2(OC=C1Br)ON=C(C(=O)NCCCOc1c(Br)cc(C=O)cc1Br)[C@@H]2O,6.2647366666666695,6.140627288359788,6.202681977513229,1
COC(=O)NCC(=O)CCCNC(=O)C1=NO[C@]2(C=C(Br)C(OC)=C(Br)[C@@H]2O)C1,6.3923266666666665,6.012360066137561,6.202343366402114,1
C#CCCC[C@@H](O)[C@@H](C)[C@@H]1C/C=C(/C)C(=O)O[C@H](CC(C)C)C(=O)N[C@@H](C)C(=O)N(C)[C@H](Cc2ccccc2)C(=O)N(C)CC(=O)N[C@@H]([C@H](C)CC)C(=O)N(C)[C@@H](C)C(=O)O1,6.320702222222226,6.08313662698412,6.201919424603173,1
COc1c(-c2csc(-c3ccc4cc(Cl)ccc4n3)n2)n(C)c(C(=O)NCCO)c([S+](C)[O-])c1=O,6.301344444444446,6.102464077380948,6.201904260912697,1
CC(C)C[C@@H]1OC(=O)[C@H](C)NC(=O)[C@H](C(C)(C)O)OC(=O)[C@H](C)N(C)C(=O)[C@@H](C)NC(=O)[C@@H](Cc2ccccc2)N(C)C1=O,6.21817111111111,6.185494831349204,6.201832971230157,1
CCOC(=O)NCCCOc1c(Br)cc(CCNC=O)cc1Br,6.182671111111109,6.219737074314573,6.201204092712841,0
COC(=O)[C@@H](CSC[C@H](O)C(=O)OC)N1C(=O)C[C@@H](C)C1=O,6.327687777777781,6.073793382034626,6.200740579906204,0
C=C1/C=C/C(=O)N(C)CC(=O)N[C@@H]([C@@H](O)C(N)=O)C(=O)O[C@@H]([C@@H](C)CCCCCCCCCCCCC)[C@H](C)C(=O)N1,6.17331666666667,6.2267255609668055,6.200021113816738,1
N=C(N)NCCCCNC(=O)Oc1c(Br)cc(O)c(CC(=O)O)c1Br,6.2269283333333325,6.172807180555559,6.199867756944446,1
CC/C=C(\C)[C@H]1OC(=O)[C@H](C)N(C)C(=O)[C@H](C(C)C)NC(=O)CN(C)C(=O)[C@H]([C@H](C)CC)N(C)C(=O)[C@H](C(C)C)NC(=O)[C@@H]([C@@H](C)CC)OC(=O)/C(C)=C/C[C@H](O)[C@@H]1C,6.37864666666667,6.020681765873012,6.199664216269841,1
C/C1=C\[C@H](C)C[C@H](C)OC(=O)[C@H](C)NC(=O)[C@@H](Cc2ccc(O)c(Cl)c2)N(C)C(=O)CNC(=O)[C@@H](C)C1,6.35077666666667,6.047540753968252,6.199158710317461,1
Cc1cc(O)cc(Oc2cc(C(=O)O)cc(O)c2O)c1,6.110351111111113,6.287841775793653,6.199096443452383,0
CS[C@@H]1C(=O)N(C)[C@](Cc2ccc(OC/C=C(\C)C(=O)O)cc2)(SC)C(=O)N1C,6.2890133333333305,6.108912448773445,6.198962891053387,0
CC[C@H](C)[C@H]1NC(=O)[C@@H](NC(C)=O)[C@@H](C)OC(=O)[C@H](C(C)C)NC(=O)[C@H](Cc2ccccc2)N(C)C(=O)[C@@H]2CCCN2C(=O)[C@@H]2CCCN2C1=O,6.172243333333332,6.225234074074072,6.198738703703702,1
CC/C=C(\C)[C@H]1OC(=O)[C@H](C)N(C)C(=O)[C@H](C(C)C)NC(=O)CN(C)C(=O)[C@@H](CC(C)C)N(C)C(=O)[C@H](C(C)C)NC(=O)[C@@H]([C@@H](C)CC)OC(=O)/C(C)=C/C[C@H](O)[C@@H]1C,6.36584666666667,6.031569027777772,6.198707847222221,1
COC[C@@H]([C@H](O)[C@H](O)C(=O)NCC[C@H](C)C(=O)O)N(C)C,6.07737111111111,6.31961118253968,6.198491146825395,0
CN[C@@H](CC(C)C)C(=O)NCCc1c(Br)n(C)c2cc(Br)c(Br)cc12,6.336202777777773,6.060368224206347,6.1982855009920605,1
COc1cc(C/C=C\Cc2cc(O)c(Br)c(O)c2)c(O)cc1Br,6.337353888888888,6.057017360750361,6.197185624819625,0
Cc1cc(O)c(O)c(Oc2cc(C(=O)O)cc(O)c2O)c1,6.104951111111113,6.287841775793653,6.196396443452382,0
C=CCCC[C@H]1OC(=O)[C@H]([C@@H](C)CC)N(C)C(=O)[C@@H]2CCCN2C(=O)[C@H](Cc2ccccc2)OC(=O)[C@H](C(C)C)N(C)C(=O)[C@H](C(C)C)NC(=O)[C@H]1C,6.272735555555554,6.11977717472342,6.196256365139487,1
C=CC(C)(C)OC[C@@H]1NC(=O)[C@H]([C@@H](C)OC(C)(C)C=C)NC(=O)[C@@H]2CSC(=N2)[C@H](Cc2ccccc2)NC(=O)[C@@H]2CCCN2C(=O)[C@H](C)NC(=O)[C@H]([C@@H](C)CC)NC1=O,6.195311111111108,6.193516666666662,6.194413888888885,1
C=CC(C)(C)OC[C@@H]1NC(=O)[C@H]([C@@H](C)OC(C)(C)C=C)NC(=O)[C@@H]2CSC(=N2)[C@@H](Cc2ccccc2)NC(=O)[C@@H]2CCCN2C(=O)[C@H](C)NC(=O)[C@H]([C@@H](C)CC)NC1=O,6.195311111111108,6.193516666666662,6.194413888888885,1
C=CCCC[C@H]1OC(=O)[C@H](C(C)C)N(C)C(=O)[C@@H]2CCCN2C(=O)[C@H]([C@@H](C)CC)OC(=O)[C@H](C(C)C)N(C)C(=O)[C@H](C(C)C)NC(=O)[C@H]1C,6.273079999999999,6.114934490740738,6.1940072453703685,1
C=CCCCC1OC(=O)[C@H](C(C)CC)N(C)C(=O)[C@@H]2CCCN2C(=O)[C@H](C(C)C)OC(=O)[C@H](Cc2ccccc2)N(C)C(=O)[C@H](C(C)C)NC(=O)C1C,6.272735555555554,6.114934490740738,6.1938350231481465,1
CC[C@H](C)[C@@H]1OC(=O)[C@H](C(C)C)N(C)C(=O)[C@H](C(C)C)NC(=O)[C@@H](C)[C@@H](CCCC#CBr)OC(=O)[C@H](C(C)C)N(C)C(=O)[C@@H]2CCCN2C1=O,6.305013333333332,6.082097159391532,6.193555246362433,1
CO/C(=C\c1ccc(O)cc1)C(=O)N/C=C/c1cc(Br)c(O)c(Br)c1,6.228403888888888,6.1584762344877335,6.19344006168831,0
C#CCCC[C@@H]1OC(=O)[C@H]([C@@H](C)O)NC(=O)[C@H](C(C)C)N(C)C(=O)[C@@H]2CCCN2C(=O)[C@@H]([C@@H](C)CC)OC(=O)[C@H](C(C)C)N(C)C(=O)[C@H](C(C)C)NC(=O)C1(C)C,6.306168888888892,6.07998495701058,6.193076922949736,1
N=C(N)NCCCCNC(=O)Oc1cc(Br)c(O)c(Br)c1CC(N)=O,6.201990555555554,6.183699998015875,6.1928452767857145,1
CN(C)CCCOc1c(Br)cc(CCN(C)C)cc1Br,6.282103333333329,6.103578606782105,6.192840970057717,0
COc1c(I)cc(CCC[C@H](C(=O)[O-])[N+](C)(C)C)cc1I,6.266951666666668,6.118665607503604,6.192808637085136,1
CC(=O)NCCc1cc(Br)c(OCC[C@H](C(=O)[O-])[N+](C)(C)C)c(Br)c1,6.271804444444448,6.11280121031746,6.192302827380954,0
CC(=O)NCCc1cc(Br)c(OCC[C@@H](C(=O)[O-])[N+](C)(C)C)c(Br)c1,6.271804444444448,6.11280121031746,6.192302827380954,0
CCc1cc(O)cc(Oc2cc(C)cc(O)c2)c1,6.239919999999992,6.144474864357863,6.192197432178928,0
C#CCCC[C@@H]1OC(=O)[C@H](C(C)C)N(C)C(=O)[C@@H]2CCCN2C(=O)[C@H](Cc2ccccc2)OC(=O)[C@H]([C@@H](C)CC)N(C)C(=O)[C@H](C(C)C)NC(=O)[C@@H]1C,6.29796888888889,6.0857765100408825,6.191872699464886,1
C#CCCC[C@H]1OC(=O)[C@H]([C@@H](C)CC)N(C)C(=O)[C@@H]2CCCN2C(=O)[C@H](Cc2ccccc2)OC(=O)[C@H](C(C)C)N(C)C(=O)[C@H](C(C)C)NC(=O)[C@H]1C,6.29796888888889,6.0857765100408825,6.191872699464886,1
C#CCCC[C@@H]1OC(=O)[C@H](C(C)C)N(C)C(=O)[C@@H]2CCCN2C(=O)[C@H](Cc2ccccc2)OC(=O)[C@H]([C@@H](C)CC)N(C)C(=O)[C@H](C(C)C)NC(=O)C1C,6.29796888888889,6.0857765100408825,6.191872699464886,1
C=CC(C)(C)OC(C)C1NC(=O)C2CSC(=N2)C(CC(C)C)NC(=O)C(C(C)OC(C)(C)C=C)N2CCCC(NC(=O)C(C(C)C)NC1=O)C2=O,6.22187777777778,6.161455892857139,6.191666835317459,1
CO/C(=C\c1ccc(O)cc1)C(=O)OCC(O)COC(OCC[N+](C)(C)C)C(=O)O,6.332193333333337,6.050350295815291,6.191271814574314,0
COC(=O)CCCCCCCC[C@H](CC(=O)NCCCN)N1CC(=O)N[C@@H](Cc2ccccc2)C1=O,6.281561111111112,6.100704124278497,6.191132617694805,1
CC[C@H](C)[C@H]1C(=O)O[C@@H](C(C)C)C(=O)N2CCC[C@H]2C(=O)N(C)[C@@H](C(C)C)C(=O)O[C@H](CCCC#CBr)[C@H](C)C(=O)N[C@@H](C(C)C)C(=O)N1C,6.300113333333333,6.082097159391532,6.191105246362433,1
O=C(O)/C(Cc1cc(Br)c(OCCC[n+]2ccccc2)c(Br)c1)=N/O,6.17695444444445,6.204941266233768,6.190947855339109,0
CO[C@@H](C[C@@H](C)[C@@H](O)/C=C/C=C/CNC(=O)C(C)(C)[C@H](O)/C(C)=C/C=C/C=C/C(C)=C(\C)[N+](=O)[O-])[C@]1(O)[C@@H](C)C(=O)N(C)[C@@]12COC2=O,6.062366666666664,6.317717377645498,6.1900420221560815,1
C#CCCCC1OC(=O)[C@H](C(C)CC)N(C)C(=O)[C@@H]2CCCN2C(=O)[C@H](C(C)C)OC(=O)[C@H](Cc2ccccc2)N(C)C(=O)[C@H](C(C)C)NC(=O)C1C,6.29796888888889,6.082097159391532,6.190033024140211,1
COC1=C(Br)[C@H](O)[C@@]2(C=C1Br)CC(C(=O)NCCCCNC(=O)C1=NO[C@]3(C=C(Br)C(=O)[C@@H](Br)[C@@H]3O)C1)=NO2,6.343401111111111,6.036101951058197,6.189751531084654,1
COC1=C(Br)[C@H](O)[C@@]2(C=C1Br)CC(C(=O)NCCCCNC(=O)C1=NO[C@@]3(C=C(Br)C(=O)[C@H](Br)[C@H]3O)C1)=NO2,6.343401111111111,6.036101951058197,6.189751531084654,1
C#CCCC[C@H]1OC(=O)[C@H]([C@@H](C)CC)N(C)C(=O)[C@@H]2CCCN2C(=O)[C@H]([C@@H](C)CC)OC(=O)[C@H](C(C)C)N(C)C(=O)[C@H](C(C)C)NC(=O)[C@H]1C,6.296813333333333,6.082097159391532,6.189455246362432,1
CCC[C@H]1OC(=O)[C@@H]2CCCN2C(=O)[C@H]([C@H](C)Cc2ccccc2)NC(=O)[C@@H]2CCCN2C(=O)[C@@H]2CCCN2C(=O)[C@H](C(C)C)OC(=O)[C@@H]2CCCN2C(=O)[C@H](C(C)C)NC(=O)C1(C)C,6.358672222222221,6.019794890873013,6.189233556547617,1
Nc1nc(CCNC(=O)C(Cc2cc(Br)c(OCCC[n+]3ccccc3)c(Br)c2)=NO)c[nH]1,6.316613333333333,6.059147718253967,6.18788052579365,1
CCCCC[C@H](O)CC(=O)O[C@H]1C=COC=C2C[C@@]3(SC)C(=O)N4[C@H]5C(=COC=C[C@@H]5O)C[C@@]4(SC)C(=O)N3[C@@H]21,6.2056133333333365,6.169467934102929,6.1875406337181325,1
C[N+](C)(C)[C@H](CCCc1cc(I)c(O)c(I)c1)C(=O)[O-],6.199476111111112,6.1747941266233735,6.187135118867243,1
CC/C=C(\C)[C@H]1OC(=O)[C@H](C)N(C)C(=O)[C@H](C(C)C)NC(=O)CN(C)C(=O)[C@H]([C@H](C)CC)N(C)C(=O)[C@H](C(C)C)NC(=O)[C@@H](C(C)C)OC(=O)/C(C)=C/C[C@H](O)[C@@H]1C,6.353463333333337,6.020681765873012,6.187072549603174,1
COC1=C(Br)C[C@]2(OC=C1Br)ON=C(C(=O)NCCCOc1c(Br)cc(C(O)CN)cc1Br)[C@@H]2O,6.300956666666666,6.071849285714283,6.186402976190474,1
COC1=C(NCCS(=O)(=O)O)CC(O)(CO)C/C1=N\C(CO)C(=O)O,6.113602222222228,6.256909493145744,6.185255857683986,1
CC(C)C[C@@H]1NC(=O)CNC(=O)[C@@H]2CCCN2C(=O)[C@@H]2CCCN2C(=O)[C@H](Cc2c[nH]cn2)NC(=O)[C@@H]2CCCN2C(=O)[C@H](Cc2ccccc2)NC1=O,6.338613333333333,6.031833621031747,6.185223477182539,1
C=C1C[C@H](C)C(=O)N[C@@H](C)C(=O)N(C)[C@H](Cc2ccc(O)c(Br)c2)C(=O)N[C@@H](C)C(=O)O[C@@H](C)C[C@@H](C)C1=O,6.305004444444444,6.063527103174599,6.184265773809521,1
C#CCCC[C@H]1OC(=O)[C@H](C(C)C)N(C)C(=O)[C@@H]2CCCN2C(=O)[C@H]([C@@H](C)CC)OC(=O)[C@H](C(C)C)N(C)C(=O)[C@H](C(C)C)NC(=O)[C@H]1C,6.28444111111111,6.082097159391532,6.1832691352513205,1
C=C1C[C@](OC)([C@H](O)C(=O)N[C@@H](OC)[C@@H]2C[C@@H](O)C(C)(C)[C@@H](C[C@@H](COC)OC)O2)O[C@H](C)[C@@H]1C,6.224183333333335,6.14067305555555,6.182428194444443,1
CS[C@@H]1C(=O)N(C)[C@](Cc2ccc(OCC(O)C(C)(C)O)cc2)(SC)C(=O)N1C,6.142085555555555,6.22113643939394,6.181610997474747,0
CCCc1cc(O)cc(O)c1Oc1cc(O)cc(CCC)c1C(=O)O,6.175056666666668,6.188101464285711,6.181579065476189,0
COc1c(O)cc(CCN)c2c1SSc1c(CCN)cc(O)c(OC)c1SS2,6.165990000000003,6.196674677669554,6.181332338834778,0
COC(=O)CCNC(=O)/C(Cc1ccc(O)c(Br)c1)=N/O,6.191113333333331,6.170534672619048,6.180824002976189,0
COC(=O)[C@@]1(O)c2c(oc3cc(CO)cc(O)c3c2=O)CC[C@H]1O,6.104057777777782,6.257451244949498,6.18075451136364,0
CC(C)C[C@@H]1NC(=O)[C@@H]2CCCN2C(=O)[C@@H](Cc2cnc[nH]2)NC(=O)CNC(=O)[C@@H]2CCCN2C(=O)[C@@H]2CCCN2C(=O)[C@H](Cc2ccccc2)NC1=O,6.328679999999999,6.031833621031747,6.180256810515873,1
COC(=O)c1c(Oc2c(O)cc(C)cc2C(OC)OC)ccc(C(CC(C)C)OC(C)=O)c1OC,6.294794444444444,6.065605571067819,6.180200007756132,1
C=CC(C)(C)[C@@]12C=C(O)C(=O)N3/C(=C/c4cn(C(C)(C)CC(C)=O)cn4)C(=O)N[C@]31N(OC)c1ccccc12,6.104300000000004,6.255162314814815,6.17973115740741,1
C=CCCCC[C@@H]1OC(=O)[C@H](C(C)C)N(C)C(=O)[C@@H]2CCCN2C(=O)[C@H](Cc2ccccc2)OC(=O)[C@H]([C@@H](C)CC)N(C)C(=O)[C@H](C(C)C)NC(=O)[C@@H]1C,6.2385466666666645,6.11977717472342,6.1791619206950426,1
C#C[C@@H](O)COc1ccc(C(=O)O)cc1,6.063021111111107,6.295093400432904,6.179057255772006,0
CC1(C)CCC[C@]2(C)[C@H]3CC/C(=C\OS(=O)(=O)[O-])[C@H](CCc4ccoc4)[C@@]3(C)CC[C@@H]12.Cn1c(N)nc2c(c1=O)[n+](C)cn2C,6.307488888888892,6.050473994708995,6.178981441798944,1
NC(=O)OCc1ccc(O)cc1,6.21726,6.140690542568546,6.178975271284273,0
CC(C)C[C@@H]1NC(=O)[C@@H]2C[C@@]3([C@@]45C[C@H]6C(=O)N[C@@H](Cc7ccccc7)C(=O)N6[C@@H]4Nc4ccccc45)c4ccccc4N[C@H]3N2C1=O,6.258252222222223,6.099252761904762,6.178752492063492,1
C=C[C@@](C)(CCC=C(C)C)c1ccc2c3c(c[nH]c13)C[C@@H](CO)NC(=O)[C@H](C(C)C)N2C,6.0825722222222245,6.2748212012987015,6.178696711760463,0
C=C[C@@](C)(CCC=C(C)C)c1ccc2c3c(c[nH]c13)C[C@@H](CO)NC(=O)[C@@H](C(C)C)N2C,6.0825722222222245,6.2748212012987015,6.178696711760463,0
C=CC(C)(CCC=C(C)C)c1ccc2c3c(c[nH]c13)C[C@@H](CO)NC(=O)[C@H](C(C)C)N2C,6.0825722222222245,6.2748212012987015,6.178696711760463,0
COC(=O)CCC(=O)NCc1cc(O)c(O)c(Br)c1Br,6.13154555555556,6.225842017857144,6.1786937867063525,0
C=C1CCC[C@@H]2[C@@](C)(CC[C@@]3(C)CCn4c(=O)n(C)c5ncnc(c54)N3OC)[C@H](C)CC[C@@]12C,6.192385555555553,6.164064265873018,6.1782249107142855,1
C=C1CCC[C@@H]2[C@@](C)(CC[C@@]3(C)CCn4c(=O)n(C)c5ncnc(c54)N3OC)[C@H](C)CC[C@]12C,6.192385555555553,6.164064265873018,6.1782249107142855,1
CC(CCCCCCC[C@@H]1C[C@@H]2CC[C@@H]3C[C@H](C)N=C(N1)N32)OC(=O)[C@H]1[C@@H](C)NC2=[N+]3[C@@H](CC[C@@H]13)CC(=O)N2,6.087568888888885,6.268697222222221,6.178133055555553,1
COC(C)[C@H]1[C@@H]2[C@H](Cl)[C@H](O)C3C(C[C@H]4/C=C/C(=O)C5=C(O)[C@@H](NC5=O)[C@@H](O)CCNC(=O)/C=C\C[C@H]34)[C@H]2C[C@H]1C,6.193213333333333,6.162655238095237,6.177934285714285,1
CC(C)=CCc1cc(Br)c2c(c1O)[C@]1(CC=C(C)C)CCN(C)[C@@H]1N2,6.153365000000002,6.20203429563492,6.177699647817461,1
CCC[C@@H](CC[C@@H](C)[C@@H]1OC(=O)[C@H](C)NC(=O)[C@H]([C@@H](C)CCO)N(C)C(=O)C2(C)CN(O2)C(=O)[C@H](C)NC(=O)C1(C)C)OC,6.24558333333333,6.108998398268393,6.177290865800861,1
CCCCCCCCCCCCCCC(=O)O[C@H]1CC[C@H](NC(=O)[C@H](OC)[C@H](O)[C@@H](O)[C@H](O)/C=C/C(C)C)C(=O)N(C)C1,6.032605555555556,6.321400753968248,6.177003154761902,1
C/C1=C\[C@@H](C)C/C=C/[C@H]2[C@@H]3O[C@]3(C)[C@@H](C)[C@H]3C(Cc4c[nH]c5ccccc45)NC(=O)[C@]32C2=N[C@@H](CC2)C1=O,6.106029999999998,6.246589957010581,6.176309978505289,1
CC(C)C[C@H]1NC(=O)[C@@H]2C[C@]3([C@]45C[C@H]6C(=O)N[C@H](CC(C)C)C(=O)N6[C@H]4Nc4ccccc45)c4ccccc4N[C@@H]3N2C1=O,6.252891111111112,6.099252761904762,6.176071936507937,1
CCCc1cc(Oc2c(O)c(Cl)c(O)c(Cl)c2CCC)c(Cl)c(O)c1Cl,6.074993333333344,6.2764245238095215,6.175708928571433,1
C[S+]([O-])CCNC(=O)/C(Cc1ccc(O)c(Br)c1)=N/O,6.197064444444444,6.154338561507932,6.175701502976188,0
C/C1=C\[C@H](C)C[C@H](C)OC(=O)[C@H](C)NC(=O)[C@@H](Cc2ccc(O)c(Cl)c2)N(C)C(=O)[C@H](C)NC(=O)[C@@H](C)C1,6.303614444444445,6.047540753968252,6.175577599206349,1
COC(=O)[C@@]12C(=O)N[C@@H](Cc3ccccc3)[C@@H]1[C@H](C)[C@@]1(C)O[C@H]1[C@@H]2/C=C/C[C@H](C)C(=O)C(C)(O)CC(OC)OC,6.2356,6.115330934644054,6.175465467322027,1
COc1c(OC)c2c(c(CCN(C)C)c1SC)SSSSS2,6.232031111111114,6.117953874458873,6.174992492784994,1
COCc1cc(O)c(O)c(O)c1Cc1cc(O)c(O)c(Br)c1Br,6.07637111111111,6.273228948051947,6.174800029581528,0
COc1c(Br)cc(/C=C/C(=O)N[C@H](CCCNC(=N)N)C(=O)O)cc1Br,6.053118888888887,6.296369158730158,6.174744023809522,0
COc1c(Br)cc(C/C(=N\O)C(=O)NCCc2c[nH]c(N)n2)c(O)c1Br,6.308646666666662,6.0407715873015855,6.174709126984124,0
N#CC(=O)NCCCOc1c(Br)cc(CCNC=C2C(=O)CCC2=O)cc1Br,6.287568888888885,6.061842330447332,6.174705609668109,1
CO/C(=C1/NC(=O)[C@@H](Cc2ccc(O)c(Cl)c2)N(C)C(=O)[C@H](C)NC(=O)CCC/C=C(\C)CC[C@H](C)OC1=O)c1ccccc1,6.341372222222224,6.007860357142855,6.17461628968254,1
COC(=O)C(Cc1c(SC)n(C)c[n+]1C)NC(=O)c1c[nH]c2cc(Br)ccc12,6.299955555555567,6.048982212301589,6.1744688839285775,0
COC(=O)NCCCCNC(=O)C1=NO[C@]2(C=C(Br)C(OC)=C(Br)[C@@H]2O)C1,6.336189999999999,6.012360066137561,6.17427503306878,1
CCCCC/C=C\C/C=C\CCCCCCCC(=O)NCCC(=O)N[C@@H]1CNC(=O)N(C)C1=O,6.010805555555554,6.337381369047613,6.174093462301583,0
CC(=O)N[C@H]1[C@H](O[C@H]2C[C@H]([C@H](C)CCC[C@@H](C)COC(C)=O)[C@@]3(C)CCC4[C@@H](CC[C@H]5C[C@H](O)CC[C@]45C)C23)O[C@H](CO)[C@@H](O)[C@@H]1O,6.2426444444444416,6.105362718253965,6.174003581349203,1
COC1=C(C)C(=O)C2=C(C1=O)[C@@H]1[C@@H]3CC4=C(C(=O)C(OC)=C(C)C4=O)[C@H](CO)N3[C@@H](C#N)[C@H](C2)N1C,6.221416666666666,6.12614544011544,6.173781053391053,0
COc1cc(CCNC(=O)[C@@H]2CCCN2C)c(Br)c(Br)c1Br,6.324302222222221,6.022327073412697,6.17331464781746,0
CC(C)=CCC[C@@](C)(O)[C@@H](O)CC/C(C)=C/COC[C@H]1O[C@@H](N2CCC(=O)NC2=O)[C@H](O)[C@@H]1O,6.101416666666666,6.244070416666664,6.172743541666665,0
C[S@@+]([O-])C[C@H]1O[C@@H](n2cnc3c(N)ncnc32)[C@H](OC(=O)c2c[nH]c3cc(Br)c(O)cc23)[C@@H]1O,6.137802222222219,6.207523075396822,6.172662648809521,1
C[S@+]([O-])C[C@H]1O[C@@H](n2cnc3c(N)ncnc32)[C@H](OC(=O)c2c[nH]c3cc(Br)c(O)cc23)[C@@H]1O,6.137802222222219,6.207523075396822,6.172662648809521,1
COc1cc(CCN(C)C)c2c(c1O)SSSSS2,6.112319999999994,6.231731937950937,6.172025968975466,0
C=CC(C)(C)[C@@]12C=C(O)C(=O)N3/C(=C/c4cn(C(C)(C)CC(=O)C=C(C)C)cn4)C(=O)N[C@]31N(OC)c1ccccc12,6.0864777777777785,6.257211640211639,6.171844708994708,1
COc1c(O)cc(C)cc1Oc1cc(C)cc(O)c1,6.169937777777775,6.173461690115439,6.171699733946607,0
CCCCC/C=C/C/C=C/CCCCCCCC(=O)OCC(O)COCC[C@@H](C(=O)[O-])[N+](C)(C)C,6.200182222222224,6.143174036796534,6.171678129509379,0
CCCCC[C@H]1OC(=O)[C@H]([C@@H](C)CC)N(C)C(=O)[C@@H]2CCCN2C(=O)[C@H](Cc2ccccc2)OC(=O)[C@H](C(C)C)N(C)C(=O)[C@H](C(C)C)NC(=O)[C@H]1C,6.256924444444443,6.0857765100408825,6.171350477242663,1
COC(=O)CSC[C@H](C(=O)OC)N1C(=O)C[C@@H](C)C1=O,6.296348888888892,6.046019568903319,6.171184228896106,0
COC1=C(Br)[C@H](O)[C@@]2(C=C1Br)CC(C(=O)NCCC(=O)O)=NO2,6.309317777777779,6.032986990740738,6.171152384259258,0
C[C@H](CCC(=O)NCCOS(=O)(=O)[O-])[C@H]1CCC2C3C([C@H](O)C[C@@]21C)[C@@]1(C)CC[C@@H](O)C[C@H]1C[C@H]3O.[Na+],6.157883333333325,6.182512494949493,6.17019791414141,1
CC(COS(=O)(=O)O)C(=O)CC[C@@H](C)[C@H]1CCC2C3C(CC[C@@]21C)[C@@]1(C)CC[C@H](NCCCNCCCCN)CC1C[C@H]3O,6.324718888888885,6.015206058802306,6.169962473845596,1
COC(=O)[C@H](CCC(=O)O)N1Cc2c(cc(O)c3c2O[C@]2(C3)[C@H](C)CC[C@H]3C(C)(C)[C@H](O)CC[C@@]32C)C1=O,6.1871888888888895,6.152682259499756,6.169935574194323,1
COC(=O)CC[C@@H](C(=O)O)N1Cc2c(cc(O)c3c2O[C@]2(C3)[C@H](C)CC[C@H]3C(C)(C)[C@H](O)CC[C@@]32C)C1=O,6.1871888888888895,6.152682259499756,6.169935574194323,1
CO/C(=C\c1ccc(O)cc1)C(=O)OC[C@H]1O[C@@H](n2cc(C)c(=O)[nH]c2=O)C[C@@H]1OC(=O)c1c[nH]c2cc(Br)c(O)cc12,6.244919444444437,6.094490769300142,6.169705106872289,1
CCCCCC1OC(=O)[C@H](C(C)CC)N(C)C(=O)[C@@H]2CCCN2C(=O)[C@H](C(C)C)OC(=O)[C@H](Cc2ccccc2)N(C)C(=O)[C@H](C(C)C)NC(=O)C1C,6.256924444444443,6.082097159391532,6.169510801917987,1
C/C(=C\C(=O)OCCCCCCCC(=O)Nc1c2sscc-2[nH]c1=O)CC1CC(O)C(O)(C/C=C/C(C)C(C)O)CO1,6.1081277777777805,6.2302652777777805,6.16919652777778,1
CC(=O)CCCCC(C)C1CC(O)C(C)C(=O)N[C@H](Cc2ccccc2)C(=O)N2CCC[C@H]2C(=O)O1,6.310094444444442,6.026966121031744,6.168530282738093,1
CC(C)CC1OC(=O)CCNC(=O)[C@H](C(C)C)N(C)C(=O)[C@H](C(C)C)N(C)C(=O)[C@H](Cc2ccccc2)NC(=O)[C@@H]2[C@@H](C)CCN2C1=O,6.232030000000001,6.104654684644055,6.168342342322028,1
COc1ccc(CC(C(=O)O)[N+](C)(C)C)cc1I,6.042241111111111,6.294220984487732,6.168231047799422,0
CCC[C@H]1CCCC(=O)N[C@@H](CO)CCC[C@H](C)C(=O)N(C)[C@@H](Cc2ccccc2)C(=O)O1,6.108505555555552,6.227408892857143,6.167957224206347,0
CCCC1CCCC(=O)N[C@@H](CO)CCCC(C)C(=O)N(C)[C@@H](Cc2ccccc2)C(=O)O1,6.108505555555552,6.227408892857143,6.167957224206347,0
CCCCC[C@H]1OC(=O)[C@H](C(C)C)N(C)C(=O)[C@@H]2CCCN2C(=O)[C@H]([C@@H](C)CC)OC(=O)[C@H](C(C)C)N(C)C(=O)[C@H](C(C)C)NC(=O)[C@H]1C,6.253768888888888,6.082097159391532,6.1679330241402095,1
COCc1cc(O)c(Cc2cc(O)c(Cc3cc(O)ccc3O)cc2O)cc1O,6.12527111111111,6.209920820346317,6.167595965728713,1
CC[C@H](C)/C=C(C)/C=C/C1=CC2=C(Cl)C(=O)[C@](C)(OC)C(=O)C2=CN1CCO,6.039797222222217,6.294874564093308,6.167335893157762,0
C=CCCCCC(C)CCC/C=C\C#C[C@H](OC)C(=O)OC[C@@H](O)CO[P-](=O)(=O)OCC[N+](C)(C)C,6.297463333333336,6.036435891053386,6.166949612193361,1
COc1c(Br)cc(C/C(=N\O)C(=O)NCCc2c[nH]cn2)c(O)c1Br,6.270016666666666,6.063243343253967,6.166630004960316,0
COc1c(Br)cc(Br)c2c(CCN(C)C)c(Br)n(OC)c12,6.193103333333337,6.139918412698408,6.166510873015872,0
CS(=O)(=O)Cc1c(Br)c(O)c(O)c(Br)c1Br,6.028324444444452,6.304647853535348,6.1664861489899,0
CN1C(=O)N=C(Nc2nc(Cc3ccc4c(c3)OCO4)c(Cc3ccc4c(c3)OCO4)n2C)C1=O,6.153385555555556,6.177022546296299,6.165204050925928,0
O=C1C=CCCCCC[C@H]2O[C@]3(CCCCCC(C(O)CCCCCCCOC[C@H](CO)NS(=O)(=O)O)OC(=O)CN1)CCC[C@H]2O3,6.282466666666668,6.047614027777776,6.165040347222222,1
CCCCOC(=O)[C@H](Cc1ccccc1)NC(=O)c1cc(Cl)c2c(c1O)C(=O)O[C@H](C)C2,6.10491333333333,6.224834296536796,6.164873814935063,0
CO[C@]12C[C@@]3(O)[C@@H](SC)C=C[C@H](OC(C)=O)[C@H]3N1C(=O)[C@](CO)(SC)N(C)C2=O,6.245263333333337,6.082863505291004,6.164063419312171,0
COC[C@@H](COC(C)=O)N(C)C(=O)CC/C=C/CCCCC(Cl)CCCCCCCl,6.258643333333334,6.068518243145741,6.163580788239537,1
C=C1C[C@H](C)C(=O)N[C@@H](C)C(=O)N(C)[C@H](Cc2ccc(O)c(Cl)c2)C(=O)N[C@@H](C)C(=O)O[C@@H](C)C[C@@H](C)C1=O,6.2792400000000015,6.047540753968252,6.163390376984127,1
CCCCCCCCCCCCCC(=O)OC1CCC(NC(=O)C(OC)C(O)C(O)C(O)/C=C/C(C)C)C(=O)N(C)C1,6.004838888888889,6.321400753968248,6.163119821428569,1
CCCCCCCCCCCCCC(=O)O[C@H]1CC[C@H](NC(=O)[C@H](OC)[C@H](O)[C@@H](O)[C@H](O)/C=C/C(C)C)C(=O)N(C)C1,6.004838888888889,6.321400753968248,6.163119821428569,1
CC(C)=CCC[C@@]1(C)O[C@@H]1CC/C(C)=C/COC[C@H]1O[C@@H](N2CCC(=O)NC2=O)[C@H](O)[C@@H]1O,6.081527777777778,6.244070416666664,6.162799097222221,0
Cn1c[n+](C)c(Cc2nc(C(=O)O)cc3c2[nH]c2ccc(O)cc23)c1[S+](C)[O-],6.31877444444445,6.005165466269842,6.161969955357145,0
CC(C)C[C@H]1NC(=O)[C@H]2C[C@@]3([C@@]45C[C@@H]6C(=O)N[C@H](C(C)C)C(=O)N6[C@@H]4Nc4ccccc45)c4ccccc4N[C@H]3N2C1=O,6.223935555555556,6.099252761904762,6.161594158730159,1
OCc1cc(Br)c(O)c(Cc2cc(Br)c(O)c(Br)c2)c1,6.221688333333332,6.101263854256855,6.161476093795093,0
COC(=O)NCCCCCNC(=O)C1=NO[C@]2(C=C(Br)C(OC)=C(Br)[C@@H]2O)C1,6.310548888888886,6.012360066137561,6.161454477513224,1
C=C[C@@](C)(CCC=C(C)C)c1ccc2c3c1NC(=O)[C@@]3(O)C[C@@H](CO)NC(=O)[C@H](C(C)C)N2,6.179177777777779,6.143260634920631,6.161219206349205,0
CNCCCNC(=O)/C(Cc1cc(Br)c(OC)c(Br)c1)=N/O,6.113095555555552,6.208760664682534,6.160928110119043,0
Oc1cc(O)cc(Oc2c(O)cc(O)cc2O)c1,6.200891111111105,6.120660705266959,6.160775908189032,0
CN1C(=O)/C(=N/c2nc(Cc3ccc4c(c3)OCO4)c(Cc3ccc4c(c3)OCO4)n2C)N(C)C1=O,6.153935555555556,6.1667687962962985,6.160352175925928,0
COC1=C(Br)C[C@]2(OC=C1Br)ON=C(C(=O)NCCCOc1c(Br)cc(C3CNC(=O)O3)cc1Br)[C@@H]2O,6.299617777777781,6.020820105820105,6.160218941798943,1
COC1=C(Br)C[C@]2(OC=C1Br)ON=C(C(=O)NCCCOc1ccc(CCN)cc1Br)[C@@H]2O,6.248564444444449,6.071849285714283,6.160206865079366,1
CC(C)C[C@H](NC(=O)[C@@H](O)[C@@H](O)[C@@H]1CC(=O)OC(C)(O)[C@H](C)N1)[C@@H]1Cc2cccc(O)c2C(=O)O1,6.110916666666669,6.208091319444444,6.159503993055557,1
C=CC(C)(C)OC(C)[C@@H]1NC(=O)[C@H](C(C)CC)NC(=O)[C@@H]2CCCN2C(=O)[C@H](C(C)CC)NC(=O)[C@H](C(C)CC)NC(=O)[C@@H]2CCCN2C(=O)[C@H](C(C)CC)NC1=O,6.279696666666667,6.038715218253965,6.159205942460316,1
C=CC(C)(C)OC(C)[C@@H]1NC(=O)[C@H]2CSC(=N2)[C@H](CC(C)C)NC(=O)[C@H](C(C)OC(C)(C)C=C)NC(=O)[C@@H]2CCCN2C(=O)[C@H](C(C)C)NC1=O,6.22187777777778,6.096121626984123,6.158999702380951,1
C=CC(C)(C)O[C@H](C)[C@@H]1NC(=O)[C@H]2CSC(=N2)[C@H](CC(C)C)NC(=O)[C@H]([C@@H](C)OC(C)(C)C=C)NC(=O)[C@@H]2CCCN2C(=O)[C@H](C(C)C)NC1=O,6.22187777777778,6.096121626984123,6.158999702380951,1
CN(C)CCCOc1c(Br)cc(/C=C/C(=O)O)cc1Br,6.134346666666661,6.182017491702736,6.158182079184699,0
CCC[C@H](O)CC[C@@H](C)[C@@H]1OC(=O)[C@H](C)NC(=O)[C@H](C(C)C)N(C)C(=O)[C@]2(C)CSC(=N2)[C@H](C)NC(=O)C1(C)C,6.104100000000002,6.211709314874935,6.157904657437468,1
CN(C#N)CCc1cc(Br)c(OCCCN)c(Br)c1,6.050718888888886,6.264654117965367,6.157686503427126,0
CC(C)C[C@@H]1NC(=O)[C@H](C(C)C)NC(=O)[C@H](Cc2ccccc2)NC(=O)[C@H](CC(=O)O)NC(=O)[C@@H]2CCCN2C(=O)[C@@H]2CCCN2C(=O)[C@@H]2CCCN2C1=O,6.239496666666667,6.075440867063489,6.157468766865078,1
CC(C)C(=O)CO[C@]12C=CC=COC1=NC1=C(C(C)C)NC(=O)[C@H](Cc3ccccc3)N1C2=O,6.138822222222219,6.176088829365081,6.157455525793649,0
CC(C)=CC[C@@]12CCN(C)[C@@H]1Nc1c(Br)cc3cc(C(C)(C)O)oc3c12,6.102368888888891,6.211484522907649,6.15692670589827,1
CC(C)C[C@@H]1NC(=O)[C@H](Cc2ccccc2)NC(=O)[C@H](Cc2ccccc2)N(C)C(=O)[C@H](Cc2ccccc2)NC(=O)C(C)(C)NC(=O)[C@H](CC(C)C)N(C)C(=O)[C@@H]2[C@@H](C)CCN2C1=O,6.239179999999999,6.073815287698412,6.156497643849205,1
C/C1=C\[C@@H](C(C)(C)C)OC(=O)[C@H](CC(C)C)N(C)C(=O)[C@H](C)N(C)C(=O)CNC(=O)[C@H](C(C)C)NC(=O)[C@@H]2CCCN2C(=O)[C@H](C)CC1,6.2383633333333375,6.074396455026452,6.156379894179895,1
CC(=O)N[C@@H]1[C@H](O[C@H]2C[C@H]([C@H](C)CCC[C@@H](C)COC(C)=O)[C@@]3(C)CCC4[C@@H](C=C[C@H]5C[C@@H](O)CC[C@]45C)C23)O[C@@H](CO)[C@H](O)[C@H]1O,6.231011111111108,6.079946666666663,6.155478888888885,1
OCc1cc(OCc2cc(O)ccc2O)cc(Cl)c1O,6.086872222222224,6.2231556186868735,6.155013920454548,0
C#CCCC[C@H]1OC(=O)CNC(=O)[C@@H](Cc2ccccc2)N(C)C(=O)[C@@H]2CCCN2C(=O)[C@H]([C@@H](C)CC)N(C)C(=O)[C@H](C)NC(=O)[C@H](C)OC(=O)C1(C)C,6.2407411111111095,6.068364540343914,6.154552825727512,1
N#CC(=O)NCCCOc1c(Br)cc(CCN/C=C2/C(=O)CC(Cl)C2=O)cc1Br,6.290643333333332,6.018242092352093,6.154442712842712,1
CC(C)CCCCCCCCCC(C)C(=O)OC[C@@H](O)CO[P-](=O)(=O)OCC[N+](C)(C)C,6.236866666666669,6.071784632395378,6.154325649531023,0
C=C1[C@@H](C)[C@H]2[C@H](Cc3ccccc3)NC(=O)[C@@]2(C(=O)OC)[C@@H](/C=C/C[C@H](C)C(=O)C(C)(O)CC=O)[C@@H]1O,6.254205555555559,6.0540989132395335,6.1541522343975466,1
CC(C)C[C@@H]1OC(=O)[C@H](C)NC(=O)[C@H](Cc2ccccc2)N(C)C(=O)[C@@H]2CCCN2C(=O)[C@H](Cc2ccccc2)NC(=O)[C@@H]2CCCN2C1=O,6.210659999999997,6.0963360482804205,6.153498024140209,1
COc1cccc(C(=O)c2cc(O)cc(C)c2O)c1O,6.132974444444441,6.173461690115439,6.153218067279941,0
CC1=CC(=O)[C@@H]2[C@@H](C1)[C@]1(C)C=C3N(C[C@@H]4C[C@H](C)C(=O)O4)C(=O)CC[C@@]3(C)[C@]3(COC(=O)C3)[C@H]1C(=O)[C@@H]2C,6.216477777777782,6.08942520923521,6.152951493506496,1
C=CC(C)(C)OC(C)[C@@H]1NC(=O)[C@H](C(C)C)NC(=O)[C@@H]2CCCN2C(=O)[C@H](C(C)CC)NC(=O)[C@H](C(C)CC)NC(=O)[C@@H]2CCCN2C(=O)[C@H](C(C)CC)NC1=O,6.26713,6.038715218253965,6.152922609126982,1
CCCc1cc(O)cc(OC)c1Oc1cc(O)cc(CCC)c1C(=O)O,6.13483555555556,6.170929067099562,6.152882311327561,0
CCCc1cc(Oc2c(CCC)c(Cl)c(O)c(Cl)c2OC)c(Cl)c(O)c1Cl,6.057423333333343,6.247731293290038,6.15257731331169,1
CC[C@H](C)[C@H]1NC(=O)[C@@H]2CCCN2C(=O)[C@H](Cc2ccccc2)NC(=O)c2csc(n2)[C@@H]2CCCN2C(=O)[C@H](Cc2ccccc2)NC(=O)[C@H]2N=C1O[C@@H]2C,6.237835555555555,6.066864295634918,6.152349925595237,1
CCC(C)[C@@H]1NC(=O)[C@@H]2CCCN2C(=O)[C@H](Cc2ccccc2)NC(=O)c2csc(n2)[C@@H]2CCCN2C(=O)[C@H](Cc2ccccc2)NC(=O)[C@H]2N=C1O[C@@H]2C,6.237835555555555,6.066864295634918,6.152349925595237,1
CC[C@H](C)[C@@H]1NC(=O)[C@@H]2CCCN2C(=O)[C@H](Cc2ccccc2)NC(=O)c2csc(n2)[C@@H]2CCCN2C(=O)[C@H](Cc2ccccc2)NC(=O)[C@H]2N=C1O[C@@H]2C,6.237835555555555,6.066864295634918,6.152349925595237,1
CCCC1OC(=O)CNC(=O)[C@@H](Cc2ccccc2)N(C)C(=O)[C@@H]2CCCN2C(=O)[C@H](C(C)C)N(C)C(=O)[C@H](C)NC(=O)[C@H](C(C)C)OC(=O)C1(C)C,6.2356599999999975,6.068364540343914,6.152012270171956,1
CCCCCCCC(O)C/C=C/CCC(=O)N(C)C/C(=C\Cl)C/C(=C\C(=O)N1CC(OC)=CC1=O)OC,6.183783333333334,6.11968968253968,6.151736507936507,1
CC(C)(C)CC(C)(C)c1ccc(OCCOCC[N+](C)(C)Cc2ccccc2)c(Cl)c1,6.195928888888895,6.10747289357864,6.151700891233768,1
CCc1cc(OC)c(C)c(O)c1C=O,6.110693333333334,6.192480927489177,6.151587130411255,0
CCCCCCCC(C)CC(C/C=C/CCC(=O)NC(COC)C(O)[C@H]1C(=O)C(C)(C)[C@@H](O)[C@@H](C)[C@H]1O)OC,6.049861111111115,6.252198055555551,6.151029583333333,1
C=CC(C)(C)[C@]1(C[C@@H]2NC(=O)[C@]3(OCC)CCCN3C2=O)C(=O)Nc2c1ccc1c2C=CC(C)(C)O1,6.170350000000001,6.131367003968254,6.150858501984128,0
CO/C(=C/c1ccc(O)cc1)C(=O)N/C=C/c1cc(Br)c(OC)c(Br)c1,6.211576111111111,6.090008377344876,6.150792244227993,0
CO/C(=C\c1ccc(O)cc1)C(=O)N/C=C/c1cc(Br)c(OC)c(Br)c1,6.211576111111111,6.090008377344876,6.150792244227993,0
CC(C)C[C@@H]1OC(=O)[C@@H]2CCCN2C(=O)[C@H](Cc2ccccc2)NC(=O)[C@H](Cc2ccccc2)NC(=O)[C@H](CC(C)C)N(C)C(=O)[C@@H]2CCCN2C1=O,6.204113333333331,6.0963360482804205,6.150224690806876,1
NCCCOc1cccc(C(=O)O)c1N,6.1367311111111125,6.163503502886004,6.150117306998558,0
CN1c2ccccc2[C@@]23C[C@H]4C(=O)N5[C@H]6N(C[C@@]7(C)O[C@@H]7C2)c2ccccc2[C@@]6(C)C[C@H]5C(=O)N4[C@H]13,6.156699444444442,6.140838045334299,6.14876874488937,0
CC(C)C[C@@H]1NC(=O)[C@H](Cc2ccccc2)NC(=O)[C@H](Cc2ccccc2)N(C)C(=O)[C@H](Cc2ccccc2)NC(=O)C(C)(C)NC(=O)[C@H](CC(C)C)N(C)C(=O)[C@@H]2CCCN2C1=O,6.222957777777778,6.074032767857143,6.148495272817461,1
OCc1cc(OCc2cc(O)ccc2O)ccc1O,6.101301111111113,6.195268042929297,6.148284577020204,0
CCCc1cc(O)c(OC)c(OC)c1OC,6.196301111111109,6.100235380591628,6.148268245851368,0
COC(=O)NCCc1cc(Br)c(OC[C@@H]2CNC(=O)O2)c(Br)c1,6.167539999999999,6.128934797378548,6.1482373986892735,0
COc1cc2c(c(O)c1COCc1c(OC)cc3c(c1O)C(=O)OCC3)C(=O)OCC2,6.214826666666668,6.081513239898991,6.14816995328283,0
COc1c(Br)cc(Br)c(CCNC(=O)[C@@H]2CCCN2C)c1Br,6.273291111111111,6.022327073412697,6.147809092261904,0
NCCc1ccc(OCCCNC(=O)/C(Cc2ccccc2)=N/O)c(Br)c1,6.12176555555555,6.173478075396827,6.147621815476189,0
CCCCCC[C@@H](C)/C=C(C)/C=C/C(=O)N[C@H]1C[C@]2(O)C=C(Cl)C(=O)[C@](Cl)([C@@H]1O)[C@H]2OC,6.11444888888889,6.180367579365075,6.147408234126983,0
CCCCCC[C@@H](C)/C=C(C)/C=C/C(=O)N[C@H]1C[C@]2(O)C=C(Cl)C(=O)[C@@](Cl)([C@H]2OC)[C@H]1O,6.11444888888889,6.180367579365075,6.147408234126983,0
COc1c(O)cc2c(c1O)C(=O)C[C@H](O)[C@H]2O,6.213596666666663,6.080732630591632,6.147164648629147,0
COc1c(O)cc2c(c1O)C(=O)C[C@H](O)[C@@H]2O,6.213596666666663,6.080732630591632,6.147164648629147,0
CCC(C)[C@@H]1NC(=O)[C@@H]2CCCN2C(=O)[C@H](CC(C)C)NC(=O)[C@H](Cc2c[nH]c3ccccc23)NC(=O)[C@@H]2CCCN2C(=O)[C@H](Cc2ccccc2)NC(=O)[C@@H]2CCCN2C1=O,6.194422222222224,6.099463720238097,6.14694297123016,1
CN[C@@]12CN3[C@@H](CCC[C@H]3C)C[C@@]1(O)C(C)(C)[C@@]1(C2)C(=O)Nc2c(C(=O)[C@H]3OC3(C)C)cccc21,6.129422222222229,6.163025582010579,6.146223902116404,0
CN[C@]12CN3[C@H](CCC[C@@H]3C)C[C@]1(O)C(C)(C)[C@]1(C2)C(=O)Nc2c(C(=O)[C@H]3OC3(C)C)cccc21,6.129422222222229,6.163025582010579,6.146223902116404,0
C/C(=C\[C@H](C)C[C@H](C)O)C[C@H](C)C(=O)N[C@@H](C)C(=O)N(C)[C@H](Cc1c(Br)[nH]c2ccccc12)C(N)=O,6.199749999999997,6.0924246428571385,6.146087321428568,1
CCCCCC[C@@H](C)/C=C(C)/C=C/C(=O)N[C@H]1C[C@@]2(O)C=C(Cl)C(=O)[C@@H](Cl)[C@H]2O[C@@H]1OC,6.150523333333338,6.141210308441555,6.145866820887447,0
C/C1=C\[C@H](C)C[C@H](C)OC(=O)C[C@H](c2ccc(O)cc2)NC(=O)[C@@H](c2c(O)[nH]c3ccccc3c2=O)N(C)C(=O)[C@H](C)NC(=O)[C@@H](C)C1,6.056648888888893,6.234533988095236,6.1455914384920645,1
COc1c(-c2ccc(O)cc2)cc(O)c(-c2ccc(O)c(O)c2)c1O,6.202459999999997,6.088655705988457,6.1455578529942265,0
COCc1cc(O)c(O)c(O)c1CS(C)(=O)=O,6.089590000000004,6.201271257575754,6.145430628787879,0
COc1cc(O)c2c(c1O)C(=O)c1cc(C)c(O)cc1C2=O,6.232568888888893,6.057807880591631,6.145188384740262,0
CCCc1cc(Oc2c(O)cc(O)c(Cl)c2CCC)c(Cl)c(O)c1Cl,6.013460000000014,6.2764245238095215,6.144942261904768,1
CC(C)C[C@H](NC(=O)[C@@H](O)[C@H]1O[C@](C)(O)[C@H](C)N[C@H]1CC(=O)O)[C@@H]1Cc2cccc(O)c2C(=O)O1,6.079652222222222,6.208091319444444,6.143871770833333,1
C/C(=C\C(=O)OCCCCCCCC(=O)Nc1c2sscc-2[nH]c1=O)C[C@@H]1OC[C@H](C/C=C/[C@@H](C)[C@H](C)O)C(=O)[C@H]1O,6.057372222222225,6.2302652777777805,6.143818750000003,1
C/C(=C\C(=O)OCCCCCCCC(=O)Nc1c2sscc-2[nH]c1=O)C[C@@H]1OC[C@@H](C/C=C/[C@@H](C)[C@H](C)O)C(=O)[C@H]1O,6.057372222222225,6.2302652777777805,6.143818750000003,1
C[C@@H]1C[C@]23C[C@H]4C(C)(C)[C@@]5(C[C@@]4(CN2C1=O)N(C)C3=O)C(=O)Nc1c5ccc2c1C(=O)CC(C)(C)O2,6.014680000000007,6.272651762566139,6.143665881283074,0
COC(C)(C)[C@@H](O)Cc1c(C)cc(O)cc1Oc1cc(C)cc(O)c1,6.1661033333333375,6.12035851984127,6.143230926587304,0
CCC[C@H](O)C[C@@H]1CC[C@H](C)CCCCC(=O)N(C)[C@@H](Cc2ccc(OCC(O)C(C)(C)O)cc2)C(=O)O1,6.111555555555556,6.1744564235209225,6.143005989538239,1
CCCc1cc(O)cc(O)c1Oc1cc(O)c(Cl)c(CCC)c1C(=O)O,6.009242222222226,6.2764245238095215,6.142833373015874,0
C/C(=C\C(=O)OCCCCCCCC(=O)Nc1c2sscc-2[nH]c1=O)C[C@@H]1OC[C@H](C/C=C/[C@@H](C)[C@H](C)O)[C@@H](O)[C@H]1O,6.054488888888892,6.2302652777777805,6.142377083333336,1
CC(C)C[C@H](NC(=O)[C@@H](O)[C@H]1O[C@](C)(O)[C@H](C)N[C@H]1CC(N)=O)[C@@H]1Cc2cccc(O)c2C(=O)O1,6.0823888888888895,6.200459037698412,6.141423963293651,1
C[C@H]1CN2C[C@]34Cc5c([nH]c6c7c(ccc56)OC(C)(C)CC7=O)C(C)(C)[C@@H]3C[C@@]2(C1)C(=O)N4,6.017877777777783,6.263054196428572,6.140465987103177,0
C/C1=C\[C@H](C)C[C@H](C)OC(=O)C[C@H](c2ccc(O)cc2)NC(=O)[C@@H](CC(=O)c2ccccc2N)N(C)C(=O)[C@H](C)NC(=O)[C@@H](C)C1,6.199630000000004,6.080998888888883,6.140314444444443,1
C=CC(C)(C)c1[nH]c2ccccc2c1C[C@@H]1NC(=O)[C@H](CO)NC1=O,6.117622222222221,6.161584265873017,6.139603244047619,0
CC[C@H]1[C@@H]2C=C[C@@H]3[C@H]4C/C=C\C(=O)NCCC[C@H]5C(O)=C(C(=O)/C=C/[C@@H]4C[C@@H]3[C@H]2C[C@H]1C)C(=O)N5C,6.0475466666666655,6.230866051587298,6.139206359126982,0
CNC[C@@H]1CC[C@@H](N)[C@@H](O[C@H]2[C@H](O)[C@H](N(C)C(=O)CN)[C@@H](OC)C[C@@H]2N)O1,6.099285555555554,6.17908912698412,6.139187341269837,0
CNC[C@@H]1CC[C@@H](N)[C@@H](O[C@H]2[C@H](O)[C@H](N(C)C(=O)CN)[C@@H](OC)C[C@H]2N)O1,6.099285555555554,6.17908912698412,6.139187341269837,0
CCCCCC[C@@H](C)/C=C(C)/C=C/C(=O)N[C@H]1C[C@]2(O)[C@@H](OC)[C@H](Cl)C(=O)[C@H](Cl)[C@@H]2O[C@H]1OC,6.137078888888891,6.141210308441555,6.139144598665223,1
COC(=O)CC(=O)N1C(=O)[C@@H]2[C@@H](Cc3cccc4c3C2(O)C(=O)N4C)C1(C)C,6.247166666666664,6.030951613155366,6.139059139911016,0
COc1ccc(CC#N)cc1Br,6.174522222222219,6.103488323953823,6.139005273088021,0
COC1=C(Br)C[C@]2(OC=C1Br)ON=C(C(=O)NCCCOc1ccc(C(O)CN)cc1Br)[C@@H]2O,6.205806666666668,6.071849285714283,6.138827976190475,1
COC(=O)CCCN1Cc2c(cc(O)c3c2O[C@]2(C3)[C@H](C)CC[C@H]3C(C)(C)[C@H](O)CC[C@@]32C)C1=O,6.144177777777784,6.133327279341026,6.138752528559405,0
COC(=O)c1ccccc1NC(=O)[C@H](CCC(N)=O)NC(=O)c1cnc2c(n1)c(=O)n(C)c(=O)n2C,6.196250000000004,6.080681654040404,6.138465827020204,0
COc1c(-c2csc(-c3ccc4cc(Cl)ccc4n3)n2)n(C)c(C(=O)NCCO)c(SC)c1=O,6.141338888888887,6.135205704365076,6.138272296626981,1
CCCCCCC[C@@H](C/C=C/CCC(=O)NC/C(=C/Cl)[C@]12O[C@H]1[C@H](OC(C)=O)CCC2=O)OC,6.242113333333335,6.033863869047614,6.137988601190474,0
CCCCCCC[C@@H](C/C=C/CCC(=O)NC/C(=C/Cl)[C@]12O[C@H]1[C@@H](OC(C)=O)CCC2=O)OC,6.242113333333335,6.033863869047614,6.137988601190474,0
COc1ccc2c3c4n(c2c1)[C@@H](C=C(C)C)OOC(C)(C)[C@@H](O)[C@@H]4N1C(=O)[C@@H]2CCCN2C(=O)[C@]1(O)[C@H]3OCC=C(C)C,6.1646888888888896,6.110294433020685,6.137491660954787,1
CCCCCCCCCCCCCCCC(=O)OCC(O)COCC[C@@H](C(=O)[O-])[N+](C)(C)C,6.11943777777778,6.153697012987011,6.136567395382396,0
CCC(C)[C@@H]1NC(=O)[C@H](CC(N)=O)NC(=O)[C@H](CC(C)C)NC(=O)[C@H](CC(N)=O)NC1=O,6.10551333333334,6.167555291666663,6.136534312500001,1
CCOC(C)NC(=O)C[C@]1(O)C=C(Br)[C@@](OC)(OCC)C(Br)=C1,6.138493333333333,6.1330979761904745,6.135795654761903,0
COC(=O)[C@@H](C)O[C@@H]1[C@@H](NC(C)=O)[C@@H]2OCC(O2)[C@H]1OC(=O)CCCCCCCCCCCC(C)C,6.213372222222225,6.057851559644059,6.135611890933142,1
CCC(=O)C1=C2C3=CN(CCOCCO)C(/C=C/[C@@H](C)CC)=CC3=C(Cl)C(=O)[C@@]2(C)OC1=O,6.14938333333333,6.120818095238092,6.135100714285711,0
COC(=O)[C@@H](C)CC(=O)NC(=O)c1cn([C@@H](Cc2ccccc2)c2cc(OC)cc(=O)o2)c(Cc2ccccc2)cc1=O,6.053277777777778,6.216156007395381,6.13471689258658,1
COC1=C(Br)[C@H](O)[C@@]2(C=C1Br)CC(C(=O)NCCCC(=O)O)=NO2,6.234634444444445,6.032986990740738,6.133810717592591,0
COC1=C(Br)[C@@H](O)[C@]2(C=C1Br)CC(C(=O)NCCCC(=O)O)=NO2,6.234634444444445,6.032986990740738,6.133810717592591,0
CN1C(=O)[C@@H]2CCC[N@+]2(C)[C@H]1Cc1c(Br)n(C)c2c(Br)c(Br)ccc12,6.051654523809523,6.215860059523808,6.133757291666665,1
CC[C@H](C)[C@H](OC(=O)[C@H]([C@@H](C)CC)N(C)C)C(=O)N(C)[C@H](C(=O)N1CCC[C@H]1C(=O)N[C@@H](Cc1ccccc1)C(N)=O)[C@@H](C)CC,6.166541111111109,6.100922251984123,6.133731681547616,1
C/C=C(\C)[C@H](O[C@@H]1O[C@H](CO)[C@@H](O)[C@H](O)[C@H]1O)[C@H](C)/C=C(C)/C=C/C/C(C)=C/Cc1nc(OC)cc(O)c1C,6.084544444444447,6.181827086940833,6.13318576569264,1
COCc1ccc(O)c(NC(C)=O)c1,6.021752222222225,6.244609428571424,6.133180825396824,0
CC(=O)N[C@H]1[C@H](OC[C@]23CCC(=O)C=C2CC[C@@H]2[C@@H]3CC[C@]3(C)[C@@H]([C@H](C)CCCC(C)C)CC[C@@H]23)O[C@H](CO)[C@@H](O)[C@@H]1O,6.252077777777776,6.011886051587299,6.131981914682537,1
CC(=O)[C@]12S[C@@]3(C[C@]4(n5cc(C[C@@]67NCCN[C@@](Cl)(C(=O)N6C)N(C)C7=O)c6ccccc65)c5ccccc5N[C@@H]4N3C1=O)C(=O)N2C,6.174382777777782,6.0891051587301614,6.131743968253971,1
CONCC(OC)c1cc(Br)c(OCCCN)c(Br)c1,6.01702666666667,6.246120615079364,6.131573640873016,0
CC[C@H](C)[C@@H]1NC(=O)[C@@H]2CCCN2C(=O)[C@@H]2CCCN2C(=O)[C@@H]2CCCN2C(=O)[C@H](Cc2ccccc2)NC(=O)[C@@H]2CCCN2C(=O)[C@H](Cc2ccc(O)cc2)NC1=O,6.253999999999998,6.008768902777779,6.131384451388888,1
CC[C@H](C)[C@@H]1NC(=O)[C@@H]2CCCN2C(=O)[C@H](Cc2ccccc2)NC(=O)[C@@H]2CCCN2C(=O)[C@@H]2CCCN2C(=O)[C@H](Cc2ccc(O)cc2)NC(=O)[C@@H]2CCCN2C1=O,6.253999999999998,6.008768902777779,6.131384451388888,1
CC(C)C[C@@H]1NC(=O)[C@H](Cc2ccccc2)NC(=O)[C@H](CC(C)C)N(C)C(=O)[C@H](C(C)C)NC(=O)[C@H](CC(C)C)OC1=O,6.164163333333332,6.098532871031742,6.131348102182537,1
C[N+](C)(C)CC(c1c(O)c(O)c2nccc3c2c1C=CN3)c1c[nH]c2cc(Br)ccc12,6.013795555555561,6.2472156150793685,6.130505585317465,1
CC(C)C[C@@H]1NC(=O)[C@@H]2CCCN2C(=O)[C@@H]2CCCN2C(=O)[C@@H](NC(=O)[C@@H]2CCC(=O)N2)CSSC[C@@H](C(=O)N2CCC[C@H]2C(N)=O)NC1=O,6.211463333333331,6.0489742031024525,6.130218768217892,1
CN[C@@H](CC(C)C)C(=O)NCCc1c(Br)[nH]c2cc(Br)c(Br)cc12,6.258099999999994,6.002064573412696,6.130082286706345,1
COc1cc(O)c2c(c1O)[C@@H](O)[C@@H](CC(C)=O)[C@@H](CO)C2=O,6.072322222222225,6.187623896464645,6.129973059343435,0
COC1=C(CO)O[C@@H]2C[C@@]1(OC)n1c3ccccc3c3c4c(c5c6ccccc6n2c5c31)C(=O)NC4,6.136875000000005,6.121878015873015,6.1293765079365095,0
COC(=O)C(Cc1cc(Br)c(O)c(O)c1Br)/C(=C/C(=O)O)C(=O)O,6.02280111111111,6.235919754329005,6.129360432720057,0
CSc1c(CCNC(=O)c2cc(Br)c(O)c(Br)c2)[n+](C)cn1C,6.2545188888888905,6.002642152777779,6.128580520833335,0
COc1c(O)c2c(c(O)c1CO)C(=O)OCC2,6.128067777777782,6.128565094155847,6.128316435966815,0
COc1c(Br)cc(C/C(=N\O)C(=O)NCCc2c[nH]cn2)cc1Br,6.178244444444443,6.078200585317458,6.128222514880951,0
C/C(=C\Cn1cnc2c1c(=O)nc(C)n2C)CC[C@@]1(C)[C@H](C)CC[C@]2(O)[C@@H]1CCCC2(C)C,6.062385555555551,6.193318214285713,6.1278518849206325,1
Cn1cc(Br)cc1C(=O)OCC[n+]1cccc(C(=O)[O-])c1,6.127322222222221,6.127148306277056,6.127235264249639,0
CN(C)CCCOc1c(Br)cc(CCN)cc1Br,6.168754444444443,6.085204761904756,6.1269796031746,0
CC1=CC(=O)[C@@H]2[C@@H](C1)[C@]13CO[C@@]4(C1=O)N1C[C@@H]5O[C@@]1(CC[C@@]4(C)[C@]1(COC(=O)C1)[C@H]3C(=O)[C@@H]2C)C[C@@H](C)[C@H]5O,6.1704944444444445,6.0823147420634935,6.1264045932539695,1
COc1ccc(CCC(=O)C[C@@H]2CCC[C@H](CC(=O)CCc3ccc(O)cc3)N2)cc1,6.163408333333334,6.089223978174602,6.126316155753968,0
COc1c(Br)cc(/C=C/C(=O)NCCc2c[nH]c(N)n2)cc1Br.O=C(O)C(F)(F)F,6.1376166666666645,6.114383855820105,6.126000261243385,1
CC(C)C[C@@H]1NC(=O)[C@@H](NC(=O)/C=C\c2ccc(O)cc2)[C@@H](C)OC(=O)[C@@H](C)CNC(=O)[C@@H](C)NC1=O,6.163677777777775,6.088280269841267,6.125979023809521,1
CC(C)C[C@@H]1NC(=O)[C@@H](NC(=O)/C=C/c2ccc(O)cc2)[C@@H](C)OC(=O)[C@@H](C)CNC(=O)[C@@H](C)NC1=O,6.163677777777775,6.088280269841267,6.125979023809521,1
N#CCc1ccc(O)c(Br)c1,6.078962222222219,6.171482688672437,6.125222455447329,0
CCO[C@H]1c2cc3c(nc2[C@@]2(C)OC(=O)C[C@H]2C1(C)C)CC[C@]1(C)C3=CC(=O)O[C@H]1c1ccoc1,6.1786333333333365,6.071360348124101,6.124996840728719,1
CC[C@H](C)[C@@H]1NC(=O)[C@@H]2CCCN2C(=O)[C@H](Cc2ccc(O)cc2)NC(=O)[C@@H]2CCCN2C(=O)[C@H](CC(C)C)NC(=O)[C@@H]2CCCN2C(=O)[C@H](Cc2ccccc2)NC1=O,6.239333333333333,6.008768902777779,6.124051118055556,1
CC[C@H](C)[C@@H]1NC(=O)[C@H](Cc2ccccc2)NC(=O)[C@@H]2CCCN2C(=O)[C@H](CC(C)C)NC(=O)[C@@H]2CCCN2C(=O)[C@H](Cc2ccc(O)cc2)NC(=O)[C@@H]2CCCN2C1=O,6.239333333333333,6.008768902777779,6.124051118055556,1
COCc1c(O)cc(C)c2c1Oc1c(C)cc(O)c(C)c1OC2=O,6.173170000000001,6.074207555555553,6.123688777777777,0
CO[C@@H]1[C@@H](C)C[C@@H]2CN3[C@@]1(CC[C@@]1(C)[C@]4(COC(=O)C4)[C@H]4C(=O)[C@H](C)[C@@H]5C(=O)C=C(C)C[C@H]5[C@@]45CO[C@@]31C5=O)O2,6.189938888888889,6.056395641534392,6.123167265211641,1
CO[C@@H](CC[C@H](C)C1O[C@@]23C[C@H](OC(=O)C[C@H](CO)OC(=O)C[C@](O)(O2)[C@H](C)CC3(C)C)[C@@H]1C)c1cc(O)ccc1Br,6.208905555555555,6.037045685425685,6.12297562049062,1
C#CCCC[C@@H]1OC(=O)CNC(=O)[C@H]([C@@H](C)CC)NC(=O)[C@@H]2CCCN2C(=O)[C@H]([C@@H](C)CC)OC(=O)[C@H](Cc2ccccc2)NC(=O)[C@H](C(C)C)NC(=O)C1(C)C,6.229891111111108,6.01556145833333,6.122726284722219,1
CC(C)[C@@H]1C[C@H](O)[C@H](C)C[C@H](C)C[C@H](C)C(=O)NCC(=O)N(C)[C@H](Cc2ccc(O)c(I)c2)C(=O)O1,6.182795555555558,6.062020378246752,6.122407966901155,1
CCCCCCCCCCCCC[C@@H](C/C=C/CCC(=O)N[C@@H](COC)COC(C)=O)OC,6.080927777777778,6.16346452380952,6.122196150793648,1
CN(C)CCc1cn(C(c2ccc(O)c(O)c2)C2Oc3ccc(/C=C/OS(=O)(=O)[O-])cc3O2)cn1.[Na+],6.073488888888886,6.170854698172198,6.122171793530542,1
CN(C)CCc1cn([C@@H](c2ccc(O)c(O)c2)[C@@H]2Oc3ccc(/C=C\OS(=O)(=O)[O-])cc3O2)cn1.[Na+],6.073488888888886,6.170854698172198,6.122171793530542,1
CN(C)CCc1cn(C(c2ccc(O)c(O)c2)[C@@H]2Oc3ccc(/C=C\OS(=O)(=O)[O-])cc3O2)cn1.[Na+],6.073488888888886,6.170854698172198,6.122171793530542,1
CN(C)CCc1cn(C(c2ccc(O)c(O)c2)[C@H]2Oc3ccc(/C=C\OS(=O)(=O)[O-])cc3O2)cn1.[Na+],6.073488888888886,6.170854698172198,6.122171793530542,1
CN(C)CCc1cn([C@@H](c2ccc(O)c(O)c2)[C@H]2Oc3ccc(/C=C\OS(=O)(=O)[O-])cc3O2)cn1.[Na+],6.073488888888886,6.170854698172198,6.122171793530542,1
CC(=O)N[C@H](Cc1ccc(OC(=O)c2c[nH]c3cc(Br)c(O)cc23)cc1)C(=O)O,6.072461111111108,6.170423829365083,6.121442470238096,0
CC(C)C[C@@H]1OC(=O)[C@H](C)NC(=O)[C@H](C(C)C)OC(=O)[C@H](C)N(C)C(=O)[C@@H](C)NC(=O)[C@@H](Cc2ccccc2)N(C)C1=O,6.172817777777778,6.069881184523806,6.1213494811507925,1
COc1cccc2c1c(CC(N)=O)cn2[C@H]1O[C@H](C(N)=O)C[C@H](O)[C@@H]1O,6.134316666666668,6.106658478835979,6.120487572751324,0
C[C@H](/C=C/[C@@H](C)[C@H]1C[C@@H](O)[C@@H]2[C@]1(C)CC[C@@H]1[C@@]3(C)CC[C@H](O)C[C@@H]3[C@@H](O)C[C@]12O)[C@H](C)C(=O)NCCOS(=O)(=O)[O-].[Na+],6.104583333333328,6.136358611111107,6.1204709722222175,1
CO[C@@H](CC[C@H](C)C1O[C@@]23C[C@H](OC(=O)C[C@H](CO)OC(=O)C[C@](O)(O2)[C@H](C)CC3(C)C)[C@@H]1C)c1cccc(O)c1,6.227288888888888,6.013621717171715,6.120455303030301,1
C[C@H]1CC=C[C@H]2[C@@H]3O[C@]3(C)[C@@H](C)[C@H]3[C@H](Cc4ccccc4)NC(=O)[C@]32OC(=O)C=C[C@@](C)(O)C1=O,6.197471111111113,6.0432550760582,6.120363093584657,0
COC1=C(N)CC(O)(COS(=O)(=O)O)C/C1=N\C(C(=O)O)C(C)O,6.008452222222225,6.231603223304473,6.120027722763349,0
CC[C@@H]1CCC[C@H](C)CC[C@@H](O[C@@H]2O[C@@H](C)[C@@H](O)[C@H](NC(C)=O)[C@H]2O)[C@H](CC)CCCNC1=O,6.064105555555556,6.175862896825392,6.119984226190474,0
C[N+](C)([O-])CCc1c2c(c3nccc4c3c1Nc1ccccc1-4)NC(=O)CS2,6.022352777777782,6.217074176587298,6.11971347718254,0
[C-]#[N+][C@]12CCC(=C)[C@H]3[C@H](CC(C)(C)NC(=O)CN4C[C@H](OC)C4=O)C[C@H](C)[C@@H](CC[C@@H]1C)[C@@H]32,6.0442777777777765,6.194849316378063,6.11956354707792,0
O=Cc1c(O)ccc(O)c1OS(=O)(=O)O,6.158646666666665,6.0794584433621965,6.119052555014431,0
CC(C)C[C@H](NC(=O)C[C@@H](O)[C@@H](O)[C@H]1CCC(=O)N1)[C@@H]1Cc2cccc(O)c2C(=O)O1,6.045327777777777,6.192626954365078,6.118977366071428,0
CCCCCCC[C@H](C/C=C/CCC(=O)N(C)[C@@H](C)C(=O)N[C@@H](C)[C@@H](O)[C@@H](C)C(=O)N1C(=O)C=C(OC)[C@@H]1C(C)C)OC,6.198055555555555,6.039430611471857,6.118743083513706,1
C[C@H]1C[C@@H]2CN3[C@](CC[C@@]4(C)C5(C)CC(=O)O[C@@]34C[C@@]34C[C@@H]6C(=O)[C@H]([C@H]3C[C@H]6CO)[C@@H](C)C(=O)[C@H]54)(C1)O2,6.02468333333333,6.212216856060604,6.118450094696968,1
NC1=NC(=N\CCOS(=O)(=O)O)/C(=C/CCNC(=O)c2cc(Br)c(Br)[nH]2)N1,6.168324444444445,6.067563522727276,6.11794398358586,1
CC(=O)N[C@H]1[C@H](O[C@@H]2CC3=CC(=O)CC[C@]3(C)C3CC[C@@]4(C)C(CC[C@@H]4[C@H](C)CCC[C@@H](C)CO)[C@@H]32)O[C@H](CO)[C@@H](O)[C@@H]1O,6.223261111111109,6.011886051587299,6.117573581349204,1
C=CC(C)(C)[C@]12Nc3ccccc3[C@@]1(OC(C)=O)C[C@H]1C(=O)O[C@@H](Cc3ccccc3)C(=O)N12,6.190475,6.044140840007218,6.11730792000361,0
Oc1ccc(O)c(COCc2cc(O)cc(Cl)c2O)c1,6.0178227777777815,6.216729034992788,6.117275906385284,0
C[S@@+]([O-])C[C@H]1O[C@@H](n2cnc3c(N)ncnc32)[C@H](O)[C@@H]1OC(=O)c1c[nH]c2cc(Br)c(O)cc12,6.137802222222219,6.096480876322748,6.117141549272484,1
C[S@+]([O-])C[C@H]1O[C@@H](n2cnc3c(N)ncnc32)[C@H](O)[C@@H]1OC(=O)c1c[nH]c2cc(Br)c(O)cc12,6.137802222222219,6.096480876322748,6.117141549272484,1
CC[C@@H](C)[C@@H]1NC(=O)[C@@H]2CCCN2C(=O)[C@H](Cc2ccccc2)NC(=O)[C@H](C)NC(=O)c2csc(n2)[C@H]([C@H](C)CC)NC(=O)[C@@H]2CCCN2C1=O,6.209141111111109,6.024663224206352,6.11690216765873,1
CC[C@H](C)[C@@H]1NC(=O)[C@@H]2CCCN2C(=O)[C@H](Cc2ccccc2)NC(=O)[C@H](C)NC(=O)c2csc(n2)[C@H]([C@@H](C)CC)NC(=O)[C@@H]2CCCN2C1=O,6.209141111111109,6.024663224206352,6.11690216765873,1
CN(CC(OCCOCCO)c1ccc(O)cc1)C(=O)/C=C/c1ccc(O)cc1,6.1180600000000025,6.11554917388167,6.116804586940836,0
CO[C@@H]1C2=C(C(=O)C3=C(C2=O)S(=O)(=O)CCN3)C(C)(C)[C@@H]2CC[C@@](C)(OC)[C@@H]12,6.2281555555555554,6.004261587301587,6.116208571428571,0
CCCCCC[C@@H](C)/C=C(C)/C=C/C(=O)N[C@H]1C[C@]2(C=C(Cl)C(=O)[C@H](Cl)[C@H]2O)O[C@H]1OC,6.150523333333338,6.08181387566137,6.116168604497354,0
CC[C@H](C)[C@@H]1NC(=O)[C@H](C(C)C)NC(=O)[C@@H]2CCCN2C(=O)[C@H](Cc2ccc(O)cc2)NC(=O)[C@H](Cc2ccc(O)cc2)N(C)C1=O,6.141657777777777,6.089546140873016,6.115601959325396,1
COc1cc(-c2ccccc2)c(OC)c(O)c1-c1ccc(O)c(O)c1,6.20630222222222,6.024303880591631,6.115303051406926,0
C[C@@H](CC(=O)N(C)[C@H](C[C@H](C)C(Cl)Cl)C(=O)NCc1nccs1)C(Cl)Cl,6.147093333333332,6.08337848611111,6.115235909722221,0
COCc1c(O)cc(C)c2c1Oc1c(C)cc(O)cc1OC2=O,6.154117777777778,6.074207555555553,6.114162666666665,0
CO[C@]1(C)c2nc3ccccc3c(=O)n2[C@H](C[C@@]2(O)c3ccccc3N3C(=O)C4(CC4)N(C(C)=O)[C@@H]32)C(=O)N1C,6.175538888888895,6.052661144179897,6.114100016534396,1
COC1=C(Br)[C@H](O)[C@@]2(C=C1Br)CC(C(=O)NCCCC1NC(N)=NC1=O)=NO2,6.198551111111112,6.02963157407407,6.114091342592591,1
C[C@@H]1C[C@]23C[C@H]4C(C)(C)[C@@]5(C[C@@]4(CN2[C@@H]1O)N(C)C3=O)C(=O)Nc1c5ccc2c1C(=O)CC(C)(C)O2,6.004852222222225,6.223318012566137,6.114085117394181,0
CCCCCCC[C@@H](C/C=C/CCC(=O)N(C)C/C(=C\Cl)C/C(=C\C(=O)N1C[C@H](O)CC1=O)OC)OC,6.187016666666668,6.040437669552668,6.113727168109667,1
C=C1[C@@H](C)[C@H]2[C@H](Cc3c[nH]c4ccccc34)NC(=O)[C@]23c2ccc([nH]2)C(=O)/C(C)=C/[C@@H](C)C/C=C/[C@H]3[C@@H]1O,6.016617777777778,6.210237060185182,6.11342741898148,1
CC[C@H](C)[C@H]1NC(=O)[C@@H](NC(C)=O)[C@@H](C)OC(=O)[C@H](C(C)C)NC(=O)[C@H](Cc2ccccc2)NC(=O)[C@@H]2CCCN2C(=O)[C@@H]2CCCN2C1=O,6.20503222222222,6.021643591269839,6.113337906746029,1
COC(=O)C[C@H](C)Oc1cccc(O)c1O,6.17536222222222,6.050621321428566,6.112991771825393,0
C/C=C(/C)C(=O)OCc1nccc2c1C(=O)C(NCCS(=O)(=O)O)=C(C)C2=O,6.036472222222222,6.189272870370375,6.112872546296298,0
C/C(=C\[C@H](C(C)C)N(C)C(=O)[C@@H](NC(=O)[C@H]1N(C)Cc2[nH]c3ccccc3c2C1(C)C)C(C)(C)C)C(=O)O,6.072255555555555,6.152657222222221,6.112456388888887,1
CS[C@H]1NC(=O)[C@@](Cc2ccc(OCC=C(C)C)cc2)(SC)N(C)C1=O,6.089279999999997,6.135249289321784,6.112264644660891,0
COC(=O)c1ccc(O)c(OCC=C(C)C)c1,6.137967777777779,6.085660254689755,6.111814016233767,0
CC(=O)C[C@@]1(O)C(=O)N2C(C)(C)[C@@H]3Cc4cccc5c4[C@@]4(O[C@@]1(O)[C@@]2(O)[C@H]34)C(=O)N5C,6.098524444444445,6.123505092592592,6.111014768518519,0
C[N+](C)(C)CCCOc1c(I)cc(CC[N+](C)(C)C)cc1I.[Cl-].[Cl-],6.140959444444447,6.079788368686867,6.110373906565657,1
CCOC(=O)CCCNc1cnc2c3c(ccnc13)C=C(OC)C2=O,6.069177777777776,6.151366607142858,6.110272192460317,0
CCCCCCCCC[C@H](CC(=O)NCCCCN)N1CC(=O)N[C@@H](Cc2ccccc2)C1=O,6.017499999999995,6.20295374007936,6.110226870039678,0
CS[C@]1(CO)C(=O)N(C)[C@](Cc2ccccc2)(SC)C(=O)N1C,6.072275555555556,6.147937138528135,6.110106347041845,0
CC[C@H](C)[C@@H]1NC(=O)[C@@H]2CCCN2C(=O)[C@H](Cc2ccccc2)NC(=O)[C@@H]2CCCN2C(=O)[C@H](Cc2ccc(O)cc2)NC(=O)[C@@H]2CCCN2C(=O)[C@H]([C@@H](C)CC)NC1=O,6.211185555555556,6.008768902777779,6.109977229166667,1
CC[C@H](C)[C@@H]1NC(=O)[C@@H]2CCCN2C(=O)[C@H](Cc2ccc(O)cc2)NC(=O)[C@@H]2CCCN2C(=O)[C@H]([C@@H](C)CC)NC(=O)[C@@H]2CCCN2C(=O)[C@@H](Cc2ccccc2)NC1=O,6.211185555555556,6.008768902777779,6.109977229166667,1
CC[C@H](C)[C@@H]1NC(=O)[C@@H]2CCCN2C(=O)[C@H]([C@@H](C)CC)NC(=O)[C@@H]2CCCN2C(=O)[C@H](Cc2ccc(O)cc2)NC(=O)[C@@H]2CCCN2C(=O)[C@H](Cc2ccccc2)NC1=O,6.211185555555556,6.008768902777779,6.109977229166667,1
CN(C)CCc1c2c(c3nccc4c3c1Nc1ccccc1-4)NC(=O)CS2,6.10015277777778,6.119466636904758,6.109809707341269,0
COC1=C(Br)[C@H](O)[C@@]2(C=C1Br)CC(C(=O)NCCC1N=C(N)NC1=O)=NO2,6.204151111111114,6.01520157407407,6.109676342592592,1
C[C@H]1CC=C[C@H]2[C@@H]3O[C@]3(C)[C@@H](C)[C@H]3[C@H](Cc4ccccc4)NC(=O)[C@]32OC(=O)C/C=C(/CO)C1=O,6.096638888888893,6.122219179894176,6.109429034391535,0
Oc1ccc(O)c(COCc2cc(O)ccc2O)c1,6.004640000000002,6.213980820707075,6.1093104103535385,0
COc1cccc(OC)c1C(=O)c1c(O)cc(C)c(OC)c1COC(C)=O,6.090416666666673,6.128042383838384,6.109229525252529,0
CCC[C@@H]1NC(=O)[C@@H]2C[C@H](C)CN2C(=O)[C@@H](NC=O)CNC(=O)[C@@H](CC)NC(=O)c2coc(n2)[C@H](C)NC(=O)C1=O,6.131830000000003,6.086450595238095,6.1091402976190485,1
COc1c(Br)cc(Br)c(CCN2C=[N+](C)CCC2)c1Br,6.161600000000004,6.055983634559882,6.108791817279943,0
COC(=O)/C=C(/C(=O)O)C(Cc1c(Br)c(O)c(O)c(Br)c1Br)C(=O)O,6.03931777777778,6.1781210440115455,6.108719410894663,1
C=C1CCC[C@@H]2[C@@](C)(Cc3cc(C(=O)OC)c(O)c(NC(=O)CO)c3O)[C@H](C)CC[C@@]12C,6.070755555555555,6.146117876984123,6.108436716269839,0
COc1c(C(CC(C)C)OC(C)=O)ccc2c1Oc1c(O)cc(C)cc1COC2=O,6.169771111111117,6.046210575396824,6.107990843253971,0
COc1c(Br)cc(C(=O)OCC[N+](C)(C)C)cc1Br,6.091996666666668,6.123543610750358,6.107770138708513,0
COc1c(C(O)CC(C)C)ccc2c1Oc1c(O)cc(C)cc1COC2=O,6.141286666666669,6.074245202380951,6.10776593452381,0
COc1cc(C)cc(Oc2cc(C)cc(O)c2)c1,6.194509999999999,6.020926419552669,6.107718209776334,0
C[C@@H]1C[C@H](Cl)[C@@H](/C(Cl)=C/C=C/C(Cl)=C/C=C/C=C/C=C/C=C/C(O)=C2\C(=O)[C@H](CC(N)=O)N([C@@H]3OC[C@@H](O)[C@H](O)[C@H]3O)C2=O)O1,6.070512222222225,6.144685502645502,6.107598862433864,1
CON(CCCCCCCCCCC#CCCc1cccnc1)[C@@H]1O[C@H](CO)[C@@H](O)[C@H](O)[C@H]1O,6.038666666666665,6.176034738455988,6.107350702561327,0
CCCCCC[C@H](C)[C@@H]1CC(=O)NCC(=O)N[C@@H](C(C)C)C(=O)N[C@H](CC(C)C)C(=O)N[C@@H](C)C(=O)N[C@@H](CC(C)C)C(=O)O1,6.200935555555559,6.0132821329365065,6.107108844246033,1
COc1c(OC)c2c(c(CCN(C)C)c1SC)SSS2,6.119612222222225,6.09419339069264,6.106902806457432,0
C/C(=C\Cn1c[n+](C)c2ncnc(N)c21)CC[C@]1(C)[C@@H](C)CC[C@@]2(C)C(COC(=O)c3cc(Br)c[nH]3)=CCC[C@@H]12.[Cl-],6.104227777777778,6.109526730158732,6.106877253968255,1
CO/C(=C/C(=O)N1C(=O)C=CC1Cc1ccc(O)cc1)CCNC(=O)CCCCC(C)(C)C,6.05486111111111,6.158674940476186,6.106768025793649,0
CO/C(=C/C(=O)N1C(=O)C=C[C@@H]1Cc1ccc(O)cc1)CCNC(=O)CCCCC(C)(C)C,6.05486111111111,6.158674940476186,6.106768025793649,0
COC(=O)c1cc(OC)cc(O)c1Oc1cc(C)cc(O)c1C(=O)OC,6.069722222222225,6.140385202020201,6.105053712121213,0
C=CC(C)(C)OC(C)[C@@H]1NC(=O)[C@H](C(C)CC)NC(=O)[C@@H]2CSC(=N2)[C@H](C)NC(=O)[C@H]2N=C(OC2C)[C@H](Cc2ccccc2)NC1=O,6.181061111111114,6.028427242063489,6.104744176587301,1
COC(=O)c1c(O)cc(C)c(Cl)c1Oc1c(OC)cc(OC)cc1C(=O)O,6.005334444444444,6.203603777417027,6.104469110930736,0
Cc1cc(O)cc(Oc2cc(O)cc(C)c2CC(=O)C(C)C)c1,6.10370666666667,6.104956729437228,6.104331698051949,0
COc1c([C@@H](O)CC(C)C)ccc(Oc2c(O)cc(C)cc2CO)c1C(=O)O,6.018126666666672,6.190348698051946,6.104237682359309,0
CC1=CC(=O)[C@@H]2[C@@H](C1)[C@]13CO[C@@]4([C@H]1O)N1C[C@@H]5O[C@@]1(CC[C@@]4(C)[C@]1(COC(=O)C1)[C@H]3C(=O)[C@@H]2C)C[C@@H](C)[C@H]5O,6.151188888888888,6.0560848809523815,6.103636884920634,1
O=C1N[C@H](CO)[C@H](Oc2ccc(O)cc2)[C@@H]1O,6.173597777777777,6.0324997853535365,6.103048781565657,0
CS[C@]1(CO)C(=O)N2c3ccccc3C[C@@]2(SC)C(=O)N1C,6.027000000000003,6.179072757936506,6.103036378968255,0
CO[C@@H]1c2cc3c(nc2[C@@]2(C)OC(=O)C[C@H]2C1(C)C)CC[C@]1(C)C3=CC(=O)O[C@H]1c1ccoc1,6.19006666666667,6.01550010040885,6.10278338353776,0
CCCCCC[C@H](C)C[C@H](C)[C@H]1OC(=O)[C@H](C)NC(=O)[C@H](C)NC(=O)[C@H](CC(C)C)NC(=O)[C@H](C(C)C)NC(=O)CNC(=O)[C@@H]1C,6.191991111111114,6.0132821329365065,6.102636622023811,1
COC(=O)c1cc(OC)c(Cl)c(Oc2cc(C)cc(O)c2C(=O)OC)c1O,6.001616666666672,6.203603777417027,6.102610222041849,0
COC(=O)c1cc(OC)c(Cl)c(O)c1Oc1cc(C)cc(O)c1C(=O)OC,6.001616666666672,6.203603777417027,6.102610222041849,0
COC(=O)c1cc(OC)cc(OC)c1Oc1c(Cl)c(C)cc(O)c1C(=O)OC,6.020701111111112,6.184289396464647,6.102495253787879,0
CO[C@]12CCN(Cc3cc(O)c(O)c(Br)c3Br)[C@H]1NC(=O)N2,6.032987777777777,6.171258621031748,6.102123199404762,0
CCOC1(OCC)C(Br)=CC(O)(CC(N)=O)C=C1Br,6.020048333333335,6.183413919552664,6.101731126442999,0
CCCCCC[C@@H](C)/C=C(C)/C=C/C(=O)N[C@H]1C[C@]2(C=C(Br)C(=O)[C@H](Br)[C@H]2O)O[C@H]1OC,6.124798888888894,6.078435859788352,6.101617374338623,1
COc1cc(C)c(Oc2cc(C)cc(O)c2)c(O[C@@H]2O[C@H](CO)[C@@H](O)[C@H](O)[C@H]2O)c1,6.05811777777778,6.1450694195526685,6.101593598665224,0
CC(=O)OC[C@@]1(C)CCC[C@@]2(C)C1CC[C@@]1(C)c3cc[n+](CC(=O)O)cc3CCC21,6.154111111111107,6.048846111111107,6.101478611111107,0
CCC[C@@H]1CC(=O)N[C@@H](CC(C)C)C(=O)N[C@H](Cc2ccccc2)C(=O)N[C@@H](CC(C)C)C(=O)N[C@@H](Cc2ccccc2)C(=O)O1,6.146449999999998,6.056285942460314,6.101367971230156,1
CC#CC#CC#CC(O)C(O)CO,6.068653333333329,6.133129496212125,6.100891414772727,0
CC[C@H](C)[C@@H]1NC(=O)[C@H](Cc2ccccc2)NC(=O)[C@@H]2CCCN2C(=O)[C@H](Cc2ccccc2)NC(=O)[C@@H]2CCCN2C(=O)[C@H](Cc2ccc(O)cc2)NC(=O)[C@@H]2CCCN2C1=O,6.191885555555554,6.008768902777779,6.100327229166666,1
CC1=CCC[C@H]2[C@](C)(Cc3cc(O)cc(-n4cnc5c(ncn5[C@H]5C[C@H](O)[C@@H](CO)O5)c4=O)c3O)[C@@H](C)CC[C@]12C,6.036227777777773,6.164367361111111,6.100297569444442,1
CON(CC(C)CCCCCCCCCCc1cccnc1)[C@@H]1O[C@H](CO)[C@@H](O)[C@H](O)[C@H]1O,6.004557777777776,6.195943793290039,6.100250785533907,0
CC1(C)CCC[C@]2(C)[C@H]3Cc4c(OS(=O)(=O)[O-])c(O)cc(CO)c4[C@@]3(C)CC[C@@H]12.[Na+],6.172452222222222,6.027740636002884,6.100096429112552,0
CCCCC(C)C1CC(=O)NCC(=O)N[C@@H](C(C)C)C(=O)N[C@H](CC(C)C)C(=O)N[C@@H](C)C(=O)N[C@@H](C(C)C)C(=O)O1,6.186880000000003,6.0132821329365065,6.100081066468254,1
COCc1c(C(C)O)cc(O)c(C)c1OC,6.066001111111114,6.133957447330444,6.099979279220779,0
COc1cccc2c1C(=O)OCc1cc(CO)cc(O)c1O2,6.10198666666667,6.0969381269841305,6.0994623968254,0
COc1cc(C)cc(Oc2cc(C)cc(OC)c2OC)c1O,6.0353944444444485,6.1621876663059165,6.098791055375182,0
COc1c(Br)cc(CCC[C@H](C(=O)[O-])[N+](C)(C)C)cc1I,6.078631666666671,6.118665607503604,6.098648637085137,0
CN(C)CCCOc1c(Br)cc([C@H]2CNC(=O)O2)cc1Br,6.07977888888889,6.116521488095236,6.098150188492063,0
CON(CCCCCCCCC#CCCCCc1cccnc1)[C@@H]1O[C@H](CO)[C@@H](O)[C@H](O)[C@H]1O,6.019855555555552,6.176034738455988,6.0979451470057695,0
Cc1cc(O)cc(Oc2cc(O)cc(C)c2C[C@@H](O)C(C)(C)O)c1,6.133870000000004,6.0619808376623405,6.0979254188311725,0
Cc1cc(O)cc(Oc2cc(O)cc(C)c2C[C@H](O)C(C)(C)O)c1,6.133870000000004,6.0619808376623405,6.0979254188311725,0
CCCCCC[C@H](C)[C@H]1OC(=O)[C@H](C)NC(=O)[C@H](C)NC(=O)[C@H](CC(C)C)NC(=O)[C@H](C(C)C)NC(=O)CNC(=O)[C@@H]1C,6.182268888888891,6.0132821329365065,6.097775510912699,1
CCOC(=O)c1cc(OCC)c(C)c(O)c1C=O,6.006839999999999,6.1880808048340565,6.097460402417028,0
COc1c(O)c2c(c3c1SSSSS3)CCNC2,6.0633239682539735,6.131398328342956,6.097361148298464,0
C=C1[C@@H](C)[C@H]2[C@H](Cc3ccc(OC)cc3)NC(=O)[C@]23OC(=O)OC=C[C@@](C)(O)C(=O)[C@@H](C)CC=C[C@H]3[C@@H]1O,6.079072222222222,6.11407584986772,6.096574036044971,1
CCCCCCCCCCCCCCC(=O)O[C@H]1CC[C@H](NC(=O)[C@H](OC)[C@H](O)[C@@H](O)[C@H](O)/C=C/C(C)C)C(=O)NC1,6.010188888888889,6.182859146825389,6.0965240178571385,1
COCc1c(CO)cc(O)c(C)c1OC,6.044775555555557,6.144345304473301,6.094560430014429,0
CC[C@H](C)[C@@H]1NC(=O)[C@H](Cc2ccccc2)OC(=O)[C@H](C(C)C)N(C)C(=O)[C@H](C(C)C)OC(=O)[C@H](C)[C@@H](C)NC1=O,6.138446666666667,6.050127926587298,6.094287296626982,1
CC(O)[C@H](NC(=O)c1cccc(NC=O)c1O)C(=O)O[C@@H](C)[C@H](OC(=O)Cc1ccccc1)[C@@H](C)C(=O)O,6.09405555555556,6.094281869047619,6.09416871230159,1
COC(=O)c1cc(O)cc(OC)c1Oc1cc(C)cc(OC)c1C(=O)OC,6.062983333333335,6.125151178210679,6.094067255772007,0
CC(C)C[C@@H]1NC(=O)[C@@H]2CCCN2C(=O)[C@H](CC(C)C)OC(=O)[C@@H]2CCCN2C(=O)[C@H](Cc2ccccc2)NC(=O)[C@H](Cc2ccccc2)NC1=O,6.180885555555553,6.005632771825394,6.093259163690473,1
CC(O)CCCCC(C)C1CC(O)C(C)C(=O)N[C@H](Cc2ccccc2)C(=O)N2CCC[C@H]2C(=O)O1,6.099933333333331,6.085905386904759,6.092919360119045,1
COc1cc2c(cc1O)OCc1c-2oc(CO)cc1=O,6.038990000000002,6.146530471139971,6.092760235569987,0
CON(CCCCCCCCCCC#CCCCCc1cccnc1)[C@@H]1O[C@H](CO)[C@@H](O)[C@H](O)[C@H]1O,6.009444444444443,6.176034738455988,6.092739591450215,1
COc1cccc(Oc2c(O)cc(C)cc2C=O)c1C(=O)O,6.044842222222222,6.140385202020201,6.092613712121212,0
CN(/C=C\c1c(Br)n(C)c2c(Br)c(Br)ccc12)C(=O)[C@@H]1CCCN1C,6.113822222222222,6.071310833333332,6.092566527777777,1
C=CC(/C=C\c1ccc(OC)c(O)c1)c1ccc(O)cc1,6.03015666666667,6.154703127344879,6.092429897005775,0
C=C1Oc2cc(OC)cc(C(=O)SC[C@H](NC(C)=O)C(=O)O)c2NC1=O,6.013943333333336,6.170222995310247,6.092083164321792,0
COc1ccc(CC(=O)c2c(O)cc(OC)cc2OC)c(OC)c1,6.048448888888889,6.135394987012989,6.091921937950939,0
C[N+](C)(C)[C@H](CCCc1cc(Br)c(O)c(I)c1)C(=O)[O-],6.007906111111113,6.1747941266233735,6.091350118867243,0
CN1CC[C@]23C1=NCC[C@@]21C(=Nc2cc(Br)ccc23)Nc2c(Cl)cc(Cl)cc21,6.1620205555555545,6.0203561210317496,6.091188338293652,1
COc1cc(/C=C/C(=O)N(C)CC(O)c2ccc(O)cc2)ccc1O,6.028310000000005,6.153064769119765,6.090687384559885,0
CCCCC[C@@H]1CC[C@H](C)CCCCC(=O)N(C)[C@@H](Cc2ccc(OCC=C(C)C)cc2)C(=O)O1,6.058327777777777,6.121271204906203,6.08979949134199,1
C[C@@H]1C[C@H](Cl)[C@H](/C=C/C=C\C=C\C(Cl)=C\C=C\C=C\C=C\C=C\C(O)=C2/C(=O)[C@H](CC(N)=O)N([C@@H]3OC[C@@H](O)[C@H](O)[C@H]3O)C2=O)O1,6.0339966666666704,6.144685502645502,6.089341084656086,1
CCCCC(C)[C@@H]1CC(=O)NCC(=O)N[C@@H](C(C)C)C(=O)N[C@H](CC(C)C)C(=O)N[C@@H](C)C(=O)N[C@@H](Cc2ccccc2)C(=O)O1,6.164502222222225,6.0132821329365065,6.088892177579366,1
CCCC[C@H](C)[C@@H]1CC(=O)NCC(=O)N[C@@H](C(C)C)C(=O)N[C@@H](CC(C)C)C(=O)N[C@@H](C)C(=O)N[C@@H](Cc2ccccc2)C(=O)O1,6.164502222222225,6.0132821329365065,6.088892177579366,1
CCCCCC[C@H](C)[C@@H]1CC(=O)NCC(=O)N[C@@H](C(C)C)C(=O)N[C@H](CC(C)C)C(=O)N[C@@H](C)C(=O)N[C@@H](Cc2ccccc2)C(=O)O1,6.163668888888892,6.0132821329365065,6.0884755109127,1
CCCCCCC(C)[C@@H]1CC(=O)NCC(=O)N[C@@H](C(C)C)C(=O)N[C@H](CC(C)C)C(=O)N[C@@H](C)C(=O)N[C@@H](Cc2ccccc2)C(=O)O1,6.163668888888892,6.0132821329365065,6.0884755109127,1
CCCCCC[C@H](C)[C@@H]1CC(=O)NCC(=O)N[C@@H](C(C)C)C(=O)N[C@@H](CC(C)C)C(=O)N[C@@H](C)C(=O)N[C@@H](Cc2ccccc2)C(=O)O1,6.163668888888892,6.0132821329365065,6.0884755109127,1
COC(=O)c1cc(O)cc(OC)c1Oc1cc(C)cc(OC)c1C(=O)O,6.036516666666668,6.140385202020201,6.0884509343434345,0
CC1=CCC[C@H]2[C@](C)(CC3=C(O)C(=O)C=C(NCCC[S+](C)[O-])C3=O)[C@@H](C)CC[C@]12C,6.125122222222225,6.051275485209231,6.088198853715728,0
C=C1CCC[C@H]2[C@](C)(CC3=C(O)C(=O)C=C(NCCC[S+](C)[O-])C3=O)[C@@H](C)CC[C@]12C,6.125122222222225,6.051275485209231,6.088198853715728,0
CC(C)=CCC/C(C)=C/C[C@@]12CCN(C)[C@@H]1Nc1c(Br)ccc(O)c12,6.100140555555553,6.075530426587301,6.087835491071427,1
CC[C@H](C)[C@@H]1NC(=O)[C@@H](C)NC(=O)[C@H](C(C)C)NC(=O)C[C@@H](/C=C/c2ccccc2)OC(=O)[C@H](C(C)C)NC1=O,6.12548888888889,6.049772896825392,6.087630892857141,1
CC[C@H](C)[C@@H]1NC(=O)[C@@H](C)NC(=O)[C@H](C(C)C)NC(=O)C[C@H](/C=C/c2ccccc2)OC(=O)[C@H](C(C)C)NC1=O,6.12548888888889,6.049772896825392,6.087630892857141,1
CCC(=O)N(C)CCC/C(=C\Cl)CCC(C)C(O)C(C)C(=O)N1C(=O)C=C(OC)C1CC(C)C,6.011127777777778,6.164028055555555,6.087577916666667,0
CC(C)C[C@@H]1NC(=O)[C@@H](CC(C)C)NC(=O)[C@H](Cc2ccccc2)NC(=O)[C@H](CC(C)C)OC(=O)[C@H](Cc2ccccc2)NC1=O,6.14754111111111,6.025423470238092,6.086482290674601,1
C[C@H](C[C@@H](C(=O)NCc1nccs1)N(C)C(=O)C[C@@H](C)C(Cl)(Cl)Cl)C(Cl)Cl,6.089285555555556,6.08337848611111,6.086332020833333,0
C[C@H](CC(=O)N(C)[C@@H](C[C@@H](C)C(Cl)(Cl)Cl)C(=O)NCc1nccs1)C(Cl)Cl,6.089285555555556,6.08337848611111,6.086332020833333,0
CCCCCC[C@@H](C)/C=C(C)/C=C/C(=O)N[C@@H]1CO[C@H]2[C@@H](Cl)C(=O)C(Cl)=C[C@@]2(O)C1,6.127020000000004,6.045337411616161,6.0861787058080825,0
COC(=O)[C@]1(O)CCc2oc3cc(CO)cc(O)c3c(=O)c21,6.074226666666668,6.097015685425689,6.085621176046178,0
CON(CCCC/C=C\CCc1cccnc1)[C@@H]1O[C@H](CO)[C@@H](O)[C@H](O)[C@H]1O,6.0307077777777724,6.139551563852811,6.085129670815292,0
CCC(=O)NCCCOc1c(Br)cc(CC#N)cc1Br,6.001816111111114,6.167001102092351,6.084408606601732,0
COC(=O)Cc1cc(O)cc(O)c1C(=O)CCCCCCCOC(C)=O,6.061735555555551,6.106354821789323,6.084045188672437,0
CCC(C)[C@H]1NC(=O)[C@H]([C@@H](C)O)NC(=O)[C@@H]2CCCN2C(=O)[C@H](Cc2ccccc2)NC(=O)c2csc(n2)[C@@H](C)NC(=O)[C@@H]2CSC1=N2,6.066727777777775,6.100003938492065,6.08336585813492,1
CC[C@@H](O)c1oc(=O)cc(OC)c1CO,6.025346666666668,6.141108090187592,6.08322737842713,0
CN1C(=O)[C@@]23C[C@]4(c5c[nH]c6ccccc56)c5ccccc5N[C@@H]4N2C(=O)[C@]1(CO)SSS3,6.026617857142859,6.1397,6.08315892857143,0
COc1cc(CCN(C)CCCNC(C)=O)c(Br)cc1Br,6.144534444444446,6.020812063492059,6.082673253968252,0
CSc1c(CCNC(=O)c2ccc(O)c(Br)c2)[n+](C)cn1C,6.162155555555554,6.002642152777779,6.082398854166666,0
COC(=O)CN1Cc2c(cc(O)c3c2O[C@]2(C3)[C@H](C)CC[C@H]3C(C)(C)[C@H](O)CC[C@@]32C)C1=O,6.067796666666673,6.096779243626741,6.082287955146708,0
C=CC(C)(C)[C@]1(C[C@@H]2NC(=O)[C@@]3(OC)CCCN3C2=O)C(=O)Nc2c1ccc1c2C=CC(C)(C)O1,6.15877777777778,6.003955443121692,6.081366610449736,0
C=CC(C)(C)[C@@]1(C[C@@H]2NC(=O)[C@]3(OC)CCCN3C2=O)C(=O)Nc2c1ccc1c2C=CC(C)(C)O1,6.15877777777778,6.003955443121692,6.081366610449736,0
COc1cc2c(c(O)c1CO[C@@H](C)c1c(OC)cc3c(c1O)C(=O)CC[C@H]3O)C(=O)CC[C@@H]2O,6.051265555555556,6.111209602092353,6.081237578823955,0
COc1cc2c(c(O)c1CO[C@H](C)c1c(OC)cc3c(c1O)C(=O)CC[C@@H]3O)C(=O)CC[C@@H]2O,6.051265555555556,6.111209602092353,6.081237578823955,0
C/C(=C\Cn1c[n+](C)c2ncnc(N)c21)CC[C@]1(C)[C@@H](C)CC[C@@]2(C)C(COC(=O)c3ccc[nH]3)=CCC[C@@H]12.[Cl-],6.101216666666666,6.059971646825399,6.080594156746033,1
CC[C@@H](C)[C@H](NC(=O)[C@@H](Cc1ccccc1)N(C)C(=O)[C@@H](N)CC(C)C)C(=O)Nc1c(O)cccc1C(=O)O,6.03593888888889,6.124314158730154,6.080126523809522,1
CC(=O)OCC/C=C/C=C/C=C/CCc1ccc(OC(C)=O)c(O)c1,6.085412222222221,6.073962282828285,6.079687252525253,0
CC(=O)OCC/C=C/C=C/C=C/CCc1ccc(O)c(OC(C)=O)c1,6.085412222222221,6.073962282828285,6.079687252525253,0
N[C@H]1[C@H](O)[C@H](O)[C@@H](OCC(O)CO)O[C@@H]1CO,6.048908888888885,6.109728813492064,6.079318851190475,1
NCCCOc1c(Br)cc(CCN)cc1Br,6.117822222222221,6.040613324314574,6.079217773268398,0
CCC(C)C(=O)O[C@H]1[C@H](C)OC(=O)[C@@H](NC(=O)c2cccc(NC=O)c2O)[C@@H](C)OC(=O)[C@@H]1Cc1ccccc1,6.152024444444447,6.005330468253966,6.078677456349206,1
C=C(C)[C@H](O)COc1ccc(CCO)cc1,6.109745555555549,6.046787380050506,6.078266467803028,0
CC1=C[C@@H](C)CC=C[C@H]2[C@H](O)[C@](C)(O)[C@@H](C)[C@H]3[C@H](Cc4c[nH]c5ccccc45)NC(=O)[C@]32C(=O)CC[C@H](O)C1=O,6.091963333333332,6.0632511276455,6.077607230489416,1
CC1=C[C@@H](C)CC=C[C@H]2[C@H](O)[C@@](C)(O)[C@@H](C)[C@H]3[C@H](Cc4c[nH]c5ccccc45)NC(=O)[C@]32C(=O)CC[C@H](O)C1=O,6.091963333333332,6.0632511276455,6.077607230489416,1
CC[C@@H](C)[C@H]1NC(=O)C(C)C(O)CC(C(C)CCCCC(C)O)OC(=O)[C@@H]2CCCN2C1=O,6.067455555555554,6.085905386904759,6.076680471230157,0
CCCC(=O)O[C@@H]1CC2C(C)(C)CCC[C@]2(C)C2CC[C@@H](C(=O)OC)[C@H]3[C@H]4CC5(C)CN4[C@H](O5)[C@@]231,6.05151333333333,6.101670915704666,6.0765921245189976,0
CCCCCC[C@@H](C)/C=C(C)/C=C/C(=O)N[C@H]1C[C@]2(O[C@H]1OC)[C@H](O)[C@H](Cl)C(=O)[C@H](Cl)[C@H]2O,6.069740000000004,6.08181387566137,6.075776937830687,1
C=C=CCOc1ccc(/C=C/C(=O)O)cc1,6.022988888888885,6.127973107142859,6.075480998015872,0
CN1C(=O)[C@@]23C[C@]4(c5c[nH]c6ccccc56)c5ccccc5N[C@@H]4N2C(=O)[C@]1(CO)SS3,6.011169444444447,6.1397,6.075434722222224,0
COc1c([C@@H](O)CC(C)C)ccc2c1C(=O)OCc1cc(CO)cc(O)c1O2,6.036134444444449,6.113842920634918,6.074988682539683,0
COc1c([C@H](CC(C)C)OC(C)=O)ccc2c1C(=O)Oc1cc(C)cc(CO)c1O2,6.102380000000005,6.046210575396824,6.074295287698414,0
CC1=C[C@@H](C)CC=C[C@H]2C=C(CO)[C@@H](C)[C@H]3[C@H](Cc4c[nH]c5ccccc45)NC(=O)[C@@]23C(=O)CCC(=O)C1=O,6.012422222222224,6.134169480820103,6.073295851521163,1
CS[C@@H]1C(=O)N[C@](Cc2ccc(OCC=C(C)C)cc2)(SC)C(=O)N1C,6.089279999999997,6.057067301587296,6.073173650793647,0
Cc1cc(O)cc(Oc2cc(C)cc(O[C@H]3O[C@H](CO)[C@@H](O)[C@H]3O)c2O)c1,6.119765555555558,6.025950251082255,6.072857903318907,0
CC[C@H](C)/C=C/C1=CC2=C(Cl)C(=O)[C@@]3(C)OC(=O)C(C(=O)[C@@H](C)[C@@H](C)O)=C3C2=CN1CCOCCO,6.033305555555552,6.112348234126981,6.072826894841267,1
COC(=O)c1cc(OC)c2c(O)c(C(C)=O)c(O)c(O)c2c1,6.087402222222227,6.057807880591631,6.07260505140693,0
CC(=O)[C@H]1[C@@H]2C=C[C@@H]3[C@H]4C/C=C\C(=O)NCCC[C@H]5C(O)=C(C(=O)/C=C/[C@@H]4C[C@@H]3[C@H]2C[C@H]1C)C(=O)N5C,6.024668888888887,6.120030892857143,6.072349890873015,1
CO[C@]1(C)CC[C@H]2[C@@H]([C@@H]3[C@H]1CC[C@@]3(C)CNCCS(=O)(=O)O)C2(C)C,6.096357777777771,6.047911220238091,6.072134499007931,0
CO[C@]1(C)CC[C@@H]2[C@H]([C@H]3[C@H]1CC[C@@]3(C)CNCCS(=O)(=O)O)C2(C)C,6.096357777777771,6.047911220238091,6.072134499007931,0
C/C(=C\C=C\C(C)/C=C/CC(C)C)[C@H]1[C@@H](O)[C@@H]2[C@H](CS(=O)(=O)CCN2CC2=C[C@H](O)[C@H](/C(C)=C/C=C/C(C)/C=C/CC(C)C)[C@@H](O)C2=O)C(=O)[C@@H]1O,6.123211111111107,6.020971024531019,6.072091067821063,1
CNCCc1ccc(O)c(Br)c1,6.010092222222225,6.132483160714282,6.071287691468253,0
CCCCCCCCCCCC[C@@H]1N=C(N)N[C@@]2(CCCO2)[C@@H]1C(=O)OCCCCCNC(=N)N,6.042557777777774,6.0996208531746,6.071089315476187,0
CCCCCCCCCCCCC[C@@H]1N=C(N)N[C@@]2(CCCO2)[C@@H]1C(=O)OCCCCCNC(=N)N,6.040824444444442,6.0996208531746,6.070222648809521,1
CC(C)C1=C2N=C3OC=CC=C[C@@]34OC[C@H]3O[C@@]4(OC3(C)C)N2[C@@H](Cc2ccccc2)C(=O)N1,6.13778333333333,6.001541964285716,6.069662648809523,0
CC1=C[C@H](C)/C=C(/C)[C@@H]2[C@]34C[C@@]5(NC(=O)[C@H](CC(C)C)[C@H]5[C@@H](C)C1=O)C(=O)c1cc(C)c(O)c(c13)C(=O)[C@@]2(C)O4,6.0212455555555575,6.117218687169308,6.0692321213624325,1
COCc1cc(O)c(O)c2c1[C@@]1(C)CC[C@H]3C(C)(C)CCC[C@]3(C)[C@H]1C2,6.041796666666665,6.096440038419912,6.069118352543288,1
COc1cc(O)c2c(c1O)C(=O)c1ccc(O)c(C(C)=O)c1C2=O,6.080036666666669,6.057807880591631,6.06892227362915,0
CC(C)=CCC/C(C)=C/CCC(C)/C=C/C(=O)NC[C@@H]1CC[N@+]2(C)CCCC[C@H]12.O=P([O-])(O)O,6.071961111111108,6.065763908730161,6.068862509920635,0
C=C=CCOc1ccc(/C=C/C(=O)N[C@@H]2CCCCNC(=O)[C@H](C)N(C)C(=O)[C@H](C(C)C)N(C)C2=O)cc1,6.001733333333328,6.13565530844156,6.068694320887444,1
C=C=CCOc1ccc(/C=C/C(=O)N[C@H]2CCCCNC(=O)[C@H](C)N(C)C(=O)[C@@H](C(C)C)N(C)C2=O)cc1,6.001733333333328,6.13565530844156,6.068694320887444,1
CC[C@H]1[C@@H]2[C@H](Cl)[C@@H](O)[C@H]3[C@H](C[C@H]4/C=C/C(=O)C5=C(O)[C@@H](CCCNC(=O)/C=C\C[C@H]34)NC5=O)[C@H]2C[C@H]1C,6.104352222222221,6.0329261309523785,6.0686391765873,1
COC(=O)[C@@H]1C[C@H](O)[C@H](O)[C@@H](n2cc(CC(N)=O)c3c(OC)cccc32)O1,6.044122222222225,6.093072982804233,6.068597602513229,0
C=C1CCC[C@@H]2[C@@](C)(CC[C@@]3(C)CCn4cnc5ncnc(c54)N3OC)[C@H](C)CC[C@@]12C,6.061968888888888,6.074944841269842,6.068456865079365,1
CCOC(=O)[C@@H]1[C@@H]2CC[C@@H]3C[C@]4(CCC=C[C@@H](CC)O4)N=C(N[C@]14CCC[C@H](C)O4)N32,6.034724444444446,6.102050615079363,6.068387529761905,0
COc1ccc(C/C(=N\O)C(=O)NCCc2c[nH]cn2)cc1Br,6.057933333333333,6.078200585317458,6.068066959325396,0
COc1c(I)cc(CCN(C)C)cc1I,6.120500555555552,6.015589329004322,6.068044942279936,0
CCCCC[C@@H]1CC(=O)N[C@@H](CC(C)C)C(=O)N[C@H](Cc2ccccc2)C(=O)N[C@@H](CC(C)C)C(=O)N[C@@H](Cc2ccccc2)C(=O)O1,6.122561111111108,6.0132821329365065,6.067921622023807,1
COc1ccc2c3c(n(CC=C(C)C)c2c1)[C@H](C=C(C)C)N1C(=O)[C@@H]2CCCN2C(=O)[C@@]1(O)[C@H]3OC,6.10871666666667,6.0265220977633485,6.067619382215009,0
CCCCCCCCC[C@@H]1N=C(N)N[C@]2(CCCO2)[C@@H]1C(=O)OCCCCCCCCNC(=N)N,6.035313333333331,6.0996208531746,6.067467093253965,0
COc1ccc(O)c(-c2cc(OC)ccc2O)c1,6.107578888888891,6.026439178210678,6.067009033549784,0
CO[C@H]1O[C@@H]([C@@H]2CC(=O)NC2=O)CC=C1CC/C=C(\C)CC/C=C(\C)CCC=C(C)C,6.043761111111112,6.088461137566132,6.066111124338622,1
CC(C)C[C@H](NC(=O)[C@@H](Cc1ccccc1)N(C)C(=O)[C@@H](N)C(C)C)C(=O)Nc1ccccc1C(=O)O,6.013605555555556,6.116921916666663,6.06526373611111,1
C[C@@H]1CC[C@H]2C(C)(C)[C@H](O)CC[C@]2(C)[C@@]12Cc1c(O)cc3c(c1O2)C(=O)N(CCO)C3,6.02530555555556,6.105184316378065,6.065244935966812,0
COc1ccc(CC(=O)CCCCCNC(=N)N)cc1Br,6.06350555555555,6.06600713690476,6.064756346230155,0
COc1cc(O)c2c(c1)C(=O)c1cc(C)c(O[C@H]3O[C@H](COC(C)=O)[C@@H](O)[C@H](O)[C@H]3O)cc1C2=O,6.091574444444444,6.0361777925685445,6.063876118506494,1
CC(C)=CCC/C(C)=C/CC[C@@]1(C)Oc2c(c(O)cc3c2CN(C2CCCNC2=O)C3=O)C[C@H]1O,6.085872222222223,6.041037658730156,6.0634549404761895,0
CC(C)=CCC/C(C)=C/CC[C@]1(C)Oc2c(c(O)cc3c2CN([C@@H]2CCCNC2=O)C3=O)C[C@@H]1O,6.085872222222223,6.041037658730156,6.0634549404761895,0
CC(C)=CCC/C(C)=C/CC[C@]1(C)Oc2c(c(O)cc3c2CN([C@H]2CCCNC2=O)C3=O)C[C@@H]1O,6.085872222222223,6.041037658730156,6.0634549404761895,0
CC1=C[C@@H]2/C=C(\C)CC[C@H](O)[C@H]3O[C@H]4OCC(C)=C5C(=O)[C@@H](O)[C@H](C(=O)[C@]26C(=O)N[C@@H](CC(C)C)[C@@H]6[C@@H]1C)[C@@H]3[C@H]54,6.070746666666664,6.0555100165343925,6.063128341600528,1
COc1c(SC)c(CCNC(C)=O)c2c3c(ccnc13)-c1ccccc1N2,6.039991666666669,6.085831247294371,6.062911456980521,0
CCC[C@@H]1CC(=O)N[C@@H](Cc2ccccc2)C(=O)N[C@H](CC(C)C)C(=O)N[C@H](C)C(=O)N[C@@H](CC(C)C)C(=O)O1,6.067594444444444,6.056285942460314,6.061940193452379,1
CC(C)C[C@@H]1NC(=O)[C@H](Cc2ccccc2)NC(=O)[C@H](CC(C)C)NC(=O)[C@H](Cc2ccccc2)NC1=O,6.0847355555555565,6.039122200396824,6.06192887797619,1
CC1=CC(=O)[C@H]2[C@H](CO)C(=O)[C@@H]3C4(C)CC(=O)O[C@@]5(C[C@@]3(C)[C@@H]2C1)N1C[C@H]2C[C@H](C)C[C@]1(CC[C@@]45C)O2,6.059116666666669,6.064362649711398,6.061739658189033,1
CC1=CC(=O)[C@@H]2[C@@H](C1)[C@]1(C)C[C@@]34OC(=O)CC(C)([C@H]1C(=O)[C@@H]2CO)[C@]3(C)CC[C@]12C[C@@H](C)C[C@H](CN14)O2,6.059116666666669,6.064362649711398,6.061739658189033,1
C=CCCC/C(=C\Cl)CCC(C)/C=C/CCC(=O)NCC/C(=C\C(=O)N1C(=O)C=C[C@@H]1C)OC,6.018222222222224,6.104306130952378,6.061264176587301,1
C#CCCC/C(=C\Cl)CCC(C)/C=C/CCC(=O)NCC/C(=C\C(=O)N1C(=O)C=C[C@@H]1C)OC,6.017577777777781,6.104306130952378,6.060941954365079,1
C[C@@H](CCC(=O)c1cnc2c(n1)c(=O)n(C)c(=O)n2C)C(=O)c1cnc2c(n1)c(=O)n(C)c(=O)n2C,6.02746111111111,6.094031326358829,6.06074621873497,0
CCC(C)C(=O)c1c(O)c(C)c(OC)c(C)c1OC,6.060556666666663,6.059200229076477,6.05987844787157,0
CCC(C)C(=O)c1c(OC)c(C)c(O)c(C)c1OC,6.060556666666663,6.059200229076477,6.05987844787157,0
CN[C@@H](CC(C)C)C(=O)NCCc1c[nH]c2cc(Br)c(Br)cc12,6.117255555555552,6.002064573412696,6.059660064484124,0
CCCc1cc(O)cc(O)c1C(=O)Oc1cc(O)cc(CCC)c1C(=O)O,6.028005555555557,6.0911707175324645,6.059588136544011,0
CCCc1cc(OC(=O)c2c(O)cc(O)cc2CCC)cc(O)c1C(=O)O,6.028005555555557,6.0911707175324645,6.059588136544011,0
CO[C@H]1[C@H](C)O[C@H]2Oc3cc(CO)nc(-c4ccccn4)c3O[C@@]2(OC)[C@@H]1O,6.055633333333335,6.062920194805196,6.059276764069265,0
COC(=O)c1c(Oc2cc(C)cc(O)c2C(=O)O)c(OC)cc(O)c1[N+](=O)[O-],6.04659888888889,6.070198064574315,6.058398476731602,0
CCCCCC[C@@H](C)/C=C(C)/C=C/C(=O)N[C@H]1C[C@]2(O[C@H]1OC)[C@H](O)[C@H](Br)C(=O)[C@H](Br)[C@H]2O,6.034606666666671,6.078435859788352,6.056521263227512,1
CC1=C[C@@H](C)CC=C[C@H]2[C@@H]3O[C@]3(C)[C@@H](C)[C@H]3C(Cc4c[nH]c5ccccc45)NC(=O)[C@]32C(=O)CCC(=O)[C@H]1O,6.072335555555554,6.039238667328042,6.055787111441799,1
CC1=C[C@@H](C)CC=C[C@H]2[C@@H]3O[C@]3(C)[C@@H](C)[C@H]3C(Cc4c[nH]c5ccccc45)NC(=O)[C@]32C(=O)CCC(=O)[C@@H]1O,6.072335555555554,6.039238667328042,6.055787111441799,1
COc1cc(O)c2c(=O)oc(CO[C@@H]3O[C@H](CO)[C@@H](OC)[C@H](O)[C@H]3O)c(C)c2c1C,6.101224444444445,6.008755490981241,6.054989967712843,0
CO/C(=C\c1ccc(O)cc1)C(=O)N/C=C/c1ccc(OC)c(Br)c1,6.019945555555557,6.090008377344876,6.054976966450217,0
CO/C(=C/c1ccc(O)cc1)C(=O)N/C=C/c1ccc(OC)c(Br)c1,6.019945555555557,6.090008377344876,6.054976966450217,0
CC(C)C[C@@H]1NC(=O)[C@H](C(C)C)NC(=O)[C@H](CC(C)C)OC(=O)[C@H](CC(C)C)NC(=O)[C@H](Cc2ccccc2)NC1=O,6.083457777777774,6.025423470238092,6.054440624007933,1
CC(O)CCCCC(C)C1CC(O)C(C)C(=O)N[C@H](C(C)C)C(=O)N2CCC[C@H]2C(=O)O1,6.022377777777775,6.085905386904759,6.054141582341267,0
CO[C@H]1[C@H](O)[C@@H](O)[C@H](Oc2cc(O)cc3cc4c(c(O)c23)C(=O)[C@H](C)[C@H](C)O4)O[C@@H]1CO,6.048982222222223,6.0591526338383845,6.054067428030304,0
CO[C@H]1[C@H](O)[C@@H](O)[C@H](Oc2cc(O)c3c(O)c4c(cc3c2)O[C@@H](C)[C@H](C)C4=O)O[C@@H]1CO,6.048982222222223,6.0591526338383845,6.054067428030304,0
O=S(=O)(O)Oc1cc(O)cc(Oc2c(O)cc(OS(=O)(=O)O)cc2O)c1,6.028211111111114,6.0794584433621965,6.053834777236656,0
CCCCCCCC(=O)[C@@H](C)C(=O)N[C@H](Cc1ccc(OC)cc1)C(=O)N[C@H](C(N)=O)C(C)C,6.003894444444444,6.10305256944444,6.053473506944442,0
CCCCCCCC(=O)[C@H](C)C(=O)N[C@H](Cc1ccc(OC)cc1)C(=O)N[C@H](C(N)=O)C(C)C,6.003894444444444,6.10305256944444,6.053473506944442,0
CS[C@]1(CO)C(=O)N2[C@H]3[C@H](OC(C)=O)C(=O)C=C[C@@]3(O)C[C@@]2(SC)C(=O)N1C,6.023853333333335,6.082863505291004,6.05335841931217,0
CS[C@@]1(CO)C(=O)N2[C@@H]3[C@@H](OC(C)=O)C(=O)C=C[C@]3(O)C[C@@]2(SC)C(=O)N1C,6.023853333333335,6.082863505291004,6.05335841931217,0
CC(=O)CCC[C@H](C)[C@@H]1C=C[C@@](C)(O[C@H]2O[C@H](CO)[C@@H](O)[C@H](O)[C@H]2NC(C)=O)CC1,6.06642222222222,6.04017958333333,6.053300902777775,0
C[As](C)(=O)C[C@H]1O[C@@H](OCC(O)COS(=O)(=O)O)[C@H](O)[C@@H]1O,6.072603333333335,6.033212456108704,6.052907894721019,0
COc1cc(/C=C\NC(=O)[C@@H]2CCCN2C)c(Br)c(Br)c1Br,6.091479999999999,6.013627361111109,6.052553680555554,0
COc1cc(/C=C/NC(=O)[C@@H]2CCCN2C)c(Br)c(Br)c1Br,6.091479999999999,6.013627361111109,6.052553680555554,0
CCCCC[C@@H]1CC(=O)N[C@@H](Cc2ccccc2)C(=O)N[C@H](CC(C)C)C(=O)N[C@H](C)C(=O)N[C@@H](CC(C)C)C(=O)O1,6.091199999999997,6.0132821329365065,6.052241066468252,1
COc1c(Br)cc(Br)c(CCN(C)C=O)c1Br,6.022746666666665,6.081127106782098,6.0519368867243815,0
COc1cc2c(cc1C)[C@@H](C(C)C)[C@H](O)C[C@@H]2C,6.096239999999998,6.00620586075036,6.051222930375179,0
C=C(CNC)C/C(=C\C(=O)N1CC(OC)=CC1=O)OC,6.022668888888887,6.07969304563492,6.051180967261903,0
CN1C(=N)N(C)[C@@]2(Cc3c([nH]c4cc(Br)ccc34)[C@]3(C(=O)N(C)C(=N)N3C)[C@@H]2c2c[nH]c3cc(Br)ccc23)C1=O,6.0594499999999965,6.0421713492063525,6.050810674603175,1
COc1ccc2c(C[C@@H]3NC(=O)[C@@H]4CCCN4C3=O)c(CC=C(C)C)[nH]c2c1,6.088005555555549,6.012148749999997,6.050077152777773,0
CCCCCCCCCCCCCCC(COC[C@@H](O)COP(=O)([O-])OCC[N+](C)(C)C)OC,6.077807777777778,6.02233145238095,6.050069615079364,1
CC1=CCC[C@H]2[C@](C)(CC3=C(O)C(=O)C=C(NCCOS(=O)(=O)O)C3=O)[C@@H](C)CC[C@]12C,6.041983333333334,6.057901933621929,6.049942633477632,0
CC(C)=CC(=O)/C=C(\C)CCC/C(C)=C/CC/C(C)=C/Cn1cnc2c1c(=O)ncn2C,6.008761111111109,6.090873472222223,6.049817291666667,1
C[S+](C)CC(O)C[C@H](N)C(=O)[O-],6.0523066666666665,6.047200744047611,6.049753705357139,0
CCCCCCCCCCCCCCCCOC[C@@H](O)COP(=O)([O-])OCC[N+](C)(C)C,6.076185555555558,6.02233145238095,6.049258503968254,1
Cn1c(C(=O)NCCCC(=O)O)cc(Br)c1Br,6.085398888888888,6.012851617063492,6.04912525297619,0
NCCc1ccc(O)c(Br)c1,6.034575555555557,6.063319924783547,6.048947740169552,0
CCC(C)[C@H]1NC(=O)C2N=C(O[C@@H]2C)[C@@H]2CCCN2C(=O)[C@H](Cc2ccccc2)NC(=O)c2csc(n2)[C@H](C)NC(=O)[C@@H]2CSC1=N2,6.030313333333334,6.066864295634918,6.048588814484126,1
CCC(C)[C@H]1NC(=O)C2N=C(O[C@@H]2C)[C@@H]2CCCN2C(=O)[C@H](Cc2ccccc2)NC(=O)c2csc(n2)[C@@H](C)NC(=O)[C@@H]2CSC1=N2,6.030313333333334,6.066864295634918,6.048588814484126,1
CC(=O)Nc1cc(Cc2cc3oc4cc(=O)c(NC(C)=O)cc-4nc3cc2CO)ccc1O,6.073366666666667,6.023303750601254,6.048335208633961,0
C#CCCCC(=C)CCC(C)/C=C/CCC(=O)NCC/C(=C\C(=O)N1C(=O)C=C[C@@H]1C)OC,6.000405555555559,6.092239682539679,6.0463226190476185,0
COc1c(-c2ccc(O)cc2)cc(O)c(-c2ccc(O)cc2)c1O,6.002502222222221,6.088655705988457,6.045578964105339,0
C[C@@]12CCC[C@]3(C)c4cc5c(cc4C(=O)[C@](O)(OC1)[C@H]23)C(=O)C1=C(NCCS1(=O)=O)C5=O,6.002000000000002,6.088650158730157,6.04532507936508,0
CN(C)CCc1c2ncsc2c2c3c(c4ccccc4nc13)C=CN2C,6.001843888888891,6.084005932539688,6.042924910714289,0
CCCCCCCCCCCCCCOC[C@@H](O)COP(=O)([O-])OCC[N+](C)(C)C,6.063074444444445,6.02233145238095,6.042702948412698,0
C=CCCCCCCCC(=O)N(C)[C@H](CC[S+](C)[O-])C(=O)N[C@H]1CCCCNC1=O,6.015819444444438,6.066631765873011,6.041225605158725,0
C=CCCCCCCCC(=O)N(C)[C@@H](CC[S+](C)[O-])C(=O)N[C@H]1CCCCNC1=O,6.015819444444438,6.066631765873011,6.041225605158725,0
NC[C@H](O)c1ccc(O)c2c1OC[C@@H](Oc1cccc(O)c1)[C@H]2c1ccc(Br)c(Br)c1,6.068564444444442,6.013853119648874,6.041208782046658,1
CCC1=C[C@H]2C[C@@H]3[C@H](CC[C@@H]4/C=C/C(=O)C5=C(O)[C@H](CCCNC(=O)/C=C\C[C@@H]34)NC5=O)[C@H]2[C@@H]1CO,6.038818888888886,6.04355996362434,6.041189426256613,0
NC(=O)NCCCOc1c(Br)cc(CCNC=O)cc1Br,6.050512222222221,6.030587927489176,6.040550074855698,0
CC(/C=C/C(=O)N[C@](C)(CO)C(=O)O)=C\[C@@H](C)C(=O)c1ccc(N(C)C)cc1,6.022618888888879,6.057781757936505,6.040200323412693,0
CC(C)C[C@H]1C(=O)OCc2ccc(C=O)n21,6.008713333333334,6.071484356060608,6.040098844696971,0
CO[C@@]1(Cc2ccccc2)NC(=O)[C@](O)(Cc2ccccc2)NC1=O,6.061991111111107,6.017625857683981,6.039808484397544,0
CC(=O)c1cc(C(C)C(C)O)c(C)c(O)c1O,6.043966666666664,6.035146611111112,6.039556638888888,0
COc1c2c(c(O)c3c1[C@H](O)Cc1cc(CC(C)=O)c(C(=O)O)c(O)c1-3)C(=O)c1cccc(O)c1C2=O,6.012802222222224,6.065795278138526,6.039298750180375,1
COC(=O)c1c([S+](C)[O-])ccc2oc3cc(CO)cc(O)c3c(=O)c12,6.050344444444443,6.027794374819624,6.039069409632034,0
C=C1[C@@H](C)[C@H]2[C@H](Cc3c[nH]c4ccccc34)NC(=O)[C@]23C(=O)CC[C@H](O)[C@H](O)C(C)=C[C@@H](C)CC=C[C@H]3[C@@H]1O,6.014741111111112,6.0632511276455,6.0389961193783055,1
CC1(C)Cc2cc(CO)c(CCCl)c(CO)c2C1,6.05056333333333,6.026513257936504,6.0385382956349165,0
Oc1cc(Cc2c(O)c(Br)c(O)c(Br)c2O)c(Br)c(Br)c1O,6.062829999999999,6.0129944891774905,6.037912244588744,1
CCC(=O)N[C@H](C[C@H](C)C(Cl)Cl)C(=O)N1C(=O)C=C(OC)[C@@H]1C[C@H](C)C(Cl)Cl,6.041621111111113,6.034076484487731,6.0378487977994215,0
CC(=O)OC[C@H]1O[C@H](OCc2c(C)oc(=O)c3c(O)cc(O)cc23)[C@H](O)[C@@H](O)[C@@H]1O,6.063055555555557,6.012601618326122,6.03782858694084,1
CCO[C@H]1c2c([nH]c3c4c(ccc23)OC(C)(C)C=C4)C(C)(C)[C@@H]2C[C@]34CCCN3C(=O)[C@]12NC4=O,6.015094444444443,6.060493663419915,6.03779405393218,0
COc1c(C)cc(O)cc1CCC(C)=O,6.045865555555557,6.026214440115436,6.036039997835497,0
CC(CCCCCCCCCCCCCCO[C@@H]1O[C@H](CO)[C@@H](O)[C@H](O)[C@@H]1O)C(=O)C1=C(O)N(C)C(C)C1=O,6.004938888888892,6.066385423280422,6.035662156084657,1
COC(=O)C(Cc1c(O)c(C)cc(C(C)=O)c1O)Cc1c(O)c(C)cc(C(C)=O)c1O,6.046557777777772,6.024500606060609,6.03552919191919,0
COC(=O)Cc1c(C)c(O)c(C)c(O)c1C(C)=O,6.040726666666669,6.027933379870131,6.034330023268399,0
CC(COCO)C(C)C(O)C1C(C)CCC2C3CCC(O)C(CN)C3C(=O)CC21,6.031307777777773,6.036643423520919,6.033975600649346,0
C[N+]1(C)CCc2cc(O)c(O)cc21.[Cl-],6.013863333333338,6.052850540764788,6.033356937049063,0
COC1=CC(=O)N(C(=O)C(CC(C)C(Cl)(Cl)Cl)NC(=O)CC(C)C(Cl)(Cl)Cl)[C@H]1C,6.032202222222223,6.030572198773445,6.031387210497834,1
CCOC(=O)CCCNC(=O)c1[nH]cc(Br)c1Br,6.005352222222223,6.056913403679655,6.031132812950939,0
COc1cc2c(cc1O)[N+](C)(C)C(C(=O)[O-])C2,6.021960000000004,6.040261708152958,6.031110854076481,0
COc1cc(O)cc2c1C(=O)c1c(O)cc(COC(C)=O)cc1C2=O,6.010355555555564,6.051557375901877,6.03095646572872,0
COc1ccc2c(c1)C1=N[C@H](CC(C)=O)[C@@H](CC(C)=O)c3c([nH]c4ccccc34)C1=N2,6.000818333333339,6.060299748376622,6.03055904085498,0
COc1cc(C)cc2c1C(=O)c1c(cc(O)c(O)c1O)C2=O,6.002884444444445,6.057807880591631,6.030346162518038,0
CC(C)=CCC/C(C)=C/C[C@@]12CCN(C)[C@@H]1Nc1c2ccc(Br)c1O,6.042475555555557,6.015913363095238,6.029194459325398,1
CCOC(=O)[C@H](OCC)[C@@H]1CNC(=O)c2cc(Br)c(Br)n21,6.041496666666664,6.015669893578643,6.028583280122653,0
CCOC(=O)[C@@H](OCC)[C@H]1CNC(=O)c2cc(Br)c(Br)n21,6.041496666666664,6.015669893578643,6.028583280122653,0
COc1cc2c(c(O)c1C=O)COCC2,6.033320000000001,6.022744688311691,6.028032344155846,0
CN(C)[C@H]1C[C@@]23CC[C@@]4(O2)C(=CC[C@]2(C)[C@@H](c5ccc6ccncc6c5)C(=O)C[C@H]24)C=C3[C@@H](O)[C@@H]1O,6.032005555555555,6.022566825396823,6.02728619047619,0
COc1cn2c(c(Cc3c4n(cc(OC)c3=O)-c3c(ccnc3CC(C)C)C4=O)c1=O)C(=O)c1ccnc(CC(C)C)c1-2,6.005683333333337,6.048537956349207,6.027110644841272,1
CC(C)=CC(=O)NC1=C(CC2=C(NC(=O)C=C(C)C)N3[C@@H](C)C[C@@H](O)[C@@]3(C)C2=O)C(=O)[C@]2(C)C[C@H](O)[C@H](C)N12,6.035599999999996,6.017735082671955,6.026667541335975,1
Cn1c(=N)ccn([C@H]2C[C@H](O)[C@@H](CO)O2)c1=O,6.004055555555556,6.046936706349203,6.025496130952379,0
COC(=O)c1c(Oc2c(O)cc(C)cc2C=O)ccc(C(CC(C)C)OC)c1OC,6.044676666666671,6.003593444444441,6.024135055555556,0
CN(C)[C@H]1C[C@@]23CC[C@@]4(O2)C(=CC[C@@]2(C)[C@H]4CC(=O)[C@]2(O)c2ccc4ccncc4c2)C=C3[C@@H](O)[C@@H]1O,6.024099999999998,6.022566825396823,6.023333412698411,1
CCCOP(=S)(N/N=C(C)/C(C)=N/O)OCCC,6.001451111111111,6.045051042568536,6.023251076839824,0
CCC(=O)N[C@H](C[C@H](C)C(Cl)(Cl)Cl)C(=O)N1C(=O)C=C(OC)[C@@H]1C[C@H](C)CCl,6.009418888888891,6.034076484487731,6.021747686688311,0
Cn1c(N)nc(Cc2ccc3c(c2)OCO3)c1Cc1ccc2c(c1)OCO2,6.0236822222222255,6.019121759018762,6.021401990620493,0
CCCCCCC[C@@H](C/C=C/CCC(=O)NC/C(=C/Cl)[C@]12O[C@H]1[C@H](O)CCC2=O)OC,6.024377777777779,6.018329563492058,6.021353670634919,0
CCCCCCC[C@@H](C/C=C/CCC(=O)NC/C(=C/Cl)[C@]12O[C@H]1[C@@H](O)CCC2=O)OC,6.024377777777779,6.018329563492058,6.021353670634919,0
C=C(C)[C@H](O)COc1ccc(CC(=O)O)cc1,6.010946666666665,6.031536249098126,6.021241457882395,0
COC[C@@H](CO)N(C)C(=O)CC/C=C/CCCC[C@H](Cl)CCCCCCCCCl,6.027346666666665,6.012904914321784,6.020125790494225,1
C/C=C/C=C/CCc1c(O)ccc(O)c1COC,6.007914444444439,6.029805928210672,6.018860186327556,0
CCCCCCC[C@@H](C/C=C/CCC(=O)NC/C(=C\Cl)[C@]12O[C@H]1C[C@@H](O)[C@@H](C)C2=O)OC,6.017355555555556,6.018329563492058,6.017842559523807,0
CCOC(=O)C[C@]1(O)C=C(Br)[C@](OC)(OCC)C(Br)=C1,6.003678888888889,6.0318797099567085,6.017779299422799,0
CCOC(=O)C[C@]1(O)C=C(Br)[C@@](OC)(OCC)C(Br)=C1,6.003678888888889,6.0318797099567085,6.017779299422799,0
C[C@H]1C=C[C@H]2C[C@H](O)CC[C@H]2[C@@H]1c1cc(NCCO)c(C=O)c(=O)o1,6.000918888888891,6.033209060846562,6.017063974867726,0
O=C(O)C[C@@H](NC(=O)c1c[nH]c2cc(Br)c(OC(=O)c3ccc(O)cc3)cc12)C(=O)O,6.020535555555553,6.009512906746036,6.015024231150795,0
COC[C@@H](CO)N(C)C(=O)CC/C=C/CCCCC(Cl)CCCCCCCl,6.016841111111109,6.012904914321784,6.014873012716446,1
CC(C)=CC(=O)NC1=C(CC2=C(NC(=O)C=C(C)C)N3[C@@H](C)[C@@H](O)C[C@@]3(C)C2=O)C(=O)[C@]2(C)C[C@H](O)[C@H](C)N12,6.013499999999997,6.016087166005288,6.014793583002643,1
CS[C@@]1(Cc2ccccc2)NC(=O)[C@@](Cc2ccccc2O)(SC)NC1=O,6.008346111111112,6.0209730250721485,6.014659568091631,0
COC(=O)CC(C(=O)OC)/C(=C/c1c(Br)c(O)c(O)c(Br)c1Br)C(=O)O,6.000862222222226,6.020291353896104,6.010576788059165,1
COC(=O)CC(C(=O)OC)/C(=C\c1c(Br)c(O)c(O)c(Br)c1Br)C(=O)O,6.000862222222226,6.020291353896104,6.010576788059165,1
CN1C(=N)N(C)[C@@]2(C1=O)c1[nH]c3ccccc3c1C[C@@]1(C(=O)N(C)C(=O)N1C)[C@@H]2c1c[nH]c2cc(Br)ccc12,6.003741666666668,6.010634940476193,6.00718830357143,1
CC(C)=CCC/C(C)=C/CC[C@]1(C)Oc2c(c(O)cc3c2CN(CC(=O)O)C3=O)C[C@@H]1O,6.003124444444447,6.005260793650791,6.004192619047619,0
COc1cccc2c(=O)c(C)c(CO)oc12,6.002497777777776,6.0058702132034645,6.004183995490621,0
COc1cc(C)c(Oc2cc(C)cc(O[C@@H]3O[C@H](CO)[C@@H](O)[C@H]3O)c2)c(O)c1,6.00381777777778,6.003088465367966,6.003453121572873,0
COc1c(C)c(O)cc2c1C(O)CC2=O,6.000524444444446,6.004994542568545,6.002759493506495,0
