"Molecule ChEMBL ID";"Molecule Name";"Molecule Max Phase";"Molecular Weight";"#RO5 Violations";"AlogP";"Compound Key";"Smiles";"Standard Type";"Standard Relation";"Standard Value";"Standard Units";"pChEMBL Value";"Data Validity Comment";"Comment";"Uo Units";"Ligand Efficiency BEI";"Ligand Efficiency LE";"Ligand Efficiency LLE";"Ligand Efficiency SEI";"Potential Duplicate";"Assay ChEMBL ID";"Assay Description";"Assay Type";"BAO Format ID";"BAO Label";"Assay Organism";"Assay Tissue ChEMBL ID";"Assay Tissue Name";"Assay Cell Type";"Assay Subcellular Fraction";"Assay Parameters";"Assay Variant Accession";"Assay Variant Mutation";"Target ChEMBL ID";"Target Name";"Target Organism";"Target Type";"Document ChEMBL ID";"Source ID";"Source Description";"Document Journal";"Document Year";"Cell ChEMBL ID";"Properties";"Action Type";"Standard Text Value";"Value"
"CHEMBL6034879";"";"None";"408.53";"0";"2.63";"BDBM316893";"O=C1CCc2cc(/C=C/C(=O)N3C[C@H]4CN(Cc5cccs5)C[C@H]4C3)cnc2N1";"IC50";"'='";"9130.0";"nM";"5.04";"";"619698";"UO_0000065";"12.34";"0.24";"2.41";"7.69";"0";"CHEMBL5732078";"Enzyme Inhibition Assay: FabI enzyme inhibition assays were carried out in half-area, 384-well microtitre plates. Compounds were evaluated in 40-μl assay mixtures containing 100 mM NaADA, pH 6.5 (ADA=N-[2-acetamido]-2iminodiacetic acid), 250 μM crotonoyl-CoA, 625 μM NADH and 50 μg/ml S. aureus ATCC 29213 FabI. Inhibitors were typically varied over the range of 50 to 0.39 μM. The reaction mixtures were incubated for 30 minutes at room temperature and the reaction was stopped by adding 200 mM Tris buffer (pH 9.0) to create a pH-shift. The consumption of NADH was monitored by measuring the change in absorbance at 340. By comparing sample readings to those of negative (absence of compound) and positive (absence of enzyme) controls, the percent inhibition of enzymatic activity of the compounds was determined. A best-fit curve is fitted by a minimum of squares method.";"B";"BAO_0000357";"single protein format";"Staphylococcus aureus";"None";"None";"None";"None";"";"";"";"CHEMBL3994";"Enoyl-[acyl-carrier-protein] reductase [NADPH] FabI";"Staphylococcus aureus";"SINGLE PROTEIN";"CHEMBL5726112";"37";"BindingDB Patent Bioactivity Data";"";"2017";"None";"";"";"";"9130.0"
"CHEMBL568359";"";"None";"492.62";"0";"3.76";"15e";"CCCOc1c(CN(C)C(=O)/C=C/c2cnc3c(c2)CC2(CCN(C)CC2)C(=O)N3)cccc1OC";"IC50";"'='";"26.0";"nM";"7.58";"";"";"UO_0000065";"15.40";"0.29";"3.83";"9.03";"0";"CHEMBL1039114";"Inhibition of Staphylococcus aureus FabI";"B";"BAO_0000357";"single protein format";"Staphylococcus aureus";"None";"None";"None";"None";"";"";"";"CHEMBL3994";"Enoyl-[acyl-carrier-protein] reductase [NADPH] FabI";"Staphylococcus aureus";"SINGLE PROTEIN";"CHEMBL1155988";"1";"Scientific Literature";"Bioorg Med Chem Lett";"2009";"None";"";"";"";"26.0"
"CHEMBL3322674";"";"None";"349.39";"0";"2.27";"AEA2";"O=C1CCc2cc(/C=C/C(=O)N3CC(Oc4ccccc4)C3)cnc2N1";"IC50";"";"";"";"";"";"Not Determined";"";"";"";"";"";"0";"CHEMBL3365684";"Inhibition of Staphylococcus aureus FabI-mediated reduction of enoyl-ACP preincubated for 30 mins measured after 2 hrs by spectrophotometry";"B";"BAO_0000357";"single protein format";"Staphylococcus aureus";"None";"None";"None";"None";"";"";"";"CHEMBL3994";"Enoyl-[acyl-carrier-protein] reductase [NADPH] FabI";"Staphylococcus aureus";"SINGLE PROTEIN";"CHEMBL3352330";"1";"Scientific Literature";"Eur J Med Chem";"2014";"None";"";"";"";""
"CHEMBL294363";"";"None";"316.43";"1";"5.33";"27";"c1ccc(-c2ccc(Cn3cnc(-c4ccsc4)c3)cc2)cc1";"IC50";"'='";"7660.0";"nM";"5.12";"";"";"UO_0000065";"16.17";"0.30";"-0.21";"28.71";"0";"CHEMBL677570";"Evaluated for inhibition of enoyl acyl carrier protein reductase (FabI) in Staphylococcus aureus.";"B";"BAO_0000357";"single protein format";"Staphylococcus aureus";"None";"None";"None";"None";"";"";"";"CHEMBL3994";"Enoyl-[acyl-carrier-protein] reductase [NADPH] FabI";"Staphylococcus aureus";"SINGLE PROTEIN";"CHEMBL1133895";"1";"Scientific Literature";"Bioorg Med Chem Lett";"2001";"None";"";"";"";"7.66"
"CHEMBL421119";"";"None";"397.48";"0";"4.18";"12";"Nc1ccc(Cn2c3c(c4ccccc42)CCN(C(=O)c2ccc(O)cc2)C3)cc1";"IC50";"'='";"670.0";"nM";"6.17";"";"";"UO_0000065";"15.53";"0.28";"1.99";"8.64";"0";"CHEMBL677574";"Antibacterial activity against Staphylococcus aureus FabI";"B";"BAO_0000357";"single protein format";"Staphylococcus aureus";"None";"None";"None";"None";"";"";"";"CHEMBL3994";"Enoyl-[acyl-carrier-protein] reductase [NADPH] FabI";"Staphylococcus aureus";"SINGLE PROTEIN";"CHEMBL1133924";"1";"Scientific Literature";"Bioorg Med Chem Lett";"2001";"None";"";"";"";"0.67"
"CHEMBL73953";"";"None";"412.49";"0";"4.61";"32";"Cc1cc(C(=O)N2CCc3c(n(Cc4ccc(O)cc4)c4ccccc34)C2)ccc1O";"IC50";"'='";"180.0";"nM";"6.75";"";"";"UO_0000065";"16.35";"0.30";"2.13";"10.27";"0";"CHEMBL677574";"Antibacterial activity against Staphylococcus aureus FabI";"B";"BAO_0000357";"single protein format";"Staphylococcus aureus";"None";"None";"None";"None";"";"";"";"CHEMBL3994";"Enoyl-[acyl-carrier-protein] reductase [NADPH] FabI";"Staphylococcus aureus";"SINGLE PROTEIN";"CHEMBL1133924";"1";"Scientific Literature";"Bioorg Med Chem Lett";"2001";"None";"";"";"";"0.18"
"CHEMBL3623425";"";"None";"431.92";"1";"6.23";"16j";"Cc1cc(Cl)ccc1Oc1cn(Cc2ccccc2)c(COc2ccccc2)cc1=O";"IC50";"'='";"650.0";"nM";"6.19";"";"";"UO_0000065";"14.32";"0.27";"-0.04";"15.29";"0";"CHEMBL3625533";"Inhibition of Staphylococcus aureus FabI assessed as reduction in inhibition of reduction of trans-2-octenoyl N-acetylcysteamine substrate by spectrophotometry";"B";"BAO_0000357";"single protein format";"Staphylococcus aureus";"None";"None";"None";"None";"";"";"";"CHEMBL3994";"Enoyl-[acyl-carrier-protein] reductase [NADPH] FabI";"Staphylococcus aureus";"SINGLE PROTEIN";"CHEMBL3621046";"1";"Scientific Literature";"Bioorg Med Chem Lett";"2015";"None";"";"";"";"0.65"
"CHEMBL3322705";"";"None";"257.29";"0";"1.21";"BDBM133657";"O=C1CCc2cc(/C=C/C(=O)N3CCC3)cnc2N1";"IC50";"'='";"11000.0";"nM";"4.96";"";"305316";"UO_0000065";"19.27";"0.36";"3.75";"7.96";"1";"CHEMBL3705387";"Fluorescence Based Assay: The assay buffer 'AB' contained 50 mM ADA (N-(2-acetamido)iminodiacetic acid monosodium salt) pH 6.5, 1 mM dithiothreitol, 0.006% Triton-X100 and 50 mM NaCl. The following components are added in a white polystyrene Costar plate (Ref 3912) up to a final volume of 55.5 uL: 1.5 uL DMSO or inhibitor dissolved in DMSO and 54 uL of a FabI/NADPH/NADP+ mixture in AB. After 60 min of pre-incubation at room temperature, the reaction is started by addition of 5 uL of trans-2-octenoyl N-acetylcysteamine thioester (t-o-NAC) to a final volume of 60.5 uL. This reaction mixture is then composed of 2 nM FabI, 40 uM NADPH (Sigma, N7505), 10 uM NADP+(Sigma, N5755), 100 uM t-O-NAC and compound at defined concentration. Fluorescence intensity of NADPH (lamda=ex=360 nm, lamda=em=520 nm) is measured immediately after t-O-NAC addition (T0), and approximately 50 min later (T50) by a Fluostar Optima (BMG) so as to achieve ~30% of NADPH conversion.";"B";"BAO_0000357";"single protein format";"Staphylococcus aureus";"None";"None";"None";"None";"";"";"";"CHEMBL3994";"Enoyl-[acyl-carrier-protein] reductase [NADPH] FabI";"Staphylococcus aureus";"SINGLE PROTEIN";"CHEMBL3638908";"37";"BindingDB Patent Bioactivity Data";"";"2015";"None";"";"";"";"11000.0"
"CHEMBL3676414";"";"None";"391.49";"0";"1.80";"BDBM133678";"CCCCCS(=O)(=O)C1CN(C(=O)/C=C/c2cnc3c(c2)CCC(=O)N3)C1";"IC50";"'='";"8600.0";"nM";"5.07";"";"305337";"UO_0000065";"12.94";"0.26";"3.27";"5.25";"1";"CHEMBL3705387";"Fluorescence Based Assay: The assay buffer 'AB' contained 50 mM ADA (N-(2-acetamido)iminodiacetic acid monosodium salt) pH 6.5, 1 mM dithiothreitol, 0.006% Triton-X100 and 50 mM NaCl. The following components are added in a white polystyrene Costar plate (Ref 3912) up to a final volume of 55.5 uL: 1.5 uL DMSO or inhibitor dissolved in DMSO and 54 uL of a FabI/NADPH/NADP+ mixture in AB. After 60 min of pre-incubation at room temperature, the reaction is started by addition of 5 uL of trans-2-octenoyl N-acetylcysteamine thioester (t-o-NAC) to a final volume of 60.5 uL. This reaction mixture is then composed of 2 nM FabI, 40 uM NADPH (Sigma, N7505), 10 uM NADP+(Sigma, N5755), 100 uM t-O-NAC and compound at defined concentration. Fluorescence intensity of NADPH (lamda=ex=360 nm, lamda=em=520 nm) is measured immediately after t-O-NAC addition (T0), and approximately 50 min later (T50) by a Fluostar Optima (BMG) so as to achieve ~30% of NADPH conversion.";"B";"BAO_0000357";"single protein format";"Staphylococcus aureus";"None";"None";"None";"None";"";"";"";"CHEMBL3994";"Enoyl-[acyl-carrier-protein] reductase [NADPH] FabI";"Staphylococcus aureus";"SINGLE PROTEIN";"CHEMBL3638908";"37";"BindingDB Patent Bioactivity Data";"";"2015";"None";"";"";"";"8600.0"
"CHEMBL3322721";"";"None";"398.47";"0";"3.46";"AEA19";"Cc1cc(C2CN(C(=O)/C=C/c3cnc4c(c3)CCC(=O)N4)C2)nc2ccccc12";"IC50";"'='";"242.0";"nM";"6.62";"";"";"UO_0000065";"16.60";"0.30";"3.16";"8.80";"0";"CHEMBL3365684";"Inhibition of Staphylococcus aureus FabI-mediated reduction of enoyl-ACP preincubated for 30 mins measured after 2 hrs by spectrophotometry";"B";"BAO_0000357";"single protein format";"Staphylococcus aureus";"None";"None";"None";"None";"";"";"";"CHEMBL3994";"Enoyl-[acyl-carrier-protein] reductase [NADPH] FabI";"Staphylococcus aureus";"SINGLE PROTEIN";"CHEMBL3352330";"1";"Scientific Literature";"Eur J Med Chem";"2014";"None";"";"";"";"0.242"
"CHEMBL5906463";"";"None";"416.48";"0";"2.95";"BDBM316941";"COc1ccncc1C1=CC2CN(C(=O)/C=C/c3cnc4c(c3)CCC(=O)N4)CC2C1";"IC50";"'='";"1290.0";"nM";"5.89";"";"619746";"UO_0000065";"14.14";"0.26";"2.94";"6.98";"0";"CHEMBL5732078";"Enzyme Inhibition Assay: FabI enzyme inhibition assays were carried out in half-area, 384-well microtitre plates. Compounds were evaluated in 40-μl assay mixtures containing 100 mM NaADA, pH 6.5 (ADA=N-[2-acetamido]-2iminodiacetic acid), 250 μM crotonoyl-CoA, 625 μM NADH and 50 μg/ml S. aureus ATCC 29213 FabI. Inhibitors were typically varied over the range of 50 to 0.39 μM. The reaction mixtures were incubated for 30 minutes at room temperature and the reaction was stopped by adding 200 mM Tris buffer (pH 9.0) to create a pH-shift. The consumption of NADH was monitored by measuring the change in absorbance at 340. By comparing sample readings to those of negative (absence of compound) and positive (absence of enzyme) controls, the percent inhibition of enzymatic activity of the compounds was determined. A best-fit curve is fitted by a minimum of squares method.";"B";"BAO_0000357";"single protein format";"Staphylococcus aureus";"None";"None";"None";"None";"";"";"";"CHEMBL3994";"Enoyl-[acyl-carrier-protein] reductase [NADPH] FabI";"Staphylococcus aureus";"SINGLE PROTEIN";"CHEMBL5726112";"37";"BindingDB Patent Bioactivity Data";"";"2017";"None";"";"";"";"1290.0"
"CHEMBL5897443";"";"None";"452.54";"0";"1.76";"BDBM316917";"O=C1CCc2cc(/C=C/C(=O)N3C[C@@H]4CN(S(=O)(=O)c5ccccc5)C[C@@H]4C3)cnc2N1";"IC50";"'='";"6760.0";"nM";"5.17";"";"619722";"UO_0000065";"11.42";"0.22";"3.41";"5.19";"0";"CHEMBL5732078";"Enzyme Inhibition Assay: FabI enzyme inhibition assays were carried out in half-area, 384-well microtitre plates. Compounds were evaluated in 40-μl assay mixtures containing 100 mM NaADA, pH 6.5 (ADA=N-[2-acetamido]-2iminodiacetic acid), 250 μM crotonoyl-CoA, 625 μM NADH and 50 μg/ml S. aureus ATCC 29213 FabI. Inhibitors were typically varied over the range of 50 to 0.39 μM. The reaction mixtures were incubated for 30 minutes at room temperature and the reaction was stopped by adding 200 mM Tris buffer (pH 9.0) to create a pH-shift. The consumption of NADH was monitored by measuring the change in absorbance at 340. By comparing sample readings to those of negative (absence of compound) and positive (absence of enzyme) controls, the percent inhibition of enzymatic activity of the compounds was determined. A best-fit curve is fitted by a minimum of squares method.";"B";"BAO_0000357";"single protein format";"Staphylococcus aureus";"None";"None";"None";"None";"";"";"";"CHEMBL3994";"Enoyl-[acyl-carrier-protein] reductase [NADPH] FabI";"Staphylococcus aureus";"SINGLE PROTEIN";"CHEMBL5726112";"37";"BindingDB Patent Bioactivity Data";"";"2017";"None";"";"";"";"6760.0"
"CHEMBL5830797";"";"None";"347.37";"0";"2.48";"BDBM316918";"O=C1CCc2cc(/C=C/C(=O)N3CC4CC(F)(F)CC4C3)cnc2N1";"IC50";"'='";"4800.0";"nM";"5.32";"";"619723";"UO_0000065";"15.31";"0.29";"2.84";"8.54";"0";"CHEMBL5732078";"Enzyme Inhibition Assay: FabI enzyme inhibition assays were carried out in half-area, 384-well microtitre plates. Compounds were evaluated in 40-μl assay mixtures containing 100 mM NaADA, pH 6.5 (ADA=N-[2-acetamido]-2iminodiacetic acid), 250 μM crotonoyl-CoA, 625 μM NADH and 50 μg/ml S. aureus ATCC 29213 FabI. Inhibitors were typically varied over the range of 50 to 0.39 μM. The reaction mixtures were incubated for 30 minutes at room temperature and the reaction was stopped by adding 200 mM Tris buffer (pH 9.0) to create a pH-shift. The consumption of NADH was monitored by measuring the change in absorbance at 340. By comparing sample readings to those of negative (absence of compound) and positive (absence of enzyme) controls, the percent inhibition of enzymatic activity of the compounds was determined. A best-fit curve is fitted by a minimum of squares method.";"B";"BAO_0000357";"single protein format";"Staphylococcus aureus";"None";"None";"None";"None";"";"";"";"CHEMBL3994";"Enoyl-[acyl-carrier-protein] reductase [NADPH] FabI";"Staphylococcus aureus";"SINGLE PROTEIN";"CHEMBL5726112";"37";"BindingDB Patent Bioactivity Data";"";"2017";"None";"";"";"";"4800.0"
"CHEMBL5938292";"";"None";"352.39";"0";"0.87";"BDBM316932";"NC(=O)C1=CC2CN(C(=O)/C=C/c3cnc4c(c3)CCC(=O)N4)CC2C1";"IC50";"'='";"8310.0";"nM";"5.08";"";"619737";"UO_0000065";"14.42";"0.27";"4.21";"4.82";"0";"CHEMBL5732078";"Enzyme Inhibition Assay: FabI enzyme inhibition assays were carried out in half-area, 384-well microtitre plates. Compounds were evaluated in 40-μl assay mixtures containing 100 mM NaADA, pH 6.5 (ADA=N-[2-acetamido]-2iminodiacetic acid), 250 μM crotonoyl-CoA, 625 μM NADH and 50 μg/ml S. aureus ATCC 29213 FabI. Inhibitors were typically varied over the range of 50 to 0.39 μM. The reaction mixtures were incubated for 30 minutes at room temperature and the reaction was stopped by adding 200 mM Tris buffer (pH 9.0) to create a pH-shift. The consumption of NADH was monitored by measuring the change in absorbance at 340. By comparing sample readings to those of negative (absence of compound) and positive (absence of enzyme) controls, the percent inhibition of enzymatic activity of the compounds was determined. A best-fit curve is fitted by a minimum of squares method.";"B";"BAO_0000357";"single protein format";"Staphylococcus aureus";"None";"None";"None";"None";"";"";"";"CHEMBL3994";"Enoyl-[acyl-carrier-protein] reductase [NADPH] FabI";"Staphylococcus aureus";"SINGLE PROTEIN";"CHEMBL5726112";"37";"BindingDB Patent Bioactivity Data";"";"2017";"None";"";"";"";"8310.0"
"CHEMBL3621753";"";"None";"266.68";"0";"3.23";"3";"COCc1cc(=O)c(Oc2ccc(Cl)cc2)co1";"IC50";"'='";"5200.0";"nM";"5.28";"";"";"UO_0000065";"19.81";"0.40";"2.05";"10.86";"0";"CHEMBL3625533";"Inhibition of Staphylococcus aureus FabI assessed as reduction in inhibition of reduction of trans-2-octenoyl N-acetylcysteamine substrate by spectrophotometry";"B";"BAO_0000357";"single protein format";"Staphylococcus aureus";"None";"None";"None";"None";"";"";"";"CHEMBL3994";"Enoyl-[acyl-carrier-protein] reductase [NADPH] FabI";"Staphylococcus aureus";"SINGLE PROTEIN";"CHEMBL3621046";"1";"Scientific Literature";"Bioorg Med Chem Lett";"2015";"None";"";"";"";"5.2"
"CHEMBL3621748";"";"None";"376.24";"1";"5.06";"16t";"Cn1cc(Oc2c(Cl)cccc2Cl)c(=O)cc1COc1ccccc1";"IC50";"'='";"720.0";"nM";"6.14";"";"";"UO_0000065";"16.33";"0.34";"1.08";"15.18";"0";"CHEMBL3625533";"Inhibition of Staphylococcus aureus FabI assessed as reduction in inhibition of reduction of trans-2-octenoyl N-acetylcysteamine substrate by spectrophotometry";"B";"BAO_0000357";"single protein format";"Staphylococcus aureus";"None";"None";"None";"None";"";"";"";"CHEMBL3994";"Enoyl-[acyl-carrier-protein] reductase [NADPH] FabI";"Staphylococcus aureus";"SINGLE PROTEIN";"CHEMBL3621046";"1";"Scientific Literature";"Bioorg Med Chem Lett";"2015";"None";"";"";"";"0.72"
"CHEMBL3623429";"";"None";"377.48";"1";"5.64";"16n";"CCCCn1cc(Oc2ccc(C)cc2C)c(=O)cc1COc1ccccc1";"IC50";"'='";"1000.0";"nM";"6.00";"";"";"UO_0000065";"15.89";"0.29";"0.36";"14.83";"0";"CHEMBL3625533";"Inhibition of Staphylococcus aureus FabI assessed as reduction in inhibition of reduction of trans-2-octenoyl N-acetylcysteamine substrate by spectrophotometry";"B";"BAO_0000357";"single protein format";"Staphylococcus aureus";"None";"None";"None";"None";"";"";"";"CHEMBL3994";"Enoyl-[acyl-carrier-protein] reductase [NADPH] FabI";"Staphylococcus aureus";"SINGLE PROTEIN";"CHEMBL3621046";"1";"Scientific Literature";"Bioorg Med Chem Lett";"2015";"None";"";"";"";"1.0"
"CHEMBL3623414";"";"None";"349.17";"1";"5.50";"15t";"O=c1cc(/C=C/c2ccoc2)occ1Oc1c(Cl)cccc1Cl";"IC50";"'='";"4120.0";"nM";"5.38";"";"";"UO_0000065";"15.42";"0.32";"-0.11";"10.24";"0";"CHEMBL3625533";"Inhibition of Staphylococcus aureus FabI assessed as reduction in inhibition of reduction of trans-2-octenoyl N-acetylcysteamine substrate by spectrophotometry";"B";"BAO_0000357";"single protein format";"Staphylococcus aureus";"None";"None";"None";"None";"";"";"";"CHEMBL3994";"Enoyl-[acyl-carrier-protein] reductase [NADPH] FabI";"Staphylococcus aureus";"SINGLE PROTEIN";"CHEMBL3621046";"1";"Scientific Literature";"Bioorg Med Chem Lett";"2015";"None";"";"";"";"4.12"
"CHEMBL3623412";"";"None";"360.20";"1";"5.30";"15r";"O=c1cc(/C=C/c2cccnc2)occ1Oc1cccc(Cl)c1Cl";"IC50";"'='";"3440.0";"nM";"5.46";"";"";"UO_0000065";"15.17";"0.31";"0.16";"10.44";"0";"CHEMBL3625533";"Inhibition of Staphylococcus aureus FabI assessed as reduction in inhibition of reduction of trans-2-octenoyl N-acetylcysteamine substrate by spectrophotometry";"B";"BAO_0000357";"single protein format";"Staphylococcus aureus";"None";"None";"None";"None";"";"";"";"CHEMBL3994";"Enoyl-[acyl-carrier-protein] reductase [NADPH] FabI";"Staphylococcus aureus";"SINGLE PROTEIN";"CHEMBL3621046";"1";"Scientific Literature";"Bioorg Med Chem Lett";"2015";"None";"";"";"";"3.44"
"CHEMBL3623410";"";"None";"359.21";"1";"5.91";"15p";"O=c1cc(/C=C/c2ccccc2)occ1Oc1cccc(Cl)c1Cl";"IC50";"'='";"6730.0";"nM";"5.17";"";"";"UO_0000065";"14.40";"0.29";"-0.74";"13.11";"0";"CHEMBL3625533";"Inhibition of Staphylococcus aureus FabI assessed as reduction in inhibition of reduction of trans-2-octenoyl N-acetylcysteamine substrate by spectrophotometry";"B";"BAO_0000357";"single protein format";"Staphylococcus aureus";"None";"None";"None";"None";"";"";"";"CHEMBL3994";"Enoyl-[acyl-carrier-protein] reductase [NADPH] FabI";"Staphylococcus aureus";"SINGLE PROTEIN";"CHEMBL3621046";"1";"Scientific Literature";"Bioorg Med Chem Lett";"2015";"None";"";"";"";"6.73"
"CHEMBL3623403";"";"None";"304.77";"1";"5.21";"15h";"CCC/C=C/c1cc(=O)c(Oc2ccc(Cl)cc2C)co1";"IC50";"'='";"6440.0";"nM";"5.19";"";"";"UO_0000065";"17.03";"0.34";"-0.02";"13.16";"0";"CHEMBL3625533";"Inhibition of Staphylococcus aureus FabI assessed as reduction in inhibition of reduction of trans-2-octenoyl N-acetylcysteamine substrate by spectrophotometry";"B";"BAO_0000357";"single protein format";"Staphylococcus aureus";"None";"None";"None";"None";"";"";"";"CHEMBL3994";"Enoyl-[acyl-carrier-protein] reductase [NADPH] FabI";"Staphylococcus aureus";"SINGLE PROTEIN";"CHEMBL3621046";"1";"Scientific Literature";"Bioorg Med Chem Lett";"2015";"None";"";"";"";"6.44"
"CHEMBL431763";"";"None";"254.36";"0";"3.97";"26";"Cc1ccccc1Cn1cnc(-c2ccsc2)c1";"IC50";"'='";"36500.0";"nM";"4.44";"";"";"UO_0000065";"17.45";"0.34";"0.47";"24.90";"0";"CHEMBL677570";"Evaluated for inhibition of enoyl acyl carrier protein reductase (FabI) in Staphylococcus aureus.";"B";"BAO_0000357";"single protein format";"Staphylococcus aureus";"None";"None";"None";"None";"";"";"";"CHEMBL3994";"Enoyl-[acyl-carrier-protein] reductase [NADPH] FabI";"Staphylococcus aureus";"SINGLE PROTEIN";"CHEMBL1133895";"1";"Scientific Literature";"Bioorg Med Chem Lett";"2001";"None";"";"";"";"36.5"
"CHEMBL320570";"";"None";"294.36";"0";"2.43";"12";"CN(Cc1cc2ccccc2n1C)C(=O)c1ccc(N)nc1";"IC50";"'>'";"100000.0";"nM";"";"";"";"UO_0000065";"";"";"";"";"0";"CHEMBL819485";"Concentration required for the 50% inhibition of enoyl-ACP reductase from Staphylococcus aureus was determined.";"B";"BAO_0000357";"single protein format";"None";"None";"None";"None";"None";"";"";"";"CHEMBL3994";"Enoyl-[acyl-carrier-protein] reductase [NADPH] FabI";"Staphylococcus aureus";"SINGLE PROTEIN";"CHEMBL1135515";"1";"Scientific Literature";"J Med Chem";"2002";"None";"";"";"";"100.0"
"CHEMBL62542";"";"None";"255.35";"0";"3.24";"20";"Nc1ccc(Cn2cnc(-c3ccsc3)c2)cc1";"IC50";"'='";"2030.0";"nM";"5.69";"";"";"UO_0000065";"22.29";"0.43";"2.45";"12.98";"0";"CHEMBL677570";"Evaluated for inhibition of enoyl acyl carrier protein reductase (FabI) in Staphylococcus aureus.";"B";"BAO_0000357";"single protein format";"Staphylococcus aureus";"None";"None";"None";"None";"";"";"";"CHEMBL3994";"Enoyl-[acyl-carrier-protein] reductase [NADPH] FabI";"Staphylococcus aureus";"SINGLE PROTEIN";"CHEMBL1133895";"1";"Scientific Literature";"Bioorg Med Chem Lett";"2001";"None";"";"";"";"2.03"
"CHEMBL3676402";"";"None";"309.38";"0";"3.85";"BDBM133665";"CC(C)(C)OC(=O)N1CCCC(COc2ccc(F)cc2)C1";"IC50";"'='";"1300.0";"nM";"5.89";"";"266523";"UO_0000065";"19.03";"0.37";"2.04";"15.18";"0";"CHEMBL3705478";"Fluorescence Based Assay: Compound inhibitory activity of FabI enzyme is measured in vitro by the IC5 so determination using a fluorescence based assay.The protein FabI from S. aureus is prepared and purified using standard methods for recombinant protein expression after cloning of the gene in a prokaryotic expression vector.The biochemical activity of the FabI enzyme is assessed using the following method.The assay buffer AB contained 50 mM ADA (N-(2-acetamido)iminodiacetic acid monosodium salt) pH 6.5, 1 mM dithiothreitol, 0.006% Triton-X100 and 50 mM NaCl.The following components are added in a white polystyrene Costar plate (Ref 3912) up to a final volume of 55.5 uL: 1.5 uL DMSO or inhibitor dissolved in DMSO and 54 uL of a FabI/NADPH/NADP+ mixture in AB. After 60 min of pre-incubation at room temperature, the reaction is started by addition of 5 uL of trans-2-octenoyl N-acetylcysteamine thioester (t-o-NAC) to a final volume of 60.5 uL.";"B";"BAO_0000019";"assay format";"Staphylococcus aureus";"None";"None";"None";"None";"";"";"";"CHEMBL3994";"Enoyl-[acyl-carrier-protein] reductase [NADPH] FabI";"Staphylococcus aureus";"SINGLE PROTEIN";"CHEMBL3638382";"37";"BindingDB Patent Bioactivity Data";"";"2014";"None";"";"";"";"1300.0"
"CHEMBL3322675";"";"None";"363.42";"0";"2.41";"BDBM133673";"O=C1CCc2cc(/C=C/C(=O)N3CC(OCc4ccccc4)C3)cnc2N1";"IC50";"'='";"50.0";"nM";"7.30";"";"266531";"UO_0000065";"20.09";"0.37";"4.89";"10.21";"0";"CHEMBL3705478";"Fluorescence Based Assay: Compound inhibitory activity of FabI enzyme is measured in vitro by the IC5 so determination using a fluorescence based assay.The protein FabI from S. aureus is prepared and purified using standard methods for recombinant protein expression after cloning of the gene in a prokaryotic expression vector.The biochemical activity of the FabI enzyme is assessed using the following method.The assay buffer AB contained 50 mM ADA (N-(2-acetamido)iminodiacetic acid monosodium salt) pH 6.5, 1 mM dithiothreitol, 0.006% Triton-X100 and 50 mM NaCl.The following components are added in a white polystyrene Costar plate (Ref 3912) up to a final volume of 55.5 uL: 1.5 uL DMSO or inhibitor dissolved in DMSO and 54 uL of a FabI/NADPH/NADP+ mixture in AB. After 60 min of pre-incubation at room temperature, the reaction is started by addition of 5 uL of trans-2-octenoyl N-acetylcysteamine thioester (t-o-NAC) to a final volume of 60.5 uL.";"B";"BAO_0000019";"assay format";"Staphylococcus aureus";"None";"None";"None";"None";"";"";"";"CHEMBL3994";"Enoyl-[acyl-carrier-protein] reductase [NADPH] FabI";"Staphylococcus aureus";"SINGLE PROTEIN";"CHEMBL3638382";"37";"BindingDB Patent Bioactivity Data";"";"2014";"None";"";"";"";"50.0"
"CHEMBL5943086";"";"None";"377.45";"0";"2.29";"BDBM316913";"O=C1CCc2cc(/C=C/C(=O)N3CC4CC(n5cccn5)CC4C3)cnc2N1";"IC50";"'='";"2750.0";"nM";"5.56";"";"619718";"UO_0000065";"14.73";"0.27";"3.27";"6.94";"0";"CHEMBL5732078";"Enzyme Inhibition Assay: FabI enzyme inhibition assays were carried out in half-area, 384-well microtitre plates. Compounds were evaluated in 40-μl assay mixtures containing 100 mM NaADA, pH 6.5 (ADA=N-[2-acetamido]-2iminodiacetic acid), 250 μM crotonoyl-CoA, 625 μM NADH and 50 μg/ml S. aureus ATCC 29213 FabI. Inhibitors were typically varied over the range of 50 to 0.39 μM. The reaction mixtures were incubated for 30 minutes at room temperature and the reaction was stopped by adding 200 mM Tris buffer (pH 9.0) to create a pH-shift. The consumption of NADH was monitored by measuring the change in absorbance at 340. By comparing sample readings to those of negative (absence of compound) and positive (absence of enzyme) controls, the percent inhibition of enzymatic activity of the compounds was determined. A best-fit curve is fitted by a minimum of squares method.";"B";"BAO_0000357";"single protein format";"Staphylococcus aureus";"None";"None";"None";"None";"";"";"";"CHEMBL3994";"Enoyl-[acyl-carrier-protein] reductase [NADPH] FabI";"Staphylococcus aureus";"SINGLE PROTEIN";"CHEMBL5726112";"37";"BindingDB Patent Bioactivity Data";"";"2017";"None";"";"";"";"2750.0"
"CHEMBL1682259";"PHELLINSTATIN";"None";"734.62";"4";"5.46";"1";"O=c1cc(O)cc([C@H]2c3c(cc(/C=C/c4cc(O)c(O)cc4-c4c(O)cc(/C=C/c5ccc(O)c(O)c5)oc4=O)oc3=O)O[C@@H]2c2ccc(O)c(O)c2)o1";"IC50";"'='";"6000.0";"nM";"5.22";"";"";"UO_0000065";"7.11";"0.13";"-0.24";"2.00";"0";"CHEMBL1686899";"Inhibition of Staphylococcus aureus enoyl-ACP reductase assessed as increase of NADPH level";"B";"BAO_0000357";"single protein format";"Staphylococcus aureus";"None";"None";"None";"None";"";"";"";"CHEMBL3994";"Enoyl-[acyl-carrier-protein] reductase [NADPH] FabI";"Staphylococcus aureus";"SINGLE PROTEIN";"CHEMBL1681723";"1";"Scientific Literature";"Bioorg Med Chem Lett";"2011";"None";"";"";"";"6.0"
"CHEMBL44416";"";"None";"334.42";"0";"3.14";"5";"Cc1cc(/C=C/C(=O)N(C)Cc2cc3ccccc3n2C)cnc1N";"IC50";"'='";"910.0";"nM";"6.04";"";"";"UO_0000065";"18.06";"0.33";"2.90";"9.42";"0";"CHEMBL677578";"Inhibitory activity against Enoyl-ACP reductase FabI in Staphylococcus aureus";"B";"BAO_0000357";"single protein format";"Staphylococcus aureus";"None";"None";"None";"None";"";"";"";"CHEMBL3994";"Enoyl-[acyl-carrier-protein] reductase [NADPH] FabI";"Staphylococcus aureus";"SINGLE PROTEIN";"CHEMBL1136775";"1";"Scientific Literature";"J Med Chem";"2003";"None";"";"";"";"0.91"
"CHEMBL5899142";"";"None";"405.52";"0";"3.91";"BDBM316940";"Cc1cscc1C1=CC2CN(C(=O)/C=C/c3cnc4c(c3)CCC(=O)N4)CC2C1";"IC50";"'='";"1450.0";"nM";"5.84";"";"619745";"UO_0000065";"14.40";"0.27";"1.93";"9.37";"0";"CHEMBL5732078";"Enzyme Inhibition Assay: FabI enzyme inhibition assays were carried out in half-area, 384-well microtitre plates. Compounds were evaluated in 40-μl assay mixtures containing 100 mM NaADA, pH 6.5 (ADA=N-[2-acetamido]-2iminodiacetic acid), 250 μM crotonoyl-CoA, 625 μM NADH and 50 μg/ml S. aureus ATCC 29213 FabI. Inhibitors were typically varied over the range of 50 to 0.39 μM. The reaction mixtures were incubated for 30 minutes at room temperature and the reaction was stopped by adding 200 mM Tris buffer (pH 9.0) to create a pH-shift. The consumption of NADH was monitored by measuring the change in absorbance at 340. By comparing sample readings to those of negative (absence of compound) and positive (absence of enzyme) controls, the percent inhibition of enzymatic activity of the compounds was determined. A best-fit curve is fitted by a minimum of squares method.";"B";"BAO_0000357";"single protein format";"Staphylococcus aureus";"None";"None";"None";"None";"";"";"";"CHEMBL3994";"Enoyl-[acyl-carrier-protein] reductase [NADPH] FabI";"Staphylococcus aureus";"SINGLE PROTEIN";"CHEMBL5726112";"37";"BindingDB Patent Bioactivity Data";"";"2017";"None";"";"";"";"1450.0"
"CHEMBL6035574";"";"None";"380.45";"0";"1.47";"BDBM316944";"CN(C)C(=O)C1=CC2CN(C(=O)/C=C/c3cnc4c(c3)CCC(=O)N4)CC2C1";"IC50";"'='";"4250.0";"nM";"5.37";"";"619749";"UO_0000065";"14.12";"0.26";"3.90";"6.50";"0";"CHEMBL5732078";"Enzyme Inhibition Assay: FabI enzyme inhibition assays were carried out in half-area, 384-well microtitre plates. Compounds were evaluated in 40-μl assay mixtures containing 100 mM NaADA, pH 6.5 (ADA=N-[2-acetamido]-2iminodiacetic acid), 250 μM crotonoyl-CoA, 625 μM NADH and 50 μg/ml S. aureus ATCC 29213 FabI. Inhibitors were typically varied over the range of 50 to 0.39 μM. The reaction mixtures were incubated for 30 minutes at room temperature and the reaction was stopped by adding 200 mM Tris buffer (pH 9.0) to create a pH-shift. The consumption of NADH was monitored by measuring the change in absorbance at 340. By comparing sample readings to those of negative (absence of compound) and positive (absence of enzyme) controls, the percent inhibition of enzymatic activity of the compounds was determined. A best-fit curve is fitted by a minimum of squares method.";"B";"BAO_0000357";"single protein format";"Staphylococcus aureus";"None";"None";"None";"None";"";"";"";"CHEMBL3994";"Enoyl-[acyl-carrier-protein] reductase [NADPH] FabI";"Staphylococcus aureus";"SINGLE PROTEIN";"CHEMBL5726112";"37";"BindingDB Patent Bioactivity Data";"";"2017";"None";"";"";"";"4250.0"
"CHEMBL5805357";"";"None";"383.45";"0";"2.88";"BDBM316949";"O=C1CCc2cc(C#CC(=O)N3CC4C=C(c5ccccc5)CC4C3)cnc2N1";"IC50";"'='";"2080.0";"nM";"5.68";"";"619754";"UO_0000065";"14.82";"0.27";"2.80";"9.12";"0";"CHEMBL5732078";"Enzyme Inhibition Assay: FabI enzyme inhibition assays were carried out in half-area, 384-well microtitre plates. Compounds were evaluated in 40-μl assay mixtures containing 100 mM NaADA, pH 6.5 (ADA=N-[2-acetamido]-2iminodiacetic acid), 250 μM crotonoyl-CoA, 625 μM NADH and 50 μg/ml S. aureus ATCC 29213 FabI. Inhibitors were typically varied over the range of 50 to 0.39 μM. The reaction mixtures were incubated for 30 minutes at room temperature and the reaction was stopped by adding 200 mM Tris buffer (pH 9.0) to create a pH-shift. The consumption of NADH was monitored by measuring the change in absorbance at 340. By comparing sample readings to those of negative (absence of compound) and positive (absence of enzyme) controls, the percent inhibition of enzymatic activity of the compounds was determined. A best-fit curve is fitted by a minimum of squares method.";"B";"BAO_0000357";"single protein format";"Staphylococcus aureus";"None";"None";"None";"None";"";"";"";"CHEMBL3994";"Enoyl-[acyl-carrier-protein] reductase [NADPH] FabI";"Staphylococcus aureus";"SINGLE PROTEIN";"CHEMBL5726112";"37";"BindingDB Patent Bioactivity Data";"";"2017";"None";"";"";"";"2080.0"
"CHEMBL5840307";"";"None";"None";"None";"None";"BDBM316900";"";"IC50";"'='";"1030.0";"nM";"5.99";"";"619705";"UO_0000065";"";"";"";"";"0";"CHEMBL5732078";"Enzyme Inhibition Assay: FabI enzyme inhibition assays were carried out in half-area, 384-well microtitre plates. Compounds were evaluated in 40-μl assay mixtures containing 100 mM NaADA, pH 6.5 (ADA=N-[2-acetamido]-2iminodiacetic acid), 250 μM crotonoyl-CoA, 625 μM NADH and 50 μg/ml S. aureus ATCC 29213 FabI. Inhibitors were typically varied over the range of 50 to 0.39 μM. The reaction mixtures were incubated for 30 minutes at room temperature and the reaction was stopped by adding 200 mM Tris buffer (pH 9.0) to create a pH-shift. The consumption of NADH was monitored by measuring the change in absorbance at 340. By comparing sample readings to those of negative (absence of compound) and positive (absence of enzyme) controls, the percent inhibition of enzymatic activity of the compounds was determined. A best-fit curve is fitted by a minimum of squares method.";"B";"BAO_0000357";"single protein format";"Staphylococcus aureus";"None";"None";"None";"None";"";"";"";"CHEMBL3994";"Enoyl-[acyl-carrier-protein] reductase [NADPH] FabI";"Staphylococcus aureus";"SINGLE PROTEIN";"CHEMBL5726112";"37";"BindingDB Patent Bioactivity Data";"";"2017";"None";"";"";"";"1030.0"
"CHEMBL5801710";"";"None";"422.92";"0";"3.23";"BDBM316903";"O=C1CCc2cc(/C=C/C(=O)N3C[C@@H]4CN(c5ccccc5Cl)C[C@@H]4C3)cnc2N1";"IC50";"'='";"1040.0";"nM";"5.98";"";"619708";"UO_0000065";"14.15";"0.27";"2.75";"9.13";"0";"CHEMBL5732078";"Enzyme Inhibition Assay: FabI enzyme inhibition assays were carried out in half-area, 384-well microtitre plates. Compounds were evaluated in 40-μl assay mixtures containing 100 mM NaADA, pH 6.5 (ADA=N-[2-acetamido]-2iminodiacetic acid), 250 μM crotonoyl-CoA, 625 μM NADH and 50 μg/ml S. aureus ATCC 29213 FabI. Inhibitors were typically varied over the range of 50 to 0.39 μM. The reaction mixtures were incubated for 30 minutes at room temperature and the reaction was stopped by adding 200 mM Tris buffer (pH 9.0) to create a pH-shift. The consumption of NADH was monitored by measuring the change in absorbance at 340. By comparing sample readings to those of negative (absence of compound) and positive (absence of enzyme) controls, the percent inhibition of enzymatic activity of the compounds was determined. A best-fit curve is fitted by a minimum of squares method.";"B";"BAO_0000357";"single protein format";"Staphylococcus aureus";"None";"None";"None";"None";"";"";"";"CHEMBL3994";"Enoyl-[acyl-carrier-protein] reductase [NADPH] FabI";"Staphylococcus aureus";"SINGLE PROTEIN";"CHEMBL5726112";"37";"BindingDB Patent Bioactivity Data";"";"2017";"None";"";"";"";"1040.0"
"CHEMBL5840988";"";"None";"391.50";"0";"3.60";"BDBM316928";"O=C1CCc2cc(/C=C/C(=O)N3C[C@H]4CC(c5ccsc5)=C[C@H]4C3)cnc2N1";"IC50";"'='";"1170.0";"nM";"5.93";"";"619733";"UO_0000065";"15.15";"0.29";"2.33";"9.52";"0";"CHEMBL5732078";"Enzyme Inhibition Assay: FabI enzyme inhibition assays were carried out in half-area, 384-well microtitre plates. Compounds were evaluated in 40-μl assay mixtures containing 100 mM NaADA, pH 6.5 (ADA=N-[2-acetamido]-2iminodiacetic acid), 250 μM crotonoyl-CoA, 625 μM NADH and 50 μg/ml S. aureus ATCC 29213 FabI. Inhibitors were typically varied over the range of 50 to 0.39 μM. The reaction mixtures were incubated for 30 minutes at room temperature and the reaction was stopped by adding 200 mM Tris buffer (pH 9.0) to create a pH-shift. The consumption of NADH was monitored by measuring the change in absorbance at 340. By comparing sample readings to those of negative (absence of compound) and positive (absence of enzyme) controls, the percent inhibition of enzymatic activity of the compounds was determined. A best-fit curve is fitted by a minimum of squares method.";"B";"BAO_0000357";"single protein format";"Staphylococcus aureus";"None";"None";"None";"None";"";"";"";"CHEMBL3994";"Enoyl-[acyl-carrier-protein] reductase [NADPH] FabI";"Staphylococcus aureus";"SINGLE PROTEIN";"CHEMBL5726112";"37";"BindingDB Patent Bioactivity Data";"";"2017";"None";"";"";"";"1170.0"
"CHEMBL3623402";"";"None";"327.77";"0";"4.89";"15g";"Cc1cc(Cl)ccc1Oc1coc(/C=C/c2ccc[nH]2)cc1=O";"IC50";"'='";"5820.0";"nM";"5.24";"";"";"UO_0000065";"15.97";"0.31";"0.35";"9.48";"0";"CHEMBL3625533";"Inhibition of Staphylococcus aureus FabI assessed as reduction in inhibition of reduction of trans-2-octenoyl N-acetylcysteamine substrate by spectrophotometry";"B";"BAO_0000357";"single protein format";"Staphylococcus aureus";"None";"None";"None";"None";"";"";"";"CHEMBL3994";"Enoyl-[acyl-carrier-protein] reductase [NADPH] FabI";"Staphylococcus aureus";"SINGLE PROTEIN";"CHEMBL3621046";"1";"Scientific Literature";"Bioorg Med Chem Lett";"2015";"None";"";"";"";"5.82"
"CHEMBL435958";"";"None";"284.34";"0";"3.36";"22";"O=C(O)c1cccc(Cn2cnc(-c3ccsc3)c2)c1";"IC50";"'>'";"100000.0";"nM";"";"";"";"UO_0000065";"";"";"";"";"0";"CHEMBL677570";"Evaluated for inhibition of enoyl acyl carrier protein reductase (FabI) in Staphylococcus aureus.";"B";"BAO_0000357";"single protein format";"Staphylococcus aureus";"None";"None";"None";"None";"";"";"";"CHEMBL3994";"Enoyl-[acyl-carrier-protein] reductase [NADPH] FabI";"Staphylococcus aureus";"SINGLE PROTEIN";"CHEMBL1133895";"1";"Scientific Literature";"Bioorg Med Chem Lett";"2001";"None";"";"";"";"100.0"
"CHEMBL6020252";"";"None";"389.46";"0";"2.27";"BDBM316901";"Cn1nccc1C1=CC2CN(C(=O)/C=C/c3cnc4c(c3)CCC(=O)N4)CC2C1";"IC50";"'='";"1230.0";"nM";"5.91";"";"619706";"UO_0000065";"15.18";"0.28";"3.64";"7.38";"0";"CHEMBL5732078";"Enzyme Inhibition Assay: FabI enzyme inhibition assays were carried out in half-area, 384-well microtitre plates. Compounds were evaluated in 40-μl assay mixtures containing 100 mM NaADA, pH 6.5 (ADA=N-[2-acetamido]-2iminodiacetic acid), 250 μM crotonoyl-CoA, 625 μM NADH and 50 μg/ml S. aureus ATCC 29213 FabI. Inhibitors were typically varied over the range of 50 to 0.39 μM. The reaction mixtures were incubated for 30 minutes at room temperature and the reaction was stopped by adding 200 mM Tris buffer (pH 9.0) to create a pH-shift. The consumption of NADH was monitored by measuring the change in absorbance at 340. By comparing sample readings to those of negative (absence of compound) and positive (absence of enzyme) controls, the percent inhibition of enzymatic activity of the compounds was determined. A best-fit curve is fitted by a minimum of squares method.";"B";"BAO_0000357";"single protein format";"Staphylococcus aureus";"None";"None";"None";"None";"";"";"";"CHEMBL3994";"Enoyl-[acyl-carrier-protein] reductase [NADPH] FabI";"Staphylococcus aureus";"SINGLE PROTEIN";"CHEMBL5726112";"37";"BindingDB Patent Bioactivity Data";"";"2017";"None";"";"";"";"1230.0"
"CHEMBL65220";"";"None";"302.30";"0";"4.62";"30";"FC(F)(F)c1ccc(-c2cn(Cc3ccccc3)cn2)cc1";"IC50";"'>'";"100000.0";"nM";"";"";"";"UO_0000065";"";"";"";"";"0";"CHEMBL677570";"Evaluated for inhibition of enoyl acyl carrier protein reductase (FabI) in Staphylococcus aureus.";"B";"BAO_0000357";"single protein format";"Staphylococcus aureus";"None";"None";"None";"None";"";"";"";"CHEMBL3994";"Enoyl-[acyl-carrier-protein] reductase [NADPH] FabI";"Staphylococcus aureus";"SINGLE PROTEIN";"CHEMBL1133895";"1";"Scientific Literature";"Bioorg Med Chem Lett";"2001";"None";"";"";"";"100.0"
"CHEMBL3623426";"";"None";"321.38";"0";"4.36";"16k";"Cc1ccc(Oc2c[nH]c(COc3ccccc3)cc2=O)c(C)c1";"IC50";"'='";"1140.0";"nM";"5.94";"";"";"UO_0000065";"18.49";"0.34";"1.58";"11.58";"0";"CHEMBL3625533";"Inhibition of Staphylococcus aureus FabI assessed as reduction in inhibition of reduction of trans-2-octenoyl N-acetylcysteamine substrate by spectrophotometry";"B";"BAO_0000357";"single protein format";"Staphylococcus aureus";"None";"None";"None";"None";"";"";"";"CHEMBL3994";"Enoyl-[acyl-carrier-protein] reductase [NADPH] FabI";"Staphylococcus aureus";"SINGLE PROTEIN";"CHEMBL3621046";"1";"Scientific Literature";"Bioorg Med Chem Lett";"2015";"None";"";"";"";"1.14"
"CHEMBL3623423";"";"None";"381.86";"1";"5.52";"16h";"Cc1cc(Cl)ccc1Oc1cn(C2CC2)c(COc2ccccc2)cc1=O";"IC50";"'='";"470.0";"nM";"6.33";"";"";"UO_0000065";"16.57";"0.32";"0.81";"15.64";"0";"CHEMBL3625533";"Inhibition of Staphylococcus aureus FabI assessed as reduction in inhibition of reduction of trans-2-octenoyl N-acetylcysteamine substrate by spectrophotometry";"B";"BAO_0000357";"single protein format";"Staphylococcus aureus";"None";"None";"None";"None";"";"";"";"CHEMBL3994";"Enoyl-[acyl-carrier-protein] reductase [NADPH] FabI";"Staphylococcus aureus";"SINGLE PROTEIN";"CHEMBL3621046";"1";"Scientific Literature";"Bioorg Med Chem Lett";"2015";"None";"";"";"";"0.47"
"CHEMBL5953600";"";"None";"399.49";"0";"3.63";"BDBM316927";"O=C1CCc2cc(/C=C/C(=O)N3CC4C=C(Cc5ccccc5)CC4C3)cnc2N1";"IC50";"'='";"1500.0";"nM";"5.82";"";"619732";"UO_0000065";"14.58";"0.27";"2.19";"9.35";"0";"CHEMBL5732078";"Enzyme Inhibition Assay: FabI enzyme inhibition assays were carried out in half-area, 384-well microtitre plates. Compounds were evaluated in 40-μl assay mixtures containing 100 mM NaADA, pH 6.5 (ADA=N-[2-acetamido]-2iminodiacetic acid), 250 μM crotonoyl-CoA, 625 μM NADH and 50 μg/ml S. aureus ATCC 29213 FabI. Inhibitors were typically varied over the range of 50 to 0.39 μM. The reaction mixtures were incubated for 30 minutes at room temperature and the reaction was stopped by adding 200 mM Tris buffer (pH 9.0) to create a pH-shift. The consumption of NADH was monitored by measuring the change in absorbance at 340. By comparing sample readings to those of negative (absence of compound) and positive (absence of enzyme) controls, the percent inhibition of enzymatic activity of the compounds was determined. A best-fit curve is fitted by a minimum of squares method.";"B";"BAO_0000357";"single protein format";"Staphylococcus aureus";"None";"None";"None";"None";"";"";"";"CHEMBL3994";"Enoyl-[acyl-carrier-protein] reductase [NADPH] FabI";"Staphylococcus aureus";"SINGLE PROTEIN";"CHEMBL5726112";"37";"BindingDB Patent Bioactivity Data";"";"2017";"None";"";"";"";"1500.0"
"CHEMBL1652621";"AFN-1252";"2.0";"375.43";"0";"3.69";"AFN-1252";"Cc1c(CN(C)C(=O)/C=C/c2cnc3c(c2)CCC(=O)N3)oc2ccccc12";"IC50";"'='";"29.0";"nM";"7.54";"";"";"UO_0000065";"20.08";"0.37";"3.85";"9.99";"0";"CHEMBL3365684";"Inhibition of Staphylococcus aureus FabI-mediated reduction of enoyl-ACP preincubated for 30 mins measured after 2 hrs by spectrophotometry";"B";"BAO_0000357";"single protein format";"Staphylococcus aureus";"None";"None";"None";"None";"";"";"";"CHEMBL3994";"Enoyl-[acyl-carrier-protein] reductase [NADPH] FabI";"Staphylococcus aureus";"SINGLE PROTEIN";"CHEMBL3352330";"1";"Scientific Literature";"Eur J Med Chem";"2014";"None";"";"";"";"0.029"
"CHEMBL4210599";"";"None";"331.36";"0";"3.53";"5";"COc1ccccc1C1CCN(C(=O)Cc2cccc(F)c2F)C1";"IC50";"'='";"3000.0";"nM";"5.52";"";"";"UO_0000065";"16.67";"0.31";"1.99";"18.70";"0";"CHEMBL4182166";"Inhibition of Staphylococcus aureus subsp. aureus Rosenbach ATCC 43300 FabI using crotonyl-CoA as substrate in presence of NADPH/NADH after 10 mins by fluorescence assay";"B";"BAO_0000357";"single protein format";"Staphylococcus aureus";"None";"None";"None";"None";"";"";"";"CHEMBL3994";"Enoyl-[acyl-carrier-protein] reductase [NADPH] FabI";"Staphylococcus aureus";"SINGLE PROTEIN";"CHEMBL4177701";"1";"Scientific Literature";"Bioorg Med Chem";"2018";"None";"";"";"";"3.0"
"CHEMBL3322712";"";"None";"377.44";"0";"2.83";"AEA10";"Cc1ccc(OCC2CN(C(=O)/C=C/c3cnc4c(c3)CCC(=O)N4)C2)cc1";"IC50";"'='";"921.0";"nM";"6.04";"";"";"UO_0000065";"15.99";"0.29";"3.21";"8.44";"0";"CHEMBL3365684";"Inhibition of Staphylococcus aureus FabI-mediated reduction of enoyl-ACP preincubated for 30 mins measured after 2 hrs by spectrophotometry";"B";"BAO_0000357";"single protein format";"Staphylococcus aureus";"None";"None";"None";"None";"";"";"";"CHEMBL3994";"Enoyl-[acyl-carrier-protein] reductase [NADPH] FabI";"Staphylococcus aureus";"SINGLE PROTEIN";"CHEMBL3352330";"1";"Scientific Literature";"Eur J Med Chem";"2014";"None";"";"";"";"0.921"
"CHEMBL3322716";"";"None";"390.47";"0";"3.22";"AEA14";"O=C1CCc2cc(/C=C/C(=O)N3CC(c4nc5ccccc5s4)C3)cnc2N1";"IC50";"'='";"373.0";"nM";"6.43";"";"";"UO_0000065";"16.46";"0.31";"3.21";"8.55";"0";"CHEMBL3365684";"Inhibition of Staphylococcus aureus FabI-mediated reduction of enoyl-ACP preincubated for 30 mins measured after 2 hrs by spectrophotometry";"B";"BAO_0000357";"single protein format";"Staphylococcus aureus";"None";"None";"None";"None";"";"";"";"CHEMBL3994";"Enoyl-[acyl-carrier-protein] reductase [NADPH] FabI";"Staphylococcus aureus";"SINGLE PROTEIN";"CHEMBL3352330";"1";"Scientific Literature";"Eur J Med Chem";"2014";"None";"";"";"";"0.373"
"CHEMBL66526";"";"None";"254.36";"0";"3.97";"1";"Cc1ccc(Cn2cnc(-c3cccs3)c2)cc1";"IC50";"'='";"1240.0";"nM";"5.91";"";"";"UO_0000065";"23.22";"0.45";"1.94";"33.15";"0";"CHEMBL677571";"Evaluated for inhibition of enoyl acyl carrier protein reductase (FabI) of Staphylococcus aureus in the presence of NADH using crotonoyl CoA as substrate";"B";"BAO_0000019";"assay format";"Staphylococcus aureus";"None";"None";"None";"None";"";"";"";"CHEMBL3994";"Enoyl-[acyl-carrier-protein] reductase [NADPH] FabI";"Staphylococcus aureus";"SINGLE PROTEIN";"CHEMBL1133895";"1";"Scientific Literature";"Bioorg Med Chem Lett";"2001";"None";"";"";"";"1.24"
"CHEMBL302497";"";"None";"412.49";"0";"4.60";"29";"COc1ccc(C(=O)N2CCc3c(n(Cc4ccc(O)cc4)c4ccccc34)C2)cc1";"IC50";"'='";"370.0";"nM";"6.43";"";"";"UO_0000065";"15.59";"0.28";"1.83";"11.76";"0";"CHEMBL677574";"Antibacterial activity against Staphylococcus aureus FabI";"B";"BAO_0000357";"single protein format";"Staphylococcus aureus";"None";"None";"None";"None";"";"";"";"CHEMBL3994";"Enoyl-[acyl-carrier-protein] reductase [NADPH] FabI";"Staphylococcus aureus";"SINGLE PROTEIN";"CHEMBL1133924";"1";"Scientific Literature";"Bioorg Med Chem Lett";"2001";"None";"";"";"";"0.37"
"CHEMBL46425";"";"None";"402.50";"0";"3.75";"32";"Cc1cccc2c(CN(C)C(=O)/C=C/c3cnc4c(c3)CCC(=O)N4)c(C)n(C)c12";"IC50";"'='";"20.0";"nM";"7.70";"";"";"UO_0000065";"19.13";"0.35";"3.95";"11.45";"0";"CHEMBL677578";"Inhibitory activity against Enoyl-ACP reductase FabI in Staphylococcus aureus";"B";"BAO_0000357";"single protein format";"Staphylococcus aureus";"None";"None";"None";"None";"";"";"";"CHEMBL3994";"Enoyl-[acyl-carrier-protein] reductase [NADPH] FabI";"Staphylococcus aureus";"SINGLE PROTEIN";"CHEMBL1136775";"1";"Scientific Literature";"J Med Chem";"2003";"None";"";"";"";"0.02"
"CHEMBL3676398";"";"None";"309.38";"0";"3.85";"BDBM133661";"CC(C)(C)OC(=O)N1CCC(COc2ccc(F)cc2)CC1";"IC50";"'='";"250.0";"nM";"6.60";"";"305320";"UO_0000065";"21.34";"0.41";"2.75";"17.03";"1";"CHEMBL3705387";"Fluorescence Based Assay: The assay buffer 'AB' contained 50 mM ADA (N-(2-acetamido)iminodiacetic acid monosodium salt) pH 6.5, 1 mM dithiothreitol, 0.006% Triton-X100 and 50 mM NaCl. The following components are added in a white polystyrene Costar plate (Ref 3912) up to a final volume of 55.5 uL: 1.5 uL DMSO or inhibitor dissolved in DMSO and 54 uL of a FabI/NADPH/NADP+ mixture in AB. After 60 min of pre-incubation at room temperature, the reaction is started by addition of 5 uL of trans-2-octenoyl N-acetylcysteamine thioester (t-o-NAC) to a final volume of 60.5 uL. This reaction mixture is then composed of 2 nM FabI, 40 uM NADPH (Sigma, N7505), 10 uM NADP+(Sigma, N5755), 100 uM t-O-NAC and compound at defined concentration. Fluorescence intensity of NADPH (lamda=ex=360 nm, lamda=em=520 nm) is measured immediately after t-O-NAC addition (T0), and approximately 50 min later (T50) by a Fluostar Optima (BMG) so as to achieve ~30% of NADPH conversion.";"B";"BAO_0000357";"single protein format";"Staphylococcus aureus";"None";"None";"None";"None";"";"";"";"CHEMBL3994";"Enoyl-[acyl-carrier-protein] reductase [NADPH] FabI";"Staphylococcus aureus";"SINGLE PROTEIN";"CHEMBL3638908";"37";"BindingDB Patent Bioactivity Data";"";"2015";"None";"";"";"";"250.0"
"CHEMBL3687976";"";"None";"339.36";"0";"1.30";"BDBM162339";"Cc1nc(C2CN(C(=O)/C=C/c3cnc4c(c3)CCC(=O)N4)C2)no1";"IC50";"'='";"150.0";"nM";"6.82";"";"305326";"UO_0000065";"20.11";"0.37";"5.52";"6.74";"0";"CHEMBL3705387";"Fluorescence Based Assay: The assay buffer 'AB' contained 50 mM ADA (N-(2-acetamido)iminodiacetic acid monosodium salt) pH 6.5, 1 mM dithiothreitol, 0.006% Triton-X100 and 50 mM NaCl. The following components are added in a white polystyrene Costar plate (Ref 3912) up to a final volume of 55.5 uL: 1.5 uL DMSO or inhibitor dissolved in DMSO and 54 uL of a FabI/NADPH/NADP+ mixture in AB. After 60 min of pre-incubation at room temperature, the reaction is started by addition of 5 uL of trans-2-octenoyl N-acetylcysteamine thioester (t-o-NAC) to a final volume of 60.5 uL. This reaction mixture is then composed of 2 nM FabI, 40 uM NADPH (Sigma, N7505), 10 uM NADP+(Sigma, N5755), 100 uM t-O-NAC and compound at defined concentration. Fluorescence intensity of NADPH (lamda=ex=360 nm, lamda=em=520 nm) is measured immediately after t-O-NAC addition (T0), and approximately 50 min later (T50) by a Fluostar Optima (BMG) so as to achieve ~30% of NADPH conversion.";"B";"BAO_0000357";"single protein format";"Staphylococcus aureus";"None";"None";"None";"None";"";"";"";"CHEMBL3994";"Enoyl-[acyl-carrier-protein] reductase [NADPH] FabI";"Staphylococcus aureus";"SINGLE PROTEIN";"CHEMBL3638908";"37";"BindingDB Patent Bioactivity Data";"";"2015";"None";"";"";"";"150.0"
"CHEMBL3676415";"";"None";"310.36";"0";"1.50";"BDBM133679";"Nc1ccc(/C=C/C(=O)N2CC(OCc3ccncc3)C2)cn1";"IC50";"'='";"1800.0";"nM";"5.75";"";"305338";"UO_0000065";"18.51";"0.34";"4.24";"7.06";"1";"CHEMBL3705387";"Fluorescence Based Assay: The assay buffer 'AB' contained 50 mM ADA (N-(2-acetamido)iminodiacetic acid monosodium salt) pH 6.5, 1 mM dithiothreitol, 0.006% Triton-X100 and 50 mM NaCl. The following components are added in a white polystyrene Costar plate (Ref 3912) up to a final volume of 55.5 uL: 1.5 uL DMSO or inhibitor dissolved in DMSO and 54 uL of a FabI/NADPH/NADP+ mixture in AB. After 60 min of pre-incubation at room temperature, the reaction is started by addition of 5 uL of trans-2-octenoyl N-acetylcysteamine thioester (t-o-NAC) to a final volume of 60.5 uL. This reaction mixture is then composed of 2 nM FabI, 40 uM NADPH (Sigma, N7505), 10 uM NADP+(Sigma, N5755), 100 uM t-O-NAC and compound at defined concentration. Fluorescence intensity of NADPH (lamda=ex=360 nm, lamda=em=520 nm) is measured immediately after t-O-NAC addition (T0), and approximately 50 min later (T50) by a Fluostar Optima (BMG) so as to achieve ~30% of NADPH conversion.";"B";"BAO_0000357";"single protein format";"Staphylococcus aureus";"None";"None";"None";"None";"";"";"";"CHEMBL3994";"Enoyl-[acyl-carrier-protein] reductase [NADPH] FabI";"Staphylococcus aureus";"SINGLE PROTEIN";"CHEMBL3638908";"37";"BindingDB Patent Bioactivity Data";"";"2015";"None";"";"";"";"1800.0"
"CHEMBL3676420";"";"None";"452.49";"0";"2.15";"BDBM9913";"NC(=O)C1Cc2cc(/C=C/C(=O)N3CCC(COc4ccc(F)cc4)CC3)cnc2NC1=O";"IC50";"'='";"550.0";"nM";"6.26";"";"305342";"UO_0000065";"13.83";"0.26";"4.11";"5.46";"0";"CHEMBL3705387";"Fluorescence Based Assay: The assay buffer 'AB' contained 50 mM ADA (N-(2-acetamido)iminodiacetic acid monosodium salt) pH 6.5, 1 mM dithiothreitol, 0.006% Triton-X100 and 50 mM NaCl. The following components are added in a white polystyrene Costar plate (Ref 3912) up to a final volume of 55.5 uL: 1.5 uL DMSO or inhibitor dissolved in DMSO and 54 uL of a FabI/NADPH/NADP+ mixture in AB. After 60 min of pre-incubation at room temperature, the reaction is started by addition of 5 uL of trans-2-octenoyl N-acetylcysteamine thioester (t-o-NAC) to a final volume of 60.5 uL. This reaction mixture is then composed of 2 nM FabI, 40 uM NADPH (Sigma, N7505), 10 uM NADP+(Sigma, N5755), 100 uM t-O-NAC and compound at defined concentration. Fluorescence intensity of NADPH (lamda=ex=360 nm, lamda=em=520 nm) is measured immediately after t-O-NAC addition (T0), and approximately 50 min later (T50) by a Fluostar Optima (BMG) so as to achieve ~30% of NADPH conversion.";"B";"BAO_0000357";"single protein format";"Staphylococcus aureus";"None";"None";"None";"None";"";"";"";"CHEMBL3994";"Enoyl-[acyl-carrier-protein] reductase [NADPH] FabI";"Staphylococcus aureus";"SINGLE PROTEIN";"CHEMBL3638908";"37";"BindingDB Patent Bioactivity Data";"";"2015";"None";"";"";"";"550.0"
"CHEMBL5512462";"";"None";"378.48";"0";"3.27";"f8";"Cc1cccc(NC(=O)CCNC(=O)CCc2nc3ccccc3n2C)c1C";"IC50";"";"";"";"";"";"Not Determined";"";"";"";"";"";"0";"CHEMBL5503720";"Inhibition of N-terminal his 6 tagged Staphylococcus aureus Fabi (1 to 771 residues) expressed in Escherichia coli BL21 incubated for 30 mins in presence of NADPH by fluorescence based microplate reader analysis";"B";"BAO_0000019";"assay format";"Staphylococcus aureus";"None";"None";"None";"None";"";"";"";"CHEMBL3994";"Enoyl-[acyl-carrier-protein] reductase [NADPH] FabI";"Staphylococcus aureus";"SINGLE PROTEIN";"CHEMBL5500393";"1";"Scientific Literature";"J Med Chem";"2024";"None";"TIME = 0.5 hr";"";"";""
"CHEMBL5554985";"";"None";"378.48";"0";"2.67";"f10";"Cc1cccc(C(=O)NCCNC(=O)CCc2nc3ccccc3n2C)c1C";"IC50";"";"";"";"";"";"Not Determined";"";"";"";"";"";"0";"CHEMBL5503720";"Inhibition of N-terminal his 6 tagged Staphylococcus aureus Fabi (1 to 771 residues) expressed in Escherichia coli BL21 incubated for 30 mins in presence of NADPH by fluorescence based microplate reader analysis";"B";"BAO_0000019";"assay format";"Staphylococcus aureus";"None";"None";"None";"None";"";"";"";"CHEMBL3994";"Enoyl-[acyl-carrier-protein] reductase [NADPH] FabI";"Staphylococcus aureus";"SINGLE PROTEIN";"CHEMBL5500393";"1";"Scientific Literature";"J Med Chem";"2024";"None";"TIME = 0.5 hr";"";"";""
"CHEMBL5558760";"";"None";"325.80";"0";"3.75";"n14";"Cn1c(C2CC(=O)N(c3ccc(Cl)cc3)C2)nc2ccccc21";"IC50";"";"";"";"";"";"Not Determined";"";"";"";"";"";"0";"CHEMBL5503720";"Inhibition of N-terminal his 6 tagged Staphylococcus aureus Fabi (1 to 771 residues) expressed in Escherichia coli BL21 incubated for 30 mins in presence of NADPH by fluorescence based microplate reader analysis";"B";"BAO_0000019";"assay format";"Staphylococcus aureus";"None";"None";"None";"None";"";"";"";"CHEMBL3994";"Enoyl-[acyl-carrier-protein] reductase [NADPH] FabI";"Staphylococcus aureus";"SINGLE PROTEIN";"CHEMBL5500393";"1";"Scientific Literature";"J Med Chem";"2024";"None";"TIME = 0.5 hr";"";"";""
"CHEMBL5556422";"";"None";"351.41";"0";"3.11";"n18";"COc1ccc(N2CC(c3nc4ccccc4n3C)CC2=O)cc1OC";"IC50";"";"";"";"";"";"Not Determined";"";"";"";"";"";"0";"CHEMBL5503720";"Inhibition of N-terminal his 6 tagged Staphylococcus aureus Fabi (1 to 771 residues) expressed in Escherichia coli BL21 incubated for 30 mins in presence of NADPH by fluorescence based microplate reader analysis";"B";"BAO_0000019";"assay format";"Staphylococcus aureus";"None";"None";"None";"None";"";"";"";"CHEMBL3994";"Enoyl-[acyl-carrier-protein] reductase [NADPH] FabI";"Staphylococcus aureus";"SINGLE PROTEIN";"CHEMBL5500393";"1";"Scientific Literature";"J Med Chem";"2024";"None";"TIME = 0.5 hr";"";"";""
"CHEMBL5542487";"";"None";"335.41";"0";"3.41";"n26";"COc1cccc(N2CC(c3nc4ccccc4n3C)CC2=O)c1C";"IC50";"'='";"2269.3";"nM";"5.64";"";"";"UO_0000065";"16.83";"0.31";"2.23";"11.92";"0";"CHEMBL5503720";"Inhibition of N-terminal his 6 tagged Staphylococcus aureus Fabi (1 to 771 residues) expressed in Escherichia coli BL21 incubated for 30 mins in presence of NADPH by fluorescence based microplate reader analysis";"B";"BAO_0000019";"assay format";"Staphylococcus aureus";"None";"None";"None";"None";"";"";"";"CHEMBL3994";"Enoyl-[acyl-carrier-protein] reductase [NADPH] FabI";"Staphylococcus aureus";"SINGLE PROTEIN";"CHEMBL5500393";"1";"Scientific Literature";"J Med Chem";"2024";"None";"TIME = 0.5 hr";"INHIBITOR";"";"2269.3"
"CHEMBL5556257";"";"None";"373.38";"0";"4.42";"n38";"Cc1c(N2CC(c3nc4ccccc4n3C)CC2=O)cccc1C(F)(F)F";"IC50";"'='";"632.2";"nM";"6.20";"";"";"UO_0000065";"16.60";"0.31";"1.78";"16.26";"0";"CHEMBL5503720";"Inhibition of N-terminal his 6 tagged Staphylococcus aureus Fabi (1 to 771 residues) expressed in Escherichia coli BL21 incubated for 30 mins in presence of NADPH by fluorescence based microplate reader analysis";"B";"BAO_0000019";"assay format";"Staphylococcus aureus";"None";"None";"None";"None";"";"";"";"CHEMBL3994";"Enoyl-[acyl-carrier-protein] reductase [NADPH] FabI";"Staphylococcus aureus";"SINGLE PROTEIN";"CHEMBL5500393";"1";"Scientific Literature";"J Med Chem";"2024";"None";"TIME = 0.5 hr";"INHIBITOR";"";"632.2"
"CHEMBL5768692";"";"None";"391.50";"0";"3.60";"BDBM316896";"O=C1CCc2cc(/C=C/C(=O)N3CC4C=C(c5ccsc5)CC4C3)cnc2N1";"IC50";"'='";"1350.0";"nM";"5.87";"";"619701";"UO_0000065";"14.99";"0.29";"2.27";"9.42";"0";"CHEMBL5732078";"Enzyme Inhibition Assay: FabI enzyme inhibition assays were carried out in half-area, 384-well microtitre plates. Compounds were evaluated in 40-μl assay mixtures containing 100 mM NaADA, pH 6.5 (ADA=N-[2-acetamido]-2iminodiacetic acid), 250 μM crotonoyl-CoA, 625 μM NADH and 50 μg/ml S. aureus ATCC 29213 FabI. Inhibitors were typically varied over the range of 50 to 0.39 μM. The reaction mixtures were incubated for 30 minutes at room temperature and the reaction was stopped by adding 200 mM Tris buffer (pH 9.0) to create a pH-shift. The consumption of NADH was monitored by measuring the change in absorbance at 340. By comparing sample readings to those of negative (absence of compound) and positive (absence of enzyme) controls, the percent inhibition of enzymatic activity of the compounds was determined. A best-fit curve is fitted by a minimum of squares method.";"B";"BAO_0000357";"single protein format";"Staphylococcus aureus";"None";"None";"None";"None";"";"";"";"CHEMBL3994";"Enoyl-[acyl-carrier-protein] reductase [NADPH] FabI";"Staphylococcus aureus";"SINGLE PROTEIN";"CHEMBL5726112";"37";"BindingDB Patent Bioactivity Data";"";"2017";"None";"";"";"";"1350.0"
"CHEMBL3322707";"";"None";"381.41";"0";"2.66";"AEA5";"O=C1CCc2cc(/C=C/C(=O)N3CC(COc4ccccc4F)C3)cnc2N1";"IC50";"'='";"378.0";"nM";"6.42";"";"";"UO_0000065";"16.84";"0.31";"3.76";"8.98";"0";"CHEMBL3365684";"Inhibition of Staphylococcus aureus FabI-mediated reduction of enoyl-ACP preincubated for 30 mins measured after 2 hrs by spectrophotometry";"B";"BAO_0000357";"single protein format";"Staphylococcus aureus";"None";"None";"None";"None";"";"";"";"CHEMBL3994";"Enoyl-[acyl-carrier-protein] reductase [NADPH] FabI";"Staphylococcus aureus";"SINGLE PROTEIN";"CHEMBL3352330";"1";"Scientific Literature";"Eur J Med Chem";"2014";"None";"";"";"";"0.378"
"CHEMBL3322727";"";"None";"402.45";"0";"2.82";"AEA25";"Cc1c(C2CN(C(=O)/C=C/c3cnc4c(c3)CNCC(=O)N4)C2)oc2ccccc12";"IC50";"'='";"384.0";"nM";"6.42";"";"";"UO_0000065";"15.94";"0.29";"3.60";"7.33";"0";"CHEMBL3365684";"Inhibition of Staphylococcus aureus FabI-mediated reduction of enoyl-ACP preincubated for 30 mins measured after 2 hrs by spectrophotometry";"B";"BAO_0000357";"single protein format";"Staphylococcus aureus";"None";"None";"None";"None";"";"";"";"CHEMBL3994";"Enoyl-[acyl-carrier-protein] reductase [NADPH] FabI";"Staphylococcus aureus";"SINGLE PROTEIN";"CHEMBL3352330";"1";"Scientific Literature";"Eur J Med Chem";"2014";"None";"";"";"";"0.384"
"CHEMBL433836";"";"None";"285.33";"0";"3.57";"8";"O=[N+]([O-])c1cccc(Cn2cnc(-c3ccsc3)c2)c1";"IC50";"'='";"14700.0";"nM";"4.83";"";"";"UO_0000065";"16.94";"0.33";"1.26";"7.93";"0";"CHEMBL677570";"Evaluated for inhibition of enoyl acyl carrier protein reductase (FabI) in Staphylococcus aureus.";"B";"BAO_0000357";"single protein format";"Staphylococcus aureus";"None";"None";"None";"None";"";"";"";"CHEMBL3994";"Enoyl-[acyl-carrier-protein] reductase [NADPH] FabI";"Staphylococcus aureus";"SINGLE PROTEIN";"CHEMBL1133895";"1";"Scientific Literature";"Bioorg Med Chem Lett";"2001";"None";"";"";"";"14.7"
"CHEMBL3322675";"";"None";"363.42";"0";"2.41";"BDBM133673";"O=C1CCc2cc(/C=C/C(=O)N3CC(OCc4ccccc4)C3)cnc2N1";"IC50";"'='";"50.0";"nM";"7.30";"";"305332";"UO_0000065";"20.09";"0.37";"4.89";"10.21";"1";"CHEMBL3705387";"Fluorescence Based Assay: The assay buffer 'AB' contained 50 mM ADA (N-(2-acetamido)iminodiacetic acid monosodium salt) pH 6.5, 1 mM dithiothreitol, 0.006% Triton-X100 and 50 mM NaCl. The following components are added in a white polystyrene Costar plate (Ref 3912) up to a final volume of 55.5 uL: 1.5 uL DMSO or inhibitor dissolved in DMSO and 54 uL of a FabI/NADPH/NADP+ mixture in AB. After 60 min of pre-incubation at room temperature, the reaction is started by addition of 5 uL of trans-2-octenoyl N-acetylcysteamine thioester (t-o-NAC) to a final volume of 60.5 uL. This reaction mixture is then composed of 2 nM FabI, 40 uM NADPH (Sigma, N7505), 10 uM NADP+(Sigma, N5755), 100 uM t-O-NAC and compound at defined concentration. Fluorescence intensity of NADPH (lamda=ex=360 nm, lamda=em=520 nm) is measured immediately after t-O-NAC addition (T0), and approximately 50 min later (T50) by a Fluostar Optima (BMG) so as to achieve ~30% of NADPH conversion.";"B";"BAO_0000357";"single protein format";"Staphylococcus aureus";"None";"None";"None";"None";"";"";"";"CHEMBL3994";"Enoyl-[acyl-carrier-protein] reductase [NADPH] FabI";"Staphylococcus aureus";"SINGLE PROTEIN";"CHEMBL3638908";"37";"BindingDB Patent Bioactivity Data";"";"2015";"None";"";"";"";"50.0"
"CHEMBL111031";"";"None";"321.38";"0";"2.22";"10";"CN(Cc1cc2ccccc2n1C)C(=O)/C=C/c1cnc(N)nc1";"IC50";"'='";"2200.0";"nM";"5.66";"";"";"UO_0000065";"17.60";"0.32";"3.44";"7.34";"0";"CHEMBL819485";"Concentration required for the 50% inhibition of enoyl-ACP reductase from Staphylococcus aureus was determined.";"B";"BAO_0000357";"single protein format";"None";"None";"None";"None";"None";"";"";"";"CHEMBL3994";"Enoyl-[acyl-carrier-protein] reductase [NADPH] FabI";"Staphylococcus aureus";"SINGLE PROTEIN";"CHEMBL1135515";"1";"Scientific Literature";"J Med Chem";"2002";"None";"";"";"";"2.2"
"CHEMBL308525";"";"None";"467.35";"1";"5.61";"34";"O=C(c1cc(Cl)cc(Cl)c1O)N1CCc2c(n(Cc3ccc(O)cc3)c3ccccc23)C1";"IC50";"'='";"1800.0";"nM";"5.75";"";"";"UO_0000065";"12.29";"0.25";"0.13";"8.74";"0";"CHEMBL677574";"Antibacterial activity against Staphylococcus aureus FabI";"B";"BAO_0000357";"single protein format";"Staphylococcus aureus";"None";"None";"None";"None";"";"";"";"CHEMBL3994";"Enoyl-[acyl-carrier-protein] reductase [NADPH] FabI";"Staphylococcus aureus";"SINGLE PROTEIN";"CHEMBL1133924";"1";"Scientific Literature";"Bioorg Med Chem Lett";"2001";"None";"";"";"";"1.8"
"CHEMBL309025";"";"None";"432.91";"0";"4.95";"31";"O=C(c1ccc(Cl)cc1O)N1CCc2c(n(Cc3ccc(O)cc3)c3ccccc23)C1";"IC50";"'='";"160.0";"nM";"6.80";"";"";"UO_0000065";"15.70";"0.30";"1.85";"10.34";"0";"CHEMBL677574";"Antibacterial activity against Staphylococcus aureus FabI";"B";"BAO_0000357";"single protein format";"Staphylococcus aureus";"None";"None";"None";"None";"";"";"";"CHEMBL3994";"Enoyl-[acyl-carrier-protein] reductase [NADPH] FabI";"Staphylococcus aureus";"SINGLE PROTEIN";"CHEMBL1133924";"1";"Scientific Literature";"Bioorg Med Chem Lett";"2001";"None";"";"";"";"0.16"
"CHEMBL72232";"";"None";"398.46";"0";"4.30";"3";"O=C(c1ccc(O)cc1)N1CCc2c(n(Cc3ccc(O)cc3)c3ccccc23)C1";"IC50";"'='";"110.0";"nM";"6.96";"";"";"UO_0000065";"17.46";"0.32";"2.66";"10.59";"0";"CHEMBL677574";"Antibacterial activity against Staphylococcus aureus FabI";"B";"BAO_0000357";"single protein format";"Staphylococcus aureus";"None";"None";"None";"None";"";"";"";"CHEMBL3994";"Enoyl-[acyl-carrier-protein] reductase [NADPH] FabI";"Staphylococcus aureus";"SINGLE PROTEIN";"CHEMBL1133924";"1";"Scientific Literature";"Bioorg Med Chem Lett";"2001";"None";"";"";"";"0.11"
"CHEMBL433830";"";"None";"164.23";"0";"2.15";"24";"Cn1cnc(-c2ccsc2)c1";"IC50";"'>'";"100000.0";"nM";"";"";"";"UO_0000065";"";"";"";"";"0";"CHEMBL677570";"Evaluated for inhibition of enoyl acyl carrier protein reductase (FabI) in Staphylococcus aureus.";"B";"BAO_0000357";"single protein format";"Staphylococcus aureus";"None";"None";"None";"None";"";"";"";"CHEMBL3994";"Enoyl-[acyl-carrier-protein] reductase [NADPH] FabI";"Staphylococcus aureus";"SINGLE PROTEIN";"CHEMBL1133895";"1";"Scientific Literature";"Bioorg Med Chem Lett";"2001";"None";"";"";"";"100.0"
"CHEMBL4216771";"";"None";"327.36";"0";"3.11";"13";"O=C(Cc1ccccc1F)N1CCC(c2ccc3c(c2)OCO3)C1";"IC50";"'='";"2700.0";"nM";"5.57";"";"";"UO_0000065";"17.01";"0.32";"2.46";"14.36";"0";"CHEMBL4182166";"Inhibition of Staphylococcus aureus subsp. aureus Rosenbach ATCC 43300 FabI using crotonyl-CoA as substrate in presence of NADPH/NADH after 10 mins by fluorescence assay";"B";"BAO_0000357";"single protein format";"Staphylococcus aureus";"None";"None";"None";"None";"";"";"";"CHEMBL3994";"Enoyl-[acyl-carrier-protein] reductase [NADPH] FabI";"Staphylococcus aureus";"SINGLE PROTEIN";"CHEMBL4177701";"1";"Scientific Literature";"Bioorg Med Chem";"2018";"None";"";"";"";"2.7"
"CHEMBL308352";"";"None";"460.56";"0";"4.00";"14";"CS(=O)(=O)c1ccc(Cn2c3c(c4ccccc42)CCN(C(=O)c2ccc(O)cc2)C3)cc1";"IC50";"'='";"330.0";"nM";"6.48";"";"";"UO_0000065";"14.07";"0.27";"2.48";"8.14";"0";"CHEMBL677574";"Antibacterial activity against Staphylococcus aureus FabI";"B";"BAO_0000357";"single protein format";"Staphylococcus aureus";"None";"None";"None";"None";"";"";"";"CHEMBL3994";"Enoyl-[acyl-carrier-protein] reductase [NADPH] FabI";"Staphylococcus aureus";"SINGLE PROTEIN";"CHEMBL1133924";"1";"Scientific Literature";"Bioorg Med Chem Lett";"2001";"None";"";"";"";"0.33"
"CHEMBL4208104";"";"None";"342.42";"0";"2.53";"27";"CC(=O)Nc1ccc(/C=C/C(=O)N2CCC(c3nccs3)C2)cn1";"IC50";"'='";"4500.0";"nM";"5.35";"";"";"UO_0000065";"15.61";"0.30";"2.82";"7.11";"0";"CHEMBL4182166";"Inhibition of Staphylococcus aureus subsp. aureus Rosenbach ATCC 43300 FabI using crotonyl-CoA as substrate in presence of NADPH/NADH after 10 mins by fluorescence assay";"B";"BAO_0000357";"single protein format";"Staphylococcus aureus";"None";"None";"None";"None";"";"";"";"CHEMBL3994";"Enoyl-[acyl-carrier-protein] reductase [NADPH] FabI";"Staphylococcus aureus";"SINGLE PROTEIN";"CHEMBL4177701";"1";"Scientific Literature";"Bioorg Med Chem";"2018";"None";"";"";"";"4.5"
"CHEMBL4217852";"";"None";"365.43";"0";"3.08";"25";"COc1ccc(C2CCN(C(=O)/C=C/c3ccc(NC(C)=O)nc3)C2)cc1";"IC50";"'='";"3600.0";"nM";"5.44";"";"";"UO_0000065";"14.90";"0.28";"2.36";"7.61";"0";"CHEMBL4182166";"Inhibition of Staphylococcus aureus subsp. aureus Rosenbach ATCC 43300 FabI using crotonyl-CoA as substrate in presence of NADPH/NADH after 10 mins by fluorescence assay";"B";"BAO_0000357";"single protein format";"Staphylococcus aureus";"None";"None";"None";"None";"";"";"";"CHEMBL3994";"Enoyl-[acyl-carrier-protein] reductase [NADPH] FabI";"Staphylococcus aureus";"SINGLE PROTEIN";"CHEMBL4177701";"1";"Scientific Literature";"Bioorg Med Chem";"2018";"None";"";"";"";"3.6"
"CHEMBL4213757";"";"None";"364.45";"0";"3.68";"29";"COc1ccccc1C1CCN(C(=O)/C=C/c2ccc(NC(C)=O)cc2)C1";"IC50";"'>'";"100000.0";"nM";"";"";"";"UO_0000065";"";"";"";"";"0";"CHEMBL4182166";"Inhibition of Staphylococcus aureus subsp. aureus Rosenbach ATCC 43300 FabI using crotonyl-CoA as substrate in presence of NADPH/NADH after 10 mins by fluorescence assay";"B";"BAO_0000357";"single protein format";"Staphylococcus aureus";"None";"None";"None";"None";"";"";"";"CHEMBL3994";"Enoyl-[acyl-carrier-protein] reductase [NADPH] FabI";"Staphylococcus aureus";"SINGLE PROTEIN";"CHEMBL4177701";"1";"Scientific Literature";"Bioorg Med Chem";"2018";"None";"";"";"";"100.0"
"CHEMBL4204517";"";"None";"329.83";"0";"3.91";"8";"COc1ccccc1C1CCN(C(=O)Cc2ccccc2Cl)C1";"IC50";"'='";"500.0";"nM";"6.30";"";"";"UO_0000065";"19.10";"0.37";"2.39";"21.33";"0";"CHEMBL4182166";"Inhibition of Staphylococcus aureus subsp. aureus Rosenbach ATCC 43300 FabI using crotonyl-CoA as substrate in presence of NADPH/NADH after 10 mins by fluorescence assay";"B";"BAO_0000357";"single protein format";"Staphylococcus aureus";"None";"None";"None";"None";"";"";"";"CHEMBL3994";"Enoyl-[acyl-carrier-protein] reductase [NADPH] FabI";"Staphylococcus aureus";"SINGLE PROTEIN";"CHEMBL4177701";"1";"Scientific Literature";"Bioorg Med Chem";"2018";"None";"";"";"";"0.5"
"CHEMBL307563";"";"None";"398.46";"0";"4.30";"28";"O=C(c1cccc(O)c1)N1CCc2c(n(Cc3ccc(O)cc3)c3ccccc23)C1";"IC50";"'='";"3400.0";"nM";"5.47";"";"";"UO_0000065";"13.72";"0.25";"1.17";"8.32";"0";"CHEMBL677574";"Antibacterial activity against Staphylococcus aureus FabI";"B";"BAO_0000357";"single protein format";"Staphylococcus aureus";"None";"None";"None";"None";"";"";"";"CHEMBL3994";"Enoyl-[acyl-carrier-protein] reductase [NADPH] FabI";"Staphylococcus aureus";"SINGLE PROTEIN";"CHEMBL1133924";"1";"Scientific Literature";"Bioorg Med Chem Lett";"2001";"None";"";"";"";"3.4"
"CHEMBL3623401";"";"None";"344.82";"1";"5.63";"15f";"Cc1cc(Cl)ccc1Oc1coc(/C=C/c2cccs2)cc1=O";"IC50";"'='";"4570.0";"nM";"5.34";"";"";"UO_0000065";"15.49";"0.32";"-0.29";"13.54";"0";"CHEMBL3625533";"Inhibition of Staphylococcus aureus FabI assessed as reduction in inhibition of reduction of trans-2-octenoyl N-acetylcysteamine substrate by spectrophotometry";"B";"BAO_0000357";"single protein format";"Staphylococcus aureus";"None";"None";"None";"None";"";"";"";"CHEMBL3994";"Enoyl-[acyl-carrier-protein] reductase [NADPH] FabI";"Staphylococcus aureus";"SINGLE PROTEIN";"CHEMBL3621046";"1";"Scientific Literature";"Bioorg Med Chem Lett";"2015";"None";"";"";"";"4.57"
"CHEMBL72286";"";"None";"398.46";"0";"4.30";"27";"O=C(c1ccccc1O)N1CCc2c(n(Cc3ccc(O)cc3)c3ccccc23)C1";"IC50";"'='";"720.0";"nM";"6.14";"";"";"UO_0000065";"15.42";"0.28";"1.84";"9.35";"0";"CHEMBL677574";"Antibacterial activity against Staphylococcus aureus FabI";"B";"BAO_0000357";"single protein format";"Staphylococcus aureus";"None";"None";"None";"None";"";"";"";"CHEMBL3994";"Enoyl-[acyl-carrier-protein] reductase [NADPH] FabI";"Staphylococcus aureus";"SINGLE PROTEIN";"CHEMBL1133924";"1";"Scientific Literature";"Bioorg Med Chem Lett";"2001";"None";"";"";"";"0.72"
"CHEMBL109511";"";"None";"376.46";"0";"2.83";"4";"CN1Cc2cc(C(=O)N(C)Cc3cc4ccccc4n3C)ccc2NCC1=O";"IC50";"'='";"21200.0";"nM";"4.67";"";"";"UO_0000065";"12.41";"0.23";"1.84";"8.12";"0";"CHEMBL819485";"Concentration required for the 50% inhibition of enoyl-ACP reductase from Staphylococcus aureus was determined.";"B";"BAO_0000357";"single protein format";"None";"None";"None";"None";"None";"";"";"";"CHEMBL3994";"Enoyl-[acyl-carrier-protein] reductase [NADPH] FabI";"Staphylococcus aureus";"SINGLE PROTEIN";"CHEMBL1135515";"1";"Scientific Literature";"J Med Chem";"2002";"None";"";"";"";"21.2"
"CHEMBL111251";"";"None";"305.38";"0";"3.25";"14";"CN(Cc1cc2ccccc2n1C)C(=O)/C=C/c1cccnc1";"IC50";"'='";"14200.0";"nM";"4.85";"";"";"UO_0000065";"15.87";"0.29";"1.60";"12.71";"0";"CHEMBL819485";"Concentration required for the 50% inhibition of enoyl-ACP reductase from Staphylococcus aureus was determined.";"B";"BAO_0000357";"single protein format";"None";"None";"None";"None";"None";"";"";"";"CHEMBL3994";"Enoyl-[acyl-carrier-protein] reductase [NADPH] FabI";"Staphylococcus aureus";"SINGLE PROTEIN";"CHEMBL1135515";"1";"Scientific Literature";"J Med Chem";"2002";"None";"";"";"";"14.2"
"CHEMBL42316";"";"None";"374.44";"0";"3.43";"30";"Cc1[nH]c2ccccc2c1CN(C)C(=O)/C=C/c1cnc2c(c1)CCC(=O)N2";"IC50";"'='";"50.0";"nM";"7.30";"";"";"UO_0000065";"19.50";"0.36";"3.87";"9.35";"0";"CHEMBL677578";"Inhibitory activity against Enoyl-ACP reductase FabI in Staphylococcus aureus";"B";"BAO_0000357";"single protein format";"Staphylococcus aureus";"None";"None";"None";"None";"";"";"";"CHEMBL3994";"Enoyl-[acyl-carrier-protein] reductase [NADPH] FabI";"Staphylococcus aureus";"SINGLE PROTEIN";"CHEMBL1136775";"1";"Scientific Literature";"J Med Chem";"2003";"None";"";"";"";"0.05"
"CHEMBL293255";"";"None";"317.22";"1";"5.21";"31";"Cc1ccc(Cn2cnc(-c3cccc(Cl)c3Cl)c2)cc1";"IC50";"'>'";"10000.0";"nM";"";"";"";"UO_0000065";"";"";"";"";"0";"CHEMBL677570";"Evaluated for inhibition of enoyl acyl carrier protein reductase (FabI) in Staphylococcus aureus.";"B";"BAO_0000357";"single protein format";"Staphylococcus aureus";"None";"None";"None";"None";"";"";"";"CHEMBL3994";"Enoyl-[acyl-carrier-protein] reductase [NADPH] FabI";"Staphylococcus aureus";"SINGLE PROTEIN";"CHEMBL1133895";"1";"Scientific Literature";"Bioorg Med Chem Lett";"2001";"None";"";"";"";"10.0"
"CHEMBL3322674";"";"None";"349.39";"0";"2.27";"BDBM162329";"O=C1CCc2cc(/C=C/C(=O)N3CC(Oc4ccccc4)C3)cnc2N1";"IC50";"'='";"1000.0";"nM";"6.00";"";"305321";"UO_0000065";"17.17";"0.32";"3.73";"8.39";"0";"CHEMBL3705387";"Fluorescence Based Assay: The assay buffer 'AB' contained 50 mM ADA (N-(2-acetamido)iminodiacetic acid monosodium salt) pH 6.5, 1 mM dithiothreitol, 0.006% Triton-X100 and 50 mM NaCl. The following components are added in a white polystyrene Costar plate (Ref 3912) up to a final volume of 55.5 uL: 1.5 uL DMSO or inhibitor dissolved in DMSO and 54 uL of a FabI/NADPH/NADP+ mixture in AB. After 60 min of pre-incubation at room temperature, the reaction is started by addition of 5 uL of trans-2-octenoyl N-acetylcysteamine thioester (t-o-NAC) to a final volume of 60.5 uL. This reaction mixture is then composed of 2 nM FabI, 40 uM NADPH (Sigma, N7505), 10 uM NADP+(Sigma, N5755), 100 uM t-O-NAC and compound at defined concentration. Fluorescence intensity of NADPH (lamda=ex=360 nm, lamda=em=520 nm) is measured immediately after t-O-NAC addition (T0), and approximately 50 min later (T50) by a Fluostar Optima (BMG) so as to achieve ~30% of NADPH conversion.";"B";"BAO_0000357";"single protein format";"Staphylococcus aureus";"None";"None";"None";"None";"";"";"";"CHEMBL3994";"Enoyl-[acyl-carrier-protein] reductase [NADPH] FabI";"Staphylococcus aureus";"SINGLE PROTEIN";"CHEMBL3638908";"37";"BindingDB Patent Bioactivity Data";"";"2015";"None";"";"";"";"1000.0"
"CHEMBL3676400";"";"None";"347.42";"0";"3.34";"BDBM133663";"O=C1CCc2cc(/C=C/C(=O)N3CCCC3c3ccccc3)cnc2N1";"IC50";"'='";"7100.0";"nM";"5.15";"";"305322";"UO_0000065";"14.82";"0.27";"1.81";"8.26";"1";"CHEMBL3705387";"Fluorescence Based Assay: The assay buffer 'AB' contained 50 mM ADA (N-(2-acetamido)iminodiacetic acid monosodium salt) pH 6.5, 1 mM dithiothreitol, 0.006% Triton-X100 and 50 mM NaCl. The following components are added in a white polystyrene Costar plate (Ref 3912) up to a final volume of 55.5 uL: 1.5 uL DMSO or inhibitor dissolved in DMSO and 54 uL of a FabI/NADPH/NADP+ mixture in AB. After 60 min of pre-incubation at room temperature, the reaction is started by addition of 5 uL of trans-2-octenoyl N-acetylcysteamine thioester (t-o-NAC) to a final volume of 60.5 uL. This reaction mixture is then composed of 2 nM FabI, 40 uM NADPH (Sigma, N7505), 10 uM NADP+(Sigma, N5755), 100 uM t-O-NAC and compound at defined concentration. Fluorescence intensity of NADPH (lamda=ex=360 nm, lamda=em=520 nm) is measured immediately after t-O-NAC addition (T0), and approximately 50 min later (T50) by a Fluostar Optima (BMG) so as to achieve ~30% of NADPH conversion.";"B";"BAO_0000357";"single protein format";"Staphylococcus aureus";"None";"None";"None";"None";"";"";"";"CHEMBL3994";"Enoyl-[acyl-carrier-protein] reductase [NADPH] FabI";"Staphylococcus aureus";"SINGLE PROTEIN";"CHEMBL3638908";"37";"BindingDB Patent Bioactivity Data";"";"2015";"None";"";"";"";"7100.0"
"CHEMBL3676403";"";"None";"363.42";"0";"2.66";"BDBM133666";"O=C1CCc2cc(/C=C/C(=O)N3CCC(Oc4ccccc4)C3)cnc2N1";"IC50";"'='";"120.0";"nM";"6.92";"";"305325";"UO_0000065";"19.04";"0.35";"4.26";"9.68";"1";"CHEMBL3705387";"Fluorescence Based Assay: The assay buffer 'AB' contained 50 mM ADA (N-(2-acetamido)iminodiacetic acid monosodium salt) pH 6.5, 1 mM dithiothreitol, 0.006% Triton-X100 and 50 mM NaCl. The following components are added in a white polystyrene Costar plate (Ref 3912) up to a final volume of 55.5 uL: 1.5 uL DMSO or inhibitor dissolved in DMSO and 54 uL of a FabI/NADPH/NADP+ mixture in AB. After 60 min of pre-incubation at room temperature, the reaction is started by addition of 5 uL of trans-2-octenoyl N-acetylcysteamine thioester (t-o-NAC) to a final volume of 60.5 uL. This reaction mixture is then composed of 2 nM FabI, 40 uM NADPH (Sigma, N7505), 10 uM NADP+(Sigma, N5755), 100 uM t-O-NAC and compound at defined concentration. Fluorescence intensity of NADPH (lamda=ex=360 nm, lamda=em=520 nm) is measured immediately after t-O-NAC addition (T0), and approximately 50 min later (T50) by a Fluostar Optima (BMG) so as to achieve ~30% of NADPH conversion.";"B";"BAO_0000357";"single protein format";"Staphylococcus aureus";"None";"None";"None";"None";"";"";"";"CHEMBL3994";"Enoyl-[acyl-carrier-protein] reductase [NADPH] FabI";"Staphylococcus aureus";"SINGLE PROTEIN";"CHEMBL3638908";"37";"BindingDB Patent Bioactivity Data";"";"2015";"None";"";"";"";"120.0"
"CHEMBL3676409";"";"None";"364.41";"0";"2.05";"BDBM133672";"O=C1CCc2cc(/C=C/C(=O)N3CCC(Oc4cccnc4)C3)cnc2N1";"IC50";"'='";"930.0";"nM";"6.03";"";"305331";"UO_0000065";"16.55";"0.31";"3.98";"7.14";"1";"CHEMBL3705387";"Fluorescence Based Assay: The assay buffer 'AB' contained 50 mM ADA (N-(2-acetamido)iminodiacetic acid monosodium salt) pH 6.5, 1 mM dithiothreitol, 0.006% Triton-X100 and 50 mM NaCl. The following components are added in a white polystyrene Costar plate (Ref 3912) up to a final volume of 55.5 uL: 1.5 uL DMSO or inhibitor dissolved in DMSO and 54 uL of a FabI/NADPH/NADP+ mixture in AB. After 60 min of pre-incubation at room temperature, the reaction is started by addition of 5 uL of trans-2-octenoyl N-acetylcysteamine thioester (t-o-NAC) to a final volume of 60.5 uL. This reaction mixture is then composed of 2 nM FabI, 40 uM NADPH (Sigma, N7505), 10 uM NADP+(Sigma, N5755), 100 uM t-O-NAC and compound at defined concentration. Fluorescence intensity of NADPH (lamda=ex=360 nm, lamda=em=520 nm) is measured immediately after t-O-NAC addition (T0), and approximately 50 min later (T50) by a Fluostar Optima (BMG) so as to achieve ~30% of NADPH conversion.";"B";"BAO_0000357";"single protein format";"Staphylococcus aureus";"None";"None";"None";"None";"";"";"";"CHEMBL3994";"Enoyl-[acyl-carrier-protein] reductase [NADPH] FabI";"Staphylococcus aureus";"SINGLE PROTEIN";"CHEMBL3638908";"37";"BindingDB Patent Bioactivity Data";"";"2015";"None";"";"";"";"930.0"
"CHEMBL3676416";"";"None";"352.39";"0";"1.88";"BDBM133680";"CC(=O)Nc1ccc(/C=C/C(=O)N2CC(OCc3ccncc3)C2)cn1";"IC50";"'='";"260.0";"nM";"6.58";"";"305339";"UO_0000065";"18.69";"0.35";"4.71";"7.80";"1";"CHEMBL3705387";"Fluorescence Based Assay: The assay buffer 'AB' contained 50 mM ADA (N-(2-acetamido)iminodiacetic acid monosodium salt) pH 6.5, 1 mM dithiothreitol, 0.006% Triton-X100 and 50 mM NaCl. The following components are added in a white polystyrene Costar plate (Ref 3912) up to a final volume of 55.5 uL: 1.5 uL DMSO or inhibitor dissolved in DMSO and 54 uL of a FabI/NADPH/NADP+ mixture in AB. After 60 min of pre-incubation at room temperature, the reaction is started by addition of 5 uL of trans-2-octenoyl N-acetylcysteamine thioester (t-o-NAC) to a final volume of 60.5 uL. This reaction mixture is then composed of 2 nM FabI, 40 uM NADPH (Sigma, N7505), 10 uM NADP+(Sigma, N5755), 100 uM t-O-NAC and compound at defined concentration. Fluorescence intensity of NADPH (lamda=ex=360 nm, lamda=em=520 nm) is measured immediately after t-O-NAC addition (T0), and approximately 50 min later (T50) by a Fluostar Optima (BMG) so as to achieve ~30% of NADPH conversion.";"B";"BAO_0000357";"single protein format";"Staphylococcus aureus";"None";"None";"None";"None";"";"";"";"CHEMBL3994";"Enoyl-[acyl-carrier-protein] reductase [NADPH] FabI";"Staphylococcus aureus";"SINGLE PROTEIN";"CHEMBL3638908";"37";"BindingDB Patent Bioactivity Data";"";"2015";"None";"";"";"";"260.0"
"CHEMBL4218400";"";"None";"366.42";"0";"2.93";"19";"CC(=O)Nc1ccc(CC(=O)N2CCC(c3ccc4c(c3)OCO4)C2)cc1";"IC50";"'>'";"100000.0";"nM";"";"";"";"UO_0000065";"";"";"";"";"0";"CHEMBL4182166";"Inhibition of Staphylococcus aureus subsp. aureus Rosenbach ATCC 43300 FabI using crotonyl-CoA as substrate in presence of NADPH/NADH after 10 mins by fluorescence assay";"B";"BAO_0000357";"single protein format";"Staphylococcus aureus";"None";"None";"None";"None";"";"";"";"CHEMBL3994";"Enoyl-[acyl-carrier-protein] reductase [NADPH] FabI";"Staphylococcus aureus";"SINGLE PROTEIN";"CHEMBL4177701";"1";"Scientific Literature";"Bioorg Med Chem";"2018";"None";"";"";"";"100.0"
"CHEMBL566647";"";"None";"460.60";"0";"4.14";"14c";"Cc1c(CN(C)C(=O)/C=C/c2cnc3c(c2)CC2(CCNCC2)C(=O)N3)sc2ccccc12";"IC50";"'='";"48.0";"nM";"7.32";"";"";"UO_0000065";"15.89";"0.30";"3.18";"9.85";"0";"CHEMBL1039114";"Inhibition of Staphylococcus aureus FabI";"B";"BAO_0000357";"single protein format";"Staphylococcus aureus";"None";"None";"None";"None";"";"";"";"CHEMBL3994";"Enoyl-[acyl-carrier-protein] reductase [NADPH] FabI";"Staphylococcus aureus";"SINGLE PROTEIN";"CHEMBL1155988";"1";"Scientific Literature";"Bioorg Med Chem Lett";"2009";"None";"";"";"";"48.0"
"CHEMBL566666";"";"None";"492.62";"0";"4.62";"15d";"Cc1c(CN(C)C(=O)/C=C/c2cnc3c(c2)CC2(CCN(C)CC2)C(=O)N3)sc2ccc(F)cc12";"IC50";"'='";"28.0";"nM";"7.55";"";"";"UO_0000065";"15.33";"0.29";"2.93";"11.52";"0";"CHEMBL1039114";"Inhibition of Staphylococcus aureus FabI";"B";"BAO_0000357";"single protein format";"Staphylococcus aureus";"None";"None";"None";"None";"";"";"";"CHEMBL3994";"Enoyl-[acyl-carrier-protein] reductase [NADPH] FabI";"Staphylococcus aureus";"SINGLE PROTEIN";"CHEMBL1155988";"1";"Scientific Literature";"Bioorg Med Chem Lett";"2009";"None";"";"";"";"28.0"
"CHEMBL3623421";"";"None";"341.79";"0";"4.71";"16f";"Cc1cc(Cl)ccc1Oc1c[nH]c(COc2ccccc2)cc1=O";"IC50";"'='";"400.0";"nM";"6.40";"";"";"UO_0000065";"18.72";"0.36";"1.69";"12.47";"0";"CHEMBL3625533";"Inhibition of Staphylococcus aureus FabI assessed as reduction in inhibition of reduction of trans-2-octenoyl N-acetylcysteamine substrate by spectrophotometry";"B";"BAO_0000357";"single protein format";"Staphylococcus aureus";"None";"None";"None";"None";"";"";"";"CHEMBL3994";"Enoyl-[acyl-carrier-protein] reductase [NADPH] FabI";"Staphylococcus aureus";"SINGLE PROTEIN";"CHEMBL3621046";"1";"Scientific Literature";"Bioorg Med Chem Lett";"2015";"None";"";"";"";"0.4"
"CHEMBL3623416";"";"None";"362.21";"1";"5.05";"16a";"O=c1cc(COc2ccccc2)[nH]cc1Oc1ccc(Cl)cc1Cl";"IC50";"'='";"1820.0";"nM";"5.74";"";"";"UO_0000065";"15.85";"0.33";"0.69";"11.18";"0";"CHEMBL3625533";"Inhibition of Staphylococcus aureus FabI assessed as reduction in inhibition of reduction of trans-2-octenoyl N-acetylcysteamine substrate by spectrophotometry";"B";"BAO_0000357";"single protein format";"Staphylococcus aureus";"None";"None";"None";"None";"";"";"";"CHEMBL3994";"Enoyl-[acyl-carrier-protein] reductase [NADPH] FabI";"Staphylococcus aureus";"SINGLE PROTEIN";"CHEMBL3621046";"1";"Scientific Literature";"Bioorg Med Chem Lett";"2015";"None";"";"";"";"1.82"
"CHEMBL3623411";"";"None";"349.17";"1";"5.50";"15q";"O=c1cc(/C=C/c2ccoc2)occ1Oc1cccc(Cl)c1Cl";"IC50";"'='";"5680.0";"nM";"5.25";"";"";"UO_0000065";"15.02";"0.31";"-0.25";"9.98";"0";"CHEMBL3625533";"Inhibition of Staphylococcus aureus FabI assessed as reduction in inhibition of reduction of trans-2-octenoyl N-acetylcysteamine substrate by spectrophotometry";"B";"BAO_0000357";"single protein format";"Staphylococcus aureus";"None";"None";"None";"None";"";"";"";"CHEMBL3994";"Enoyl-[acyl-carrier-protein] reductase [NADPH] FabI";"Staphylococcus aureus";"SINGLE PROTEIN";"CHEMBL3621046";"1";"Scientific Literature";"Bioorg Med Chem Lett";"2015";"None";"";"";"";"5.68"
"CHEMBL3623406";"";"None";"349.17";"1";"5.50";"15k";"O=c1cc(/C=C/c2ccoc2)occ1Oc1ccc(Cl)cc1Cl";"IC50";"'='";"1890.0";"nM";"5.72";"";"";"UO_0000065";"16.39";"0.34";"0.22";"10.89";"0";"CHEMBL3625533";"Inhibition of Staphylococcus aureus FabI assessed as reduction in inhibition of reduction of trans-2-octenoyl N-acetylcysteamine substrate by spectrophotometry";"B";"BAO_0000357";"single protein format";"Staphylococcus aureus";"None";"None";"None";"None";"";"";"";"CHEMBL3994";"Enoyl-[acyl-carrier-protein] reductase [NADPH] FabI";"Staphylococcus aureus";"SINGLE PROTEIN";"CHEMBL3621046";"1";"Scientific Literature";"Bioorg Med Chem Lett";"2015";"None";"";"";"";"1.89"
"CHEMBL3621750";"";"None";"372.76";"0";"4.31";"16v";"O=c1cc(COc2ccccc2)[nH]cc1Oc1cccc([N+](=O)[O-])c1Cl";"IC50";"'='";"11730.0";"nM";"4.93";"";"";"UO_0000065";"13.23";"0.26";"0.62";"5.22";"0";"CHEMBL3625533";"Inhibition of Staphylococcus aureus FabI assessed as reduction in inhibition of reduction of trans-2-octenoyl N-acetylcysteamine substrate by spectrophotometry";"B";"BAO_0000357";"single protein format";"Staphylococcus aureus";"None";"None";"None";"None";"";"";"";"CHEMBL3994";"Enoyl-[acyl-carrier-protein] reductase [NADPH] FabI";"Staphylococcus aureus";"SINGLE PROTEIN";"CHEMBL3621046";"1";"Scientific Literature";"Bioorg Med Chem Lett";"2015";"None";"";"";"";"11.73"
"CHEMBL3623430";"";"None";"411.50";"1";"5.88";"16o";"Cc1ccc(Oc2cn(Cc3ccccc3)c(COc3ccccc3)cc2=O)c(C)c1";"IC50";"'='";"2690.0";"nM";"5.57";"";"";"UO_0000065";"13.54";"0.25";"-0.31";"13.77";"0";"CHEMBL3625533";"Inhibition of Staphylococcus aureus FabI assessed as reduction in inhibition of reduction of trans-2-octenoyl N-acetylcysteamine substrate by spectrophotometry";"B";"BAO_0000357";"single protein format";"Staphylococcus aureus";"None";"None";"None";"None";"";"";"";"CHEMBL3994";"Enoyl-[acyl-carrier-protein] reductase [NADPH] FabI";"Staphylococcus aureus";"SINGLE PROTEIN";"CHEMBL3621046";"1";"Scientific Literature";"Bioorg Med Chem Lett";"2015";"None";"";"";"";"2.69"
"CHEMBL126";"LINEZOLID";"4.0";"337.35";"0";"1.12";"Linezolid";"CC(=O)NC[C@H]1CN(c2ccc(N3CCOCC3)c(F)c2)C(=O)O1";"IC50";"";"";"";"";"";"Not Determined";"";"";"";"";"";"0";"CHEMBL3625533";"Inhibition of Staphylococcus aureus FabI assessed as reduction in inhibition of reduction of trans-2-octenoyl N-acetylcysteamine substrate by spectrophotometry";"B";"BAO_0000357";"single protein format";"Staphylococcus aureus";"None";"None";"None";"None";"";"";"";"CHEMBL3994";"Enoyl-[acyl-carrier-protein] reductase [NADPH] FabI";"Staphylococcus aureus";"SINGLE PROTEIN";"CHEMBL3621046";"1";"Scientific Literature";"Bioorg Med Chem Lett";"2015";"None";"";"";"";""
"CHEMBL3623405";"";"None";"359.21";"1";"5.91";"15j";"O=c1cc(/C=C/c2ccccc2)occ1Oc1ccc(Cl)cc1Cl";"IC50";"'='";"4530.0";"nM";"5.34";"";"";"UO_0000065";"14.88";"0.30";"-0.57";"13.55";"0";"CHEMBL3625533";"Inhibition of Staphylococcus aureus FabI assessed as reduction in inhibition of reduction of trans-2-octenoyl N-acetylcysteamine substrate by spectrophotometry";"B";"BAO_0000357";"single protein format";"Staphylococcus aureus";"None";"None";"None";"None";"";"";"";"CHEMBL3994";"Enoyl-[acyl-carrier-protein] reductase [NADPH] FabI";"Staphylococcus aureus";"SINGLE PROTEIN";"CHEMBL3621046";"1";"Scientific Literature";"Bioorg Med Chem Lett";"2015";"None";"";"";"";"4.53"
"CHEMBL5862696";"";"None";"427.43";"0";"4.31";"BDBM302063";"O=C1CCc2cc(/C=C/C(=O)N3CC=C(c4cccc(C(F)(F)F)c4)CC3)cnc2N1";"IC50";"'='";"2620.0";"nM";"5.58";"";"578220";"UO_0000065";"13.06";"0.25";"1.27";"8.96";"0";"CHEMBL5731701";"Enzyme Inhibition Assay: FabI enzyme inhibition assays were carried out in half-area, 384-well microtitre plates. Compounds were evaluated in 40-μl assay mixtures containing 100 mM NaADA, pH 6.5 (ADA=N-[2-acetamido]-2iminodiacetic acid), 250 μM crotonoyl-CoA, 625 μM NADH and 50 μg/ml S. aureus ATCC 29213 FabI Inhibitors were typically varied over the range of 50 to 0.39 μM. The reaction mixtures were incubated for 30 minutes at room temperature and the reaction was stopped by adding 200 mM Tris buffer (pH 9.0) to create a pH-shift. The consumption of NADH was monitored by measuring the change in absorbance at 340. By comparing sample readings to those of negative (absence of compound) and positive (absence of enzyme) controls, the percent inhibition of enzymatic activity of the compounds was determined A best-fit curve is fitted by a minimum of squares method. From this an IC50-value (expressed in μg/ml), resulting in 50% inhibition of enzymatic activity, was obtained.";"B";"BAO_0000019";"assay format";"Staphylococcus aureus";"None";"None";"None";"None";"";"";"";"CHEMBL3994";"Enoyl-[acyl-carrier-protein] reductase [NADPH] FabI";"Staphylococcus aureus";"SINGLE PROTEIN";"CHEMBL5725922";"37";"BindingDB Patent Bioactivity Data";"";"2017";"None";"";"";"";"2620.0"
"CHEMBL70618";"";"None";"396.49";"0";"4.90";"20";"Cc1ccc(C(=O)N2CCc3c(n(Cc4ccc(O)cc4)c4ccccc34)C2)cc1";"IC50";"'='";"240.0";"nM";"6.62";"";"";"UO_0000065";"16.70";"0.30";"1.72";"14.56";"0";"CHEMBL677574";"Antibacterial activity against Staphylococcus aureus FabI";"B";"BAO_0000357";"single protein format";"Staphylococcus aureus";"None";"None";"None";"None";"";"";"";"CHEMBL3994";"Enoyl-[acyl-carrier-protein] reductase [NADPH] FabI";"Staphylococcus aureus";"SINGLE PROTEIN";"CHEMBL1133924";"1";"Scientific Literature";"Bioorg Med Chem Lett";"2001";"None";"";"";"";"0.24"
"CHEMBL297636";"";"None";"388.47";"0";"3.44";"31";"Cc1c(CN(C)C(=O)/C=C/c2cnc3c(c2)CCC(=O)N3)c2ccccc2n1C";"IC50";"'='";"60.0";"nM";"7.22";"";"";"UO_0000065";"18.59";"0.34";"3.78";"10.74";"0";"CHEMBL677578";"Inhibitory activity against Enoyl-ACP reductase FabI in Staphylococcus aureus";"B";"BAO_0000357";"single protein format";"Staphylococcus aureus";"None";"None";"None";"None";"";"";"";"CHEMBL3994";"Enoyl-[acyl-carrier-protein] reductase [NADPH] FabI";"Staphylococcus aureus";"SINGLE PROTEIN";"CHEMBL1136775";"1";"Scientific Literature";"J Med Chem";"2003";"None";"";"";"";"0.06"
"CHEMBL5518001";"";"None";"449.15";"0";"4.62";"n20";"Cn1c(C2CC(=O)N(c3ccc(Br)c(Br)c3)C2)nc2ccccc21";"IC50";"";"";"";"";"";"Not Determined";"";"";"";"";"";"0";"CHEMBL5503720";"Inhibition of N-terminal his 6 tagged Staphylococcus aureus Fabi (1 to 771 residues) expressed in Escherichia coli BL21 incubated for 30 mins in presence of NADPH by fluorescence based microplate reader analysis";"B";"BAO_0000019";"assay format";"Staphylococcus aureus";"None";"None";"None";"None";"";"";"";"CHEMBL3994";"Enoyl-[acyl-carrier-protein] reductase [NADPH] FabI";"Staphylococcus aureus";"SINGLE PROTEIN";"CHEMBL5500393";"1";"Scientific Literature";"J Med Chem";"2024";"None";"TIME = 0.5 hr";"";"";""
"CHEMBL5557433";"";"None";"305.38";"0";"3.40";"n23";"Cc1ccccc1N1CC(c2nc3ccccc3n2C)CC1=O";"IC50";"'='";"2408.8";"nM";"5.62";"";"";"UO_0000065";"18.40";"0.33";"2.22";"14.73";"0";"CHEMBL5503720";"Inhibition of N-terminal his 6 tagged Staphylococcus aureus Fabi (1 to 771 residues) expressed in Escherichia coli BL21 incubated for 30 mins in presence of NADPH by fluorescence based microplate reader analysis";"B";"BAO_0000019";"assay format";"Staphylococcus aureus";"None";"None";"None";"None";"";"";"";"CHEMBL3994";"Enoyl-[acyl-carrier-protein] reductase [NADPH] FabI";"Staphylococcus aureus";"SINGLE PROTEIN";"CHEMBL5500393";"1";"Scientific Literature";"J Med Chem";"2024";"None";"TIME = 0.5 hr";"INHIBITOR";"";"2408.8"
"CHEMBL5532053";"";"None";"404.70";"0";"4.51";"n34";"Cn1c(C2CC(=O)N(c3cccc(Br)c3Cl)C2)nc2ccccc21";"IC50";"'='";"331.4";"nM";"6.48";"";"";"UO_0000065";"16.01";"0.37";"1.97";"16.99";"0";"CHEMBL5503720";"Inhibition of N-terminal his 6 tagged Staphylococcus aureus Fabi (1 to 771 residues) expressed in Escherichia coli BL21 incubated for 30 mins in presence of NADPH by fluorescence based microplate reader analysis";"B";"BAO_0000019";"assay format";"Staphylococcus aureus";"None";"None";"None";"None";"";"";"";"CHEMBL3994";"Enoyl-[acyl-carrier-protein] reductase [NADPH] FabI";"Staphylococcus aureus";"SINGLE PROTEIN";"CHEMBL5500393";"1";"Scientific Literature";"J Med Chem";"2024";"None";"TIME = 0.5 hr";"INHIBITOR";"";"331.4"
"CHEMBL435896";"";"None";"293.37";"0";"3.03";"7";"CN(Cc1cc2ccccc2n1C)C(=O)c1ccc(N)cc1";"IC50";"'='";"16300.0";"nM";"4.79";"";"";"UO_0000065";"16.32";"0.30";"1.76";"9.34";"0";"CHEMBL819485";"Concentration required for the 50% inhibition of enoyl-ACP reductase from Staphylococcus aureus was determined.";"B";"BAO_0000357";"single protein format";"None";"None";"None";"None";"None";"";"";"";"CHEMBL3994";"Enoyl-[acyl-carrier-protein] reductase [NADPH] FabI";"Staphylococcus aureus";"SINGLE PROTEIN";"CHEMBL1135515";"1";"Scientific Literature";"J Med Chem";"2002";"None";"";"";"";"16.3"
"CHEMBL5848223";"";"None";"376.46";"0";"2.32";"BDBM302068";"O=C1CCc2cc(/C=C/C(=O)N3CCN(Cc4ccccc4)CC3)cnc2N1";"IC50";"'='";"19000.0";"nM";"4.72";"";"578225";"UO_0000065";"12.54";"0.23";"2.40";"7.20";"0";"CHEMBL5731701";"Enzyme Inhibition Assay: FabI enzyme inhibition assays were carried out in half-area, 384-well microtitre plates. Compounds were evaluated in 40-μl assay mixtures containing 100 mM NaADA, pH 6.5 (ADA=N-[2-acetamido]-2iminodiacetic acid), 250 μM crotonoyl-CoA, 625 μM NADH and 50 μg/ml S. aureus ATCC 29213 FabI Inhibitors were typically varied over the range of 50 to 0.39 μM. The reaction mixtures were incubated for 30 minutes at room temperature and the reaction was stopped by adding 200 mM Tris buffer (pH 9.0) to create a pH-shift. The consumption of NADH was monitored by measuring the change in absorbance at 340. By comparing sample readings to those of negative (absence of compound) and positive (absence of enzyme) controls, the percent inhibition of enzymatic activity of the compounds was determined A best-fit curve is fitted by a minimum of squares method. From this an IC50-value (expressed in μg/ml), resulting in 50% inhibition of enzymatic activity, was obtained.";"B";"BAO_0000019";"assay format";"Staphylococcus aureus";"None";"None";"None";"None";"";"";"";"CHEMBL3994";"Enoyl-[acyl-carrier-protein] reductase [NADPH] FabI";"Staphylococcus aureus";"SINGLE PROTEIN";"CHEMBL5725922";"37";"BindingDB Patent Bioactivity Data";"";"2017";"None";"";"";"";"19000.0"
"CHEMBL433326";"";"None";"398.46";"0";"4.30";"16";"O=C(c1ccc(O)cc1)N1CCc2c(c3ccccc3n2Cc2ccc(O)cc2)C1";"IC50";"'='";"32400.0";"nM";"4.49";"";"";"UO_0000065";"11.27";"0.20";"0.19";"6.83";"0";"CHEMBL677574";"Antibacterial activity against Staphylococcus aureus FabI";"B";"BAO_0000357";"single protein format";"Staphylococcus aureus";"None";"None";"None";"None";"";"";"";"CHEMBL3994";"Enoyl-[acyl-carrier-protein] reductase [NADPH] FabI";"Staphylococcus aureus";"SINGLE PROTEIN";"CHEMBL1133924";"1";"Scientific Literature";"Bioorg Med Chem Lett";"2001";"None";"";"";"";"32.4"
"CHEMBL3322715";"";"None";"404.50";"0";"3.29";"AEA13";"O=C1CCc2cc(/C=C/C(=O)N3CC(Cc4nc5ccccc5s4)C3)cnc2N1";"IC50";"";"";"";"";"";"Not Determined";"";"";"";"";"";"0";"CHEMBL3365684";"Inhibition of Staphylococcus aureus FabI-mediated reduction of enoyl-ACP preincubated for 30 mins measured after 2 hrs by spectrophotometry";"B";"BAO_0000357";"single protein format";"Staphylococcus aureus";"None";"None";"None";"None";"";"";"";"CHEMBL3994";"Enoyl-[acyl-carrier-protein] reductase [NADPH] FabI";"Staphylococcus aureus";"SINGLE PROTEIN";"CHEMBL3352330";"1";"Scientific Literature";"Eur J Med Chem";"2014";"None";"";"";"";""
"CHEMBL70830";"";"None";"411.51";"0";"4.64";"26";"CNc1ccc(C(=O)N2CCc3c(n(Cc4ccc(O)cc4)c4ccccc34)C2)cc1";"IC50";"'='";"2100.0";"nM";"5.68";"";"";"UO_0000065";"13.80";"0.25";"1.04";"9.87";"0";"CHEMBL677574";"Antibacterial activity against Staphylococcus aureus FabI";"B";"BAO_0000357";"single protein format";"Staphylococcus aureus";"None";"None";"None";"None";"";"";"";"CHEMBL3994";"Enoyl-[acyl-carrier-protein] reductase [NADPH] FabI";"Staphylococcus aureus";"SINGLE PROTEIN";"CHEMBL1133924";"1";"Scientific Literature";"Bioorg Med Chem Lett";"2001";"None";"";"";"";"2.1"
"CHEMBL72770";"";"None";"400.45";"0";"4.73";"13";"O=C(c1ccc(O)cc1)N1CCc2c(n(Cc3ccc(F)cc3)c3ccccc23)C1";"IC50";"'='";"250.0";"nM";"6.60";"";"";"UO_0000065";"16.49";"0.30";"1.87";"14.52";"0";"CHEMBL677574";"Antibacterial activity against Staphylococcus aureus FabI";"B";"BAO_0000357";"single protein format";"Staphylococcus aureus";"None";"None";"None";"None";"";"";"";"CHEMBL3994";"Enoyl-[acyl-carrier-protein] reductase [NADPH] FabI";"Staphylococcus aureus";"SINGLE PROTEIN";"CHEMBL1133924";"1";"Scientific Literature";"Bioorg Med Chem Lett";"2001";"None";"";"";"";"0.25"
"CHEMBL5759944";"";"None";"381.50";"0";"3.52";"BDBM302080";"O=C1CCc2cc(/C=C/C(=O)N3CCC(Cc4cccs4)CC3)cnc2N1";"IC50";"'='";"1310.0";"nM";"5.88";"";"578237";"UO_0000065";"15.42";"0.30";"2.36";"9.44";"0";"CHEMBL5731701";"Enzyme Inhibition Assay: FabI enzyme inhibition assays were carried out in half-area, 384-well microtitre plates. Compounds were evaluated in 40-μl assay mixtures containing 100 mM NaADA, pH 6.5 (ADA=N-[2-acetamido]-2iminodiacetic acid), 250 μM crotonoyl-CoA, 625 μM NADH and 50 μg/ml S. aureus ATCC 29213 FabI Inhibitors were typically varied over the range of 50 to 0.39 μM. The reaction mixtures were incubated for 30 minutes at room temperature and the reaction was stopped by adding 200 mM Tris buffer (pH 9.0) to create a pH-shift. The consumption of NADH was monitored by measuring the change in absorbance at 340. By comparing sample readings to those of negative (absence of compound) and positive (absence of enzyme) controls, the percent inhibition of enzymatic activity of the compounds was determined A best-fit curve is fitted by a minimum of squares method. From this an IC50-value (expressed in μg/ml), resulting in 50% inhibition of enzymatic activity, was obtained.";"B";"BAO_0000019";"assay format";"Staphylococcus aureus";"None";"None";"None";"None";"";"";"";"CHEMBL3994";"Enoyl-[acyl-carrier-protein] reductase [NADPH] FabI";"Staphylococcus aureus";"SINGLE PROTEIN";"CHEMBL5725922";"37";"BindingDB Patent Bioactivity Data";"";"2017";"None";"";"";"";"1310.0"
"CHEMBL44183";"";"None";"374.44";"0";"3.13";"2";"CN(Cc1cc2ccccc2n1C)C(=O)/C=C/c1cnc2c(c1)CCC(=O)N2";"IC50";"'='";"50.0";"nM";"7.30";"";"";"UO_0000065";"19.50";"0.36";"4.17";"10.86";"1";"CHEMBL1039114";"Inhibition of Staphylococcus aureus FabI";"B";"BAO_0000357";"single protein format";"Staphylococcus aureus";"None";"None";"None";"None";"";"";"";"CHEMBL3994";"Enoyl-[acyl-carrier-protein] reductase [NADPH] FabI";"Staphylococcus aureus";"SINGLE PROTEIN";"CHEMBL1155988";"1";"Scientific Literature";"Bioorg Med Chem Lett";"2009";"None";"";"";"";"50.0"
"CHEMBL296932";"";"None";"362.43";"0";"3.20";"12";"CC(=O)Nc1ccc(/C=C/C(=O)N(C)Cc2cc3ccccc3n2C)cn1";"IC50";"'='";"300.0";"nM";"6.52";"";"";"UO_0000065";"18.00";"0.33";"3.32";"9.70";"0";"CHEMBL677578";"Inhibitory activity against Enoyl-ACP reductase FabI in Staphylococcus aureus";"B";"BAO_0000357";"single protein format";"Staphylococcus aureus";"None";"None";"None";"None";"";"";"";"CHEMBL3994";"Enoyl-[acyl-carrier-protein] reductase [NADPH] FabI";"Staphylococcus aureus";"SINGLE PROTEIN";"CHEMBL1136775";"1";"Scientific Literature";"J Med Chem";"2003";"None";"";"";"";"0.3"
"CHEMBL322294";"";"None";"448.52";"0";"2.77";"2";"COC(=O)C[C@H]1Nc2ccc(C(=O)N(C)Cc3cc4ccccc4n3C)cc2CN(C)C1=O";"IC50";"'='";"9900.0";"nM";"5.00";"";"";"UO_0000065";"11.16";"0.21";"2.23";"5.97";"0";"CHEMBL819485";"Concentration required for the 50% inhibition of enoyl-ACP reductase from Staphylococcus aureus was determined.";"B";"BAO_0000357";"single protein format";"None";"None";"None";"None";"None";"";"";"";"CHEMBL3994";"Enoyl-[acyl-carrier-protein] reductase [NADPH] FabI";"Staphylococcus aureus";"SINGLE PROTEIN";"CHEMBL1135515";"1";"Scientific Literature";"J Med Chem";"2002";"None";"";"";"";"9.9"
"CHEMBL109484";"";"None";"322.41";"0";"2.75";"11";"CN(Cc1cc2ccccc2n1C)C(=O)CCc1ccc(N)nc1";"IC50";"'='";"93700.0";"nM";"4.03";"";"";"UO_0000065";"12.49";"0.23";"1.28";"6.28";"0";"CHEMBL819485";"Concentration required for the 50% inhibition of enoyl-ACP reductase from Staphylococcus aureus was determined.";"B";"BAO_0000357";"single protein format";"None";"None";"None";"None";"None";"";"";"";"CHEMBL3994";"Enoyl-[acyl-carrier-protein] reductase [NADPH] FabI";"Staphylococcus aureus";"SINGLE PROTEIN";"CHEMBL1135515";"1";"Scientific Literature";"J Med Chem";"2002";"None";"";"";"";"93.7"
"CHEMBL3623394";"";"None";"363.20";"1";"5.32";"13e";"O=c1cc(COc2ccccc2)occ1Oc1c(Cl)cccc1Cl";"IC50";"'='";"1420.0";"nM";"5.85";"";"";"UO_0000065";"16.10";"0.33";"0.53";"12.02";"0";"CHEMBL3625533";"Inhibition of Staphylococcus aureus FabI assessed as reduction in inhibition of reduction of trans-2-octenoyl N-acetylcysteamine substrate by spectrophotometry";"B";"BAO_0000357";"single protein format";"Staphylococcus aureus";"None";"None";"None";"None";"";"";"";"CHEMBL3994";"Enoyl-[acyl-carrier-protein] reductase [NADPH] FabI";"Staphylococcus aureus";"SINGLE PROTEIN";"CHEMBL3621046";"1";"Scientific Literature";"Bioorg Med Chem Lett";"2015";"None";"";"";"";"1.42"
"CHEMBL849";"TRICLOSAN";"4.0";"289.55";"1";"5.14";"Triclosan";"Oc1cc(Cl)ccc1Oc1ccc(Cl)cc1Cl";"IC50";"'='";"1100.0";"nM";"5.96";"";"";"UO_0000065";"20.58";"0.48";"0.82";"20.23";"1";"CHEMBL677574";"Antibacterial activity against Staphylococcus aureus FabI";"B";"BAO_0000357";"single protein format";"Staphylococcus aureus";"None";"None";"None";"None";"";"";"";"CHEMBL3994";"Enoyl-[acyl-carrier-protein] reductase [NADPH] FabI";"Staphylococcus aureus";"SINGLE PROTEIN";"CHEMBL1133924";"1";"Scientific Literature";"Bioorg Med Chem Lett";"2001";"None";"";"";"";"1.1"
"CHEMBL72725";"";"None";"451.35";"1";"5.90";"23";"O=C(c1ccc(Cl)cc1Cl)N1CCc2c(n(Cc3ccc(O)cc3)c3ccccc23)C1";"IC50";"'='";"1800.0";"nM";"5.75";"";"";"UO_0000065";"12.73";"0.25";"-0.16";"12.63";"0";"CHEMBL677574";"Antibacterial activity against Staphylococcus aureus FabI";"B";"BAO_0000357";"single protein format";"Staphylococcus aureus";"None";"None";"None";"None";"";"";"";"CHEMBL3994";"Enoyl-[acyl-carrier-protein] reductase [NADPH] FabI";"Staphylococcus aureus";"SINGLE PROTEIN";"CHEMBL1133924";"1";"Scientific Literature";"Bioorg Med Chem Lett";"2001";"None";"";"";"";"1.8"
"CHEMBL45433";"";"None";"376.46";"0";"3.51";"13";"CC(=O)Nc1ncc(/C=C/C(=O)N(C)Cc2cc3ccccc3n2C)cc1C";"IC50";"'='";"940.0";"nM";"6.03";"";"";"UO_0000065";"16.01";"0.29";"2.52";"8.96";"0";"CHEMBL677578";"Inhibitory activity against Enoyl-ACP reductase FabI in Staphylococcus aureus";"B";"BAO_0000357";"single protein format";"Staphylococcus aureus";"None";"None";"None";"None";"";"";"";"CHEMBL3994";"Enoyl-[acyl-carrier-protein] reductase [NADPH] FabI";"Staphylococcus aureus";"SINGLE PROTEIN";"CHEMBL1136775";"1";"Scientific Literature";"J Med Chem";"2003";"None";"";"";"";"0.94"
"CHEMBL566665";"";"None";"474.63";"0";"4.48";"15c";"Cc1c(CN(C)C(=O)/C=C/c2cnc3c(c2)CC2(CCN(C)CC2)C(=O)N3)sc2ccccc12";"IC50";"'='";"14.0";"nM";"7.85";"";"";"UO_0000065";"16.55";"0.32";"3.37";"11.98";"0";"CHEMBL1039114";"Inhibition of Staphylococcus aureus FabI";"B";"BAO_0000357";"single protein format";"Staphylococcus aureus";"None";"None";"None";"None";"";"";"";"CHEMBL3994";"Enoyl-[acyl-carrier-protein] reductase [NADPH] FabI";"Staphylococcus aureus";"SINGLE PROTEIN";"CHEMBL1155988";"1";"Scientific Literature";"Bioorg Med Chem Lett";"2009";"None";"";"";"";"14.0"
"CHEMBL73580";"";"None";"432.91";"0";"4.95";"33";"O=C(c1ccc(O)c(Cl)c1)N1CCc2c(n(Cc3ccc(O)cc3)c3ccccc23)C1";"IC50";"'='";"160.0";"nM";"6.80";"";"";"UO_0000065";"15.70";"0.30";"1.85";"10.34";"0";"CHEMBL677574";"Antibacterial activity against Staphylococcus aureus FabI";"B";"BAO_0000357";"single protein format";"Staphylococcus aureus";"None";"None";"None";"None";"";"";"";"CHEMBL3994";"Enoyl-[acyl-carrier-protein] reductase [NADPH] FabI";"Staphylococcus aureus";"SINGLE PROTEIN";"CHEMBL1133924";"1";"Scientific Literature";"Bioorg Med Chem Lett";"2001";"None";"";"";"";"0.16"
"CHEMBL3623399";"";"None";"339.78";"0";"4.96";"15d";"Cc1cc(Cl)ccc1Oc1coc(/C=C/c2cccnc2)cc1=O";"IC50";"'='";"2940.0";"nM";"5.53";"";"";"UO_0000065";"16.28";"0.31";"0.57";"10.57";"0";"CHEMBL3625533";"Inhibition of Staphylococcus aureus FabI assessed as reduction in inhibition of reduction of trans-2-octenoyl N-acetylcysteamine substrate by spectrophotometry";"B";"BAO_0000357";"single protein format";"Staphylococcus aureus";"None";"None";"None";"None";"";"";"";"CHEMBL3994";"Enoyl-[acyl-carrier-protein] reductase [NADPH] FabI";"Staphylococcus aureus";"SINGLE PROTEIN";"CHEMBL3621046";"1";"Scientific Literature";"Bioorg Med Chem Lett";"2015";"None";"";"";"";"2.94"
"CHEMBL2178287";"";"None";"376.36";"0";"2.60";"86";"CCc1cc(O)c(Oc2ccc(C(=O)N3CCNC(=O)C3)cc2F)cc1F";"IC50";"'='";"16.0";"nM";"7.80";"";"";"UO_0000065";"20.71";"0.39";"5.20";"9.88";"0";"CHEMBL2188143";"Inhibition of Staphylococcus aureus recombinant FabI using trans-2-octenoyl N-acetylcysteamine thioester as substrate preincubated for 60 mins";"B";"BAO_0000357";"single protein format";"Staphylococcus aureus";"None";"None";"None";"None";"";"";"";"CHEMBL3994";"Enoyl-[acyl-carrier-protein] reductase [NADPH] FabI";"Staphylococcus aureus";"SINGLE PROTEIN";"CHEMBL2176870";"1";"Scientific Literature";"J Med Chem";"2012";"None";"";"";"";"0.016"
"CHEMBL2178291";"";"None";"251.23";"0";"3.42";"96";"CCc1cc(O)c(Oc2cccnc2F)cc1F";"IC50";"'='";"13.0";"nM";"7.89";"";"";"UO_0000065";"31.39";"0.60";"4.47";"18.62";"0";"CHEMBL2188143";"Inhibition of Staphylococcus aureus recombinant FabI using trans-2-octenoyl N-acetylcysteamine thioester as substrate preincubated for 60 mins";"B";"BAO_0000357";"single protein format";"Staphylococcus aureus";"None";"None";"None";"None";"";"";"";"CHEMBL3994";"Enoyl-[acyl-carrier-protein] reductase [NADPH] FabI";"Staphylococcus aureus";"SINGLE PROTEIN";"CHEMBL2176870";"1";"Scientific Literature";"J Med Chem";"2012";"None";"";"";"";"0.013"
"CHEMBL2178289";"";"None";"248.26";"0";"2.86";"94";"CCc1cc(O)c(Oc2cccnc2N)cc1F";"IC50";"'='";"56.0";"nM";"7.25";"";"";"UO_0000065";"29.21";"0.55";"4.39";"10.61";"0";"CHEMBL2188143";"Inhibition of Staphylococcus aureus recombinant FabI using trans-2-octenoyl N-acetylcysteamine thioester as substrate preincubated for 60 mins";"B";"BAO_0000357";"single protein format";"Staphylococcus aureus";"None";"None";"None";"None";"";"";"";"CHEMBL3994";"Enoyl-[acyl-carrier-protein] reductase [NADPH] FabI";"Staphylococcus aureus";"SINGLE PROTEIN";"CHEMBL2176870";"1";"Scientific Literature";"J Med Chem";"2012";"None";"";"";"";"0.056"
"CHEMBL849";"TRICLOSAN";"4.0";"289.55";"1";"5.14";"Triclosan";"Oc1cc(Cl)ccc1Oc1ccc(Cl)cc1Cl";"IC50";"'='";"59.0";"nM";"7.23";"";"";"UO_0000065";"24.97";"0.58";"2.09";"24.54";"0";"CHEMBL2188143";"Inhibition of Staphylococcus aureus recombinant FabI using trans-2-octenoyl N-acetylcysteamine thioester as substrate preincubated for 60 mins";"B";"BAO_0000357";"single protein format";"Staphylococcus aureus";"None";"None";"None";"None";"";"";"";"CHEMBL3994";"Enoyl-[acyl-carrier-protein] reductase [NADPH] FabI";"Staphylococcus aureus";"SINGLE PROTEIN";"CHEMBL2176870";"1";"Scientific Literature";"J Med Chem";"2012";"None";"";"";"";"0.059"
"CHEMBL74072";"";"None";"384.44";"0";"4.37";"17";"O=C(c1ccc(O)cc1)N1CCc2c([nH]c3ccccc23)C1c1ccc(O)cc1";"IC50";"'='";"28100.0";"nM";"4.55";"";"";"UO_0000065";"11.84";"0.21";"0.18";"5.94";"0";"CHEMBL677574";"Antibacterial activity against Staphylococcus aureus FabI";"B";"BAO_0000357";"single protein format";"Staphylococcus aureus";"None";"None";"None";"None";"";"";"";"CHEMBL3994";"Enoyl-[acyl-carrier-protein] reductase [NADPH] FabI";"Staphylococcus aureus";"SINGLE PROTEIN";"CHEMBL1133924";"1";"Scientific Literature";"Bioorg Med Chem Lett";"2001";"None";"";"";"";"28.1"
"CHEMBL3676398";"";"None";"309.38";"0";"3.85";"BDBM133661";"CC(C)(C)OC(=O)N1CCC(COc2ccc(F)cc2)CC1";"IC50";"'='";"250.0";"nM";"6.60";"";"266519";"UO_0000065";"21.34";"0.41";"2.75";"17.03";"0";"CHEMBL3705478";"Fluorescence Based Assay: Compound inhibitory activity of FabI enzyme is measured in vitro by the IC5 so determination using a fluorescence based assay.The protein FabI from S. aureus is prepared and purified using standard methods for recombinant protein expression after cloning of the gene in a prokaryotic expression vector.The biochemical activity of the FabI enzyme is assessed using the following method.The assay buffer AB contained 50 mM ADA (N-(2-acetamido)iminodiacetic acid monosodium salt) pH 6.5, 1 mM dithiothreitol, 0.006% Triton-X100 and 50 mM NaCl.The following components are added in a white polystyrene Costar plate (Ref 3912) up to a final volume of 55.5 uL: 1.5 uL DMSO or inhibitor dissolved in DMSO and 54 uL of a FabI/NADPH/NADP+ mixture in AB. After 60 min of pre-incubation at room temperature, the reaction is started by addition of 5 uL of trans-2-octenoyl N-acetylcysteamine thioester (t-o-NAC) to a final volume of 60.5 uL.";"B";"BAO_0000019";"assay format";"Staphylococcus aureus";"None";"None";"None";"None";"";"";"";"CHEMBL3994";"Enoyl-[acyl-carrier-protein] reductase [NADPH] FabI";"Staphylococcus aureus";"SINGLE PROTEIN";"CHEMBL3638382";"37";"BindingDB Patent Bioactivity Data";"";"2014";"None";"";"";"";"250.0"
"CHEMBL304029";"";"None";"255.34";"0";"4.30";"16";"Cc1ccc(Cc2coc(-c3ccsc3)n2)cc1";"IC50";"'>'";"100000.0";"nM";"";"";"";"UO_0000065";"";"";"";"";"0";"CHEMBL677570";"Evaluated for inhibition of enoyl acyl carrier protein reductase (FabI) in Staphylococcus aureus.";"B";"BAO_0000357";"single protein format";"Staphylococcus aureus";"None";"None";"None";"None";"";"";"";"CHEMBL3994";"Enoyl-[acyl-carrier-protein] reductase [NADPH] FabI";"Staphylococcus aureus";"SINGLE PROTEIN";"CHEMBL1133895";"1";"Scientific Literature";"Bioorg Med Chem Lett";"2001";"None";"";"";"";"100.0"
"CHEMBL4217928";"";"None";"336.40";"0";"2.46";"28";"CC(=O)Nc1ccc(/C=C/C(=O)N2CCC(c3ccccn3)C2)cn1";"IC50";"'='";"28400.0";"nM";"4.55";"";"";"UO_0000065";"13.52";"0.25";"2.09";"6.05";"0";"CHEMBL4182166";"Inhibition of Staphylococcus aureus subsp. aureus Rosenbach ATCC 43300 FabI using crotonyl-CoA as substrate in presence of NADPH/NADH after 10 mins by fluorescence assay";"B";"BAO_0000357";"single protein format";"Staphylococcus aureus";"None";"None";"None";"None";"";"";"";"CHEMBL3994";"Enoyl-[acyl-carrier-protein] reductase [NADPH] FabI";"Staphylococcus aureus";"SINGLE PROTEIN";"CHEMBL4177701";"1";"Scientific Literature";"Bioorg Med Chem";"2018";"None";"";"";"";"28.4"
"CHEMBL4206150";"";"None";"329.43";"0";"2.66";"21";"CC(=O)Nc1ccc(CC(=O)N2CCC(c3nccs3)C2)cc1";"IC50";"'>'";"100000.0";"nM";"";"";"";"UO_0000065";"";"";"";"";"0";"CHEMBL4182166";"Inhibition of Staphylococcus aureus subsp. aureus Rosenbach ATCC 43300 FabI using crotonyl-CoA as substrate in presence of NADPH/NADH after 10 mins by fluorescence assay";"B";"BAO_0000357";"single protein format";"Staphylococcus aureus";"None";"None";"None";"None";"";"";"";"CHEMBL3994";"Enoyl-[acyl-carrier-protein] reductase [NADPH] FabI";"Staphylococcus aureus";"SINGLE PROTEIN";"CHEMBL4177701";"1";"Scientific Literature";"Bioorg Med Chem";"2018";"None";"";"";"";"100.0"
"CHEMBL5527839";"";"None";"327.33";"0";"3.37";"n21";"Cn1c(C2CC(=O)N(c3cccc(F)c3F)C2)nc2ccccc21";"IC50";"'='";"226.6";"nM";"6.64";"";"";"UO_0000065";"20.30";"0.38";"3.27";"17.43";"0";"CHEMBL5503720";"Inhibition of N-terminal his 6 tagged Staphylococcus aureus Fabi (1 to 771 residues) expressed in Escherichia coli BL21 incubated for 30 mins in presence of NADPH by fluorescence based microplate reader analysis";"B";"BAO_0000019";"assay format";"Staphylococcus aureus";"None";"None";"None";"None";"";"";"";"CHEMBL3994";"Enoyl-[acyl-carrier-protein] reductase [NADPH] FabI";"Staphylococcus aureus";"SINGLE PROTEIN";"CHEMBL5500393";"1";"Scientific Literature";"J Med Chem";"2024";"None";"TIME = 0.5 hr";"INHIBITOR";"";"226.6"
"CHEMBL5555670";"";"None";"327.33";"0";"3.37";"n22";"Cn1c(C2CC(=O)N(c3ccc(F)c(F)c3)C2)nc2ccccc21";"IC50";"";"";"";"";"";"Not Determined";"";"";"";"";"";"0";"CHEMBL5503720";"Inhibition of N-terminal his 6 tagged Staphylococcus aureus Fabi (1 to 771 residues) expressed in Escherichia coli BL21 incubated for 30 mins in presence of NADPH by fluorescence based microplate reader analysis";"B";"BAO_0000019";"assay format";"Staphylococcus aureus";"None";"None";"None";"None";"";"";"";"CHEMBL3994";"Enoyl-[acyl-carrier-protein] reductase [NADPH] FabI";"Staphylococcus aureus";"SINGLE PROTEIN";"CHEMBL5500393";"1";"Scientific Literature";"J Med Chem";"2024";"None";"TIME = 0.5 hr";"";"";""
"CHEMBL5558356";"";"None";"320.40";"0";"2.98";"n44";"Cc1c(N)cccc1N1CC(c2nc3ccccc3n2C)CC1=O";"IC50";"";"";"";"";"";"Not Determined";"";"";"";"";"";"0";"CHEMBL5503720";"Inhibition of N-terminal his 6 tagged Staphylococcus aureus Fabi (1 to 771 residues) expressed in Escherichia coli BL21 incubated for 30 mins in presence of NADPH by fluorescence based microplate reader analysis";"B";"BAO_0000019";"assay format";"Staphylococcus aureus";"None";"None";"None";"None";"";"";"";"CHEMBL3994";"Enoyl-[acyl-carrier-protein] reductase [NADPH] FabI";"Staphylococcus aureus";"SINGLE PROTEIN";"CHEMBL5500393";"1";"Scientific Literature";"J Med Chem";"2024";"None";"TIME = 0.5 hr";"";"";""
"CHEMBL5517688";"";"None";"327.39";"0";"4.24";"m7";"O=C1CC(c2nc3ccccc3[nH]2)CN1c1cccc2ccccc12";"IC50";"";"";"";"";"";"Not Determined";"";"";"";"";"";"0";"CHEMBL5503720";"Inhibition of N-terminal his 6 tagged Staphylococcus aureus Fabi (1 to 771 residues) expressed in Escherichia coli BL21 incubated for 30 mins in presence of NADPH by fluorescence based microplate reader analysis";"B";"BAO_0000019";"assay format";"Staphylococcus aureus";"None";"None";"None";"None";"";"";"";"CHEMBL3994";"Enoyl-[acyl-carrier-protein] reductase [NADPH] FabI";"Staphylococcus aureus";"SINGLE PROTEIN";"CHEMBL5500393";"1";"Scientific Literature";"J Med Chem";"2024";"None";"TIME = 0.5 hr";"";"";""
"CHEMBL5523536";"";"None";"412.33";"1";"5.04";"o2";"CCCn1c(C2CC(=O)N(c3cccc(Br)c3C)C2)nc2ccccc21";"IC50";"'='";"744.6";"nM";"6.13";"";"";"UO_0000065";"14.86";"0.32";"1.09";"16.07";"0";"CHEMBL5503720";"Inhibition of N-terminal his 6 tagged Staphylococcus aureus Fabi (1 to 771 residues) expressed in Escherichia coli BL21 incubated for 30 mins in presence of NADPH by fluorescence based microplate reader analysis";"B";"BAO_0000019";"assay format";"Staphylococcus aureus";"None";"None";"None";"None";"";"";"";"CHEMBL3994";"Enoyl-[acyl-carrier-protein] reductase [NADPH] FabI";"Staphylococcus aureus";"SINGLE PROTEIN";"CHEMBL5500393";"1";"Scientific Literature";"J Med Chem";"2024";"None";"TIME = 0.5 hr";"INHIBITOR";"";"744.6"
"CHEMBL1682260";"HYPHOLOMINE B";"None";"490.42";"0";"3.56";"2";"O=c1cc(O)cc([C@H]2c3c(cc(/C=C/c4ccc(O)c(O)c4)oc3=O)O[C@@H]2c2ccc(O)c(O)c2)o1";"IC50";"'='";"15300.0";"nM";"4.82";"";"";"UO_0000065";"9.82";"0.18";"1.26";"2.82";"0";"CHEMBL1686899";"Inhibition of Staphylococcus aureus enoyl-ACP reductase assessed as increase of NADPH level";"B";"BAO_0000357";"single protein format";"Staphylococcus aureus";"None";"None";"None";"None";"";"";"";"CHEMBL3994";"Enoyl-[acyl-carrier-protein] reductase [NADPH] FabI";"Staphylococcus aureus";"SINGLE PROTEIN";"CHEMBL1681723";"1";"Scientific Literature";"Bioorg Med Chem Lett";"2011";"None";"";"";"";"15.3"
"CHEMBL2178305";"";"None";"275.25";"0";"3.90";"82";"CCc1cc(O)c(Oc2ccc(C#N)cc2F)cc1F";"IC50";"'='";"31.0";"nM";"7.51";"";"";"UO_0000065";"27.28";"0.51";"3.61";"14.10";"0";"CHEMBL2188143";"Inhibition of Staphylococcus aureus recombinant FabI using trans-2-octenoyl N-acetylcysteamine thioester as substrate preincubated for 60 mins";"B";"BAO_0000357";"single protein format";"Staphylococcus aureus";"None";"None";"None";"None";"";"";"";"CHEMBL3994";"Enoyl-[acyl-carrier-protein] reductase [NADPH] FabI";"Staphylococcus aureus";"SINGLE PROTEIN";"CHEMBL2176870";"1";"Scientific Literature";"J Med Chem";"2012";"None";"";"";"";"0.031"
"CHEMBL566655";"";"None";"391.50";"0";"4.16";"1";"Cc1c(CN(C)C(=O)/C=C/c2cnc3c(c2)CCC(=O)N3)sc2ccccc12";"IC50";"'='";"30.0";"nM";"7.52";"";"";"UO_0000065";"19.22";"0.37";"3.36";"12.08";"0";"CHEMBL1039114";"Inhibition of Staphylococcus aureus FabI";"B";"BAO_0000357";"single protein format";"Staphylococcus aureus";"None";"None";"None";"None";"";"";"";"CHEMBL3994";"Enoyl-[acyl-carrier-protein] reductase [NADPH] FabI";"Staphylococcus aureus";"SINGLE PROTEIN";"CHEMBL1155988";"1";"Scientific Literature";"Bioorg Med Chem Lett";"2009";"None";"";"";"";"30.0"
"CHEMBL2178286";"";"None";"358.37";"0";"2.46";"85";"CCc1ccc(Oc2ccc(C(=O)N3CCNC(=O)C3)cc2F)c(O)c1";"IC50";"'='";"28.0";"nM";"7.55";"";"";"UO_0000065";"21.08";"0.40";"5.09";"9.58";"0";"CHEMBL2188143";"Inhibition of Staphylococcus aureus recombinant FabI using trans-2-octenoyl N-acetylcysteamine thioester as substrate preincubated for 60 mins";"B";"BAO_0000357";"single protein format";"Staphylococcus aureus";"None";"None";"None";"None";"";"";"";"CHEMBL3994";"Enoyl-[acyl-carrier-protein] reductase [NADPH] FabI";"Staphylococcus aureus";"SINGLE PROTEIN";"CHEMBL2176870";"1";"Scientific Literature";"J Med Chem";"2012";"None";"";"";"";"0.028"
"CHEMBL2178285";"";"None";"307.30";"0";"3.38";"84";"CCc1cc(O)c(Oc2ccc(C(=O)NC)cc2F)cc1F";"IC50";"'='";"82.0";"nM";"7.09";"";"";"UO_0000065";"23.06";"0.44";"3.71";"12.10";"0";"CHEMBL2188143";"Inhibition of Staphylococcus aureus recombinant FabI using trans-2-octenoyl N-acetylcysteamine thioester as substrate preincubated for 60 mins";"B";"BAO_0000357";"single protein format";"Staphylococcus aureus";"None";"None";"None";"None";"";"";"";"CHEMBL3994";"Enoyl-[acyl-carrier-protein] reductase [NADPH] FabI";"Staphylococcus aureus";"SINGLE PROTEIN";"CHEMBL2176870";"1";"Scientific Literature";"J Med Chem";"2012";"None";"";"";"";"0.082"
"CHEMBL566043";"";"None";"505.64";"1";"3.96";"3";"Cc1c(CN(C)C(=O)/C=C/c2cnc3c(c2)CN(CCN2CCOCC2)C(=O)N3)sc2ccccc12";"IC50";"'='";"26.0";"nM";"7.58";"";"";"UO_0000065";"15.00";"0.29";"3.63";"9.72";"0";"CHEMBL1039114";"Inhibition of Staphylococcus aureus FabI";"B";"BAO_0000357";"single protein format";"Staphylococcus aureus";"None";"None";"None";"None";"";"";"";"CHEMBL3994";"Enoyl-[acyl-carrier-protein] reductase [NADPH] FabI";"Staphylococcus aureus";"SINGLE PROTEIN";"CHEMBL1155988";"1";"Scientific Literature";"Bioorg Med Chem Lett";"2009";"None";"";"";"";"26.0"
"CHEMBL4204415";"";"None";"379.42";"0";"2.80";"26";"CC(=O)Nc1ccc(/C=C/C(=O)N2CCC(c3ccc4c(c3)OCO4)C2)cn1";"IC50";"'='";"1100.0";"nM";"5.96";"";"";"UO_0000065";"15.70";"0.29";"3.16";"7.38";"0";"CHEMBL4182166";"Inhibition of Staphylococcus aureus subsp. aureus Rosenbach ATCC 43300 FabI using crotonyl-CoA as substrate in presence of NADPH/NADH after 10 mins by fluorescence assay";"B";"BAO_0000357";"single protein format";"Staphylococcus aureus";"None";"None";"None";"None";"";"";"";"CHEMBL3994";"Enoyl-[acyl-carrier-protein] reductase [NADPH] FabI";"Staphylococcus aureus";"SINGLE PROTEIN";"CHEMBL4177701";"1";"Scientific Literature";"Bioorg Med Chem";"2018";"None";"";"";"";"1.1"
"CHEMBL4217867";"";"None";"352.43";"0";"3.21";"20";"COc1ccc(C2CCN(C(=O)Cc3ccc(NC(C)=O)cc3)C2)cc1";"IC50";"'>'";"100000.0";"nM";"";"";"";"UO_0000065";"";"";"";"";"0";"CHEMBL4182166";"Inhibition of Staphylococcus aureus subsp. aureus Rosenbach ATCC 43300 FabI using crotonyl-CoA as substrate in presence of NADPH/NADH after 10 mins by fluorescence assay";"B";"BAO_0000357";"single protein format";"Staphylococcus aureus";"None";"None";"None";"None";"";"";"";"CHEMBL3994";"Enoyl-[acyl-carrier-protein] reductase [NADPH] FabI";"Staphylococcus aureus";"SINGLE PROTEIN";"CHEMBL4177701";"1";"Scientific Literature";"Bioorg Med Chem";"2018";"None";"";"";"";"100.0"
"CHEMBL4213468";"";"None";"352.43";"0";"3.21";"18";"COc1ccccc1C1CCN(C(=O)Cc2ccc(NC(C)=O)cc2)C1";"IC50";"'>'";"100000.0";"nM";"";"";"";"UO_0000065";"";"";"";"";"0";"CHEMBL4182166";"Inhibition of Staphylococcus aureus subsp. aureus Rosenbach ATCC 43300 FabI using crotonyl-CoA as substrate in presence of NADPH/NADH after 10 mins by fluorescence assay";"B";"BAO_0000357";"single protein format";"Staphylococcus aureus";"None";"None";"None";"None";"";"";"";"CHEMBL3994";"Enoyl-[acyl-carrier-protein] reductase [NADPH] FabI";"Staphylococcus aureus";"SINGLE PROTEIN";"CHEMBL4177701";"1";"Scientific Literature";"Bioorg Med Chem";"2018";"None";"";"";"";"100.0"
"CHEMBL4218049";"";"None";"345.35";"0";"3.25";"15";"O=C(Cc1cccc(F)c1F)N1CCC(c2ccc3c(c2)OCO3)C1";"IC50";"'='";"5500.0";"nM";"5.26";"";"";"UO_0000065";"15.23";"0.29";"2.01";"13.57";"0";"CHEMBL4182166";"Inhibition of Staphylococcus aureus subsp. aureus Rosenbach ATCC 43300 FabI using crotonyl-CoA as substrate in presence of NADPH/NADH after 10 mins by fluorescence assay";"B";"BAO_0000357";"single protein format";"Staphylococcus aureus";"None";"None";"None";"None";"";"";"";"CHEMBL3994";"Enoyl-[acyl-carrier-protein] reductase [NADPH] FabI";"Staphylococcus aureus";"SINGLE PROTEIN";"CHEMBL4177701";"1";"Scientific Literature";"Bioorg Med Chem";"2018";"None";"";"";"";"5.5"
"CHEMBL4204858";"";"None";"301.34";"0";"3.52";"6";"O=C(Cc1c(F)cccc1F)N1CCC(c2ccccc2)C1";"IC50";"'='";"1900.0";"nM";"5.72";"";"";"UO_0000065";"18.99";"0.36";"2.20";"28.17";"0";"CHEMBL4182166";"Inhibition of Staphylococcus aureus subsp. aureus Rosenbach ATCC 43300 FabI using crotonyl-CoA as substrate in presence of NADPH/NADH after 10 mins by fluorescence assay";"B";"BAO_0000357";"single protein format";"Staphylococcus aureus";"None";"None";"None";"None";"";"";"";"CHEMBL3994";"Enoyl-[acyl-carrier-protein] reductase [NADPH] FabI";"Staphylococcus aureus";"SINGLE PROTEIN";"CHEMBL4177701";"1";"Scientific Literature";"Bioorg Med Chem";"2018";"None";"";"";"";"1.9"
"CHEMBL3676419";"";"None";"465.48";"0";"3.18";"BDBM133684";"COC(=O)c1cc2cc(/C=C/C(=O)N3CCC(COc4ccc(F)cc4)CC3)cnc2[nH]c1=O";"IC50";"'='";"550.0";"nM";"6.26";"";"266541";"UO_0000065";"13.45";"0.25";"3.08";"6.16";"0";"CHEMBL3705478";"Fluorescence Based Assay: Compound inhibitory activity of FabI enzyme is measured in vitro by the IC5 so determination using a fluorescence based assay.The protein FabI from S. aureus is prepared and purified using standard methods for recombinant protein expression after cloning of the gene in a prokaryotic expression vector.The biochemical activity of the FabI enzyme is assessed using the following method.The assay buffer AB contained 50 mM ADA (N-(2-acetamido)iminodiacetic acid monosodium salt) pH 6.5, 1 mM dithiothreitol, 0.006% Triton-X100 and 50 mM NaCl.The following components are added in a white polystyrene Costar plate (Ref 3912) up to a final volume of 55.5 uL: 1.5 uL DMSO or inhibitor dissolved in DMSO and 54 uL of a FabI/NADPH/NADP+ mixture in AB. After 60 min of pre-incubation at room temperature, the reaction is started by addition of 5 uL of trans-2-octenoyl N-acetylcysteamine thioester (t-o-NAC) to a final volume of 60.5 uL.";"B";"BAO_0000019";"assay format";"Staphylococcus aureus";"None";"None";"None";"None";"";"";"";"CHEMBL3994";"Enoyl-[acyl-carrier-protein] reductase [NADPH] FabI";"Staphylococcus aureus";"SINGLE PROTEIN";"CHEMBL3638382";"37";"BindingDB Patent Bioactivity Data";"";"2014";"None";"";"";"";"550.0"
"CHEMBL3676418";"";"None";"439.49";"0";"2.65";"BDBM133683";"O=C1Nc2ncc(/C=C/C(=O)N3CCC(COc4ccc(F)cc4)CC3)cc2CC1CO";"IC50";"'='";"81.0";"nM";"7.09";"";"266542";"UO_0000065";"16.14";"0.30";"4.44";"7.73";"0";"CHEMBL3705478";"Fluorescence Based Assay: Compound inhibitory activity of FabI enzyme is measured in vitro by the IC5 so determination using a fluorescence based assay.The protein FabI from S. aureus is prepared and purified using standard methods for recombinant protein expression after cloning of the gene in a prokaryotic expression vector.The biochemical activity of the FabI enzyme is assessed using the following method.The assay buffer AB contained 50 mM ADA (N-(2-acetamido)iminodiacetic acid monosodium salt) pH 6.5, 1 mM dithiothreitol, 0.006% Triton-X100 and 50 mM NaCl.The following components are added in a white polystyrene Costar plate (Ref 3912) up to a final volume of 55.5 uL: 1.5 uL DMSO or inhibitor dissolved in DMSO and 54 uL of a FabI/NADPH/NADP+ mixture in AB. After 60 min of pre-incubation at room temperature, the reaction is started by addition of 5 uL of trans-2-octenoyl N-acetylcysteamine thioester (t-o-NAC) to a final volume of 60.5 uL.";"B";"BAO_0000019";"assay format";"Staphylococcus aureus";"None";"None";"None";"None";"";"";"";"CHEMBL3994";"Enoyl-[acyl-carrier-protein] reductase [NADPH] FabI";"Staphylococcus aureus";"SINGLE PROTEIN";"CHEMBL3638382";"37";"BindingDB Patent Bioactivity Data";"";"2014";"None";"";"";"";"81.0"
"CHEMBL111556";"";"None";"363.46";"0";"3.43";"6";"CC(=O)N(C)Cc1cccc(C(=O)N(C)Cc2cc3ccccc3n2C)c1";"IC50";"'='";"107000.0";"nM";"";"Outside typical range";"";"UO_0000065";"";"";"";"";"0";"CHEMBL819485";"Concentration required for the 50% inhibition of enoyl-ACP reductase from Staphylococcus aureus was determined.";"B";"BAO_0000357";"single protein format";"None";"None";"None";"None";"None";"";"";"";"CHEMBL3994";"Enoyl-[acyl-carrier-protein] reductase [NADPH] FabI";"Staphylococcus aureus";"SINGLE PROTEIN";"CHEMBL1135515";"1";"Scientific Literature";"J Med Chem";"2002";"None";"";"";"";"107.0"
"CHEMBL3676401";"";"None";"327.43";"0";"3.02";"BDBM133664";"CCCC1CCN(C(=O)/C=C/c2cnc3c(c2)CCC(=O)N3)CC1";"IC50";"'='";"41.0";"nM";"7.39";"";"266522";"UO_0000065";"22.56";"0.42";"4.37";"11.86";"0";"CHEMBL3705478";"Fluorescence Based Assay: Compound inhibitory activity of FabI enzyme is measured in vitro by the IC5 so determination using a fluorescence based assay.The protein FabI from S. aureus is prepared and purified using standard methods for recombinant protein expression after cloning of the gene in a prokaryotic expression vector.The biochemical activity of the FabI enzyme is assessed using the following method.The assay buffer AB contained 50 mM ADA (N-(2-acetamido)iminodiacetic acid monosodium salt) pH 6.5, 1 mM dithiothreitol, 0.006% Triton-X100 and 50 mM NaCl.The following components are added in a white polystyrene Costar plate (Ref 3912) up to a final volume of 55.5 uL: 1.5 uL DMSO or inhibitor dissolved in DMSO and 54 uL of a FabI/NADPH/NADP+ mixture in AB. After 60 min of pre-incubation at room temperature, the reaction is started by addition of 5 uL of trans-2-octenoyl N-acetylcysteamine thioester (t-o-NAC) to a final volume of 60.5 uL.";"B";"BAO_0000019";"assay format";"Staphylococcus aureus";"None";"None";"None";"None";"";"";"";"CHEMBL3994";"Enoyl-[acyl-carrier-protein] reductase [NADPH] FabI";"Staphylococcus aureus";"SINGLE PROTEIN";"CHEMBL3638382";"37";"BindingDB Patent Bioactivity Data";"";"2014";"None";"";"";"";"41.0"
"CHEMBL72164";"";"None";"426.47";"0";"4.29";"15";"O=C(O)c1ccc(Cn2c3c(c4ccccc42)CCN(C(=O)c2ccc(O)cc2)C3)cc1";"IC50";"'='";"8700.0";"nM";"5.06";"";"";"UO_0000065";"11.87";"0.22";"0.77";"6.11";"0";"CHEMBL677574";"Antibacterial activity against Staphylococcus aureus FabI";"B";"BAO_0000357";"single protein format";"Staphylococcus aureus";"None";"None";"None";"None";"";"";"";"CHEMBL3994";"Enoyl-[acyl-carrier-protein] reductase [NADPH] FabI";"Staphylococcus aureus";"SINGLE PROTEIN";"CHEMBL1133924";"1";"Scientific Literature";"Bioorg Med Chem Lett";"2001";"None";"";"";"";"8.7"
"CHEMBL65873";"";"None";"254.36";"0";"3.97";"25";"Cc1cccc(Cn2cnc(-c3ccsc3)c2)c1";"IC50";"'='";"4240.0";"nM";"5.37";"";"";"UO_0000065";"21.12";"0.41";"1.40";"30.15";"0";"CHEMBL677570";"Evaluated for inhibition of enoyl acyl carrier protein reductase (FabI) in Staphylococcus aureus.";"B";"BAO_0000357";"single protein format";"Staphylococcus aureus";"None";"None";"None";"None";"";"";"";"CHEMBL3994";"Enoyl-[acyl-carrier-protein] reductase [NADPH] FabI";"Staphylococcus aureus";"SINGLE PROTEIN";"CHEMBL1133895";"1";"Scientific Literature";"Bioorg Med Chem Lett";"2001";"None";"";"";"";"4.24"
"CHEMBL3676416";"";"None";"352.39";"0";"1.88";"BDBM133680";"CC(=O)Nc1ccc(/C=C/C(=O)N2CC(OCc3ccncc3)C2)cn1";"IC50";"'='";"260.0";"nM";"6.58";"";"266538";"UO_0000065";"18.69";"0.35";"4.71";"7.80";"0";"CHEMBL3705478";"Fluorescence Based Assay: Compound inhibitory activity of FabI enzyme is measured in vitro by the IC5 so determination using a fluorescence based assay.The protein FabI from S. aureus is prepared and purified using standard methods for recombinant protein expression after cloning of the gene in a prokaryotic expression vector.The biochemical activity of the FabI enzyme is assessed using the following method.The assay buffer AB contained 50 mM ADA (N-(2-acetamido)iminodiacetic acid monosodium salt) pH 6.5, 1 mM dithiothreitol, 0.006% Triton-X100 and 50 mM NaCl.The following components are added in a white polystyrene Costar plate (Ref 3912) up to a final volume of 55.5 uL: 1.5 uL DMSO or inhibitor dissolved in DMSO and 54 uL of a FabI/NADPH/NADP+ mixture in AB. After 60 min of pre-incubation at room temperature, the reaction is started by addition of 5 uL of trans-2-octenoyl N-acetylcysteamine thioester (t-o-NAC) to a final volume of 60.5 uL.";"B";"BAO_0000019";"assay format";"Staphylococcus aureus";"None";"None";"None";"None";"";"";"";"CHEMBL3994";"Enoyl-[acyl-carrier-protein] reductase [NADPH] FabI";"Staphylococcus aureus";"SINGLE PROTEIN";"CHEMBL3638382";"37";"BindingDB Patent Bioactivity Data";"";"2014";"None";"";"";"";"260.0"
"CHEMBL5517992";"";"None";"384.28";"0";"4.16";"n31";"Cc1c(Br)cccc1N1CC(c2nc3ccccc3n2C)CC1=O";"IC50";"'='";"174.2";"nM";"6.76";"";"";"UO_0000065";"17.59";"0.38";"2.60";"17.73";"0";"CHEMBL5503720";"Inhibition of N-terminal his 6 tagged Staphylococcus aureus Fabi (1 to 771 residues) expressed in Escherichia coli BL21 incubated for 30 mins in presence of NADPH by fluorescence based microplate reader analysis";"B";"BAO_0000019";"assay format";"Staphylococcus aureus";"None";"None";"None";"None";"";"";"";"CHEMBL3994";"Enoyl-[acyl-carrier-protein] reductase [NADPH] FabI";"Staphylococcus aureus";"SINGLE PROTEIN";"CHEMBL5500393";"1";"Scientific Literature";"J Med Chem";"2024";"None";"TIME = 0.5 hr";"INHIBITOR";"";"174.2"
"CHEMBL65914";"";"None";"278.36";"0";"3.92";"4";"COc1ccc(-c2cn(Cc3ccc(C)cc3)cn2)cc1";"IC50";"'='";"360.0";"nM";"6.44";"";"";"UO_0000065";"23.15";"0.42";"2.52";"23.82";"0";"CHEMBL677570";"Evaluated for inhibition of enoyl acyl carrier protein reductase (FabI) in Staphylococcus aureus.";"B";"BAO_0000357";"single protein format";"Staphylococcus aureus";"None";"None";"None";"None";"";"";"";"CHEMBL3994";"Enoyl-[acyl-carrier-protein] reductase [NADPH] FabI";"Staphylococcus aureus";"SINGLE PROTEIN";"CHEMBL1133895";"1";"Scientific Literature";"Bioorg Med Chem Lett";"2001";"None";"";"";"";"0.36"
"CHEMBL2178287";"";"None";"376.36";"0";"2.60";"BDBM50399404";"CCc1cc(O)c(Oc2ccc(C(=O)N3CCNC(=O)C3)cc2F)cc1F";"IC50";"'='";"16.0";"nM";"7.80";"";"233861";"UO_0000065";"20.71";"0.39";"5.20";"9.88";"1";"CHEMBL3705967";"Inhibition Assay: The assay buffer AB contained 50 mM ADA (N-(2-acetamido)iminodiacetic acid monosodium salt) pH 6.5, 1 mM dithiothreitol, 0.006% Triton-X100 and 50 mM NaCl. The following components are added in a white polystyrene Costar plate (Ref 3912) up to a final volume of 55.5 uL: 1.5 uL DMSO or inhibitor dissolved in DMSO and 54 uL of a FabI/NADPH/NADP+ mixture in AB. After 60 min of pre-incubation at room temperature, the reaction is started by addition of 5 uL of trans-2-octenoyl N-acetylcysteamine thioester (t-o-NAC) to a final volume of 60.5 uL. This reaction mixture is then composed of 2 nM FabI, 40 uM NADPH (Sigma, N7505), 10 uM NADP+ (Sigma, N5755), 100 uM t-O-NAC and compound at defined concentration. Fluorescence intensity of NADPH (lamda=ex=360 nm, lamda=em=520 nm) is measured immediately after t-O-NAC addition (T0), and approximately 50 min later (T50) by a Fluostar Optima (BMG).";"B";"BAO_0000357";"single protein format";"Staphylococcus aureus";"None";"None";"None";"None";"";"";"";"CHEMBL3994";"Enoyl-[acyl-carrier-protein] reductase [NADPH] FabI";"Staphylococcus aureus";"SINGLE PROTEIN";"CHEMBL3638853";"37";"BindingDB Patent Bioactivity Data";"";"2014";"None";"";"";"";"16.0"
"CHEMBL3952059";"";"None";"402.45";"0";"4.52";"BDBM133674";"O=C(/C=C/c1cnc2c(c1)CCC(O)=N2)N1CCCC[C@H]1c1nc2ccccc2o1";"IC50";"'='";"1800.0";"nM";"5.75";"";"266532";"UO_0000065";"14.27";"0.26";"1.22";"6.26";"0";"CHEMBL3705478";"Fluorescence Based Assay: Compound inhibitory activity of FabI enzyme is measured in vitro by the IC5 so determination using a fluorescence based assay.The protein FabI from S. aureus is prepared and purified using standard methods for recombinant protein expression after cloning of the gene in a prokaryotic expression vector.The biochemical activity of the FabI enzyme is assessed using the following method.The assay buffer AB contained 50 mM ADA (N-(2-acetamido)iminodiacetic acid monosodium salt) pH 6.5, 1 mM dithiothreitol, 0.006% Triton-X100 and 50 mM NaCl.The following components are added in a white polystyrene Costar plate (Ref 3912) up to a final volume of 55.5 uL: 1.5 uL DMSO or inhibitor dissolved in DMSO and 54 uL of a FabI/NADPH/NADP+ mixture in AB. After 60 min of pre-incubation at room temperature, the reaction is started by addition of 5 uL of trans-2-octenoyl N-acetylcysteamine thioester (t-o-NAC) to a final volume of 60.5 uL.";"B";"BAO_0000019";"assay format";"Staphylococcus aureus";"None";"None";"None";"None";"";"";"";"CHEMBL3994";"Enoyl-[acyl-carrier-protein] reductase [NADPH] FabI";"Staphylococcus aureus";"SINGLE PROTEIN";"CHEMBL3638382";"37";"BindingDB Patent Bioactivity Data";"";"2014";"None";"";"";"";"1800.0"
"CHEMBL3676413";"";"None";"406.45";"0";"1.62";"BDBM133677";"C/C(Cc1ncccn1)=N\OC1CN(C(=O)/C=C/c2cnc3c(c2)CCC(=O)N3)C1";"IC50";"'='";"870.0";"nM";"6.06";"";"266535";"UO_0000065";"14.91";"0.28";"4.44";"5.53";"0";"CHEMBL3705478";"Fluorescence Based Assay: Compound inhibitory activity of FabI enzyme is measured in vitro by the IC5 so determination using a fluorescence based assay.The protein FabI from S. aureus is prepared and purified using standard methods for recombinant protein expression after cloning of the gene in a prokaryotic expression vector.The biochemical activity of the FabI enzyme is assessed using the following method.The assay buffer AB contained 50 mM ADA (N-(2-acetamido)iminodiacetic acid monosodium salt) pH 6.5, 1 mM dithiothreitol, 0.006% Triton-X100 and 50 mM NaCl.The following components are added in a white polystyrene Costar plate (Ref 3912) up to a final volume of 55.5 uL: 1.5 uL DMSO or inhibitor dissolved in DMSO and 54 uL of a FabI/NADPH/NADP+ mixture in AB. After 60 min of pre-incubation at room temperature, the reaction is started by addition of 5 uL of trans-2-octenoyl N-acetylcysteamine thioester (t-o-NAC) to a final volume of 60.5 uL.";"B";"BAO_0000019";"assay format";"Staphylococcus aureus";"None";"None";"None";"None";"";"";"";"CHEMBL3994";"Enoyl-[acyl-carrier-protein] reductase [NADPH] FabI";"Staphylococcus aureus";"SINGLE PROTEIN";"CHEMBL3638382";"37";"BindingDB Patent Bioactivity Data";"";"2014";"None";"";"";"";"870.0"
"CHEMBL63871";"";"None";"243.33";"0";"3.14";"15";"c1ccc(C[C@H]2COC(c3ccsc3)=N2)cc1";"IC50";"'>'";"100000.0";"nM";"";"";"";"UO_0000065";"";"";"";"";"0";"CHEMBL677570";"Evaluated for inhibition of enoyl acyl carrier protein reductase (FabI) in Staphylococcus aureus.";"B";"BAO_0000357";"single protein format";"Staphylococcus aureus";"None";"None";"None";"None";"";"";"";"CHEMBL3994";"Enoyl-[acyl-carrier-protein] reductase [NADPH] FabI";"Staphylococcus aureus";"SINGLE PROTEIN";"CHEMBL1133895";"1";"Scientific Literature";"Bioorg Med Chem Lett";"2001";"None";"";"";"";"100.0"
"CHEMBL297053";"";"None";"320.40";"0";"2.83";"4";"CN(Cc1cc2ccccc2n1C)C(=O)/C=C/c1ccc(N)nc1";"IC50";"'='";"2400.0";"nM";"5.62";"";"";"UO_0000065";"17.54";"0.32";"2.79";"8.76";"1";"CHEMBL677578";"Inhibitory activity against Enoyl-ACP reductase FabI in Staphylococcus aureus";"B";"BAO_0000357";"single protein format";"Staphylococcus aureus";"None";"None";"None";"None";"";"";"";"CHEMBL3994";"Enoyl-[acyl-carrier-protein] reductase [NADPH] FabI";"Staphylococcus aureus";"SINGLE PROTEIN";"CHEMBL1136775";"1";"Scientific Literature";"J Med Chem";"2003";"None";"";"";"";"2.4"
"CHEMBL304015";"";"None";"264.33";"0";"3.61";"28";"COc1ccc(-c2cn(Cc3ccccc3)cn2)cc1";"IC50";"'='";"1130.0";"nM";"5.95";"";"";"UO_0000065";"22.50";"0.41";"2.34";"21.98";"0";"CHEMBL677570";"Evaluated for inhibition of enoyl acyl carrier protein reductase (FabI) in Staphylococcus aureus.";"B";"BAO_0000357";"single protein format";"Staphylococcus aureus";"None";"None";"None";"None";"";"";"";"CHEMBL3994";"Enoyl-[acyl-carrier-protein] reductase [NADPH] FabI";"Staphylococcus aureus";"SINGLE PROTEIN";"CHEMBL1133895";"1";"Scientific Literature";"Bioorg Med Chem Lett";"2001";"None";"";"";"";"1.13"
"CHEMBL849";"TRICLOSAN";"4.0";"289.55";"1";"5.14";"Triclosan";"Oc1cc(Cl)ccc1Oc1ccc(Cl)cc1Cl";"IC50";"'='";"1100.0";"nM";"5.96";"";"";"UO_0000065";"20.58";"0.48";"0.82";"20.23";"0";"CHEMBL677570";"Evaluated for inhibition of enoyl acyl carrier protein reductase (FabI) in Staphylococcus aureus.";"B";"BAO_0000357";"single protein format";"Staphylococcus aureus";"None";"None";"None";"None";"";"";"";"CHEMBL3994";"Enoyl-[acyl-carrier-protein] reductase [NADPH] FabI";"Staphylococcus aureus";"SINGLE PROTEIN";"CHEMBL1133895";"1";"Scientific Literature";"Bioorg Med Chem Lett";"2001";"None";"";"";"";"1.1"
"CHEMBL109420";"";"None";"378.48";"0";"3.01";"5";"CC(=O)N(C)Cc1cc(C(=O)N(C)Cc2cc3ccccc3n2C)ccc1N";"IC50";"'='";"6700.0";"nM";"5.17";"";"";"UO_0000065";"13.67";"0.25";"2.16";"7.23";"0";"CHEMBL819485";"Concentration required for the 50% inhibition of enoyl-ACP reductase from Staphylococcus aureus was determined.";"B";"BAO_0000357";"single protein format";"None";"None";"None";"None";"None";"";"";"";"CHEMBL3994";"Enoyl-[acyl-carrier-protein] reductase [NADPH] FabI";"Staphylococcus aureus";"SINGLE PROTEIN";"CHEMBL1135515";"1";"Scientific Literature";"J Med Chem";"2002";"None";"";"";"";"6.7"
"CHEMBL849";"TRICLOSAN";"4.0";"289.55";"1";"5.14";"1 (Triclosan)";"Oc1cc(Cl)ccc1Oc1ccc(Cl)cc1Cl";"IC50";"'='";"70.0";"nM";"7.16";"";"";"UO_0000065";"24.71";"0.57";"2.01";"24.29";"1";"CHEMBL677578";"Inhibitory activity against Enoyl-ACP reductase FabI in Staphylococcus aureus";"B";"BAO_0000357";"single protein format";"Staphylococcus aureus";"None";"None";"None";"None";"";"";"";"CHEMBL3994";"Enoyl-[acyl-carrier-protein] reductase [NADPH] FabI";"Staphylococcus aureus";"SINGLE PROTEIN";"CHEMBL1136775";"1";"Scientific Literature";"J Med Chem";"2003";"None";"";"";"";"0.07"
"CHEMBL42208";"";"None";"374.44";"0";"3.13";"29";"CN(Cc1cn(C)c2ccccc12)C(=O)/C=C/c1cnc2c(c1)CCC(=O)N2";"IC50";"'='";"130.0";"nM";"6.89";"";"";"UO_0000065";"18.39";"0.34";"3.76";"10.24";"0";"CHEMBL677578";"Inhibitory activity against Enoyl-ACP reductase FabI in Staphylococcus aureus";"B";"BAO_0000357";"single protein format";"Staphylococcus aureus";"None";"None";"None";"None";"";"";"";"CHEMBL3994";"Enoyl-[acyl-carrier-protein] reductase [NADPH] FabI";"Staphylococcus aureus";"SINGLE PROTEIN";"CHEMBL1136775";"1";"Scientific Literature";"J Med Chem";"2003";"None";"";"";"";"0.13"
"CHEMBL2178288";"";"None";"294.25";"0";"3.72";"87";"CCc1cc(O)c(Oc2ccc(C(=O)O)cc2F)cc1F";"IC50";"'='";"180.0";"nM";"6.75";"";"";"UO_0000065";"22.92";"0.44";"3.02";"10.10";"0";"CHEMBL2188143";"Inhibition of Staphylococcus aureus recombinant FabI using trans-2-octenoyl N-acetylcysteamine thioester as substrate preincubated for 60 mins";"B";"BAO_0000357";"single protein format";"Staphylococcus aureus";"None";"None";"None";"None";"";"";"";"CHEMBL3994";"Enoyl-[acyl-carrier-protein] reductase [NADPH] FabI";"Staphylococcus aureus";"SINGLE PROTEIN";"CHEMBL2176870";"1";"Scientific Literature";"J Med Chem";"2012";"None";"";"";"";"0.18"
"CHEMBL2178304";"";"None";"250.24";"0";"4.03";"81";"CCc1cc(O)c(Oc2ccccc2F)cc1F";"IC50";"'='";"8.0";"nM";"8.10";"";"";"UO_0000065";"32.36";"0.61";"4.07";"27.48";"0";"CHEMBL2188143";"Inhibition of Staphylococcus aureus recombinant FabI using trans-2-octenoyl N-acetylcysteamine thioester as substrate preincubated for 60 mins";"B";"BAO_0000357";"single protein format";"Staphylococcus aureus";"None";"None";"None";"None";"";"";"";"CHEMBL3994";"Enoyl-[acyl-carrier-protein] reductase [NADPH] FabI";"Staphylococcus aureus";"SINGLE PROTEIN";"CHEMBL2176870";"1";"Scientific Literature";"J Med Chem";"2012";"None";"";"";"";"0.008"
"CHEMBL849";"TRICLOSAN";"4.0";"289.55";"1";"5.14";"Triclosan";"Oc1cc(Cl)ccc1Oc1ccc(Cl)cc1Cl";"IC50";"'='";"70.0";"nM";"7.16";"";"";"UO_0000065";"24.71";"0.57";"2.01";"24.29";"0";"CHEMBL819485";"Concentration required for the 50% inhibition of enoyl-ACP reductase from Staphylococcus aureus was determined.";"B";"BAO_0000357";"single protein format";"None";"None";"None";"None";"None";"";"";"";"CHEMBL3994";"Enoyl-[acyl-carrier-protein] reductase [NADPH] FabI";"Staphylococcus aureus";"SINGLE PROTEIN";"CHEMBL1135515";"1";"Scientific Literature";"J Med Chem";"2002";"None";"";"";"";"0.07"
"CHEMBL303748";"";"None";"256.33";"0";"3.70";"33";"Cc1ccc(Cc2nc(-c3ccsc3)no2)cc1";"IC50";"'='";"50700.0";"nM";"4.29";"";"";"UO_0000065";"16.76";"0.33";"0.59";"11.04";"0";"CHEMBL677570";"Evaluated for inhibition of enoyl acyl carrier protein reductase (FabI) in Staphylococcus aureus.";"B";"BAO_0000357";"single protein format";"Staphylococcus aureus";"None";"None";"None";"None";"";"";"";"CHEMBL3994";"Enoyl-[acyl-carrier-protein] reductase [NADPH] FabI";"Staphylococcus aureus";"SINGLE PROTEIN";"CHEMBL1133895";"1";"Scientific Literature";"Bioorg Med Chem Lett";"2001";"None";"";"";"";"50.7"
"CHEMBL3322709";"";"None";"381.41";"0";"2.66";"AEA7";"O=C1CCc2cc(/C=C/C(=O)N3CC(COc4ccc(F)cc4)C3)cnc2N1";"IC50";"'='";"316.0";"nM";"6.50";"";"";"UO_0000065";"17.04";"0.32";"3.84";"9.09";"0";"CHEMBL3365684";"Inhibition of Staphylococcus aureus FabI-mediated reduction of enoyl-ACP preincubated for 30 mins measured after 2 hrs by spectrophotometry";"B";"BAO_0000357";"single protein format";"Staphylococcus aureus";"None";"None";"None";"None";"";"";"";"CHEMBL3994";"Enoyl-[acyl-carrier-protein] reductase [NADPH] FabI";"Staphylococcus aureus";"SINGLE PROTEIN";"CHEMBL3352330";"1";"Scientific Literature";"Eur J Med Chem";"2014";"None";"";"";"";"0.316"
"CHEMBL3322711";"";"None";"377.44";"0";"2.83";"AEA9";"Cc1cccc(OCC2CN(C(=O)/C=C/c3cnc4c(c3)CCC(=O)N4)C2)c1";"IC50";"";"";"";"";"";"Not Determined";"";"";"";"";"";"0";"CHEMBL3365684";"Inhibition of Staphylococcus aureus FabI-mediated reduction of enoyl-ACP preincubated for 30 mins measured after 2 hrs by spectrophotometry";"B";"BAO_0000357";"single protein format";"Staphylococcus aureus";"None";"None";"None";"None";"";"";"";"CHEMBL3994";"Enoyl-[acyl-carrier-protein] reductase [NADPH] FabI";"Staphylococcus aureus";"SINGLE PROTEIN";"CHEMBL3352330";"1";"Scientific Literature";"Eur J Med Chem";"2014";"None";"";"";"";""
"CHEMBL72947";"";"None";"438.57";"1";"5.94";"21";"CCCCc1ccc(C(=O)N2CCc3c(n(Cc4ccc(O)cc4)c4ccccc34)C2)cc1";"IC50";"'='";"510.0";"nM";"6.29";"";"";"UO_0000065";"14.35";"0.26";"0.35";"13.84";"0";"CHEMBL677574";"Antibacterial activity against Staphylococcus aureus FabI";"B";"BAO_0000357";"single protein format";"Staphylococcus aureus";"None";"None";"None";"None";"";"";"";"CHEMBL3994";"Enoyl-[acyl-carrier-protein] reductase [NADPH] FabI";"Staphylococcus aureus";"SINGLE PROTEIN";"CHEMBL1133924";"1";"Scientific Literature";"Bioorg Med Chem Lett";"2001";"None";"";"";"";"0.51"
"CHEMBL72196";"";"None";"386.45";"0";"4.37";"18";"CN(Cc1cc2ccccc2n1Cc1ccc(O)cc1)C(=O)c1ccc(O)cc1";"IC50";"'='";"1000.0";"nM";"6.00";"";"";"UO_0000065";"15.53";"0.28";"1.63";"9.13";"0";"CHEMBL677574";"Antibacterial activity against Staphylococcus aureus FabI";"B";"BAO_0000357";"single protein format";"Staphylococcus aureus";"None";"None";"None";"None";"";"";"";"CHEMBL3994";"Enoyl-[acyl-carrier-protein] reductase [NADPH] FabI";"Staphylococcus aureus";"SINGLE PROTEIN";"CHEMBL1133924";"1";"Scientific Literature";"Bioorg Med Chem Lett";"2001";"None";"";"";"";"1.0"
"CHEMBL2178303";"";"None";"232.25";"0";"3.89";"80";"CCc1cc(O)c(Oc2ccccc2)cc1F";"IC50";"'='";"37.0";"nM";"7.43";"";"";"UO_0000065";"32.00";"0.60";"3.54";"25.23";"0";"CHEMBL2188143";"Inhibition of Staphylococcus aureus recombinant FabI using trans-2-octenoyl N-acetylcysteamine thioester as substrate preincubated for 60 mins";"B";"BAO_0000357";"single protein format";"Staphylococcus aureus";"None";"None";"None";"None";"";"";"";"CHEMBL3994";"Enoyl-[acyl-carrier-protein] reductase [NADPH] FabI";"Staphylococcus aureus";"SINGLE PROTEIN";"CHEMBL2176870";"1";"Scientific Literature";"J Med Chem";"2012";"None";"";"";"";"0.037"
"CHEMBL2178284";"";"None";"293.27";"0";"3.12";"83";"CCc1cc(O)c(Oc2ccc(C(N)=O)cc2F)cc1F";"IC50";"'='";"12.0";"nM";"7.92";"";"";"UO_0000065";"27.01";"0.52";"4.80";"10.92";"0";"CHEMBL2188143";"Inhibition of Staphylococcus aureus recombinant FabI using trans-2-octenoyl N-acetylcysteamine thioester as substrate preincubated for 60 mins";"B";"BAO_0000357";"single protein format";"Staphylococcus aureus";"None";"None";"None";"None";"";"";"";"CHEMBL3994";"Enoyl-[acyl-carrier-protein] reductase [NADPH] FabI";"Staphylococcus aureus";"SINGLE PROTEIN";"CHEMBL2176870";"1";"Scientific Literature";"J Med Chem";"2012";"None";"";"";"";"0.012"
"CHEMBL4216697";"";"None";"300.79";"0";"3.29";"10";"O=C(Cc1ccccc1Cl)N1CCC(c2ccccn2)C1";"IC50";"'='";"18400.0";"nM";"4.74";"";"";"UO_0000065";"15.74";"0.31";"1.45";"14.26";"0";"CHEMBL4182166";"Inhibition of Staphylococcus aureus subsp. aureus Rosenbach ATCC 43300 FabI using crotonyl-CoA as substrate in presence of NADPH/NADH after 10 mins by fluorescence assay";"B";"BAO_0000357";"single protein format";"Staphylococcus aureus";"None";"None";"None";"None";"";"";"";"CHEMBL3994";"Enoyl-[acyl-carrier-protein] reductase [NADPH] FabI";"Staphylococcus aureus";"SINGLE PROTEIN";"CHEMBL4177701";"1";"Scientific Literature";"Bioorg Med Chem";"2018";"None";"";"";"";"18.4"
"CHEMBL4217672";"";"None";"301.34";"0";"3.52";"4";"O=C(Cc1cccc(F)c1F)N1CCC(c2ccccc2)C1";"IC50";"'='";"7300.0";"nM";"5.14";"";"";"UO_0000065";"17.05";"0.32";"1.62";"25.29";"0";"CHEMBL4182166";"Inhibition of Staphylococcus aureus subsp. aureus Rosenbach ATCC 43300 FabI using crotonyl-CoA as substrate in presence of NADPH/NADH after 10 mins by fluorescence assay";"B";"BAO_0000357";"single protein format";"Staphylococcus aureus";"None";"None";"None";"None";"";"";"";"CHEMBL3994";"Enoyl-[acyl-carrier-protein] reductase [NADPH] FabI";"Staphylococcus aureus";"SINGLE PROTEIN";"CHEMBL4177701";"1";"Scientific Literature";"Bioorg Med Chem";"2018";"None";"";"";"";"7.3"
"CHEMBL3623415";"";"None";"360.20";"1";"5.30";"15u";"O=c1cc(/C=C/c2cccnc2)occ1Oc1c(Cl)cccc1Cl";"IC50";"'='";"3740.0";"nM";"5.43";"";"";"UO_0000065";"15.07";"0.31";"0.13";"10.37";"0";"CHEMBL3625533";"Inhibition of Staphylococcus aureus FabI assessed as reduction in inhibition of reduction of trans-2-octenoyl N-acetylcysteamine substrate by spectrophotometry";"B";"BAO_0000357";"single protein format";"Staphylococcus aureus";"None";"None";"None";"None";"";"";"";"CHEMBL3994";"Enoyl-[acyl-carrier-protein] reductase [NADPH] FabI";"Staphylococcus aureus";"SINGLE PROTEIN";"CHEMBL3621046";"1";"Scientific Literature";"Bioorg Med Chem Lett";"2015";"None";"";"";"";"3.74"
"CHEMBL3623409";"";"None";"319.36";"0";"4.61";"15o";"Cc1ccc(Oc2coc(/C=C/c3cccnc3)cc2=O)c(C)c1";"IC50";"'='";"3480.0";"nM";"5.46";"";"";"UO_0000065";"17.09";"0.31";"0.85";"10.43";"0";"CHEMBL3625533";"Inhibition of Staphylococcus aureus FabI assessed as reduction in inhibition of reduction of trans-2-octenoyl N-acetylcysteamine substrate by spectrophotometry";"B";"BAO_0000357";"single protein format";"Staphylococcus aureus";"None";"None";"None";"None";"";"";"";"CHEMBL3994";"Enoyl-[acyl-carrier-protein] reductase [NADPH] FabI";"Staphylococcus aureus";"SINGLE PROTEIN";"CHEMBL3621046";"1";"Scientific Literature";"Bioorg Med Chem Lett";"2015";"None";"";"";"";"3.48"
"CHEMBL5968973";"";"None";"399.49";"0";"3.85";"BDBM316897";"Cc1ccccc1C1=CC2CN(C(=O)/C=C/c3cnc4c(c3)CCC(=O)N4)CC2C1";"IC50";"'='";"1200.0";"nM";"5.92";"";"619702";"UO_0000065";"14.82";"0.27";"2.07";"9.50";"0";"CHEMBL5732078";"Enzyme Inhibition Assay: FabI enzyme inhibition assays were carried out in half-area, 384-well microtitre plates. Compounds were evaluated in 40-μl assay mixtures containing 100 mM NaADA, pH 6.5 (ADA=N-[2-acetamido]-2iminodiacetic acid), 250 μM crotonoyl-CoA, 625 μM NADH and 50 μg/ml S. aureus ATCC 29213 FabI. Inhibitors were typically varied over the range of 50 to 0.39 μM. The reaction mixtures were incubated for 30 minutes at room temperature and the reaction was stopped by adding 200 mM Tris buffer (pH 9.0) to create a pH-shift. The consumption of NADH was monitored by measuring the change in absorbance at 340. By comparing sample readings to those of negative (absence of compound) and positive (absence of enzyme) controls, the percent inhibition of enzymatic activity of the compounds was determined. A best-fit curve is fitted by a minimum of squares method.";"B";"BAO_0000357";"single protein format";"Staphylococcus aureus";"None";"None";"None";"None";"";"";"";"CHEMBL3994";"Enoyl-[acyl-carrier-protein] reductase [NADPH] FabI";"Staphylococcus aureus";"SINGLE PROTEIN";"CHEMBL5726112";"37";"BindingDB Patent Bioactivity Data";"";"2017";"None";"";"";"";"1200.0"
"CHEMBL62515";"";"None";"256.33";"0";"3.70";"19";"Cc1ccc(Cc2noc(-c3ccsc3)n2)cc1";"IC50";"'='";"51000.0";"nM";"4.29";"";"";"UO_0000065";"16.75";"0.33";"0.59";"11.03";"0";"CHEMBL677570";"Evaluated for inhibition of enoyl acyl carrier protein reductase (FabI) in Staphylococcus aureus.";"B";"BAO_0000357";"single protein format";"Staphylococcus aureus";"None";"None";"None";"None";"";"";"";"CHEMBL3994";"Enoyl-[acyl-carrier-protein] reductase [NADPH] FabI";"Staphylococcus aureus";"SINGLE PROTEIN";"CHEMBL1133895";"1";"Scientific Literature";"Bioorg Med Chem Lett";"2001";"None";"";"";"";"51.0"
"CHEMBL5875554";"";"None";"410.48";"0";"3.41";"BDBM316908";"N#Cc1ccccc1C1=CC2CN(C(=O)/C=C/c3cnc4c(c3)CCC(=O)N4)CC2C1";"IC50";"'='";"998.0";"nM";"6.00";"";"619713";"UO_0000065";"14.62";"0.26";"2.59";"6.97";"0";"CHEMBL5732078";"Enzyme Inhibition Assay: FabI enzyme inhibition assays were carried out in half-area, 384-well microtitre plates. Compounds were evaluated in 40-μl assay mixtures containing 100 mM NaADA, pH 6.5 (ADA=N-[2-acetamido]-2iminodiacetic acid), 250 μM crotonoyl-CoA, 625 μM NADH and 50 μg/ml S. aureus ATCC 29213 FabI. Inhibitors were typically varied over the range of 50 to 0.39 μM. The reaction mixtures were incubated for 30 minutes at room temperature and the reaction was stopped by adding 200 mM Tris buffer (pH 9.0) to create a pH-shift. The consumption of NADH was monitored by measuring the change in absorbance at 340. By comparing sample readings to those of negative (absence of compound) and positive (absence of enzyme) controls, the percent inhibition of enzymatic activity of the compounds was determined. A best-fit curve is fitted by a minimum of squares method.";"B";"BAO_0000357";"single protein format";"Staphylococcus aureus";"None";"None";"None";"None";"";"";"";"CHEMBL3994";"Enoyl-[acyl-carrier-protein] reductase [NADPH] FabI";"Staphylococcus aureus";"SINGLE PROTEIN";"CHEMBL5726112";"37";"BindingDB Patent Bioactivity Data";"";"2017";"None";"";"";"";"998.0"
"CHEMBL3623424";"";"None";"397.90";"1";"5.98";"16i";"CCCCn1cc(Oc2ccc(Cl)cc2C)c(=O)cc1COc1ccccc1";"IC50";"'='";"630.0";"nM";"6.20";"";"";"UO_0000065";"15.58";"0.30";"0.22";"15.33";"0";"CHEMBL3625533";"Inhibition of Staphylococcus aureus FabI assessed as reduction in inhibition of reduction of trans-2-octenoyl N-acetylcysteamine substrate by spectrophotometry";"B";"BAO_0000357";"single protein format";"Staphylococcus aureus";"None";"None";"None";"None";"";"";"";"CHEMBL3994";"Enoyl-[acyl-carrier-protein] reductase [NADPH] FabI";"Staphylococcus aureus";"SINGLE PROTEIN";"CHEMBL3621046";"1";"Scientific Literature";"Bioorg Med Chem Lett";"2015";"None";"";"";"";"0.63"
"CHEMBL3621751";"";"None";"386.79";"0";"4.32";"16w";"Cn1cc(Oc2cccc([N+](=O)[O-])c2Cl)c(=O)cc1COc1ccccc1";"IC50";"'='";"660.0";"nM";"6.18";"";"";"UO_0000065";"15.98";"0.31";"1.86";"7.39";"0";"CHEMBL3625533";"Inhibition of Staphylococcus aureus FabI assessed as reduction in inhibition of reduction of trans-2-octenoyl N-acetylcysteamine substrate by spectrophotometry";"B";"BAO_0000357";"single protein format";"Staphylococcus aureus";"None";"None";"None";"None";"";"";"";"CHEMBL3994";"Enoyl-[acyl-carrier-protein] reductase [NADPH] FabI";"Staphylococcus aureus";"SINGLE PROTEIN";"CHEMBL3621046";"1";"Scientific Literature";"Bioorg Med Chem Lett";"2015";"None";"";"";"";"0.66"
"CHEMBL3623432";"";"None";"376.24";"1";"5.06";"16q";"Cn1cc(Oc2cccc(Cl)c2Cl)c(=O)cc1COc1ccccc1";"IC50";"'='";"220.0";"nM";"6.66";"";"";"UO_0000065";"17.70";"0.36";"1.60";"16.45";"0";"CHEMBL3625533";"Inhibition of Staphylococcus aureus FabI assessed as reduction in inhibition of reduction of trans-2-octenoyl N-acetylcysteamine substrate by spectrophotometry";"B";"BAO_0000357";"single protein format";"Staphylococcus aureus";"None";"None";"None";"None";"";"";"";"CHEMBL3994";"Enoyl-[acyl-carrier-protein] reductase [NADPH] FabI";"Staphylococcus aureus";"SINGLE PROTEIN";"CHEMBL3621046";"1";"Scientific Literature";"Bioorg Med Chem Lett";"2015";"None";"";"";"";"0.22"
"CHEMBL3623427";"";"None";"335.40";"0";"4.37";"16l";"Cc1ccc(Oc2cn(C)c(COc3ccccc3)cc2=O)c(C)c1";"IC50";"'='";"80.0";"nM";"7.10";"";"";"UO_0000065";"21.16";"0.39";"2.73";"17.54";"0";"CHEMBL3625533";"Inhibition of Staphylococcus aureus FabI assessed as reduction in inhibition of reduction of trans-2-octenoyl N-acetylcysteamine substrate by spectrophotometry";"B";"BAO_0000357";"single protein format";"Staphylococcus aureus";"None";"None";"None";"None";"";"";"";"CHEMBL3994";"Enoyl-[acyl-carrier-protein] reductase [NADPH] FabI";"Staphylococcus aureus";"SINGLE PROTEIN";"CHEMBL3621046";"1";"Scientific Literature";"Bioorg Med Chem Lett";"2015";"None";"";"";"";"0.08"
"CHEMBL3623422";"";"None";"355.82";"0";"4.72";"16g";"Cc1cc(Cl)ccc1Oc1cn(C)c(COc2ccccc2)cc1=O";"IC50";"'='";"110.0";"nM";"6.96";"";"";"UO_0000065";"19.56";"0.38";"2.24";"17.20";"0";"CHEMBL3625533";"Inhibition of Staphylococcus aureus FabI assessed as reduction in inhibition of reduction of trans-2-octenoyl N-acetylcysteamine substrate by spectrophotometry";"B";"BAO_0000357";"single protein format";"Staphylococcus aureus";"None";"None";"None";"None";"";"";"";"CHEMBL3994";"Enoyl-[acyl-carrier-protein] reductase [NADPH] FabI";"Staphylococcus aureus";"SINGLE PROTEIN";"CHEMBL3621046";"1";"Scientific Literature";"Bioorg Med Chem Lett";"2015";"None";"";"";"";"0.11"
"CHEMBL849";"TRICLOSAN";"4.0";"289.55";"1";"5.14";"Triclosan";"Oc1cc(Cl)ccc1Oc1ccc(Cl)cc1Cl";"IC50";"'='";"440.0";"nM";"6.36";"";"";"UO_0000065";"21.95";"0.51";"1.22";"21.58";"0";"CHEMBL3625533";"Inhibition of Staphylococcus aureus FabI assessed as reduction in inhibition of reduction of trans-2-octenoyl N-acetylcysteamine substrate by spectrophotometry";"B";"BAO_0000357";"single protein format";"Staphylococcus aureus";"None";"None";"None";"None";"";"";"";"CHEMBL3994";"Enoyl-[acyl-carrier-protein] reductase [NADPH] FabI";"Staphylococcus aureus";"SINGLE PROTEIN";"CHEMBL3621046";"1";"Scientific Literature";"Bioorg Med Chem Lett";"2015";"None";"";"";"";"0.44"
"CHEMBL1652621";"AFN-1252";"2.0";"375.43";"0";"3.69";"19, AFN-1252";"Cc1c(CN(C)C(=O)/C=C/c2cnc3c(c2)CCC(=O)N3)oc2ccccc12";"IC50";"'='";"9600.0";"nM";"5.02";"";"";"UO_0000065";"13.37";"0.24";"1.33";"6.65";"0";"CHEMBL5231344";"Inhibition of Staphylococcus aureus ATCC 29213 FabI in the presence of NADH using crotonyl CoA as substrate by measuring NADH consumption rate";"B";"BAO_0000357";"single protein format";"Staphylococcus aureus";"None";"None";"None";"None";"";"";"";"CHEMBL3994";"Enoyl-[acyl-carrier-protein] reductase [NADPH] FabI";"Staphylococcus aureus";"SINGLE PROTEIN";"CHEMBL5230110";"1";"Scientific Literature";"Eur J Med Chem";"2020";"None";"";"INHIBITOR";"";"9.6"
"CHEMBL4211939";"";"None";"343.81";"0";"3.63";"12";"O=C(Cc1ccccc1Cl)N1CCC(c2ccc3c(c2)OCO3)C1";"IC50";"'='";"2500.0";"nM";"5.60";"";"";"UO_0000065";"16.29";"0.32";"1.97";"14.45";"0";"CHEMBL4182166";"Inhibition of Staphylococcus aureus subsp. aureus Rosenbach ATCC 43300 FabI using crotonyl-CoA as substrate in presence of NADPH/NADH after 10 mins by fluorescence assay";"B";"BAO_0000357";"single protein format";"Staphylococcus aureus";"None";"None";"None";"None";"";"";"";"CHEMBL3994";"Enoyl-[acyl-carrier-protein] reductase [NADPH] FabI";"Staphylococcus aureus";"SINGLE PROTEIN";"CHEMBL4177701";"1";"Scientific Literature";"Bioorg Med Chem";"2018";"None";"";"";"";"2.5"
"CHEMBL4209685";"";"None";"313.37";"0";"3.39";"3";"COc1ccccc1C1CCN(C(=O)Cc2ccccc2F)C1";"IC50";"'='";"4600.0";"nM";"5.34";"";"";"UO_0000065";"17.03";"0.32";"1.95";"18.07";"0";"CHEMBL4182166";"Inhibition of Staphylococcus aureus subsp. aureus Rosenbach ATCC 43300 FabI using crotonyl-CoA as substrate in presence of NADPH/NADH after 10 mins by fluorescence assay";"B";"BAO_0000357";"single protein format";"Staphylococcus aureus";"None";"None";"None";"None";"";"";"";"CHEMBL3994";"Enoyl-[acyl-carrier-protein] reductase [NADPH] FabI";"Staphylococcus aureus";"SINGLE PROTEIN";"CHEMBL4177701";"1";"Scientific Literature";"Bioorg Med Chem";"2018";"None";"";"";"";"4.6"
"CHEMBL3623390";"";"None";"363.20";"1";"5.32";"13a";"O=c1cc(COc2ccccc2)occ1Oc1ccc(Cl)cc1Cl";"IC50";"'='";"680.0";"nM";"6.17";"";"";"UO_0000065";"16.98";"0.35";"0.85";"12.67";"0";"CHEMBL3625533";"Inhibition of Staphylococcus aureus FabI assessed as reduction in inhibition of reduction of trans-2-octenoyl N-acetylcysteamine substrate by spectrophotometry";"B";"BAO_0000357";"single protein format";"Staphylococcus aureus";"None";"None";"None";"None";"";"";"";"CHEMBL3994";"Enoyl-[acyl-carrier-protein] reductase [NADPH] FabI";"Staphylococcus aureus";"SINGLE PROTEIN";"CHEMBL3621046";"1";"Scientific Literature";"Bioorg Med Chem Lett";"2015";"None";"";"";"";"0.68"
"CHEMBL6023625";"";"None";"416.51";"0";"3.47";"BDBM316945";"N#Cc1ccc(C2=CC3CN(C(=O)/C=C/c4cnc5c(c4)CCC(=O)N5)CC3C2)s1";"IC50";"'='";"1510.0";"nM";"5.82";"";"619750";"UO_0000065";"13.98";"0.26";"2.35";"6.76";"0";"CHEMBL5732078";"Enzyme Inhibition Assay: FabI enzyme inhibition assays were carried out in half-area, 384-well microtitre plates. Compounds were evaluated in 40-μl assay mixtures containing 100 mM NaADA, pH 6.5 (ADA=N-[2-acetamido]-2iminodiacetic acid), 250 μM crotonoyl-CoA, 625 μM NADH and 50 μg/ml S. aureus ATCC 29213 FabI. Inhibitors were typically varied over the range of 50 to 0.39 μM. The reaction mixtures were incubated for 30 minutes at room temperature and the reaction was stopped by adding 200 mM Tris buffer (pH 9.0) to create a pH-shift. The consumption of NADH was monitored by measuring the change in absorbance at 340. By comparing sample readings to those of negative (absence of compound) and positive (absence of enzyme) controls, the percent inhibition of enzymatic activity of the compounds was determined. A best-fit curve is fitted by a minimum of squares method.";"B";"BAO_0000357";"single protein format";"Staphylococcus aureus";"None";"None";"None";"None";"";"";"";"CHEMBL3994";"Enoyl-[acyl-carrier-protein] reductase [NADPH] FabI";"Staphylococcus aureus";"SINGLE PROTEIN";"CHEMBL5726112";"37";"BindingDB Patent Bioactivity Data";"";"2017";"None";"";"";"";"1510.0"
"CHEMBL5995542";"";"None";"425.94";"0";"4.26";"BDBM316946";"O=C1CCc2cc(/C=C/C(=O)N3CC4C=C(c5ccc(Cl)s5)CC4C3)cnc2N1";"IC50";"'='";"2320.0";"nM";"5.63";"";"619751";"UO_0000065";"13.23";"0.27";"1.37";"9.04";"0";"CHEMBL5732078";"Enzyme Inhibition Assay: FabI enzyme inhibition assays were carried out in half-area, 384-well microtitre plates. Compounds were evaluated in 40-μl assay mixtures containing 100 mM NaADA, pH 6.5 (ADA=N-[2-acetamido]-2iminodiacetic acid), 250 μM crotonoyl-CoA, 625 μM NADH and 50 μg/ml S. aureus ATCC 29213 FabI. Inhibitors were typically varied over the range of 50 to 0.39 μM. The reaction mixtures were incubated for 30 minutes at room temperature and the reaction was stopped by adding 200 mM Tris buffer (pH 9.0) to create a pH-shift. The consumption of NADH was monitored by measuring the change in absorbance at 340. By comparing sample readings to those of negative (absence of compound) and positive (absence of enzyme) controls, the percent inhibition of enzymatic activity of the compounds was determined. A best-fit curve is fitted by a minimum of squares method.";"B";"BAO_0000357";"single protein format";"Staphylococcus aureus";"None";"None";"None";"None";"";"";"";"CHEMBL3994";"Enoyl-[acyl-carrier-protein] reductase [NADPH] FabI";"Staphylococcus aureus";"SINGLE PROTEIN";"CHEMBL5726112";"37";"BindingDB Patent Bioactivity Data";"";"2017";"None";"";"";"";"2320.0"
"CHEMBL6010575";"";"None";"309.37";"0";"2.01";"BDBM316926";"O=C1CCc2cc(/C=C/C(=O)N3CC4C=CCC4C3)cnc2N1";"IC50";"'='";"2680.0";"nM";"5.57";"";"619731";"UO_0000065";"18.01";"0.33";"3.56";"8.94";"0";"CHEMBL5732078";"Enzyme Inhibition Assay: FabI enzyme inhibition assays were carried out in half-area, 384-well microtitre plates. Compounds were evaluated in 40-μl assay mixtures containing 100 mM NaADA, pH 6.5 (ADA=N-[2-acetamido]-2iminodiacetic acid), 250 μM crotonoyl-CoA, 625 μM NADH and 50 μg/ml S. aureus ATCC 29213 FabI. Inhibitors were typically varied over the range of 50 to 0.39 μM. The reaction mixtures were incubated for 30 minutes at room temperature and the reaction was stopped by adding 200 mM Tris buffer (pH 9.0) to create a pH-shift. The consumption of NADH was monitored by measuring the change in absorbance at 340. By comparing sample readings to those of negative (absence of compound) and positive (absence of enzyme) controls, the percent inhibition of enzymatic activity of the compounds was determined. A best-fit curve is fitted by a minimum of squares method.";"B";"BAO_0000357";"single protein format";"Staphylococcus aureus";"None";"None";"None";"None";"";"";"";"CHEMBL3994";"Enoyl-[acyl-carrier-protein] reductase [NADPH] FabI";"Staphylococcus aureus";"SINGLE PROTEIN";"CHEMBL5726112";"37";"BindingDB Patent Bioactivity Data";"";"2017";"None";"";"";"";"2680.0"
"CHEMBL5918646";"";"None";"420.90";"0";"3.59";"BDBM316931";"O=C1CCc2cc(/C=C/C(=O)N3CC4C=C(c5cccnc5Cl)CC4C3)cnc2N1";"IC50";"'='";"1020.0";"nM";"5.99";"";"619736";"UO_0000065";"14.23";"0.27";"2.40";"7.97";"0";"CHEMBL5732078";"Enzyme Inhibition Assay: FabI enzyme inhibition assays were carried out in half-area, 384-well microtitre plates. Compounds were evaluated in 40-μl assay mixtures containing 100 mM NaADA, pH 6.5 (ADA=N-[2-acetamido]-2iminodiacetic acid), 250 μM crotonoyl-CoA, 625 μM NADH and 50 μg/ml S. aureus ATCC 29213 FabI. Inhibitors were typically varied over the range of 50 to 0.39 μM. The reaction mixtures were incubated for 30 minutes at room temperature and the reaction was stopped by adding 200 mM Tris buffer (pH 9.0) to create a pH-shift. The consumption of NADH was monitored by measuring the change in absorbance at 340. By comparing sample readings to those of negative (absence of compound) and positive (absence of enzyme) controls, the percent inhibition of enzymatic activity of the compounds was determined. A best-fit curve is fitted by a minimum of squares method.";"B";"BAO_0000357";"single protein format";"Staphylococcus aureus";"None";"None";"None";"None";"";"";"";"CHEMBL3994";"Enoyl-[acyl-carrier-protein] reductase [NADPH] FabI";"Staphylococcus aureus";"SINGLE PROTEIN";"CHEMBL5726112";"37";"BindingDB Patent Bioactivity Data";"";"2017";"None";"";"";"";"1020.0"
"CHEMBL3322728";"";"None";"416.48";"0";"3.16";"AEA26";"Cc1c(C2CN(C(=O)/C=C/c3cnc4c(c3)CN(C)CC(=O)N4)C2)oc2ccccc12";"IC50";"'='";"112.0";"nM";"6.95";"";"";"UO_0000065";"16.69";"0.31";"3.79";"8.83";"0";"CHEMBL3365684";"Inhibition of Staphylococcus aureus FabI-mediated reduction of enoyl-ACP preincubated for 30 mins measured after 2 hrs by spectrophotometry";"B";"BAO_0000357";"single protein format";"Staphylococcus aureus";"None";"None";"None";"None";"";"";"";"CHEMBL3994";"Enoyl-[acyl-carrier-protein] reductase [NADPH] FabI";"Staphylococcus aureus";"SINGLE PROTEIN";"CHEMBL3352330";"1";"Scientific Literature";"Eur J Med Chem";"2014";"None";"";"";"";"0.112"
"CHEMBL3322717";"";"None";"403.51";"0";"4.13";"AEA15";"Cc1c(C2CN(C(=O)/C=C/c3cnc4c(c3)CCC(=O)N4)C2)sc2ccccc12";"IC50";"'='";"709.0";"nM";"6.15";"";"";"UO_0000065";"15.24";"0.29";"2.02";"9.87";"0";"CHEMBL3365684";"Inhibition of Staphylococcus aureus FabI-mediated reduction of enoyl-ACP preincubated for 30 mins measured after 2 hrs by spectrophotometry";"B";"BAO_0000357";"single protein format";"Staphylococcus aureus";"None";"None";"None";"None";"";"";"";"CHEMBL3994";"Enoyl-[acyl-carrier-protein] reductase [NADPH] FabI";"Staphylococcus aureus";"SINGLE PROTEIN";"CHEMBL3352330";"1";"Scientific Literature";"Eur J Med Chem";"2014";"None";"";"";"";"0.709"
"CHEMBL291805";"";"None";"278.36";"0";"3.98";"11";"COc1ccc(-c2c[nH]c(Cc3ccc(C)cc3)n2)cc1";"IC50";"'='";"66200.0";"nM";"4.18";"";"";"UO_0000065";"15.01";"0.27";"0.20";"11.02";"0";"CHEMBL677570";"Evaluated for inhibition of enoyl acyl carrier protein reductase (FabI) in Staphylococcus aureus.";"B";"BAO_0000357";"single protein format";"Staphylococcus aureus";"None";"None";"None";"None";"";"";"";"CHEMBL3994";"Enoyl-[acyl-carrier-protein] reductase [NADPH] FabI";"Staphylococcus aureus";"SINGLE PROTEIN";"CHEMBL1133895";"1";"Scientific Literature";"Bioorg Med Chem Lett";"2001";"None";"";"";"";"66.2"
"CHEMBL6034965";"";"None";"419.91";"0";"4.19";"BDBM316895";"O=C1CCc2cc(/C=C/C(=O)N3CC4C=C(c5ccccc5Cl)CC4C3)cnc2N1";"IC50";"'='";"1780.0";"nM";"5.75";"";"619700";"UO_0000065";"13.69";"0.26";"1.56";"9.23";"0";"CHEMBL5732078";"Enzyme Inhibition Assay: FabI enzyme inhibition assays were carried out in half-area, 384-well microtitre plates. Compounds were evaluated in 40-μl assay mixtures containing 100 mM NaADA, pH 6.5 (ADA=N-[2-acetamido]-2iminodiacetic acid), 250 μM crotonoyl-CoA, 625 μM NADH and 50 μg/ml S. aureus ATCC 29213 FabI. Inhibitors were typically varied over the range of 50 to 0.39 μM. The reaction mixtures were incubated for 30 minutes at room temperature and the reaction was stopped by adding 200 mM Tris buffer (pH 9.0) to create a pH-shift. The consumption of NADH was monitored by measuring the change in absorbance at 340. By comparing sample readings to those of negative (absence of compound) and positive (absence of enzyme) controls, the percent inhibition of enzymatic activity of the compounds was determined. A best-fit curve is fitted by a minimum of squares method.";"B";"BAO_0000357";"single protein format";"Staphylococcus aureus";"None";"None";"None";"None";"";"";"";"CHEMBL3994";"Enoyl-[acyl-carrier-protein] reductase [NADPH] FabI";"Staphylococcus aureus";"SINGLE PROTEIN";"CHEMBL5726112";"37";"BindingDB Patent Bioactivity Data";"";"2017";"None";"";"";"";"1780.0"
"CHEMBL65913";"";"None";"270.36";"0";"3.67";"21";"COc1ccc(Cn2cnc(-c3ccsc3)c2)cc1";"IC50";"'='";"1900.0";"nM";"5.72";"";"";"UO_0000065";"21.16";"0.41";"2.05";"21.15";"0";"CHEMBL677570";"Evaluated for inhibition of enoyl acyl carrier protein reductase (FabI) in Staphylococcus aureus.";"B";"BAO_0000357";"single protein format";"Staphylococcus aureus";"None";"None";"None";"None";"";"";"";"CHEMBL3994";"Enoyl-[acyl-carrier-protein] reductase [NADPH] FabI";"Staphylococcus aureus";"SINGLE PROTEIN";"CHEMBL1133895";"1";"Scientific Literature";"Bioorg Med Chem Lett";"2001";"None";"";"";"";"1.9"
"CHEMBL42318";"";"None";"360.46";"0";"3.60";"11";"CN(Cc1cc2ccccc2n1C)C(=O)/C=C/c1cnc2c(c1)CCCN2";"IC50";"'='";"2300.0";"nM";"5.64";"";"";"UO_0000065";"15.64";"0.29";"2.04";"11.24";"0";"CHEMBL677578";"Inhibitory activity against Enoyl-ACP reductase FabI in Staphylococcus aureus";"B";"BAO_0000357";"single protein format";"Staphylococcus aureus";"None";"None";"None";"None";"";"";"";"CHEMBL3994";"Enoyl-[acyl-carrier-protein] reductase [NADPH] FabI";"Staphylococcus aureus";"SINGLE PROTEIN";"CHEMBL1136775";"1";"Scientific Literature";"J Med Chem";"2003";"None";"";"";"";"2.3"
"CHEMBL510257";"VINAXANTHONE";"None";"576.42";"3";"3.34";"69";"CC(=O)c1cc2c(=O)c3c(C(=O)O)c(O)c(O)cc3oc2c(C(C)=O)c1-c1coc2cc(O)c(O)c(C(=O)O)c2c1=O";"IC50";"'='";"900.0";"nM";"6.05";"";"";"UO_0000065";"10.49";"0.20";"2.71";"2.42";"0";"CHEMBL5231344";"Inhibition of Staphylococcus aureus ATCC 29213 FabI in the presence of NADH using crotonyl CoA as substrate by measuring NADH consumption rate";"B";"BAO_0000357";"single protein format";"Staphylococcus aureus";"None";"None";"None";"None";"";"";"";"CHEMBL3994";"Enoyl-[acyl-carrier-protein] reductase [NADPH] FabI";"Staphylococcus aureus";"SINGLE PROTEIN";"CHEMBL5230110";"1";"Scientific Literature";"Eur J Med Chem";"2020";"None";"";"INHIBITOR";"";"0.9"
"CHEMBL73455";"";"None";"426.52";"0";"4.92";"35";"Cc1cc(C(=O)N2CCc3c(n(Cc4ccc(O)cc4)c4ccccc34)C2)cc(C)c1O";"IC50";"'='";"2900.0";"nM";"5.54";"";"";"UO_0000065";"12.98";"0.24";"0.62";"8.43";"0";"CHEMBL677574";"Antibacterial activity against Staphylococcus aureus FabI";"B";"BAO_0000357";"single protein format";"Staphylococcus aureus";"None";"None";"None";"None";"";"";"";"CHEMBL3994";"Enoyl-[acyl-carrier-protein] reductase [NADPH] FabI";"Staphylococcus aureus";"SINGLE PROTEIN";"CHEMBL1133924";"1";"Scientific Literature";"Bioorg Med Chem Lett";"2001";"None";"";"";"";"2.9"
"CHEMBL70636";"";"None";"382.46";"0";"4.59";"19";"O=C(c1ccccc1)N1CCc2c(n(Cc3ccc(O)cc3)c3ccccc23)C1";"IC50";"'='";"490.0";"nM";"6.31";"";"";"UO_0000065";"16.50";"0.30";"1.72";"13.88";"0";"CHEMBL677574";"Antibacterial activity against Staphylococcus aureus FabI";"B";"BAO_0000357";"single protein format";"Staphylococcus aureus";"None";"None";"None";"None";"";"";"";"CHEMBL3994";"Enoyl-[acyl-carrier-protein] reductase [NADPH] FabI";"Staphylococcus aureus";"SINGLE PROTEIN";"CHEMBL1133924";"1";"Scientific Literature";"Bioorg Med Chem Lett";"2001";"None";"";"";"";"0.49"
"CHEMBL109805";"";"None";"278.36";"0";"3.45";"8";"CN(Cc1cc2ccccc2n1C)C(=O)c1ccccc1";"IC50";"'>'";"100000.0";"nM";"";"";"";"UO_0000065";"";"";"";"";"0";"CHEMBL819485";"Concentration required for the 50% inhibition of enoyl-ACP reductase from Staphylococcus aureus was determined.";"B";"BAO_0000357";"single protein format";"None";"None";"None";"None";"None";"";"";"";"CHEMBL3994";"Enoyl-[acyl-carrier-protein] reductase [NADPH] FabI";"Staphylococcus aureus";"SINGLE PROTEIN";"CHEMBL1135515";"1";"Scientific Literature";"J Med Chem";"2002";"None";"";"";"";"100.0"
"CHEMBL297053";"";"None";"320.40";"0";"2.83";"9";"CN(Cc1cc2ccccc2n1C)C(=O)/C=C/c1ccc(N)nc1";"IC50";"'='";"2400.0";"nM";"5.62";"";"";"UO_0000065";"17.54";"0.32";"2.79";"8.76";"0";"CHEMBL819485";"Concentration required for the 50% inhibition of enoyl-ACP reductase from Staphylococcus aureus was determined.";"B";"BAO_0000357";"single protein format";"None";"None";"None";"None";"None";"";"";"";"CHEMBL3994";"Enoyl-[acyl-carrier-protein] reductase [NADPH] FabI";"Staphylococcus aureus";"SINGLE PROTEIN";"CHEMBL1135515";"1";"Scientific Literature";"J Med Chem";"2002";"None";"";"";"";"2.4"
"CHEMBL3676406";"";"None";"367.41";"0";"2.42";"BDBM133669";"Cc1nc(C2CCCCN2C(=O)/C=C/c2cnc3c(c2)CCC(=O)N3)no1";"IC50";"'='";"4100.0";"nM";"5.39";"";"305328";"UO_0000065";"14.66";"0.27";"2.97";"5.32";"1";"CHEMBL3705387";"Fluorescence Based Assay: The assay buffer 'AB' contained 50 mM ADA (N-(2-acetamido)iminodiacetic acid monosodium salt) pH 6.5, 1 mM dithiothreitol, 0.006% Triton-X100 and 50 mM NaCl. The following components are added in a white polystyrene Costar plate (Ref 3912) up to a final volume of 55.5 uL: 1.5 uL DMSO or inhibitor dissolved in DMSO and 54 uL of a FabI/NADPH/NADP+ mixture in AB. After 60 min of pre-incubation at room temperature, the reaction is started by addition of 5 uL of trans-2-octenoyl N-acetylcysteamine thioester (t-o-NAC) to a final volume of 60.5 uL. This reaction mixture is then composed of 2 nM FabI, 40 uM NADPH (Sigma, N7505), 10 uM NADP+(Sigma, N5755), 100 uM t-O-NAC and compound at defined concentration. Fluorescence intensity of NADPH (lamda=ex=360 nm, lamda=em=520 nm) is measured immediately after t-O-NAC addition (T0), and approximately 50 min later (T50) by a Fluostar Optima (BMG) so as to achieve ~30% of NADPH conversion.";"B";"BAO_0000357";"single protein format";"Staphylococcus aureus";"None";"None";"None";"None";"";"";"";"CHEMBL3994";"Enoyl-[acyl-carrier-protein] reductase [NADPH] FabI";"Staphylococcus aureus";"SINGLE PROTEIN";"CHEMBL3638908";"37";"BindingDB Patent Bioactivity Data";"";"2015";"None";"";"";"";"4100.0"
"CHEMBL3676410";"";"None";"402.45";"0";"3.87";"BDBM133674";"O=C1CCc2cc(/C=C/C(=O)N3CCCC[C@@H]3c3nc4ccccc4o3)cnc2N1";"IC50";"'='";"1800.0";"nM";"5.75";"";"305333";"UO_0000065";"14.27";"0.26";"1.87";"6.50";"0";"CHEMBL3705387";"Fluorescence Based Assay: The assay buffer 'AB' contained 50 mM ADA (N-(2-acetamido)iminodiacetic acid monosodium salt) pH 6.5, 1 mM dithiothreitol, 0.006% Triton-X100 and 50 mM NaCl. The following components are added in a white polystyrene Costar plate (Ref 3912) up to a final volume of 55.5 uL: 1.5 uL DMSO or inhibitor dissolved in DMSO and 54 uL of a FabI/NADPH/NADP+ mixture in AB. After 60 min of pre-incubation at room temperature, the reaction is started by addition of 5 uL of trans-2-octenoyl N-acetylcysteamine thioester (t-o-NAC) to a final volume of 60.5 uL. This reaction mixture is then composed of 2 nM FabI, 40 uM NADPH (Sigma, N7505), 10 uM NADP+(Sigma, N5755), 100 uM t-O-NAC and compound at defined concentration. Fluorescence intensity of NADPH (lamda=ex=360 nm, lamda=em=520 nm) is measured immediately after t-O-NAC addition (T0), and approximately 50 min later (T50) by a Fluostar Optima (BMG) so as to achieve ~30% of NADPH conversion.";"B";"BAO_0000357";"single protein format";"Staphylococcus aureus";"None";"None";"None";"None";"";"";"";"CHEMBL3994";"Enoyl-[acyl-carrier-protein] reductase [NADPH] FabI";"Staphylococcus aureus";"SINGLE PROTEIN";"CHEMBL3638908";"37";"BindingDB Patent Bioactivity Data";"";"2015";"None";"";"";"";"1800.0"
"CHEMBL3623396";"";"None";"338.79";"1";"5.56";"15a";"Cc1cc(Cl)ccc1Oc1coc(/C=C/c2ccccc2)cc1=O";"IC50";"'='";"4880.0";"nM";"5.31";"";"";"UO_0000065";"15.68";"0.30";"-0.25";"13.47";"0";"CHEMBL3625533";"Inhibition of Staphylococcus aureus FabI assessed as reduction in inhibition of reduction of trans-2-octenoyl N-acetylcysteamine substrate by spectrophotometry";"B";"BAO_0000357";"single protein format";"Staphylococcus aureus";"None";"None";"None";"None";"";"";"";"CHEMBL3994";"Enoyl-[acyl-carrier-protein] reductase [NADPH] FabI";"Staphylococcus aureus";"SINGLE PROTEIN";"CHEMBL3621046";"1";"Scientific Literature";"Bioorg Med Chem Lett";"2015";"None";"";"";"";"4.88"
"CHEMBL3623395";"";"None";"353.33";"0";"4.23";"13f";"Cc1c(Oc2coc(COc3ccccc3)cc2=O)cccc1[N+](=O)[O-]";"IC50";"'='";"3520.0";"nM";"5.45";"";"";"UO_0000065";"15.43";"0.29";"1.22";"5.94";"0";"CHEMBL3625533";"Inhibition of Staphylococcus aureus FabI assessed as reduction in inhibition of reduction of trans-2-octenoyl N-acetylcysteamine substrate by spectrophotometry";"B";"BAO_0000357";"single protein format";"Staphylococcus aureus";"None";"None";"None";"None";"";"";"";"CHEMBL3994";"Enoyl-[acyl-carrier-protein] reductase [NADPH] FabI";"Staphylococcus aureus";"SINGLE PROTEIN";"CHEMBL3621046";"1";"Scientific Literature";"Bioorg Med Chem Lett";"2015";"None";"";"";"";"3.52"
"CHEMBL3623393";"";"None";"363.20";"1";"5.32";"13d";"O=c1cc(COc2ccccc2)occ1Oc1cccc(Cl)c1Cl";"IC50";"'='";"1250.0";"nM";"5.90";"";"";"UO_0000065";"16.25";"0.34";"0.58";"12.13";"0";"CHEMBL3625533";"Inhibition of Staphylococcus aureus FabI assessed as reduction in inhibition of reduction of trans-2-octenoyl N-acetylcysteamine substrate by spectrophotometry";"B";"BAO_0000357";"single protein format";"Staphylococcus aureus";"None";"None";"None";"None";"";"";"";"CHEMBL3994";"Enoyl-[acyl-carrier-protein] reductase [NADPH] FabI";"Staphylococcus aureus";"SINGLE PROTEIN";"CHEMBL3621046";"1";"Scientific Literature";"Bioorg Med Chem Lett";"2015";"None";"";"";"";"1.25"
"CHEMBL3623391";"";"None";"342.78";"0";"4.97";"13b";"Cc1cc(Cl)ccc1Oc1coc(COc2ccccc2)cc1=O";"IC50";"'='";"450.0";"nM";"6.35";"";"";"UO_0000065";"18.52";"0.36";"1.38";"13.04";"0";"CHEMBL3625533";"Inhibition of Staphylococcus aureus FabI assessed as reduction in inhibition of reduction of trans-2-octenoyl N-acetylcysteamine substrate by spectrophotometry";"B";"BAO_0000357";"single protein format";"Staphylococcus aureus";"None";"None";"None";"None";"";"";"";"CHEMBL3994";"Enoyl-[acyl-carrier-protein] reductase [NADPH] FabI";"Staphylococcus aureus";"SINGLE PROTEIN";"CHEMBL3621046";"1";"Scientific Literature";"Bioorg Med Chem Lett";"2015";"None";"";"";"";"0.45"
"CHEMBL3322710";"";"None";"377.44";"0";"2.83";"AEA8";"Cc1ccccc1OCC1CN(C(=O)/C=C/c2cnc3c(c2)CCC(=O)N3)C1";"IC50";"'='";"177.0";"nM";"6.75";"";"";"UO_0000065";"17.89";"0.33";"3.92";"9.44";"0";"CHEMBL3365684";"Inhibition of Staphylococcus aureus FabI-mediated reduction of enoyl-ACP preincubated for 30 mins measured after 2 hrs by spectrophotometry";"B";"BAO_0000357";"single protein format";"Staphylococcus aureus";"None";"None";"None";"None";"";"";"";"CHEMBL3994";"Enoyl-[acyl-carrier-protein] reductase [NADPH] FabI";"Staphylococcus aureus";"SINGLE PROTEIN";"CHEMBL3352330";"1";"Scientific Literature";"Eur J Med Chem";"2014";"None";"";"";"";"0.177"
"CHEMBL3322722";"";"None";"334.38";"0";"2.00";"AEA20";"O=C1CCc2cc(/C=C/C(=O)N3CC(c4ccccn4)C3)cnc2N1";"IC50";"'='";"242.0";"nM";"6.62";"";"";"UO_0000065";"19.79";"0.36";"4.62";"8.80";"0";"CHEMBL3365684";"Inhibition of Staphylococcus aureus FabI-mediated reduction of enoyl-ACP preincubated for 30 mins measured after 2 hrs by spectrophotometry";"B";"BAO_0000357";"single protein format";"Staphylococcus aureus";"None";"None";"None";"None";"";"";"";"CHEMBL3994";"Enoyl-[acyl-carrier-protein] reductase [NADPH] FabI";"Staphylococcus aureus";"SINGLE PROTEIN";"CHEMBL3352330";"1";"Scientific Literature";"Eur J Med Chem";"2014";"None";"";"";"";"0.242"
"CHEMBL3322724";"";"None";"375.43";"0";"3.73";"AEA22";"CC(=O)Nc1ccc(/C=C/C(=O)N2CC(c3oc4ccccc4c3C)C2)cn1";"IC50";"'='";"161.0";"nM";"6.79";"";"";"UO_0000065";"18.09";"0.33";"3.06";"9.00";"0";"CHEMBL3365684";"Inhibition of Staphylococcus aureus FabI-mediated reduction of enoyl-ACP preincubated for 30 mins measured after 2 hrs by spectrophotometry";"B";"BAO_0000357";"single protein format";"Staphylococcus aureus";"None";"None";"None";"None";"";"";"";"CHEMBL3994";"Enoyl-[acyl-carrier-protein] reductase [NADPH] FabI";"Staphylococcus aureus";"SINGLE PROTEIN";"CHEMBL3352330";"1";"Scientific Literature";"Eur J Med Chem";"2014";"None";"";"";"";"0.161"
"CHEMBL3322726";"";"None";"501.59";"1";"3.46";"AEA24";"Cc1c(C2CN(C(=O)/C=C/c3cnc4c(c3)CN(CCN3CCOCC3)C(=O)N4)C2)oc2ccccc12";"IC50";"'='";"58.0";"nM";"7.24";"";"";"UO_0000065";"14.43";"0.27";"3.78";"7.94";"0";"CHEMBL3365684";"Inhibition of Staphylococcus aureus FabI-mediated reduction of enoyl-ACP preincubated for 30 mins measured after 2 hrs by spectrophotometry";"B";"BAO_0000357";"single protein format";"Staphylococcus aureus";"None";"None";"None";"None";"";"";"";"CHEMBL3994";"Enoyl-[acyl-carrier-protein] reductase [NADPH] FabI";"Staphylococcus aureus";"SINGLE PROTEIN";"CHEMBL3352330";"1";"Scientific Literature";"Eur J Med Chem";"2014";"None";"";"";"";"0.058"
"CHEMBL72900";"";"None";"412.49";"0";"4.61";"30";"Cc1ccc(C(=O)N2CCc3c(n(Cc4ccc(O)cc4)c4ccccc34)C2)c(O)c1";"IC50";"'='";"120.0";"nM";"6.92";"";"";"UO_0000065";"16.78";"0.30";"2.31";"10.53";"0";"CHEMBL677574";"Antibacterial activity against Staphylococcus aureus FabI";"B";"BAO_0000357";"single protein format";"Staphylococcus aureus";"None";"None";"None";"None";"";"";"";"CHEMBL3994";"Enoyl-[acyl-carrier-protein] reductase [NADPH] FabI";"Staphylococcus aureus";"SINGLE PROTEIN";"CHEMBL1133924";"1";"Scientific Literature";"Bioorg Med Chem Lett";"2001";"None";"";"";"";"0.12"
"CHEMBL110480";"";"None";"448.52";"0";"2.77";"1";"COC(=O)CC1Nc2ccc(C(=O)N(C)Cc3cc4ccccc4n3C)cc2CN(C)C1=O";"IC50";"'='";"16500.0";"nM";"4.78";"";"";"UO_0000065";"10.66";"0.20";"2.01";"5.70";"0";"CHEMBL819485";"Concentration required for the 50% inhibition of enoyl-ACP reductase from Staphylococcus aureus was determined.";"B";"BAO_0000357";"single protein format";"None";"None";"None";"None";"None";"";"";"";"CHEMBL3994";"Enoyl-[acyl-carrier-protein] reductase [NADPH] FabI";"Staphylococcus aureus";"SINGLE PROTEIN";"CHEMBL1135515";"1";"Scientific Literature";"J Med Chem";"2002";"None";"";"";"";"16.5"
"CHEMBL304450";"";"None";"243.33";"0";"3.14";"32";"c1ccc(C[C@@H]2COC(c3ccsc3)=N2)cc1";"IC50";"'>'";"100000.0";"nM";"";"";"";"UO_0000065";"";"";"";"";"0";"CHEMBL677570";"Evaluated for inhibition of enoyl acyl carrier protein reductase (FabI) in Staphylococcus aureus.";"B";"BAO_0000357";"single protein format";"Staphylococcus aureus";"None";"None";"None";"None";"";"";"";"CHEMBL3994";"Enoyl-[acyl-carrier-protein] reductase [NADPH] FabI";"Staphylococcus aureus";"SINGLE PROTEIN";"CHEMBL1133895";"1";"Scientific Literature";"Bioorg Med Chem Lett";"2001";"None";"";"";"";"100.0"
"CHEMBL5283342";"";"None";"268.44";"1";"5.57";"86, MHDA";"CC(C)CCCC/C=C\CCCCCCCC(=O)O";"IC50";"'='";"16300.0";"nM";"4.79";"";"";"UO_0000065";"17.84";"0.34";"-0.78";"12.84";"0";"CHEMBL5231308";"Inhibition of Staphylococcus aureus FabI in the presence of NADH using crotonyl CoA as substrate by measuring NADH consumption rate";"B";"BAO_0000357";"single protein format";"Staphylococcus aureus";"None";"None";"None";"None";"";"";"";"CHEMBL3994";"Enoyl-[acyl-carrier-protein] reductase [NADPH] FabI";"Staphylococcus aureus";"SINGLE PROTEIN";"CHEMBL5230110";"1";"Scientific Literature";"Eur J Med Chem";"2020";"None";"";"INHIBITOR";"";"16.3"
"CHEMBL3676395";"";"None";"271.32";"0";"1.60";"BDBM133658";"O=C1CCc2cc(/C=C/C(=O)N3CCCC3)cnc2N1";"IC50";"'='";"5500.0";"nM";"5.26";"";"305317";"UO_0000065";"19.39";"0.36";"3.66";"8.44";"1";"CHEMBL3705387";"Fluorescence Based Assay: The assay buffer 'AB' contained 50 mM ADA (N-(2-acetamido)iminodiacetic acid monosodium salt) pH 6.5, 1 mM dithiothreitol, 0.006% Triton-X100 and 50 mM NaCl. The following components are added in a white polystyrene Costar plate (Ref 3912) up to a final volume of 55.5 uL: 1.5 uL DMSO or inhibitor dissolved in DMSO and 54 uL of a FabI/NADPH/NADP+ mixture in AB. After 60 min of pre-incubation at room temperature, the reaction is started by addition of 5 uL of trans-2-octenoyl N-acetylcysteamine thioester (t-o-NAC) to a final volume of 60.5 uL. This reaction mixture is then composed of 2 nM FabI, 40 uM NADPH (Sigma, N7505), 10 uM NADP+(Sigma, N5755), 100 uM t-O-NAC and compound at defined concentration. Fluorescence intensity of NADPH (lamda=ex=360 nm, lamda=em=520 nm) is measured immediately after t-O-NAC addition (T0), and approximately 50 min later (T50) by a Fluostar Optima (BMG) so as to achieve ~30% of NADPH conversion.";"B";"BAO_0000357";"single protein format";"Staphylococcus aureus";"None";"None";"None";"None";"";"";"";"CHEMBL3994";"Enoyl-[acyl-carrier-protein] reductase [NADPH] FabI";"Staphylococcus aureus";"SINGLE PROTEIN";"CHEMBL3638908";"37";"BindingDB Patent Bioactivity Data";"";"2015";"None";"";"";"";"5500.0"
"CHEMBL3623408";"";"None";"318.37";"1";"5.22";"15m";"Cc1ccc(Oc2coc(/C=C/c3ccccc3)cc2=O)c(C)c1";"IC50";"'='";"5330.0";"nM";"5.27";"";"";"UO_0000065";"16.56";"0.30";"0.05";"13.37";"0";"CHEMBL3625533";"Inhibition of Staphylococcus aureus FabI assessed as reduction in inhibition of reduction of trans-2-octenoyl N-acetylcysteamine substrate by spectrophotometry";"B";"BAO_0000357";"single protein format";"Staphylococcus aureus";"None";"None";"None";"None";"";"";"";"CHEMBL3994";"Enoyl-[acyl-carrier-protein] reductase [NADPH] FabI";"Staphylococcus aureus";"SINGLE PROTEIN";"CHEMBL3621046";"1";"Scientific Literature";"Bioorg Med Chem Lett";"2015";"None";"";"";"";"5.33"
"CHEMBL6013029";"";"None";"391.50";"0";"3.60";"BDBM316929";"O=C1CCc2cc(/C=C/C(=O)N3C[C@@H]4CC(c5ccsc5)=C[C@@H]4C3)cnc2N1";"IC50";"'='";"1140.0";"nM";"5.94";"";"619734";"UO_0000065";"15.18";"0.29";"2.34";"9.54";"0";"CHEMBL5732078";"Enzyme Inhibition Assay: FabI enzyme inhibition assays were carried out in half-area, 384-well microtitre plates. Compounds were evaluated in 40-μl assay mixtures containing 100 mM NaADA, pH 6.5 (ADA=N-[2-acetamido]-2iminodiacetic acid), 250 μM crotonoyl-CoA, 625 μM NADH and 50 μg/ml S. aureus ATCC 29213 FabI. Inhibitors were typically varied over the range of 50 to 0.39 μM. The reaction mixtures were incubated for 30 minutes at room temperature and the reaction was stopped by adding 200 mM Tris buffer (pH 9.0) to create a pH-shift. The consumption of NADH was monitored by measuring the change in absorbance at 340. By comparing sample readings to those of negative (absence of compound) and positive (absence of enzyme) controls, the percent inhibition of enzymatic activity of the compounds was determined. A best-fit curve is fitted by a minimum of squares method.";"B";"BAO_0000357";"single protein format";"Staphylococcus aureus";"None";"None";"None";"None";"";"";"";"CHEMBL3994";"Enoyl-[acyl-carrier-protein] reductase [NADPH] FabI";"Staphylococcus aureus";"SINGLE PROTEIN";"CHEMBL5726112";"37";"BindingDB Patent Bioactivity Data";"";"2017";"None";"";"";"";"1140.0"
"CHEMBL5921927";"";"None";"403.48";"0";"3.30";"BDBM316937";"O=C1CCc2cc(/C=C/C(=O)N3C[C@H]4CC(Oc5ccccc5)C[C@H]4C3)cnc2N1";"IC50";"'='";"4560.0";"nM";"5.34";"";"619742";"UO_0000065";"13.24";"0.24";"2.04";"7.47";"0";"CHEMBL5732078";"Enzyme Inhibition Assay: FabI enzyme inhibition assays were carried out in half-area, 384-well microtitre plates. Compounds were evaluated in 40-μl assay mixtures containing 100 mM NaADA, pH 6.5 (ADA=N-[2-acetamido]-2iminodiacetic acid), 250 μM crotonoyl-CoA, 625 μM NADH and 50 μg/ml S. aureus ATCC 29213 FabI. Inhibitors were typically varied over the range of 50 to 0.39 μM. The reaction mixtures were incubated for 30 minutes at room temperature and the reaction was stopped by adding 200 mM Tris buffer (pH 9.0) to create a pH-shift. The consumption of NADH was monitored by measuring the change in absorbance at 340. By comparing sample readings to those of negative (absence of compound) and positive (absence of enzyme) controls, the percent inhibition of enzymatic activity of the compounds was determined. A best-fit curve is fitted by a minimum of squares method.";"B";"BAO_0000357";"single protein format";"Staphylococcus aureus";"None";"None";"None";"None";"";"";"";"CHEMBL3994";"Enoyl-[acyl-carrier-protein] reductase [NADPH] FabI";"Staphylococcus aureus";"SINGLE PROTEIN";"CHEMBL5726112";"37";"BindingDB Patent Bioactivity Data";"";"2017";"None";"";"";"";"4560.0"
"CHEMBL5907320";"";"None";"389.46";"0";"1.97";"BDBM316905";"O=C1CCc2cc(/C=C/C(=O)N3C[C@@H]4CN(c5cccnc5)C[C@@H]4C3)cnc2N1";"IC50";"'='";"2740.0";"nM";"5.56";"";"619710";"UO_0000065";"14.28";"0.26";"3.59";"7.09";"0";"CHEMBL5732078";"Enzyme Inhibition Assay: FabI enzyme inhibition assays were carried out in half-area, 384-well microtitre plates. Compounds were evaluated in 40-μl assay mixtures containing 100 mM NaADA, pH 6.5 (ADA=N-[2-acetamido]-2iminodiacetic acid), 250 μM crotonoyl-CoA, 625 μM NADH and 50 μg/ml S. aureus ATCC 29213 FabI. Inhibitors were typically varied over the range of 50 to 0.39 μM. The reaction mixtures were incubated for 30 minutes at room temperature and the reaction was stopped by adding 200 mM Tris buffer (pH 9.0) to create a pH-shift. The consumption of NADH was monitored by measuring the change in absorbance at 340. By comparing sample readings to those of negative (absence of compound) and positive (absence of enzyme) controls, the percent inhibition of enzymatic activity of the compounds was determined. A best-fit curve is fitted by a minimum of squares method.";"B";"BAO_0000357";"single protein format";"Staphylococcus aureus";"None";"None";"None";"None";"";"";"";"CHEMBL3994";"Enoyl-[acyl-carrier-protein] reductase [NADPH] FabI";"Staphylococcus aureus";"SINGLE PROTEIN";"CHEMBL5726112";"37";"BindingDB Patent Bioactivity Data";"";"2017";"None";"";"";"";"2740.0"
"CHEMBL5928826";"";"None";"403.46";"0";"3.68";"BDBM316906";"O=C1CCc2cc(/C=C/C(=O)N3CC4C=C(c5ccccc5F)CC4C3)cnc2N1";"IC50";"'='";"1610.0";"nM";"5.79";"";"619711";"UO_0000065";"14.36";"0.26";"2.11";"9.30";"0";"CHEMBL5732078";"Enzyme Inhibition Assay: FabI enzyme inhibition assays were carried out in half-area, 384-well microtitre plates. Compounds were evaluated in 40-μl assay mixtures containing 100 mM NaADA, pH 6.5 (ADA=N-[2-acetamido]-2iminodiacetic acid), 250 μM crotonoyl-CoA, 625 μM NADH and 50 μg/ml S. aureus ATCC 29213 FabI. Inhibitors were typically varied over the range of 50 to 0.39 μM. The reaction mixtures were incubated for 30 minutes at room temperature and the reaction was stopped by adding 200 mM Tris buffer (pH 9.0) to create a pH-shift. The consumption of NADH was monitored by measuring the change in absorbance at 340. By comparing sample readings to those of negative (absence of compound) and positive (absence of enzyme) controls, the percent inhibition of enzymatic activity of the compounds was determined. A best-fit curve is fitted by a minimum of squares method.";"B";"BAO_0000357";"single protein format";"Staphylococcus aureus";"None";"None";"None";"None";"";"";"";"CHEMBL3994";"Enoyl-[acyl-carrier-protein] reductase [NADPH] FabI";"Staphylococcus aureus";"SINGLE PROTEIN";"CHEMBL5726112";"37";"BindingDB Patent Bioactivity Data";"";"2017";"None";"";"";"";"1610.0"
"CHEMBL5876339";"";"None";"422.92";"0";"3.23";"BDBM316920";"O=C1CCc2cc(/C=C/C(=O)N3C[C@@H]4CN(c5cccc(Cl)c5)C[C@@H]4C3)cnc2N1";"IC50";"'='";"2190.0";"nM";"5.66";"";"619725";"UO_0000065";"13.38";"0.26";"2.43";"8.64";"0";"CHEMBL5732078";"Enzyme Inhibition Assay: FabI enzyme inhibition assays were carried out in half-area, 384-well microtitre plates. Compounds were evaluated in 40-μl assay mixtures containing 100 mM NaADA, pH 6.5 (ADA=N-[2-acetamido]-2iminodiacetic acid), 250 μM crotonoyl-CoA, 625 μM NADH and 50 μg/ml S. aureus ATCC 29213 FabI. Inhibitors were typically varied over the range of 50 to 0.39 μM. The reaction mixtures were incubated for 30 minutes at room temperature and the reaction was stopped by adding 200 mM Tris buffer (pH 9.0) to create a pH-shift. The consumption of NADH was monitored by measuring the change in absorbance at 340. By comparing sample readings to those of negative (absence of compound) and positive (absence of enzyme) controls, the percent inhibition of enzymatic activity of the compounds was determined. A best-fit curve is fitted by a minimum of squares method.";"B";"BAO_0000357";"single protein format";"Staphylococcus aureus";"None";"None";"None";"None";"";"";"";"CHEMBL3994";"Enoyl-[acyl-carrier-protein] reductase [NADPH] FabI";"Staphylococcus aureus";"SINGLE PROTEIN";"CHEMBL5726112";"37";"BindingDB Patent Bioactivity Data";"";"2017";"None";"";"";"";"2190.0"
"CHEMBL302470";"";"None";"332.33";"0";"4.63";"29";"COc1ccc(-c2cn(Cc3ccc(C(F)(F)F)cc3)cn2)cc1";"IC50";"'='";"4070.0";"nM";"5.39";"";"";"UO_0000065";"16.22";"0.31";"0.76";"19.93";"0";"CHEMBL677570";"Evaluated for inhibition of enoyl acyl carrier protein reductase (FabI) in Staphylococcus aureus.";"B";"BAO_0000357";"single protein format";"Staphylococcus aureus";"None";"None";"None";"None";"";"";"";"CHEMBL3994";"Enoyl-[acyl-carrier-protein] reductase [NADPH] FabI";"Staphylococcus aureus";"SINGLE PROTEIN";"CHEMBL1133895";"1";"Scientific Literature";"Bioorg Med Chem Lett";"2001";"None";"";"";"";"4.07"
"CHEMBL3676395";"";"None";"271.32";"0";"1.60";"BDBM133658";"O=C1CCc2cc(/C=C/C(=O)N3CCCC3)cnc2N1";"IC50";"'='";"5500.0";"nM";"5.26";"";"266516";"UO_0000065";"19.39";"0.36";"3.66";"8.44";"0";"CHEMBL3705478";"Fluorescence Based Assay: Compound inhibitory activity of FabI enzyme is measured in vitro by the IC5 so determination using a fluorescence based assay.The protein FabI from S. aureus is prepared and purified using standard methods for recombinant protein expression after cloning of the gene in a prokaryotic expression vector.The biochemical activity of the FabI enzyme is assessed using the following method.The assay buffer AB contained 50 mM ADA (N-(2-acetamido)iminodiacetic acid monosodium salt) pH 6.5, 1 mM dithiothreitol, 0.006% Triton-X100 and 50 mM NaCl.The following components are added in a white polystyrene Costar plate (Ref 3912) up to a final volume of 55.5 uL: 1.5 uL DMSO or inhibitor dissolved in DMSO and 54 uL of a FabI/NADPH/NADP+ mixture in AB. After 60 min of pre-incubation at room temperature, the reaction is started by addition of 5 uL of trans-2-octenoyl N-acetylcysteamine thioester (t-o-NAC) to a final volume of 60.5 uL.";"B";"BAO_0000019";"assay format";"Staphylococcus aureus";"None";"None";"None";"None";"";"";"";"CHEMBL3994";"Enoyl-[acyl-carrier-protein] reductase [NADPH] FabI";"Staphylococcus aureus";"SINGLE PROTEIN";"CHEMBL3638382";"37";"BindingDB Patent Bioactivity Data";"";"2014";"None";"";"";"";"5500.0"
"CHEMBL3676396";"";"None";"285.35";"0";"1.99";"BDBM133659";"O=C1CCc2cc(/C=C/C(=O)N3CCCCC3)cnc2N1";"IC50";"'='";"9900.0";"nM";"5.00";"";"266517";"UO_0000065";"17.54";"0.33";"3.01";"8.03";"0";"CHEMBL3705478";"Fluorescence Based Assay: Compound inhibitory activity of FabI enzyme is measured in vitro by the IC5 so determination using a fluorescence based assay.The protein FabI from S. aureus is prepared and purified using standard methods for recombinant protein expression after cloning of the gene in a prokaryotic expression vector.The biochemical activity of the FabI enzyme is assessed using the following method.The assay buffer AB contained 50 mM ADA (N-(2-acetamido)iminodiacetic acid monosodium salt) pH 6.5, 1 mM dithiothreitol, 0.006% Triton-X100 and 50 mM NaCl.The following components are added in a white polystyrene Costar plate (Ref 3912) up to a final volume of 55.5 uL: 1.5 uL DMSO or inhibitor dissolved in DMSO and 54 uL of a FabI/NADPH/NADP+ mixture in AB. After 60 min of pre-incubation at room temperature, the reaction is started by addition of 5 uL of trans-2-octenoyl N-acetylcysteamine thioester (t-o-NAC) to a final volume of 60.5 uL.";"B";"BAO_0000019";"assay format";"Staphylococcus aureus";"None";"None";"None";"None";"";"";"";"CHEMBL3994";"Enoyl-[acyl-carrier-protein] reductase [NADPH] FabI";"Staphylococcus aureus";"SINGLE PROTEIN";"CHEMBL3638382";"37";"BindingDB Patent Bioactivity Data";"";"2014";"None";"";"";"";"9900.0"
"CHEMBL3676397";"";"None";"329.40";"0";"1.60";"BDBM133660";"O=C1CCc2cc(/C=C/C(=O)N3CCC(CCO)CC3)cnc2N1";"IC50";"'='";"5300.0";"nM";"5.28";"";"266518";"UO_0000065";"16.02";"0.30";"3.68";"6.39";"0";"CHEMBL3705478";"Fluorescence Based Assay: Compound inhibitory activity of FabI enzyme is measured in vitro by the IC5 so determination using a fluorescence based assay.The protein FabI from S. aureus is prepared and purified using standard methods for recombinant protein expression after cloning of the gene in a prokaryotic expression vector.The biochemical activity of the FabI enzyme is assessed using the following method.The assay buffer AB contained 50 mM ADA (N-(2-acetamido)iminodiacetic acid monosodium salt) pH 6.5, 1 mM dithiothreitol, 0.006% Triton-X100 and 50 mM NaCl.The following components are added in a white polystyrene Costar plate (Ref 3912) up to a final volume of 55.5 uL: 1.5 uL DMSO or inhibitor dissolved in DMSO and 54 uL of a FabI/NADPH/NADP+ mixture in AB. After 60 min of pre-incubation at room temperature, the reaction is started by addition of 5 uL of trans-2-octenoyl N-acetylcysteamine thioester (t-o-NAC) to a final volume of 60.5 uL.";"B";"BAO_0000019";"assay format";"Staphylococcus aureus";"None";"None";"None";"None";"";"";"";"CHEMBL3994";"Enoyl-[acyl-carrier-protein] reductase [NADPH] FabI";"Staphylococcus aureus";"SINGLE PROTEIN";"CHEMBL3638382";"37";"BindingDB Patent Bioactivity Data";"";"2014";"None";"";"";"";"5300.0"
"CHEMBL3676404";"";"None";"338.37";"0";"2.43";"BDBM133667";"Cc1nc(C2CC(C(=O)/C=C/c3cnc4c(c3)CCC(=O)N4)C2)no1";"IC50";"'='";"150.0";"nM";"6.82";"";"266525";"UO_0000065";"20.17";"0.37";"4.39";"6.96";"0";"CHEMBL3705478";"Fluorescence Based Assay: Compound inhibitory activity of FabI enzyme is measured in vitro by the IC5 so determination using a fluorescence based assay.The protein FabI from S. aureus is prepared and purified using standard methods for recombinant protein expression after cloning of the gene in a prokaryotic expression vector.The biochemical activity of the FabI enzyme is assessed using the following method.The assay buffer AB contained 50 mM ADA (N-(2-acetamido)iminodiacetic acid monosodium salt) pH 6.5, 1 mM dithiothreitol, 0.006% Triton-X100 and 50 mM NaCl.The following components are added in a white polystyrene Costar plate (Ref 3912) up to a final volume of 55.5 uL: 1.5 uL DMSO or inhibitor dissolved in DMSO and 54 uL of a FabI/NADPH/NADP+ mixture in AB. After 60 min of pre-incubation at room temperature, the reaction is started by addition of 5 uL of trans-2-octenoyl N-acetylcysteamine thioester (t-o-NAC) to a final volume of 60.5 uL.";"B";"BAO_0000019";"assay format";"Staphylococcus aureus";"None";"None";"None";"None";"";"";"";"CHEMBL3994";"Enoyl-[acyl-carrier-protein] reductase [NADPH] FabI";"Staphylococcus aureus";"SINGLE PROTEIN";"CHEMBL3638382";"37";"BindingDB Patent Bioactivity Data";"";"2014";"None";"";"";"";"150.0"
"CHEMBL3676414";"";"None";"391.49";"0";"1.80";"BDBM133678";"CCCCCS(=O)(=O)C1CN(C(=O)/C=C/c2cnc3c(c2)CCC(=O)N3)C1";"IC50";"'='";"8600.0";"nM";"5.07";"";"266536";"UO_0000065";"12.94";"0.26";"3.27";"5.25";"0";"CHEMBL3705478";"Fluorescence Based Assay: Compound inhibitory activity of FabI enzyme is measured in vitro by the IC5 so determination using a fluorescence based assay.The protein FabI from S. aureus is prepared and purified using standard methods for recombinant protein expression after cloning of the gene in a prokaryotic expression vector.The biochemical activity of the FabI enzyme is assessed using the following method.The assay buffer AB contained 50 mM ADA (N-(2-acetamido)iminodiacetic acid monosodium salt) pH 6.5, 1 mM dithiothreitol, 0.006% Triton-X100 and 50 mM NaCl.The following components are added in a white polystyrene Costar plate (Ref 3912) up to a final volume of 55.5 uL: 1.5 uL DMSO or inhibitor dissolved in DMSO and 54 uL of a FabI/NADPH/NADP+ mixture in AB. After 60 min of pre-incubation at room temperature, the reaction is started by addition of 5 uL of trans-2-octenoyl N-acetylcysteamine thioester (t-o-NAC) to a final volume of 60.5 uL.";"B";"BAO_0000019";"assay format";"Staphylococcus aureus";"None";"None";"None";"None";"";"";"";"CHEMBL3994";"Enoyl-[acyl-carrier-protein] reductase [NADPH] FabI";"Staphylococcus aureus";"SINGLE PROTEIN";"CHEMBL3638382";"37";"BindingDB Patent Bioactivity Data";"";"2014";"None";"";"";"";"8600.0"
"CHEMBL3676415";"";"None";"310.36";"0";"1.50";"BDBM133679";"Nc1ccc(/C=C/C(=O)N2CC(OCc3ccncc3)C2)cn1";"IC50";"'='";"1800.0";"nM";"5.75";"";"266537";"UO_0000065";"18.51";"0.34";"4.24";"7.06";"0";"CHEMBL3705478";"Fluorescence Based Assay: Compound inhibitory activity of FabI enzyme is measured in vitro by the IC5 so determination using a fluorescence based assay.The protein FabI from S. aureus is prepared and purified using standard methods for recombinant protein expression after cloning of the gene in a prokaryotic expression vector.The biochemical activity of the FabI enzyme is assessed using the following method.The assay buffer AB contained 50 mM ADA (N-(2-acetamido)iminodiacetic acid monosodium salt) pH 6.5, 1 mM dithiothreitol, 0.006% Triton-X100 and 50 mM NaCl.The following components are added in a white polystyrene Costar plate (Ref 3912) up to a final volume of 55.5 uL: 1.5 uL DMSO or inhibitor dissolved in DMSO and 54 uL of a FabI/NADPH/NADP+ mixture in AB. After 60 min of pre-incubation at room temperature, the reaction is started by addition of 5 uL of trans-2-octenoyl N-acetylcysteamine thioester (t-o-NAC) to a final volume of 60.5 uL.";"B";"BAO_0000019";"assay format";"Staphylococcus aureus";"None";"None";"None";"None";"";"";"";"CHEMBL3994";"Enoyl-[acyl-carrier-protein] reductase [NADPH] FabI";"Staphylococcus aureus";"SINGLE PROTEIN";"CHEMBL3638382";"37";"BindingDB Patent Bioactivity Data";"";"2014";"None";"";"";"";"1800.0"
"CHEMBL6038443";"";"None";"389.46";"0";"2.27";"BDBM316912";"Cn1cc(C2=CC3CN(C(=O)/C=C/c4cnc5c(c4)CCC(=O)N5)CC3C2)cn1";"IC50";"'='";"1540.0";"nM";"5.81";"";"619717";"UO_0000065";"14.92";"0.27";"3.54";"7.25";"0";"CHEMBL5732078";"Enzyme Inhibition Assay: FabI enzyme inhibition assays were carried out in half-area, 384-well microtitre plates. Compounds were evaluated in 40-μl assay mixtures containing 100 mM NaADA, pH 6.5 (ADA=N-[2-acetamido]-2iminodiacetic acid), 250 μM crotonoyl-CoA, 625 μM NADH and 50 μg/ml S. aureus ATCC 29213 FabI. Inhibitors were typically varied over the range of 50 to 0.39 μM. The reaction mixtures were incubated for 30 minutes at room temperature and the reaction was stopped by adding 200 mM Tris buffer (pH 9.0) to create a pH-shift. The consumption of NADH was monitored by measuring the change in absorbance at 340. By comparing sample readings to those of negative (absence of compound) and positive (absence of enzyme) controls, the percent inhibition of enzymatic activity of the compounds was determined. A best-fit curve is fitted by a minimum of squares method.";"B";"BAO_0000357";"single protein format";"Staphylococcus aureus";"None";"None";"None";"None";"";"";"";"CHEMBL3994";"Enoyl-[acyl-carrier-protein] reductase [NADPH] FabI";"Staphylococcus aureus";"SINGLE PROTEIN";"CHEMBL5726112";"37";"BindingDB Patent Bioactivity Data";"";"2017";"None";"";"";"";"1540.0"
"CHEMBL3676409";"";"None";"364.41";"0";"2.05";"BDBM133672";"O=C1CCc2cc(/C=C/C(=O)N3CCC(Oc4cccnc4)C3)cnc2N1";"IC50";"'='";"930.0";"nM";"6.03";"";"266530";"UO_0000065";"16.55";"0.31";"3.98";"7.14";"0";"CHEMBL3705478";"Fluorescence Based Assay: Compound inhibitory activity of FabI enzyme is measured in vitro by the IC5 so determination using a fluorescence based assay.The protein FabI from S. aureus is prepared and purified using standard methods for recombinant protein expression after cloning of the gene in a prokaryotic expression vector.The biochemical activity of the FabI enzyme is assessed using the following method.The assay buffer AB contained 50 mM ADA (N-(2-acetamido)iminodiacetic acid monosodium salt) pH 6.5, 1 mM dithiothreitol, 0.006% Triton-X100 and 50 mM NaCl.The following components are added in a white polystyrene Costar plate (Ref 3912) up to a final volume of 55.5 uL: 1.5 uL DMSO or inhibitor dissolved in DMSO and 54 uL of a FabI/NADPH/NADP+ mixture in AB. After 60 min of pre-incubation at room temperature, the reaction is started by addition of 5 uL of trans-2-octenoyl N-acetylcysteamine thioester (t-o-NAC) to a final volume of 60.5 uL.";"B";"BAO_0000019";"assay format";"Staphylococcus aureus";"None";"None";"None";"None";"";"";"";"CHEMBL3994";"Enoyl-[acyl-carrier-protein] reductase [NADPH] FabI";"Staphylococcus aureus";"SINGLE PROTEIN";"CHEMBL3638382";"37";"BindingDB Patent Bioactivity Data";"";"2014";"None";"";"";"";"930.0"
"CHEMBL5883914";"";"None";"403.48";"0";"2.74";"BDBM316947";"O=C1CCc2cc(/C=C/C(=O)N3C[C@@H]4CC(O)(c5ccccc5)C[C@@H]4C3)cnc2N1";"IC50";"'='";"6320.0";"nM";"5.20";"";"619752";"UO_0000065";"12.89";"0.24";"2.46";"6.30";"0";"CHEMBL5732078";"Enzyme Inhibition Assay: FabI enzyme inhibition assays were carried out in half-area, 384-well microtitre plates. Compounds were evaluated in 40-μl assay mixtures containing 100 mM NaADA, pH 6.5 (ADA=N-[2-acetamido]-2iminodiacetic acid), 250 μM crotonoyl-CoA, 625 μM NADH and 50 μg/ml S. aureus ATCC 29213 FabI. Inhibitors were typically varied over the range of 50 to 0.39 μM. The reaction mixtures were incubated for 30 minutes at room temperature and the reaction was stopped by adding 200 mM Tris buffer (pH 9.0) to create a pH-shift. The consumption of NADH was monitored by measuring the change in absorbance at 340. By comparing sample readings to those of negative (absence of compound) and positive (absence of enzyme) controls, the percent inhibition of enzymatic activity of the compounds was determined. A best-fit curve is fitted by a minimum of squares method.";"B";"BAO_0000357";"single protein format";"Staphylococcus aureus";"None";"None";"None";"None";"";"";"";"CHEMBL3994";"Enoyl-[acyl-carrier-protein] reductase [NADPH] FabI";"Staphylococcus aureus";"SINGLE PROTEIN";"CHEMBL5726112";"37";"BindingDB Patent Bioactivity Data";"";"2017";"None";"";"";"";"6320.0"
"CHEMBL5958477";"";"None";"283.33";"0";"1.77";"BDBM302059";"O=C1CCc2cc(/C=C/C(=O)N3CC=CCC3)cnc2N1";"IC50";"'='";"12600.0";"nM";"4.90";"";"578216";"UO_0000065";"17.29";"0.32";"3.13";"7.86";"0";"CHEMBL5731701";"Enzyme Inhibition Assay: FabI enzyme inhibition assays were carried out in half-area, 384-well microtitre plates. Compounds were evaluated in 40-μl assay mixtures containing 100 mM NaADA, pH 6.5 (ADA=N-[2-acetamido]-2iminodiacetic acid), 250 μM crotonoyl-CoA, 625 μM NADH and 50 μg/ml S. aureus ATCC 29213 FabI Inhibitors were typically varied over the range of 50 to 0.39 μM. The reaction mixtures were incubated for 30 minutes at room temperature and the reaction was stopped by adding 200 mM Tris buffer (pH 9.0) to create a pH-shift. The consumption of NADH was monitored by measuring the change in absorbance at 340. By comparing sample readings to those of negative (absence of compound) and positive (absence of enzyme) controls, the percent inhibition of enzymatic activity of the compounds was determined A best-fit curve is fitted by a minimum of squares method. From this an IC50-value (expressed in μg/ml), resulting in 50% inhibition of enzymatic activity, was obtained.";"B";"BAO_0000019";"assay format";"Staphylococcus aureus";"None";"None";"None";"None";"";"";"";"CHEMBL3994";"Enoyl-[acyl-carrier-protein] reductase [NADPH] FabI";"Staphylococcus aureus";"SINGLE PROTEIN";"CHEMBL5725922";"37";"BindingDB Patent Bioactivity Data";"";"2017";"None";"";"";"";"12600.0"
"CHEMBL6024230";"";"None";"360.42";"0";"2.69";"BDBM302062";"O=C1CCc2cc(/C=C/C(=O)N3CC=C(c4cccnc4)CC3)cnc2N1";"IC50";"'='";"1850.0";"nM";"5.73";"";"578219";"UO_0000065";"15.91";"0.29";"3.04";"7.62";"0";"CHEMBL5731701";"Enzyme Inhibition Assay: FabI enzyme inhibition assays were carried out in half-area, 384-well microtitre plates. Compounds were evaluated in 40-μl assay mixtures containing 100 mM NaADA, pH 6.5 (ADA=N-[2-acetamido]-2iminodiacetic acid), 250 μM crotonoyl-CoA, 625 μM NADH and 50 μg/ml S. aureus ATCC 29213 FabI Inhibitors were typically varied over the range of 50 to 0.39 μM. The reaction mixtures were incubated for 30 minutes at room temperature and the reaction was stopped by adding 200 mM Tris buffer (pH 9.0) to create a pH-shift. The consumption of NADH was monitored by measuring the change in absorbance at 340. By comparing sample readings to those of negative (absence of compound) and positive (absence of enzyme) controls, the percent inhibition of enzymatic activity of the compounds was determined A best-fit curve is fitted by a minimum of squares method. From this an IC50-value (expressed in μg/ml), resulting in 50% inhibition of enzymatic activity, was obtained.";"B";"BAO_0000019";"assay format";"Staphylococcus aureus";"None";"None";"None";"None";"";"";"";"CHEMBL3994";"Enoyl-[acyl-carrier-protein] reductase [NADPH] FabI";"Staphylococcus aureus";"SINGLE PROTEIN";"CHEMBL5725922";"37";"BindingDB Patent Bioactivity Data";"";"2017";"None";"";"";"";"1850.0"
"CHEMBL6053707";"";"None";"362.43";"0";"2.33";"BDBM302069";"O=C1CCc2cc(/C=C/C(=O)N3CCN(c4ccccc4)CC3)cnc2N1";"IC50";"'='";"4080.0";"nM";"5.39";"";"578226";"UO_0000065";"14.87";"0.27";"3.06";"8.22";"0";"CHEMBL5731701";"Enzyme Inhibition Assay: FabI enzyme inhibition assays were carried out in half-area, 384-well microtitre plates. Compounds were evaluated in 40-μl assay mixtures containing 100 mM NaADA, pH 6.5 (ADA=N-[2-acetamido]-2iminodiacetic acid), 250 μM crotonoyl-CoA, 625 μM NADH and 50 μg/ml S. aureus ATCC 29213 FabI Inhibitors were typically varied over the range of 50 to 0.39 μM. The reaction mixtures were incubated for 30 minutes at room temperature and the reaction was stopped by adding 200 mM Tris buffer (pH 9.0) to create a pH-shift. The consumption of NADH was monitored by measuring the change in absorbance at 340. By comparing sample readings to those of negative (absence of compound) and positive (absence of enzyme) controls, the percent inhibition of enzymatic activity of the compounds was determined A best-fit curve is fitted by a minimum of squares method. From this an IC50-value (expressed in μg/ml), resulting in 50% inhibition of enzymatic activity, was obtained.";"B";"BAO_0000019";"assay format";"Staphylococcus aureus";"None";"None";"None";"None";"";"";"";"CHEMBL3994";"Enoyl-[acyl-carrier-protein] reductase [NADPH] FabI";"Staphylococcus aureus";"SINGLE PROTEIN";"CHEMBL5725922";"37";"BindingDB Patent Bioactivity Data";"";"2017";"None";"";"";"";"4080.0"
"CHEMBL6053853";"";"None";"373.46";"0";"3.54";"BDBM302071";"CC1CN(C(=O)/C=C/c2cnc3c(c2)CCC(=O)N3)CC=C1c1ccccc1";"IC50";"'='";"1520.0";"nM";"5.82";"";"578228";"UO_0000065";"15.58";"0.28";"2.28";"9.34";"0";"CHEMBL5731701";"Enzyme Inhibition Assay: FabI enzyme inhibition assays were carried out in half-area, 384-well microtitre plates. Compounds were evaluated in 40-μl assay mixtures containing 100 mM NaADA, pH 6.5 (ADA=N-[2-acetamido]-2iminodiacetic acid), 250 μM crotonoyl-CoA, 625 μM NADH and 50 μg/ml S. aureus ATCC 29213 FabI Inhibitors were typically varied over the range of 50 to 0.39 μM. The reaction mixtures were incubated for 30 minutes at room temperature and the reaction was stopped by adding 200 mM Tris buffer (pH 9.0) to create a pH-shift. The consumption of NADH was monitored by measuring the change in absorbance at 340. By comparing sample readings to those of negative (absence of compound) and positive (absence of enzyme) controls, the percent inhibition of enzymatic activity of the compounds was determined A best-fit curve is fitted by a minimum of squares method. From this an IC50-value (expressed in μg/ml), resulting in 50% inhibition of enzymatic activity, was obtained.";"B";"BAO_0000019";"assay format";"Staphylococcus aureus";"None";"None";"None";"None";"";"";"";"CHEMBL3994";"Enoyl-[acyl-carrier-protein] reductase [NADPH] FabI";"Staphylococcus aureus";"SINGLE PROTEIN";"CHEMBL5725922";"37";"BindingDB Patent Bioactivity Data";"";"2017";"None";"";"";"";"1520.0"
"CHEMBL5549811";"";"None";"384.44";"0";"3.76";"f2";"Cn1c(C(=O)Nc2cccc(C(=O)NCc3ccccc3)c2)nc2ccccc21";"IC50";"";"";"";"";"";"Not Determined";"";"";"";"";"";"0";"CHEMBL5503720";"Inhibition of N-terminal his 6 tagged Staphylococcus aureus Fabi (1 to 771 residues) expressed in Escherichia coli BL21 incubated for 30 mins in presence of NADPH by fluorescence based microplate reader analysis";"B";"BAO_0000019";"assay format";"Staphylococcus aureus";"None";"None";"None";"None";"";"";"";"CHEMBL3994";"Enoyl-[acyl-carrier-protein] reductase [NADPH] FabI";"Staphylococcus aureus";"SINGLE PROTEIN";"CHEMBL5500393";"1";"Scientific Literature";"J Med Chem";"2024";"None";"TIME = 0.5 hr";"";"";""
"CHEMBL5557321";"";"None";"297.40";"0";"3.22";"n1";"Cn1c(C2CC(=O)N(C3CCCCC3)C2)nc2ccccc21";"IC50";"";"";"";"";"";"Not Determined";"";"";"";"";"";"0";"CHEMBL5503720";"Inhibition of N-terminal his 6 tagged Staphylococcus aureus Fabi (1 to 771 residues) expressed in Escherichia coli BL21 incubated for 30 mins in presence of NADPH by fluorescence based microplate reader analysis";"B";"BAO_0000019";"assay format";"Staphylococcus aureus";"None";"None";"None";"None";"";"";"";"CHEMBL3994";"Enoyl-[acyl-carrier-protein] reductase [NADPH] FabI";"Staphylococcus aureus";"SINGLE PROTEIN";"CHEMBL5500393";"1";"Scientific Literature";"J Med Chem";"2024";"None";"TIME = 0.5 hr";"";"";""
"CHEMBL5527934";"";"None";"341.41";"0";"4.25";"n7";"Cn1c(C2CC(=O)N(c3cccc4ccccc34)C2)nc2ccccc21";"IC50";"'='";"1080.1";"nM";"5.97";"";"";"UO_0000065";"17.48";"0.31";"1.72";"15.65";"0";"CHEMBL5503720";"Inhibition of N-terminal his 6 tagged Staphylococcus aureus Fabi (1 to 771 residues) expressed in Escherichia coli BL21 incubated for 30 mins in presence of NADPH by fluorescence based microplate reader analysis";"B";"BAO_0000019";"assay format";"Staphylococcus aureus";"None";"None";"None";"None";"";"";"";"CHEMBL3994";"Enoyl-[acyl-carrier-protein] reductase [NADPH] FabI";"Staphylococcus aureus";"SINGLE PROTEIN";"CHEMBL5500393";"1";"Scientific Literature";"J Med Chem";"2024";"None";"TIME = 0.5 hr";"INHIBITOR";"";"1080.1"
"CHEMBL5555125";"";"None";"367.45";"0";"4.76";"n11";"Cn1c(C2CC(=O)N(c3ccccc3-c3ccccc3)C2)nc2ccccc21";"IC50";"";"";"";"";"";"Not Determined";"";"";"";"";"";"0";"CHEMBL5503720";"Inhibition of N-terminal his 6 tagged Staphylococcus aureus Fabi (1 to 771 residues) expressed in Escherichia coli BL21 incubated for 30 mins in presence of NADPH by fluorescence based microplate reader analysis";"B";"BAO_0000019";"assay format";"Staphylococcus aureus";"None";"None";"None";"None";"";"";"";"CHEMBL3994";"Enoyl-[acyl-carrier-protein] reductase [NADPH] FabI";"Staphylococcus aureus";"SINGLE PROTEIN";"CHEMBL5500393";"1";"Scientific Literature";"J Med Chem";"2024";"None";"TIME = 0.5 hr";"";"";""
"CHEMBL307960";"";"None";"416.91";"1";"5.25";"22";"O=C(c1ccc(Cl)cc1)N1CCc2c(n(Cc3ccc(O)cc3)c3ccccc23)C1";"IC50";"'='";"180.0";"nM";"6.75";"";"";"UO_0000065";"16.18";"0.31";"1.49";"14.83";"0";"CHEMBL677574";"Antibacterial activity against Staphylococcus aureus FabI";"B";"BAO_0000357";"single protein format";"Staphylococcus aureus";"None";"None";"None";"None";"";"";"";"CHEMBL3994";"Enoyl-[acyl-carrier-protein] reductase [NADPH] FabI";"Staphylococcus aureus";"SINGLE PROTEIN";"CHEMBL1133924";"1";"Scientific Literature";"Bioorg Med Chem Lett";"2001";"None";"";"";"";"0.18"
"CHEMBL3322705";"";"None";"257.29";"0";"1.21";"AEA1";"O=C1CCc2cc(/C=C/C(=O)N3CCC3)cnc2N1";"IC50";"";"";"";"";"";"Not Determined";"";"";"";"";"";"0";"CHEMBL3365684";"Inhibition of Staphylococcus aureus FabI-mediated reduction of enoyl-ACP preincubated for 30 mins measured after 2 hrs by spectrophotometry";"B";"BAO_0000357";"single protein format";"Staphylococcus aureus";"None";"None";"None";"None";"";"";"";"CHEMBL3994";"Enoyl-[acyl-carrier-protein] reductase [NADPH] FabI";"Staphylococcus aureus";"SINGLE PROTEIN";"CHEMBL3352330";"1";"Scientific Literature";"Eur J Med Chem";"2014";"None";"";"";"";""
"CHEMBL3322706";"";"None";"363.42";"0";"2.52";"AEA4";"O=C1CCc2cc(/C=C/C(=O)N3CC(COc4ccccc4)C3)cnc2N1";"IC50";"'='";"265.0";"nM";"6.58";"";"";"UO_0000065";"18.10";"0.33";"4.06";"9.19";"0";"CHEMBL3365684";"Inhibition of Staphylococcus aureus FabI-mediated reduction of enoyl-ACP preincubated for 30 mins measured after 2 hrs by spectrophotometry";"B";"BAO_0000357";"single protein format";"Staphylococcus aureus";"None";"None";"None";"None";"";"";"";"CHEMBL3994";"Enoyl-[acyl-carrier-protein] reductase [NADPH] FabI";"Staphylococcus aureus";"SINGLE PROTEIN";"CHEMBL3352330";"1";"Scientific Literature";"Eur J Med Chem";"2014";"None";"";"";"";"0.265"
"CHEMBL3322708";"";"None";"381.41";"0";"2.66";"AEA6";"O=C1CCc2cc(/C=C/C(=O)N3CC(COc4cccc(F)c4)C3)cnc2N1";"IC50";"'='";"438.0";"nM";"6.36";"";"";"UO_0000065";"16.67";"0.31";"3.70";"8.89";"0";"CHEMBL3365684";"Inhibition of Staphylococcus aureus FabI-mediated reduction of enoyl-ACP preincubated for 30 mins measured after 2 hrs by spectrophotometry";"B";"BAO_0000357";"single protein format";"Staphylococcus aureus";"None";"None";"None";"None";"";"";"";"CHEMBL3994";"Enoyl-[acyl-carrier-protein] reductase [NADPH] FabI";"Staphylococcus aureus";"SINGLE PROTEIN";"CHEMBL3352330";"1";"Scientific Literature";"Eur J Med Chem";"2014";"None";"";"";"";"0.438"
"CHEMBL3322713";"";"None";"413.48";"0";"3.67";"AEA11";"O=C1CCc2cc(/C=C/C(=O)N3CC(COc4ccc5ccccc5c4)C3)cnc2N1";"IC50";"'='";"1410.0";"nM";"5.85";"";"";"UO_0000065";"14.15";"0.26";"2.18";"8.18";"0";"CHEMBL3365684";"Inhibition of Staphylococcus aureus FabI-mediated reduction of enoyl-ACP preincubated for 30 mins measured after 2 hrs by spectrophotometry";"B";"BAO_0000357";"single protein format";"Staphylococcus aureus";"None";"None";"None";"None";"";"";"";"CHEMBL3994";"Enoyl-[acyl-carrier-protein] reductase [NADPH] FabI";"Staphylococcus aureus";"SINGLE PROTEIN";"CHEMBL3352330";"1";"Scientific Literature";"Eur J Med Chem";"2014";"None";"";"";"";"1.41"
"CHEMBL3322720";"";"None";"421.88";"0";"4.31";"AEA18";"Cc1c(C2CN(C(=O)/C=C/c3cnc4c(c3)CCC(=O)N4)C2)oc2ccc(Cl)cc12";"IC50";"'='";"204.0";"nM";"6.69";"";"";"UO_0000065";"15.86";"0.30";"2.38";"8.87";"0";"CHEMBL3365684";"Inhibition of Staphylococcus aureus FabI-mediated reduction of enoyl-ACP preincubated for 30 mins measured after 2 hrs by spectrophotometry";"B";"BAO_0000357";"single protein format";"Staphylococcus aureus";"None";"None";"None";"None";"";"";"";"CHEMBL3994";"Enoyl-[acyl-carrier-protein] reductase [NADPH] FabI";"Staphylococcus aureus";"SINGLE PROTEIN";"CHEMBL3352330";"1";"Scientific Literature";"Eur J Med Chem";"2014";"None";"";"";"";"0.204"
"CHEMBL3322725";"";"None";"442.48";"0";"3.01";"AEA23";"Cc1c(C2CN(C(=O)/C=C/c3ccc(NC(=O)Cn4ccnn4)nc3)C2)oc2ccccc12";"IC50";"'='";"843.0";"nM";"6.07";"";"";"UO_0000065";"13.73";"0.25";"3.06";"5.72";"0";"CHEMBL3365684";"Inhibition of Staphylococcus aureus FabI-mediated reduction of enoyl-ACP preincubated for 30 mins measured after 2 hrs by spectrophotometry";"B";"BAO_0000357";"single protein format";"Staphylococcus aureus";"None";"None";"None";"None";"";"";"";"CHEMBL3994";"Enoyl-[acyl-carrier-protein] reductase [NADPH] FabI";"Staphylococcus aureus";"SINGLE PROTEIN";"CHEMBL3352330";"1";"Scientific Literature";"Eur J Med Chem";"2014";"None";"";"";"";"0.843"
"CHEMBL3322730";"";"None";"402.45";"0";"3.53";"AEA28";"Cc1c(C2CN(C(=O)/C=C/c3cnc4c(c3)NCCC(=O)N4)C2)oc2ccccc12";"IC50";"'='";"316.0";"nM";"6.50";"";"";"UO_0000065";"16.15";"0.30";"2.97";"7.43";"0";"CHEMBL3365684";"Inhibition of Staphylococcus aureus FabI-mediated reduction of enoyl-ACP preincubated for 30 mins measured after 2 hrs by spectrophotometry";"B";"BAO_0000357";"single protein format";"Staphylococcus aureus";"None";"None";"None";"None";"";"";"";"CHEMBL3994";"Enoyl-[acyl-carrier-protein] reductase [NADPH] FabI";"Staphylococcus aureus";"SINGLE PROTEIN";"CHEMBL3352330";"1";"Scientific Literature";"Eur J Med Chem";"2014";"None";"";"";"";"0.316"
"CHEMBL1183966";"";"None";"420.47";"0";"2.29";"3";"CN(Cc1cc2ccccc2n1C)C(=O)c1ccc2c(c1)CN(C)C(=O)[C@H](C(=O)O)N2";"IC50";"'='";"676000.0";"nM";"";"Outside typical range";"";"UO_0000065";"";"";"";"";"0";"CHEMBL819485";"Concentration required for the 50% inhibition of enoyl-ACP reductase from Staphylococcus aureus was determined.";"B";"BAO_0000357";"single protein format";"None";"None";"None";"None";"None";"";"";"";"CHEMBL3994";"Enoyl-[acyl-carrier-protein] reductase [NADPH] FabI";"Staphylococcus aureus";"SINGLE PROTEIN";"CHEMBL1135515";"1";"Scientific Literature";"J Med Chem";"2002";"None";"";"";"";"676.0"
"CHEMBL5766607";"";"None";"415.49";"0";"3.55";"BDBM316892";"COc1ccccc1C1=CC2CN(C(=O)/C=C/c3cnc4c(c3)CCC(=O)N4)CC2C1";"IC50";"'='";"1440.0";"nM";"5.84";"";"619697";"UO_0000065";"14.06";"0.26";"2.29";"8.17";"0";"CHEMBL5732078";"Enzyme Inhibition Assay: FabI enzyme inhibition assays were carried out in half-area, 384-well microtitre plates. Compounds were evaluated in 40-μl assay mixtures containing 100 mM NaADA, pH 6.5 (ADA=N-[2-acetamido]-2iminodiacetic acid), 250 μM crotonoyl-CoA, 625 μM NADH and 50 μg/ml S. aureus ATCC 29213 FabI. Inhibitors were typically varied over the range of 50 to 0.39 μM. The reaction mixtures were incubated for 30 minutes at room temperature and the reaction was stopped by adding 200 mM Tris buffer (pH 9.0) to create a pH-shift. The consumption of NADH was monitored by measuring the change in absorbance at 340. By comparing sample readings to those of negative (absence of compound) and positive (absence of enzyme) controls, the percent inhibition of enzymatic activity of the compounds was determined. A best-fit curve is fitted by a minimum of squares method.";"B";"BAO_0000357";"single protein format";"Staphylococcus aureus";"None";"None";"None";"None";"";"";"";"CHEMBL3994";"Enoyl-[acyl-carrier-protein] reductase [NADPH] FabI";"Staphylococcus aureus";"SINGLE PROTEIN";"CHEMBL5726112";"37";"BindingDB Patent Bioactivity Data";"";"2017";"None";"";"";"";"1440.0"
"CHEMBL3322714";"";"None";"406.47";"0";"2.88";"AEA12";"O=C1CCc2cc(/C=C/C(=O)N3CC(Oc4nc5ccccc5s4)C3)cnc2N1";"IC50";"";"";"";"";"";"Not Determined";"";"";"";"";"";"0";"CHEMBL3365684";"Inhibition of Staphylococcus aureus FabI-mediated reduction of enoyl-ACP preincubated for 30 mins measured after 2 hrs by spectrophotometry";"B";"BAO_0000357";"single protein format";"Staphylococcus aureus";"None";"None";"None";"None";"";"";"";"CHEMBL3994";"Enoyl-[acyl-carrier-protein] reductase [NADPH] FabI";"Staphylococcus aureus";"SINGLE PROTEIN";"CHEMBL3352330";"1";"Scientific Literature";"Eur J Med Chem";"2014";"None";"";"";"";""
"CHEMBL73331";"";"None";"397.48";"0";"4.18";"25";"Nc1ccc(C(=O)N2CCc3c(n(Cc4ccc(O)cc4)c4ccccc34)C2)cc1";"IC50";"'='";"1000.0";"nM";"6.00";"";"";"UO_0000065";"15.10";"0.27";"1.82";"8.39";"0";"CHEMBL677574";"Antibacterial activity against Staphylococcus aureus FabI";"B";"BAO_0000357";"single protein format";"Staphylococcus aureus";"None";"None";"None";"None";"";"";"";"CHEMBL3994";"Enoyl-[acyl-carrier-protein] reductase [NADPH] FabI";"Staphylococcus aureus";"SINGLE PROTEIN";"CHEMBL1133924";"1";"Scientific Literature";"Bioorg Med Chem Lett";"2001";"None";"";"";"";"1.0"
"CHEMBL2178282";"";"None";"300.35";"0";"3.70";"42";"CCc1ccc(Oc2ccc(C(=O)CCCO)cc2)c(O)c1";"IC50";"'='";"48.0";"nM";"7.32";"";"";"UO_0000065";"24.37";"0.45";"3.62";"10.96";"0";"CHEMBL2188143";"Inhibition of Staphylococcus aureus recombinant FabI using trans-2-octenoyl N-acetylcysteamine thioester as substrate preincubated for 60 mins";"B";"BAO_0000357";"single protein format";"Staphylococcus aureus";"None";"None";"None";"None";"";"";"";"CHEMBL3994";"Enoyl-[acyl-carrier-protein] reductase [NADPH] FabI";"Staphylococcus aureus";"SINGLE PROTEIN";"CHEMBL2176870";"1";"Scientific Literature";"J Med Chem";"2012";"None";"";"";"";"0.048"
"CHEMBL571088";"";"None";"443.55";"0";"3.11";"14b";"CN(Cc1cc2ccccc2n1C)C(=O)/C=C/c1cnc2c(c1)CC1(CCNCC1)C(=O)N2";"IC50";"'='";"132.0";"nM";"6.88";"";"";"UO_0000065";"15.51";"0.28";"3.77";"8.68";"0";"CHEMBL1039114";"Inhibition of Staphylococcus aureus FabI";"B";"BAO_0000357";"single protein format";"Staphylococcus aureus";"None";"None";"None";"None";"";"";"";"CHEMBL3994";"Enoyl-[acyl-carrier-protein] reductase [NADPH] FabI";"Staphylococcus aureus";"SINGLE PROTEIN";"CHEMBL1155988";"1";"Scientific Literature";"Bioorg Med Chem Lett";"2009";"None";"";"";"";"132.0"
"CHEMBL565827";"";"None";"478.59";"0";"3.42";"14e";"CCCOc1c(CN(C)C(=O)/C=C/c2cnc3c(c2)CC2(CCNCC2)C(=O)N3)cccc1OC";"IC50";"'='";"71.0";"nM";"7.15";"";"";"UO_0000065";"14.94";"0.28";"3.73";"7.70";"0";"CHEMBL1039114";"Inhibition of Staphylococcus aureus FabI";"B";"BAO_0000357";"single protein format";"Staphylococcus aureus";"None";"None";"None";"None";"";"";"";"CHEMBL3994";"Enoyl-[acyl-carrier-protein] reductase [NADPH] FabI";"Staphylococcus aureus";"SINGLE PROTEIN";"CHEMBL1155988";"1";"Scientific Literature";"Bioorg Med Chem Lett";"2009";"None";"";"";"";"71.0"
"CHEMBL567711";"";"None";"458.56";"0";"4.01";"15a";"Cc1c(CN(C)C(=O)/C=C/c2cnc3c(c2)CC2(CCN(C)CC2)C(=O)N3)oc2ccccc12";"IC50";"'='";"20.0";"nM";"7.70";"";"";"UO_0000065";"16.79";"0.31";"3.69";"9.79";"0";"CHEMBL1039114";"Inhibition of Staphylococcus aureus FabI";"B";"BAO_0000357";"single protein format";"Staphylococcus aureus";"None";"None";"None";"None";"";"";"";"CHEMBL3994";"Enoyl-[acyl-carrier-protein] reductase [NADPH] FabI";"Staphylococcus aureus";"SINGLE PROTEIN";"CHEMBL1155988";"1";"Scientific Literature";"Bioorg Med Chem Lett";"2009";"None";"";"";"";"20.0"
"CHEMBL5951934";"";"None";"389.46";"0";"3.30";"BDBM302066";"COc1cccc(C2=CCN(C(=O)/C=C/c3cnc4c(c3)CCC(=O)N4)CC2)c1";"IC50";"'='";"2380.0";"nM";"5.62";"";"578223";"UO_0000065";"14.44";"0.26";"2.32";"7.86";"0";"CHEMBL5731701";"Enzyme Inhibition Assay: FabI enzyme inhibition assays were carried out in half-area, 384-well microtitre plates. Compounds were evaluated in 40-μl assay mixtures containing 100 mM NaADA, pH 6.5 (ADA=N-[2-acetamido]-2iminodiacetic acid), 250 μM crotonoyl-CoA, 625 μM NADH and 50 μg/ml S. aureus ATCC 29213 FabI Inhibitors were typically varied over the range of 50 to 0.39 μM. The reaction mixtures were incubated for 30 minutes at room temperature and the reaction was stopped by adding 200 mM Tris buffer (pH 9.0) to create a pH-shift. The consumption of NADH was monitored by measuring the change in absorbance at 340. By comparing sample readings to those of negative (absence of compound) and positive (absence of enzyme) controls, the percent inhibition of enzymatic activity of the compounds was determined A best-fit curve is fitted by a minimum of squares method. From this an IC50-value (expressed in μg/ml), resulting in 50% inhibition of enzymatic activity, was obtained.";"B";"BAO_0000019";"assay format";"Staphylococcus aureus";"None";"None";"None";"None";"";"";"";"CHEMBL3994";"Enoyl-[acyl-carrier-protein] reductase [NADPH] FabI";"Staphylococcus aureus";"SINGLE PROTEIN";"CHEMBL5725922";"37";"BindingDB Patent Bioactivity Data";"";"2017";"None";"";"";"";"2380.0"
"CHEMBL6004143";"";"None";"389.46";"0";"3.30";"BDBM302067";"COc1ccc(C2=CCN(C(=O)/C=C/c3cnc4c(c3)CCC(=O)N4)CC2)cc1";"IC50";"'='";"2180.0";"nM";"5.66";"";"578224";"UO_0000065";"14.54";"0.27";"2.36";"7.91";"0";"CHEMBL5731701";"Enzyme Inhibition Assay: FabI enzyme inhibition assays were carried out in half-area, 384-well microtitre plates. Compounds were evaluated in 40-μl assay mixtures containing 100 mM NaADA, pH 6.5 (ADA=N-[2-acetamido]-2iminodiacetic acid), 250 μM crotonoyl-CoA, 625 μM NADH and 50 μg/ml S. aureus ATCC 29213 FabI Inhibitors were typically varied over the range of 50 to 0.39 μM. The reaction mixtures were incubated for 30 minutes at room temperature and the reaction was stopped by adding 200 mM Tris buffer (pH 9.0) to create a pH-shift. The consumption of NADH was monitored by measuring the change in absorbance at 340. By comparing sample readings to those of negative (absence of compound) and positive (absence of enzyme) controls, the percent inhibition of enzymatic activity of the compounds was determined A best-fit curve is fitted by a minimum of squares method. From this an IC50-value (expressed in μg/ml), resulting in 50% inhibition of enzymatic activity, was obtained.";"B";"BAO_0000019";"assay format";"Staphylococcus aureus";"None";"None";"None";"None";"";"";"";"CHEMBL3994";"Enoyl-[acyl-carrier-protein] reductase [NADPH] FabI";"Staphylococcus aureus";"SINGLE PROTEIN";"CHEMBL5725922";"37";"BindingDB Patent Bioactivity Data";"";"2017";"None";"";"";"";"2180.0"
"CHEMBL3676396";"";"None";"285.35";"0";"1.99";"BDBM133659";"O=C1CCc2cc(/C=C/C(=O)N3CCCCC3)cnc2N1";"IC50";"'='";"9900.0";"nM";"5.00";"";"305318";"UO_0000065";"17.54";"0.33";"3.01";"8.03";"1";"CHEMBL3705387";"Fluorescence Based Assay: The assay buffer 'AB' contained 50 mM ADA (N-(2-acetamido)iminodiacetic acid monosodium salt) pH 6.5, 1 mM dithiothreitol, 0.006% Triton-X100 and 50 mM NaCl. The following components are added in a white polystyrene Costar plate (Ref 3912) up to a final volume of 55.5 uL: 1.5 uL DMSO or inhibitor dissolved in DMSO and 54 uL of a FabI/NADPH/NADP+ mixture in AB. After 60 min of pre-incubation at room temperature, the reaction is started by addition of 5 uL of trans-2-octenoyl N-acetylcysteamine thioester (t-o-NAC) to a final volume of 60.5 uL. This reaction mixture is then composed of 2 nM FabI, 40 uM NADPH (Sigma, N7505), 10 uM NADP+(Sigma, N5755), 100 uM t-O-NAC and compound at defined concentration. Fluorescence intensity of NADPH (lamda=ex=360 nm, lamda=em=520 nm) is measured immediately after t-O-NAC addition (T0), and approximately 50 min later (T50) by a Fluostar Optima (BMG) so as to achieve ~30% of NADPH conversion.";"B";"BAO_0000357";"single protein format";"Staphylococcus aureus";"None";"None";"None";"None";"";"";"";"CHEMBL3994";"Enoyl-[acyl-carrier-protein] reductase [NADPH] FabI";"Staphylococcus aureus";"SINGLE PROTEIN";"CHEMBL3638908";"37";"BindingDB Patent Bioactivity Data";"";"2015";"None";"";"";"";"9900.0"
"CHEMBL586043";"";"None";"444.54";"0";"3.67";"14a";"Cc1c(CN(C)C(=O)/C=C/c2cnc3c(c2)CC2(CCNCC2)C(=O)N3)oc2ccccc12";"IC50";"'='";"49.0";"nM";"7.31";"";"";"UO_0000065";"16.44";"0.30";"3.64";"8.36";"0";"CHEMBL1039114";"Inhibition of Staphylococcus aureus FabI";"B";"BAO_0000357";"single protein format";"Staphylococcus aureus";"None";"None";"None";"None";"";"";"";"CHEMBL3994";"Enoyl-[acyl-carrier-protein] reductase [NADPH] FabI";"Staphylococcus aureus";"SINGLE PROTEIN";"CHEMBL1155988";"1";"Scientific Literature";"Bioorg Med Chem Lett";"2009";"None";"";"";"";"49.0"
"CHEMBL5268393";"";"None";"1328.78";"None";"None";"76";"CN1C(=O)[C@@H](c2cc(Cl)c(O)c(Cl)c2)NC(=O)[C@@H]2NC(=O)[C@@H](c3cc(Cl)c(O)c(Cl)c3)NC(=O)[C@H](NC(=O)C(=O)c3cc(Cl)c(O)c(Cl)c3)Cc3cc4ccc(cc4[nH]3)-c3cc2cc(c3O)Oc2ccc(cc2)C[C@H]1C(=O)N[C@@H](C(=O)O)c1ccc(O)cc1";"IC50";"'='";"500.0";"nM";"6.30";"";"";"UO_0000065";"4.74";"None";"None";"None";"0";"CHEMBL5231344";"Inhibition of Staphylococcus aureus ATCC 29213 FabI in the presence of NADH using crotonyl CoA as substrate by measuring NADH consumption rate";"B";"BAO_0000357";"single protein format";"Staphylococcus aureus";"None";"None";"None";"None";"";"";"";"CHEMBL3994";"Enoyl-[acyl-carrier-protein] reductase [NADPH] FabI";"Staphylococcus aureus";"SINGLE PROTEIN";"CHEMBL5230110";"1";"Scientific Literature";"Eur J Med Chem";"2020";"None";"";"INHIBITOR";"";"0.5"
"CHEMBL5277493";"";"None";"433.47";"0";"2.35";"87";"C=CC(C)(C)C12C=C(O)C(=O)N3/C(=C/c4cnc[nH]4)C(=O)NC31N(OC)c1ccccc12";"IC50";"'='";"40100.0";"nM";"4.40";"";"";"UO_0000065";"10.14";"0.19";"2.05";"3.97";"0";"CHEMBL5231370";"Inhibition of Staphylococcus aureus FabI assessed as inhibition at 10 uM";"B";"BAO_0000357";"single protein format";"Staphylococcus aureus";"None";"None";"None";"None";"";"";"";"CHEMBL3994";"Enoyl-[acyl-carrier-protein] reductase [NADPH] FabI";"Staphylococcus aureus";"SINGLE PROTEIN";"CHEMBL5230110";"1";"Scientific Literature";"Eur J Med Chem";"2020";"None";"DOSE = 10.0 microM";"INHIBITOR";"";"40.1"
"CHEMBL5785572";"";"None";"391.47";"0";"3.39";"BDBM302057";"COc1ccccc1C1CCN(C(=O)/C=C/c2cnc3c(c2)CCC(=O)N3)CC1";"IC50";"'='";"1350.0";"nM";"5.87";"";"578214";"UO_0000065";"14.99";"0.28";"2.48";"8.21";"0";"CHEMBL5731701";"Enzyme Inhibition Assay: FabI enzyme inhibition assays were carried out in half-area, 384-well microtitre plates. Compounds were evaluated in 40-μl assay mixtures containing 100 mM NaADA, pH 6.5 (ADA=N-[2-acetamido]-2iminodiacetic acid), 250 μM crotonoyl-CoA, 625 μM NADH and 50 μg/ml S. aureus ATCC 29213 FabI Inhibitors were typically varied over the range of 50 to 0.39 μM. The reaction mixtures were incubated for 30 minutes at room temperature and the reaction was stopped by adding 200 mM Tris buffer (pH 9.0) to create a pH-shift. The consumption of NADH was monitored by measuring the change in absorbance at 340. By comparing sample readings to those of negative (absence of compound) and positive (absence of enzyme) controls, the percent inhibition of enzymatic activity of the compounds was determined A best-fit curve is fitted by a minimum of squares method. From this an IC50-value (expressed in μg/ml), resulting in 50% inhibition of enzymatic activity, was obtained.";"B";"BAO_0000019";"assay format";"Staphylococcus aureus";"None";"None";"None";"None";"";"";"";"CHEMBL3994";"Enoyl-[acyl-carrier-protein] reductase [NADPH] FabI";"Staphylococcus aureus";"SINGLE PROTEIN";"CHEMBL5725922";"37";"BindingDB Patent Bioactivity Data";"";"2017";"None";"";"";"";"1350.0"
"CHEMBL5824433";"";"None";"385.47";"0";"3.54";"BDBM316888";"O=C1CCc2cc(/C=C/C(=O)N3CC4C=C(c5ccccc5)CC4C3)cnc2N1";"IC50";"'='";"830.0";"nM";"6.08";"";"619693";"UO_0000065";"15.78";"0.29";"2.54";"9.76";"0";"CHEMBL5732078";"Enzyme Inhibition Assay: FabI enzyme inhibition assays were carried out in half-area, 384-well microtitre plates. Compounds were evaluated in 40-μl assay mixtures containing 100 mM NaADA, pH 6.5 (ADA=N-[2-acetamido]-2iminodiacetic acid), 250 μM crotonoyl-CoA, 625 μM NADH and 50 μg/ml S. aureus ATCC 29213 FabI. Inhibitors were typically varied over the range of 50 to 0.39 μM. The reaction mixtures were incubated for 30 minutes at room temperature and the reaction was stopped by adding 200 mM Tris buffer (pH 9.0) to create a pH-shift. The consumption of NADH was monitored by measuring the change in absorbance at 340. By comparing sample readings to those of negative (absence of compound) and positive (absence of enzyme) controls, the percent inhibition of enzymatic activity of the compounds was determined. A best-fit curve is fitted by a minimum of squares method.";"B";"BAO_0000357";"single protein format";"Staphylococcus aureus";"None";"None";"None";"None";"";"";"";"CHEMBL3994";"Enoyl-[acyl-carrier-protein] reductase [NADPH] FabI";"Staphylococcus aureus";"SINGLE PROTEIN";"CHEMBL5726112";"37";"BindingDB Patent Bioactivity Data";"";"2017";"None";"";"";"";"830.0"
"CHEMBL5921400";"";"None";"386.46";"0";"2.94";"BDBM316898";"O=C1CCc2cc(/C=C/C(=O)N3CC4C=C(c5ccncc5)CC4C3)cnc2N1";"IC50";"'='";"1130.0";"nM";"5.95";"";"619703";"UO_0000065";"15.39";"0.28";"3.01";"7.91";"0";"CHEMBL5732078";"Enzyme Inhibition Assay: FabI enzyme inhibition assays were carried out in half-area, 384-well microtitre plates. Compounds were evaluated in 40-μl assay mixtures containing 100 mM NaADA, pH 6.5 (ADA=N-[2-acetamido]-2iminodiacetic acid), 250 μM crotonoyl-CoA, 625 μM NADH and 50 μg/ml S. aureus ATCC 29213 FabI. Inhibitors were typically varied over the range of 50 to 0.39 μM. The reaction mixtures were incubated for 30 minutes at room temperature and the reaction was stopped by adding 200 mM Tris buffer (pH 9.0) to create a pH-shift. The consumption of NADH was monitored by measuring the change in absorbance at 340. By comparing sample readings to those of negative (absence of compound) and positive (absence of enzyme) controls, the percent inhibition of enzymatic activity of the compounds was determined. A best-fit curve is fitted by a minimum of squares method.";"B";"BAO_0000357";"single protein format";"Staphylococcus aureus";"None";"None";"None";"None";"";"";"";"CHEMBL3994";"Enoyl-[acyl-carrier-protein] reductase [NADPH] FabI";"Staphylococcus aureus";"SINGLE PROTEIN";"CHEMBL5726112";"37";"BindingDB Patent Bioactivity Data";"";"2017";"None";"";"";"";"1130.0"
"CHEMBL6063623";"";"None";"323.40";"0";"2.40";"BDBM316935";"CC1=CC2CN(C(=O)/C=C/c3cnc4c(c3)CCC(=O)N4)CC2C1";"IC50";"'='";"1540.0";"nM";"5.81";"";"619740";"UO_0000065";"17.97";"0.33";"3.41";"9.33";"0";"CHEMBL5732078";"Enzyme Inhibition Assay: FabI enzyme inhibition assays were carried out in half-area, 384-well microtitre plates. Compounds were evaluated in 40-μl assay mixtures containing 100 mM NaADA, pH 6.5 (ADA=N-[2-acetamido]-2iminodiacetic acid), 250 μM crotonoyl-CoA, 625 μM NADH and 50 μg/ml S. aureus ATCC 29213 FabI. Inhibitors were typically varied over the range of 50 to 0.39 μM. The reaction mixtures were incubated for 30 minutes at room temperature and the reaction was stopped by adding 200 mM Tris buffer (pH 9.0) to create a pH-shift. The consumption of NADH was monitored by measuring the change in absorbance at 340. By comparing sample readings to those of negative (absence of compound) and positive (absence of enzyme) controls, the percent inhibition of enzymatic activity of the compounds was determined. A best-fit curve is fitted by a minimum of squares method.";"B";"BAO_0000357";"single protein format";"Staphylococcus aureus";"None";"None";"None";"None";"";"";"";"CHEMBL3994";"Enoyl-[acyl-carrier-protein] reductase [NADPH] FabI";"Staphylococcus aureus";"SINGLE PROTEIN";"CHEMBL5726112";"37";"BindingDB Patent Bioactivity Data";"";"2017";"None";"";"";"";"1540.0"
"CHEMBL5517666";"";"None";"388.24";"0";"4.00";"n35";"Cn1c(C2CC(=O)N(c3cccc(F)c3Br)C2)nc2ccccc21";"IC50";"'='";"2729.8";"nM";"5.56";"";"";"UO_0000065";"14.33";"0.32";"1.56";"14.59";"0";"CHEMBL5503720";"Inhibition of N-terminal his 6 tagged Staphylococcus aureus Fabi (1 to 771 residues) expressed in Escherichia coli BL21 incubated for 30 mins in presence of NADPH by fluorescence based microplate reader analysis";"B";"BAO_0000019";"assay format";"Staphylococcus aureus";"None";"None";"None";"None";"";"";"";"CHEMBL3994";"Enoyl-[acyl-carrier-protein] reductase [NADPH] FabI";"Staphylococcus aureus";"SINGLE PROTEIN";"CHEMBL5500393";"1";"Scientific Literature";"J Med Chem";"2024";"None";"TIME = 0.5 hr";"INHIBITOR";"";"2729.8"
"CHEMBL5542096";"";"None";"323.35";"0";"2.51";"n42";"Cn1c(C2CC(=O)N(c3ccc(O)c(O)c3)C2)nc2ccccc21";"IC50";"'='";"5189.4";"nM";"5.29";"";"";"UO_0000065";"16.34";"0.30";"2.77";"6.72";"0";"CHEMBL5503720";"Inhibition of N-terminal his 6 tagged Staphylococcus aureus Fabi (1 to 771 residues) expressed in Escherichia coli BL21 incubated for 30 mins in presence of NADPH by fluorescence based microplate reader analysis";"B";"BAO_0000019";"assay format";"Staphylococcus aureus";"None";"None";"None";"None";"";"";"";"CHEMBL3994";"Enoyl-[acyl-carrier-protein] reductase [NADPH] FabI";"Staphylococcus aureus";"SINGLE PROTEIN";"CHEMBL5500393";"1";"Scientific Literature";"J Med Chem";"2024";"None";"TIME = 0.5 hr";"INHIBITOR";"";"5189.4"
"CHEMBL5523412";"";"None";"321.38";"0";"3.11";"n43";"Cc1c(O)cccc1N1CC(c2nc3ccccc3n2C)CC1=O";"IC50";"'='";"649.5";"nM";"6.19";"";"";"UO_0000065";"19.25";"0.35";"3.08";"10.60";"0";"CHEMBL5503720";"Inhibition of N-terminal his 6 tagged Staphylococcus aureus Fabi (1 to 771 residues) expressed in Escherichia coli BL21 incubated for 30 mins in presence of NADPH by fluorescence based microplate reader analysis";"B";"BAO_0000019";"assay format";"Staphylococcus aureus";"None";"None";"None";"None";"";"";"";"CHEMBL3994";"Enoyl-[acyl-carrier-protein] reductase [NADPH] FabI";"Staphylococcus aureus";"SINGLE PROTEIN";"CHEMBL5500393";"1";"Scientific Literature";"J Med Chem";"2024";"None";"TIME = 0.5 hr";"INHIBITOR";"";"649.5"
"CHEMBL73421";"";"None";"442.52";"0";"4.62";"36";"Cc1cc(O)c(C)c(O)c1C(=O)N1CCc2c(n(Cc3ccc(O)cc3)c3ccccc23)C1";"IC50";"'>'";"50000.0";"nM";"";"";"";"UO_0000065";"";"";"";"";"0";"CHEMBL677574";"Antibacterial activity against Staphylococcus aureus FabI";"B";"BAO_0000357";"single protein format";"Staphylococcus aureus";"None";"None";"None";"None";"";"";"";"CHEMBL3994";"Enoyl-[acyl-carrier-protein] reductase [NADPH] FabI";"Staphylococcus aureus";"SINGLE PROTEIN";"CHEMBL1133924";"1";"Scientific Literature";"Bioorg Med Chem Lett";"2001";"None";"";"";"";"50.0"
"CHEMBL304771";"";"None";"440.50";"0";"4.38";"24";"COC(=O)c1ccc(C(=O)N2CCc3c(n(Cc4ccc(O)cc4)c4ccccc34)C2)cc1";"IC50";"'='";"2000.0";"nM";"5.70";"";"";"UO_0000065";"12.94";"0.24";"1.32";"7.94";"0";"CHEMBL677574";"Antibacterial activity against Staphylococcus aureus FabI";"B";"BAO_0000357";"single protein format";"Staphylococcus aureus";"None";"None";"None";"None";"";"";"";"CHEMBL3994";"Enoyl-[acyl-carrier-protein] reductase [NADPH] FabI";"Staphylococcus aureus";"SINGLE PROTEIN";"CHEMBL1133924";"1";"Scientific Literature";"Bioorg Med Chem Lett";"2001";"None";"";"";"";"2.0"
"CHEMBL5935131";"";"None";"403.44";"0";"3.02";"BDBM302052";"O=C1CCc2cc(/C=C/C(=O)N3CC=C(c4ccc5c(c4)OCO5)CC3)cnc2N1";"IC50";"'='";"1310.0";"nM";"5.88";"";"578209";"UO_0000065";"14.58";"0.27";"2.86";"7.28";"0";"CHEMBL5731701";"Enzyme Inhibition Assay: FabI enzyme inhibition assays were carried out in half-area, 384-well microtitre plates. Compounds were evaluated in 40-μl assay mixtures containing 100 mM NaADA, pH 6.5 (ADA=N-[2-acetamido]-2iminodiacetic acid), 250 μM crotonoyl-CoA, 625 μM NADH and 50 μg/ml S. aureus ATCC 29213 FabI Inhibitors were typically varied over the range of 50 to 0.39 μM. The reaction mixtures were incubated for 30 minutes at room temperature and the reaction was stopped by adding 200 mM Tris buffer (pH 9.0) to create a pH-shift. The consumption of NADH was monitored by measuring the change in absorbance at 340. By comparing sample readings to those of negative (absence of compound) and positive (absence of enzyme) controls, the percent inhibition of enzymatic activity of the compounds was determined A best-fit curve is fitted by a minimum of squares method. From this an IC50-value (expressed in μg/ml), resulting in 50% inhibition of enzymatic activity, was obtained.";"B";"BAO_0000019";"assay format";"Staphylococcus aureus";"None";"None";"None";"None";"";"";"";"CHEMBL3994";"Enoyl-[acyl-carrier-protein] reductase [NADPH] FabI";"Staphylococcus aureus";"SINGLE PROTEIN";"CHEMBL5725922";"37";"BindingDB Patent Bioactivity Data";"";"2017";"None";"";"";"";"1310.0"
"CHEMBL5974316";"";"None";"349.39";"0";"2.89";"BDBM302053";"O=C1CCc2cc(/C=C/C(=O)N3CC=C(c4ccco4)CC3)cnc2N1";"IC50";"'='";"973.0";"nM";"6.01";"";"578210";"UO_0000065";"17.21";"0.32";"3.12";"7.97";"0";"CHEMBL5731701";"Enzyme Inhibition Assay: FabI enzyme inhibition assays were carried out in half-area, 384-well microtitre plates. Compounds were evaluated in 40-μl assay mixtures containing 100 mM NaADA, pH 6.5 (ADA=N-[2-acetamido]-2iminodiacetic acid), 250 μM crotonoyl-CoA, 625 μM NADH and 50 μg/ml S. aureus ATCC 29213 FabI Inhibitors were typically varied over the range of 50 to 0.39 μM. The reaction mixtures were incubated for 30 minutes at room temperature and the reaction was stopped by adding 200 mM Tris buffer (pH 9.0) to create a pH-shift. The consumption of NADH was monitored by measuring the change in absorbance at 340. By comparing sample readings to those of negative (absence of compound) and positive (absence of enzyme) controls, the percent inhibition of enzymatic activity of the compounds was determined A best-fit curve is fitted by a minimum of squares method. From this an IC50-value (expressed in μg/ml), resulting in 50% inhibition of enzymatic activity, was obtained.";"B";"BAO_0000019";"assay format";"Staphylococcus aureus";"None";"None";"None";"None";"";"";"";"CHEMBL3994";"Enoyl-[acyl-carrier-protein] reductase [NADPH] FabI";"Staphylococcus aureus";"SINGLE PROTEIN";"CHEMBL5725922";"37";"BindingDB Patent Bioactivity Data";"";"2017";"None";"";"";"";"973.0"
"CHEMBL5751144";"";"None";"377.44";"0";"3.05";"BDBM302072";"O=C1CCc2cc(/C=C/C(=O)N3CCC(Oc4ccccc4)CC3)cnc2N1";"IC50";"'='";"2460.0";"nM";"5.61";"";"578229";"UO_0000065";"14.86";"0.27";"2.56";"7.84";"0";"CHEMBL5731701";"Enzyme Inhibition Assay: FabI enzyme inhibition assays were carried out in half-area, 384-well microtitre plates. Compounds were evaluated in 40-μl assay mixtures containing 100 mM NaADA, pH 6.5 (ADA=N-[2-acetamido]-2iminodiacetic acid), 250 μM crotonoyl-CoA, 625 μM NADH and 50 μg/ml S. aureus ATCC 29213 FabI Inhibitors were typically varied over the range of 50 to 0.39 μM. The reaction mixtures were incubated for 30 minutes at room temperature and the reaction was stopped by adding 200 mM Tris buffer (pH 9.0) to create a pH-shift. The consumption of NADH was monitored by measuring the change in absorbance at 340. By comparing sample readings to those of negative (absence of compound) and positive (absence of enzyme) controls, the percent inhibition of enzymatic activity of the compounds was determined A best-fit curve is fitted by a minimum of squares method. From this an IC50-value (expressed in μg/ml), resulting in 50% inhibition of enzymatic activity, was obtained.";"B";"BAO_0000019";"assay format";"Staphylococcus aureus";"None";"None";"None";"None";"";"";"";"CHEMBL3994";"Enoyl-[acyl-carrier-protein] reductase [NADPH] FabI";"Staphylococcus aureus";"SINGLE PROTEIN";"CHEMBL5725922";"37";"BindingDB Patent Bioactivity Data";"";"2017";"None";"";"";"";"2460.0"
"CHEMBL5956191";"";"None";"375.43";"0";"3.13";"BDBM316907";"O=C1CCc2cc(/C=C/C(=O)N3CC4C=C(c5ccoc5)CC4C3)cnc2N1";"IC50";"'='";"1540.0";"nM";"5.81";"";"619712";"UO_0000065";"15.48";"0.28";"2.68";"7.70";"0";"CHEMBL5732078";"Enzyme Inhibition Assay: FabI enzyme inhibition assays were carried out in half-area, 384-well microtitre plates. Compounds were evaluated in 40-μl assay mixtures containing 100 mM NaADA, pH 6.5 (ADA=N-[2-acetamido]-2iminodiacetic acid), 250 μM crotonoyl-CoA, 625 μM NADH and 50 μg/ml S. aureus ATCC 29213 FabI. Inhibitors were typically varied over the range of 50 to 0.39 μM. The reaction mixtures were incubated for 30 minutes at room temperature and the reaction was stopped by adding 200 mM Tris buffer (pH 9.0) to create a pH-shift. The consumption of NADH was monitored by measuring the change in absorbance at 340. By comparing sample readings to those of negative (absence of compound) and positive (absence of enzyme) controls, the percent inhibition of enzymatic activity of the compounds was determined. A best-fit curve is fitted by a minimum of squares method.";"B";"BAO_0000357";"single protein format";"Staphylococcus aureus";"None";"None";"None";"None";"";"";"";"CHEMBL3994";"Enoyl-[acyl-carrier-protein] reductase [NADPH] FabI";"Staphylococcus aureus";"SINGLE PROTEIN";"CHEMBL5726112";"37";"BindingDB Patent Bioactivity Data";"";"2017";"None";"";"";"";"1540.0"
"CHEMBL5964508";"";"None";"392.48";"0";"3.00";"BDBM316916";"O=C1CCc2cc(/C=C/C(=O)N3CC4C=C(c5nccs5)CC4C3)cnc2N1";"IC50";"'='";"1170.0";"nM";"5.93";"";"619721";"UO_0000065";"15.11";"0.29";"2.93";"7.89";"0";"CHEMBL5732078";"Enzyme Inhibition Assay: FabI enzyme inhibition assays were carried out in half-area, 384-well microtitre plates. Compounds were evaluated in 40-μl assay mixtures containing 100 mM NaADA, pH 6.5 (ADA=N-[2-acetamido]-2iminodiacetic acid), 250 μM crotonoyl-CoA, 625 μM NADH and 50 μg/ml S. aureus ATCC 29213 FabI. Inhibitors were typically varied over the range of 50 to 0.39 μM. The reaction mixtures were incubated for 30 minutes at room temperature and the reaction was stopped by adding 200 mM Tris buffer (pH 9.0) to create a pH-shift. The consumption of NADH was monitored by measuring the change in absorbance at 340. By comparing sample readings to those of negative (absence of compound) and positive (absence of enzyme) controls, the percent inhibition of enzymatic activity of the compounds was determined. A best-fit curve is fitted by a minimum of squares method.";"B";"BAO_0000357";"single protein format";"Staphylococcus aureus";"None";"None";"None";"None";"";"";"";"CHEMBL3994";"Enoyl-[acyl-carrier-protein] reductase [NADPH] FabI";"Staphylococcus aureus";"SINGLE PROTEIN";"CHEMBL5726112";"37";"BindingDB Patent Bioactivity Data";"";"2017";"None";"";"";"";"1170.0"
"CHEMBL5866127";"";"None";"425.94";"0";"4.26";"BDBM316939";"O=C1CCc2cc(/C=C/C(=O)N3CC4C=C(c5ccsc5Cl)CC4C3)cnc2N1";"IC50";"'='";"1780.0";"nM";"5.75";"";"619744";"UO_0000065";"13.50";"0.27";"1.49";"9.23";"0";"CHEMBL5732078";"Enzyme Inhibition Assay: FabI enzyme inhibition assays were carried out in half-area, 384-well microtitre plates. Compounds were evaluated in 40-μl assay mixtures containing 100 mM NaADA, pH 6.5 (ADA=N-[2-acetamido]-2iminodiacetic acid), 250 μM crotonoyl-CoA, 625 μM NADH and 50 μg/ml S. aureus ATCC 29213 FabI. Inhibitors were typically varied over the range of 50 to 0.39 μM. The reaction mixtures were incubated for 30 minutes at room temperature and the reaction was stopped by adding 200 mM Tris buffer (pH 9.0) to create a pH-shift. The consumption of NADH was monitored by measuring the change in absorbance at 340. By comparing sample readings to those of negative (absence of compound) and positive (absence of enzyme) controls, the percent inhibition of enzymatic activity of the compounds was determined. A best-fit curve is fitted by a minimum of squares method.";"B";"BAO_0000357";"single protein format";"Staphylococcus aureus";"None";"None";"None";"None";"";"";"";"CHEMBL3994";"Enoyl-[acyl-carrier-protein] reductase [NADPH] FabI";"Staphylococcus aureus";"SINGLE PROTEIN";"CHEMBL5726112";"37";"BindingDB Patent Bioactivity Data";"";"2017";"None";"";"";"";"1780.0"
"CHEMBL6026468";"";"None";"402.50";"0";"2.88";"BDBM316902";"Cc1ccccc1N1C[C@H]2CN(C(=O)/C=C/c3cnc4c(c3)CCC(=O)N4)C[C@H]2C1";"IC50";"'='";"944.0";"nM";"6.03";"";"619707";"UO_0000065";"14.97";"0.27";"3.15";"9.19";"0";"CHEMBL5732078";"Enzyme Inhibition Assay: FabI enzyme inhibition assays were carried out in half-area, 384-well microtitre plates. Compounds were evaluated in 40-μl assay mixtures containing 100 mM NaADA, pH 6.5 (ADA=N-[2-acetamido]-2iminodiacetic acid), 250 μM crotonoyl-CoA, 625 μM NADH and 50 μg/ml S. aureus ATCC 29213 FabI. Inhibitors were typically varied over the range of 50 to 0.39 μM. The reaction mixtures were incubated for 30 minutes at room temperature and the reaction was stopped by adding 200 mM Tris buffer (pH 9.0) to create a pH-shift. The consumption of NADH was monitored by measuring the change in absorbance at 340. By comparing sample readings to those of negative (absence of compound) and positive (absence of enzyme) controls, the percent inhibition of enzymatic activity of the compounds was determined. A best-fit curve is fitted by a minimum of squares method.";"B";"BAO_0000357";"single protein format";"Staphylococcus aureus";"None";"None";"None";"None";"";"";"";"CHEMBL3994";"Enoyl-[acyl-carrier-protein] reductase [NADPH] FabI";"Staphylococcus aureus";"SINGLE PROTEIN";"CHEMBL5726112";"37";"BindingDB Patent Bioactivity Data";"";"2017";"None";"";"";"";"944.0"
"CHEMBL5955079";"";"None";"433.53";"0";"3.81";"BDBM316942";"CC(=O)c1ccc(C2=CC3CN(C(=O)/C=C/c4cnc5c(c4)CCC(=O)N5)CC3C2)s1";"IC50";"'='";"1010.0";"nM";"6.00";"";"619747";"UO_0000065";"13.83";"0.26";"2.19";"7.55";"0";"CHEMBL5732078";"Enzyme Inhibition Assay: FabI enzyme inhibition assays were carried out in half-area, 384-well microtitre plates. Compounds were evaluated in 40-μl assay mixtures containing 100 mM NaADA, pH 6.5 (ADA=N-[2-acetamido]-2iminodiacetic acid), 250 μM crotonoyl-CoA, 625 μM NADH and 50 μg/ml S. aureus ATCC 29213 FabI. Inhibitors were typically varied over the range of 50 to 0.39 μM. The reaction mixtures were incubated for 30 minutes at room temperature and the reaction was stopped by adding 200 mM Tris buffer (pH 9.0) to create a pH-shift. The consumption of NADH was monitored by measuring the change in absorbance at 340. By comparing sample readings to those of negative (absence of compound) and positive (absence of enzyme) controls, the percent inhibition of enzymatic activity of the compounds was determined. A best-fit curve is fitted by a minimum of squares method.";"B";"BAO_0000357";"single protein format";"Staphylococcus aureus";"None";"None";"None";"None";"";"";"";"CHEMBL3994";"Enoyl-[acyl-carrier-protein] reductase [NADPH] FabI";"Staphylococcus aureus";"SINGLE PROTEIN";"CHEMBL5726112";"37";"BindingDB Patent Bioactivity Data";"";"2017";"None";"";"";"";"1010.0"
"CHEMBL5793802";"";"None";"405.52";"0";"3.91";"BDBM316943";"Cc1csc(C2=CC3CN(C(=O)/C=C/c4cnc5c(c4)CCC(=O)N5)CC3C2)c1";"IC50";"'='";"1550.0";"nM";"5.81";"";"619748";"UO_0000065";"14.33";"0.27";"1.90";"9.33";"0";"CHEMBL5732078";"Enzyme Inhibition Assay: FabI enzyme inhibition assays were carried out in half-area, 384-well microtitre plates. Compounds were evaluated in 40-μl assay mixtures containing 100 mM NaADA, pH 6.5 (ADA=N-[2-acetamido]-2iminodiacetic acid), 250 μM crotonoyl-CoA, 625 μM NADH and 50 μg/ml S. aureus ATCC 29213 FabI. Inhibitors were typically varied over the range of 50 to 0.39 μM. The reaction mixtures were incubated for 30 minutes at room temperature and the reaction was stopped by adding 200 mM Tris buffer (pH 9.0) to create a pH-shift. The consumption of NADH was monitored by measuring the change in absorbance at 340. By comparing sample readings to those of negative (absence of compound) and positive (absence of enzyme) controls, the percent inhibition of enzymatic activity of the compounds was determined. A best-fit curve is fitted by a minimum of squares method.";"B";"BAO_0000357";"single protein format";"Staphylococcus aureus";"None";"None";"None";"None";"";"";"";"CHEMBL3994";"Enoyl-[acyl-carrier-protein] reductase [NADPH] FabI";"Staphylococcus aureus";"SINGLE PROTEIN";"CHEMBL5726112";"37";"BindingDB Patent Bioactivity Data";"";"2017";"None";"";"";"";"1550.0"
"CHEMBL5273284";"";"None";"400.48";"0";"2.70";"26";"O=C1CNCc2cc(/C=C/C(=O)N3CC4C=C(c5ccccc5)CC4C3)cnc2N1";"IC50";"'='";"0.35";"ug.mL-1";"";"";"";"UO_0000274";"";"";"";"";"0";"CHEMBL5231305";"Inhibition of Staphylococcus aureus FabI assessed as inhibition of bacterial growth by measuring the NADH consumption rate at 20 mins";"B";"BAO_0000357";"single protein format";"Staphylococcus aureus";"None";"None";"None";"None";"";"";"";"CHEMBL3994";"Enoyl-[acyl-carrier-protein] reductase [NADPH] FabI";"Staphylococcus aureus";"SINGLE PROTEIN";"CHEMBL5230110";"1";"Scientific Literature";"Eur J Med Chem";"2020";"None";"TIME = 0.3333 hr";"INHIBITOR";"";"0.35"
"CHEMBL2178284";"";"None";"293.27";"0";"3.12";"14, MUT056399";"CCc1cc(O)c(Oc2ccc(C(N)=O)cc2F)cc1F";"IC50";"'='";"12.0";"nM";"7.92";"";"";"UO_0000065";"27.01";"0.52";"4.80";"10.92";"1";"CHEMBL5231308";"Inhibition of Staphylococcus aureus FabI in the presence of NADH using crotonyl CoA as substrate by measuring NADH consumption rate";"B";"BAO_0000357";"single protein format";"Staphylococcus aureus";"None";"None";"None";"None";"";"";"";"CHEMBL3994";"Enoyl-[acyl-carrier-protein] reductase [NADPH] FabI";"Staphylococcus aureus";"SINGLE PROTEIN";"CHEMBL5230110";"1";"Scientific Literature";"Eur J Med Chem";"2020";"None";"";"INHIBITOR";"";"12.0"
"CHEMBL5283864";"";"None";"254.41";"1";"5.18";"85, MPDA";"CC(C)CCC/C=C\CCCCCCCC(=O)O";"IC50";"'='";"16000.0";"nM";"4.80";"";"";"UO_0000065";"18.85";"0.36";"-0.38";"12.86";"0";"CHEMBL5231344";"Inhibition of Staphylococcus aureus ATCC 29213 FabI in the presence of NADH using crotonyl CoA as substrate by measuring NADH consumption rate";"B";"BAO_0000357";"single protein format";"Staphylococcus aureus";"None";"None";"None";"None";"";"";"";"CHEMBL3994";"Enoyl-[acyl-carrier-protein] reductase [NADPH] FabI";"Staphylococcus aureus";"SINGLE PROTEIN";"CHEMBL5230110";"1";"Scientific Literature";"Eur J Med Chem";"2020";"None";"";"INHIBITOR";"";"16.0"
"CHEMBL2178284";"";"None";"293.27";"0";"3.12";"14, MUT056399";"CCc1cc(O)c(Oc2ccc(C(N)=O)cc2F)cc1F";"IC50";"'='";"12.0";"nM";"7.92";"";"";"UO_0000065";"27.01";"0.52";"4.80";"10.92";"1";"CHEMBL5231344";"Inhibition of Staphylococcus aureus ATCC 29213 FabI in the presence of NADH using crotonyl CoA as substrate by measuring NADH consumption rate";"B";"BAO_0000357";"single protein format";"Staphylococcus aureus";"None";"None";"None";"None";"";"";"";"CHEMBL3994";"Enoyl-[acyl-carrier-protein] reductase [NADPH] FabI";"Staphylococcus aureus";"SINGLE PROTEIN";"CHEMBL5230110";"1";"Scientific Literature";"Eur J Med Chem";"2020";"None";"";"INHIBITOR";"";"12.0"
"CHEMBL2178290";"";"None";"249.24";"0";"2.57";"95";"CCc1cc(O)c(Oc2ccc[nH]c2=O)cc1F";"IC50";"'>'";"100000.0";"nM";"";"";"";"UO_0000065";"";"";"";"";"0";"CHEMBL2188143";"Inhibition of Staphylococcus aureus recombinant FabI using trans-2-octenoyl N-acetylcysteamine thioester as substrate preincubated for 60 mins";"B";"BAO_0000357";"single protein format";"Staphylococcus aureus";"None";"None";"None";"None";"";"";"";"CHEMBL3994";"Enoyl-[acyl-carrier-protein] reductase [NADPH] FabI";"Staphylococcus aureus";"SINGLE PROTEIN";"CHEMBL2176870";"1";"Scientific Literature";"J Med Chem";"2012";"None";"";"";"";"100.0"
"CHEMBL2178283";"";"None";"307.30";"0";"3.43";"44";"CCc1cc(OC)c(Oc2ccc(C(N)=O)cc2F)cc1F";"IC50";"'='";"21000.0";"nM";"4.68";"";"";"UO_0000065";"15.22";"0.29";"1.25";"7.60";"0";"CHEMBL2188143";"Inhibition of Staphylococcus aureus recombinant FabI using trans-2-octenoyl N-acetylcysteamine thioester as substrate preincubated for 60 mins";"B";"BAO_0000357";"single protein format";"Staphylococcus aureus";"None";"None";"None";"None";"";"";"";"CHEMBL3994";"Enoyl-[acyl-carrier-protein] reductase [NADPH] FabI";"Staphylococcus aureus";"SINGLE PROTEIN";"CHEMBL2176870";"1";"Scientific Literature";"J Med Chem";"2012";"None";"";"";"";"21.0"
"CHEMBL65914";"";"None";"278.36";"0";"3.92";"6";"COc1ccc(-c2cn(Cc3ccc(C)cc3)cn2)cc1";"IC50";"'='";"250.0";"nM";"6.60";"";"";"UO_0000065";"23.72";"0.43";"2.68";"24.41";"0";"CHEMBL5231308";"Inhibition of Staphylococcus aureus FabI in the presence of NADH using crotonyl CoA as substrate by measuring NADH consumption rate";"B";"BAO_0000357";"single protein format";"Staphylococcus aureus";"None";"None";"None";"None";"";"";"";"CHEMBL3994";"Enoyl-[acyl-carrier-protein] reductase [NADPH] FabI";"Staphylococcus aureus";"SINGLE PROTEIN";"CHEMBL5230110";"1";"Scientific Literature";"Eur J Med Chem";"2020";"None";"";"INHIBITOR";"";"0.25"
"CHEMBL64645";"";"None";"254.36";"0";"3.97";"7";"Cc1ccc(Cn2cnc(-c3ccsc3)c2)cc1";"IC50";"'='";"360.0";"nM";"6.44";"";"";"UO_0000065";"25.33";"0.49";"2.47";"36.16";"0";"CHEMBL5231308";"Inhibition of Staphylococcus aureus FabI in the presence of NADH using crotonyl CoA as substrate by measuring NADH consumption rate";"B";"BAO_0000357";"single protein format";"Staphylococcus aureus";"None";"None";"None";"None";"";"";"";"CHEMBL3994";"Enoyl-[acyl-carrier-protein] reductase [NADPH] FabI";"Staphylococcus aureus";"SINGLE PROTEIN";"CHEMBL5230110";"1";"Scientific Literature";"Eur J Med Chem";"2020";"None";"";"INHIBITOR";"";"0.36"
"CHEMBL3623400";"";"None";"344.82";"1";"5.63";"15e";"Cc1cc(Cl)ccc1Oc1coc(/C=C/c2ccsc2)cc1=O";"IC50";"'='";"3120.0";"nM";"5.51";"";"";"UO_0000065";"15.97";"0.33";"-0.12";"13.96";"0";"CHEMBL3625533";"Inhibition of Staphylococcus aureus FabI assessed as reduction in inhibition of reduction of trans-2-octenoyl N-acetylcysteamine substrate by spectrophotometry";"B";"BAO_0000357";"single protein format";"Staphylococcus aureus";"None";"None";"None";"None";"";"";"";"CHEMBL3994";"Enoyl-[acyl-carrier-protein] reductase [NADPH] FabI";"Staphylococcus aureus";"SINGLE PROTEIN";"CHEMBL3621046";"1";"Scientific Literature";"Bioorg Med Chem Lett";"2015";"None";"";"";"";"3.12"
"CHEMBL4210639";"";"None";"283.35";"0";"3.38";"2";"O=C(Cc1ccccc1F)N1CCC(c2ccccc2)C1";"IC50";"'='";"5000.0";"nM";"5.30";"";"";"UO_0000065";"18.71";"0.34";"1.92";"26.10";"0";"CHEMBL4182166";"Inhibition of Staphylococcus aureus subsp. aureus Rosenbach ATCC 43300 FabI using crotonyl-CoA as substrate in presence of NADPH/NADH after 10 mins by fluorescence assay";"B";"BAO_0000357";"single protein format";"Staphylococcus aureus";"None";"None";"None";"None";"";"";"";"CHEMBL3994";"Enoyl-[acyl-carrier-protein] reductase [NADPH] FabI";"Staphylococcus aureus";"SINGLE PROTEIN";"CHEMBL4177701";"1";"Scientific Literature";"Bioorg Med Chem";"2018";"None";"";"";"";"5.0"
"CHEMBL4205565";"";"None";"299.80";"0";"3.90";"1";"O=C(Cc1ccccc1Cl)N1CCC(c2ccccc2)C1";"IC50";"'='";"10700.0";"nM";"4.97";"";"";"UO_0000065";"16.58";"0.32";"1.07";"24.47";"0";"CHEMBL4182166";"Inhibition of Staphylococcus aureus subsp. aureus Rosenbach ATCC 43300 FabI using crotonyl-CoA as substrate in presence of NADPH/NADH after 10 mins by fluorescence assay";"B";"BAO_0000357";"single protein format";"Staphylococcus aureus";"None";"None";"None";"None";"";"";"";"CHEMBL3994";"Enoyl-[acyl-carrier-protein] reductase [NADPH] FabI";"Staphylococcus aureus";"SINGLE PROTEIN";"CHEMBL4177701";"1";"Scientific Literature";"Bioorg Med Chem";"2018";"None";"";"";"";"10.7"
"CHEMBL5532124";"";"None";"398.30";"0";"4.65";"o1";"CCn1c(C2CC(=O)N(c3cccc(Br)c3C)C2)nc2ccccc21";"IC50";"'='";"342.1";"nM";"6.47";"";"";"UO_0000065";"16.23";"0.35";"1.82";"16.96";"0";"CHEMBL5503720";"Inhibition of N-terminal his 6 tagged Staphylococcus aureus Fabi (1 to 771 residues) expressed in Escherichia coli BL21 incubated for 30 mins in presence of NADPH by fluorescence based microplate reader analysis";"B";"BAO_0000019";"assay format";"Staphylococcus aureus";"None";"None";"None";"None";"";"";"";"CHEMBL3994";"Enoyl-[acyl-carrier-protein] reductase [NADPH] FabI";"Staphylococcus aureus";"SINGLE PROTEIN";"CHEMBL5500393";"1";"Scientific Literature";"J Med Chem";"2024";"None";"TIME = 0.5 hr";"INHIBITOR";"";"342.1"
"CHEMBL5517869";"";"None";"384.28";"0";"4.16";"(S)-n31";"Cc1c(Br)cccc1N1C[C@@H](c2nc3ccccc3n2C)CC1=O";"IC50";"'='";"94.0";"nM";"7.03";"";"";"UO_0000065";"18.29";"0.40";"2.87";"18.43";"0";"CHEMBL5503720";"Inhibition of N-terminal his 6 tagged Staphylococcus aureus Fabi (1 to 771 residues) expressed in Escherichia coli BL21 incubated for 30 mins in presence of NADPH by fluorescence based microplate reader analysis";"B";"BAO_0000019";"assay format";"Staphylococcus aureus";"None";"None";"None";"None";"";"";"";"CHEMBL3994";"Enoyl-[acyl-carrier-protein] reductase [NADPH] FabI";"Staphylococcus aureus";"SINGLE PROTEIN";"CHEMBL5500393";"1";"Scientific Literature";"J Med Chem";"2024";"None";"TIME = 0.5 hr";"INHIBITOR";"";"94.0"
"CHEMBL4214922";"";"None";"322.41";"0";"3.20";"17";"CC(=O)Nc1ccc(CC(=O)N2CCC(c3ccccc3)C2)cc1";"IC50";"'>'";"100000.0";"nM";"";"";"";"UO_0000065";"";"";"";"";"0";"CHEMBL4182166";"Inhibition of Staphylococcus aureus subsp. aureus Rosenbach ATCC 43300 FabI using crotonyl-CoA as substrate in presence of NADPH/NADH after 10 mins by fluorescence assay";"B";"BAO_0000357";"single protein format";"Staphylococcus aureus";"None";"None";"None";"None";"";"";"";"CHEMBL3994";"Enoyl-[acyl-carrier-protein] reductase [NADPH] FabI";"Staphylococcus aureus";"SINGLE PROTEIN";"CHEMBL4177701";"1";"Scientific Literature";"Bioorg Med Chem";"2018";"None";"";"";"";"100.0"
"CHEMBL3322729";"";"None";"515.61";"1";"2.86";"AEA27";"Cc1c(C2CN(C(=O)/C=C/c3cnc4c(c3)CN(CCN3CCOCC3)CC(=O)N4)C2)oc2ccccc12";"IC50";"'='";"289.0";"nM";"6.54";"";"";"UO_0000065";"12.68";"0.24";"3.68";"7.17";"0";"CHEMBL3365684";"Inhibition of Staphylococcus aureus FabI-mediated reduction of enoyl-ACP preincubated for 30 mins measured after 2 hrs by spectrophotometry";"B";"BAO_0000357";"single protein format";"Staphylococcus aureus";"None";"None";"None";"None";"";"";"";"CHEMBL3994";"Enoyl-[acyl-carrier-protein] reductase [NADPH] FabI";"Staphylococcus aureus";"SINGLE PROTEIN";"CHEMBL3352330";"1";"Scientific Literature";"Eur J Med Chem";"2014";"None";"";"";"";"0.289"
"CHEMBL6061668";"";"None";"349.39";"0";"2.89";"BDBM302054";"O=C1CCc2cc(/C=C/C(=O)N3CC=C(c4ccoc4)CC3)cnc2N1";"IC50";"'='";"1370.0";"nM";"5.86";"";"578211";"UO_0000065";"16.78";"0.31";"2.97";"7.77";"0";"CHEMBL5731701";"Enzyme Inhibition Assay: FabI enzyme inhibition assays were carried out in half-area, 384-well microtitre plates. Compounds were evaluated in 40-μl assay mixtures containing 100 mM NaADA, pH 6.5 (ADA=N-[2-acetamido]-2iminodiacetic acid), 250 μM crotonoyl-CoA, 625 μM NADH and 50 μg/ml S. aureus ATCC 29213 FabI Inhibitors were typically varied over the range of 50 to 0.39 μM. The reaction mixtures were incubated for 30 minutes at room temperature and the reaction was stopped by adding 200 mM Tris buffer (pH 9.0) to create a pH-shift. The consumption of NADH was monitored by measuring the change in absorbance at 340. By comparing sample readings to those of negative (absence of compound) and positive (absence of enzyme) controls, the percent inhibition of enzymatic activity of the compounds was determined A best-fit curve is fitted by a minimum of squares method. From this an IC50-value (expressed in μg/ml), resulting in 50% inhibition of enzymatic activity, was obtained.";"B";"BAO_0000019";"assay format";"Staphylococcus aureus";"None";"None";"None";"None";"";"";"";"CHEMBL3994";"Enoyl-[acyl-carrier-protein] reductase [NADPH] FabI";"Staphylococcus aureus";"SINGLE PROTEIN";"CHEMBL5725922";"37";"BindingDB Patent Bioactivity Data";"";"2017";"None";"";"";"";"1370.0"
"CHEMBL3623420";"";"None";"452.34";"1";"6.57";"16e";"O=c1cc(COc2ccccc2)n(Cc2ccccc2)cc1Oc1ccc(Cl)cc1Cl";"IC50";"'='";"1420.0";"nM";"5.85";"";"";"UO_0000065";"12.93";"0.26";"-0.72";"14.45";"0";"CHEMBL3625533";"Inhibition of Staphylococcus aureus FabI assessed as reduction in inhibition of reduction of trans-2-octenoyl N-acetylcysteamine substrate by spectrophotometry";"B";"BAO_0000357";"single protein format";"Staphylococcus aureus";"None";"None";"None";"None";"";"";"";"CHEMBL3994";"Enoyl-[acyl-carrier-protein] reductase [NADPH] FabI";"Staphylococcus aureus";"SINGLE PROTEIN";"CHEMBL3621046";"1";"Scientific Literature";"Bioorg Med Chem Lett";"2015";"None";"";"";"";"1.42"
"CHEMBL3623419";"";"None";"418.32";"1";"6.33";"16d";"CCCCn1cc(Oc2ccc(Cl)cc2Cl)c(=O)cc1COc1ccccc1";"IC50";"'='";"1250.0";"nM";"5.90";"";"";"UO_0000065";"14.11";"0.29";"-0.43";"14.59";"0";"CHEMBL3625533";"Inhibition of Staphylococcus aureus FabI assessed as reduction in inhibition of reduction of trans-2-octenoyl N-acetylcysteamine substrate by spectrophotometry";"B";"BAO_0000357";"single protein format";"Staphylococcus aureus";"None";"None";"None";"None";"";"";"";"CHEMBL3994";"Enoyl-[acyl-carrier-protein] reductase [NADPH] FabI";"Staphylococcus aureus";"SINGLE PROTEIN";"CHEMBL3621046";"1";"Scientific Literature";"Bioorg Med Chem Lett";"2015";"None";"";"";"";"1.25"
"CHEMBL3623407";"";"None";"360.20";"1";"5.30";"15l";"O=c1cc(/C=C/c2cccnc2)occ1Oc1ccc(Cl)cc1Cl";"IC50";"'='";"2040.0";"nM";"5.69";"";"";"UO_0000065";"15.80";"0.32";"0.39";"10.87";"0";"CHEMBL3625533";"Inhibition of Staphylococcus aureus FabI assessed as reduction in inhibition of reduction of trans-2-octenoyl N-acetylcysteamine substrate by spectrophotometry";"B";"BAO_0000357";"single protein format";"Staphylococcus aureus";"None";"None";"None";"None";"";"";"";"CHEMBL3994";"Enoyl-[acyl-carrier-protein] reductase [NADPH] FabI";"Staphylococcus aureus";"SINGLE PROTEIN";"CHEMBL3621046";"1";"Scientific Literature";"Bioorg Med Chem Lett";"2015";"None";"";"";"";"2.04"
"CHEMBL3623398";"";"None";"328.75";"1";"5.16";"15c";"Cc1cc(Cl)ccc1Oc1coc(/C=C/c2ccco2)cc1=O";"IC50";"'='";"3890.0";"nM";"5.41";"";"";"UO_0000065";"16.46";"0.32";"0.25";"10.29";"0";"CHEMBL3625533";"Inhibition of Staphylococcus aureus FabI assessed as reduction in inhibition of reduction of trans-2-octenoyl N-acetylcysteamine substrate by spectrophotometry";"B";"BAO_0000357";"single protein format";"Staphylococcus aureus";"None";"None";"None";"None";"";"";"";"CHEMBL3994";"Enoyl-[acyl-carrier-protein] reductase [NADPH] FabI";"Staphylococcus aureus";"SINGLE PROTEIN";"CHEMBL3621046";"1";"Scientific Literature";"Bioorg Med Chem Lett";"2015";"None";"";"";"";"3.89"
"CHEMBL3623392";"";"None";"322.36";"0";"4.63";"13c";"Cc1ccc(Oc2coc(COc3ccccc3)cc2=O)c(C)c1";"IC50";"'='";"380.0";"nM";"6.42";"";"";"UO_0000065";"19.92";"0.37";"1.79";"13.19";"0";"CHEMBL3625533";"Inhibition of Staphylococcus aureus FabI assessed as reduction in inhibition of reduction of trans-2-octenoyl N-acetylcysteamine substrate by spectrophotometry";"B";"BAO_0000357";"single protein format";"Staphylococcus aureus";"None";"None";"None";"None";"";"";"";"CHEMBL3994";"Enoyl-[acyl-carrier-protein] reductase [NADPH] FabI";"Staphylococcus aureus";"SINGLE PROTEIN";"CHEMBL3621046";"1";"Scientific Literature";"Bioorg Med Chem Lett";"2015";"None";"";"";"";"0.38"
"CHEMBL3621746";"";"None";"402.28";"1";"5.86";"16r";"O=c1cc(COc2ccccc2)n(C2CC2)cc1Oc1cccc(Cl)c1Cl";"IC50";"'='";"1500.0";"nM";"5.82";"";"";"UO_0000065";"14.48";"0.29";"-0.04";"14.39";"0";"CHEMBL3625533";"Inhibition of Staphylococcus aureus FabI assessed as reduction in inhibition of reduction of trans-2-octenoyl N-acetylcysteamine substrate by spectrophotometry";"B";"BAO_0000357";"single protein format";"Staphylococcus aureus";"None";"None";"None";"None";"";"";"";"CHEMBL3994";"Enoyl-[acyl-carrier-protein] reductase [NADPH] FabI";"Staphylococcus aureus";"SINGLE PROTEIN";"CHEMBL3621046";"1";"Scientific Literature";"Bioorg Med Chem Lett";"2015";"None";"";"";"";"1.5"
"CHEMBL3676399";"";"None";"317.41";"0";"2.44";"BDBM133662";"CS(=O)(=O)OC1CN(C(c2ccccc2)c2ccccc2)C1";"IC50";"'='";"1000.0";"nM";"6.00";"";"266520";"UO_0000065";"18.90";"0.37";"3.56";"12.87";"0";"CHEMBL3705478";"Fluorescence Based Assay: Compound inhibitory activity of FabI enzyme is measured in vitro by the IC5 so determination using a fluorescence based assay.The protein FabI from S. aureus is prepared and purified using standard methods for recombinant protein expression after cloning of the gene in a prokaryotic expression vector.The biochemical activity of the FabI enzyme is assessed using the following method.The assay buffer AB contained 50 mM ADA (N-(2-acetamido)iminodiacetic acid monosodium salt) pH 6.5, 1 mM dithiothreitol, 0.006% Triton-X100 and 50 mM NaCl.The following components are added in a white polystyrene Costar plate (Ref 3912) up to a final volume of 55.5 uL: 1.5 uL DMSO or inhibitor dissolved in DMSO and 54 uL of a FabI/NADPH/NADP+ mixture in AB. After 60 min of pre-incubation at room temperature, the reaction is started by addition of 5 uL of trans-2-octenoyl N-acetylcysteamine thioester (t-o-NAC) to a final volume of 60.5 uL.";"B";"BAO_0000019";"assay format";"Staphylococcus aureus";"None";"None";"None";"None";"";"";"";"CHEMBL3994";"Enoyl-[acyl-carrier-protein] reductase [NADPH] FabI";"Staphylococcus aureus";"SINGLE PROTEIN";"CHEMBL3638382";"37";"BindingDB Patent Bioactivity Data";"";"2014";"None";"";"";"";"1000.0"
"CHEMBL3676405";"";"None";"369.45";"0";"2.47";"BDBM133668";"O=C1CCc2cc(/C=C/C(=O)N3CC(OCc4cccs4)C3)cnc2N1";"IC50";"'='";"13.0";"nM";"7.89";"";"266526";"UO_0000065";"21.35";"0.41";"5.42";"11.02";"0";"CHEMBL3705478";"Fluorescence Based Assay: Compound inhibitory activity of FabI enzyme is measured in vitro by the IC5 so determination using a fluorescence based assay.The protein FabI from S. aureus is prepared and purified using standard methods for recombinant protein expression after cloning of the gene in a prokaryotic expression vector.The biochemical activity of the FabI enzyme is assessed using the following method.The assay buffer AB contained 50 mM ADA (N-(2-acetamido)iminodiacetic acid monosodium salt) pH 6.5, 1 mM dithiothreitol, 0.006% Triton-X100 and 50 mM NaCl.The following components are added in a white polystyrene Costar plate (Ref 3912) up to a final volume of 55.5 uL: 1.5 uL DMSO or inhibitor dissolved in DMSO and 54 uL of a FabI/NADPH/NADP+ mixture in AB. After 60 min of pre-incubation at room temperature, the reaction is started by addition of 5 uL of trans-2-octenoyl N-acetylcysteamine thioester (t-o-NAC) to a final volume of 60.5 uL.";"B";"BAO_0000019";"assay format";"Staphylococcus aureus";"None";"None";"None";"None";"";"";"";"CHEMBL3994";"Enoyl-[acyl-carrier-protein] reductase [NADPH] FabI";"Staphylococcus aureus";"SINGLE PROTEIN";"CHEMBL3638382";"37";"BindingDB Patent Bioactivity Data";"";"2014";"None";"";"";"";"13.0"
"CHEMBL3676412";"";"None";"370.43";"0";"1.86";"BDBM133676";"O=C1CCc2cc(/C=C/C(=O)N3CC(OCc4nccs4)C3)cnc2N1";"IC50";"'='";"57.0";"nM";"7.24";"";"266534";"UO_0000065";"19.56";"0.38";"5.38";"8.58";"0";"CHEMBL3705478";"Fluorescence Based Assay: Compound inhibitory activity of FabI enzyme is measured in vitro by the IC5 so determination using a fluorescence based assay.The protein FabI from S. aureus is prepared and purified using standard methods for recombinant protein expression after cloning of the gene in a prokaryotic expression vector.The biochemical activity of the FabI enzyme is assessed using the following method.The assay buffer AB contained 50 mM ADA (N-(2-acetamido)iminodiacetic acid monosodium salt) pH 6.5, 1 mM dithiothreitol, 0.006% Triton-X100 and 50 mM NaCl.The following components are added in a white polystyrene Costar plate (Ref 3912) up to a final volume of 55.5 uL: 1.5 uL DMSO or inhibitor dissolved in DMSO and 54 uL of a FabI/NADPH/NADP+ mixture in AB. After 60 min of pre-incubation at room temperature, the reaction is started by addition of 5 uL of trans-2-octenoyl N-acetylcysteamine thioester (t-o-NAC) to a final volume of 60.5 uL.";"B";"BAO_0000019";"assay format";"Staphylococcus aureus";"None";"None";"None";"None";"";"";"";"CHEMBL3994";"Enoyl-[acyl-carrier-protein] reductase [NADPH] FabI";"Staphylococcus aureus";"SINGLE PROTEIN";"CHEMBL3638382";"37";"BindingDB Patent Bioactivity Data";"";"2014";"None";"";"";"";"57.0"
"CHEMBL3676417";"";"None";"467.50";"0";"2.84";"BDBM133681";"COC(=O)C1Cc2cc(/C=C/C(=O)N3CCC(COc4ccc(F)cc4)CC3)cnc2NC1=O";"IC50";"'='";"60.0";"nM";"7.22";"";"266539";"UO_0000065";"15.45";"0.29";"4.38";"7.38";"0";"CHEMBL3705478";"Fluorescence Based Assay: Compound inhibitory activity of FabI enzyme is measured in vitro by the IC5 so determination using a fluorescence based assay.The protein FabI from S. aureus is prepared and purified using standard methods for recombinant protein expression after cloning of the gene in a prokaryotic expression vector.The biochemical activity of the FabI enzyme is assessed using the following method.The assay buffer AB contained 50 mM ADA (N-(2-acetamido)iminodiacetic acid monosodium salt) pH 6.5, 1 mM dithiothreitol, 0.006% Triton-X100 and 50 mM NaCl.The following components are added in a white polystyrene Costar plate (Ref 3912) up to a final volume of 55.5 uL: 1.5 uL DMSO or inhibitor dissolved in DMSO and 54 uL of a FabI/NADPH/NADP+ mixture in AB. After 60 min of pre-incubation at room temperature, the reaction is started by addition of 5 uL of trans-2-octenoyl N-acetylcysteamine thioester (t-o-NAC) to a final volume of 60.5 uL.";"B";"BAO_0000019";"assay format";"Staphylococcus aureus";"None";"None";"None";"None";"";"";"";"CHEMBL3994";"Enoyl-[acyl-carrier-protein] reductase [NADPH] FabI";"Staphylococcus aureus";"SINGLE PROTEIN";"CHEMBL3638382";"37";"BindingDB Patent Bioactivity Data";"";"2014";"None";"";"";"";"60.0"
"CHEMBL4209594";"";"None";"335.41";"0";"3.07";"23";"CC(=O)Nc1ccc(/C=C/C(=O)N2CCC(c3ccccc3)C2)cn1";"IC50";"'='";"1200.0";"nM";"5.92";"";"";"UO_0000065";"17.65";"0.32";"2.85";"9.50";"0";"CHEMBL4182166";"Inhibition of Staphylococcus aureus subsp. aureus Rosenbach ATCC 43300 FabI using crotonyl-CoA as substrate in presence of NADPH/NADH after 10 mins by fluorescence assay";"B";"BAO_0000357";"single protein format";"Staphylococcus aureus";"None";"None";"None";"None";"";"";"";"CHEMBL3994";"Enoyl-[acyl-carrier-protein] reductase [NADPH] FabI";"Staphylococcus aureus";"SINGLE PROTEIN";"CHEMBL4177701";"1";"Scientific Literature";"Bioorg Med Chem";"2018";"None";"";"";"";"1.2"
"CHEMBL3623431";"";"None";"362.21";"1";"5.05";"16p";"O=c1cc(COc2ccccc2)[nH]cc1Oc1cccc(Cl)c1Cl";"IC50";"'='";"840.0";"nM";"6.08";"";"";"UO_0000065";"16.77";"0.35";"1.03";"11.84";"0";"CHEMBL3625533";"Inhibition of Staphylococcus aureus FabI assessed as reduction in inhibition of reduction of trans-2-octenoyl N-acetylcysteamine substrate by spectrophotometry";"B";"BAO_0000357";"single protein format";"Staphylococcus aureus";"None";"None";"None";"None";"";"";"";"CHEMBL3994";"Enoyl-[acyl-carrier-protein] reductase [NADPH] FabI";"Staphylococcus aureus";"SINGLE PROTEIN";"CHEMBL3621046";"1";"Scientific Literature";"Bioorg Med Chem Lett";"2015";"None";"";"";"";"0.84"
"CHEMBL3623417";"";"None";"376.24";"1";"5.06";"16b";"Cn1cc(Oc2ccc(Cl)cc2Cl)c(=O)cc1COc1ccccc1";"IC50";"'='";"120.0";"nM";"6.92";"";"";"UO_0000065";"18.39";"0.38";"1.86";"17.11";"0";"CHEMBL3625533";"Inhibition of Staphylococcus aureus FabI assessed as reduction in inhibition of reduction of trans-2-octenoyl N-acetylcysteamine substrate by spectrophotometry";"B";"BAO_0000357";"single protein format";"Staphylococcus aureus";"None";"None";"None";"None";"";"";"";"CHEMBL3994";"Enoyl-[acyl-carrier-protein] reductase [NADPH] FabI";"Staphylococcus aureus";"SINGLE PROTEIN";"CHEMBL3621046";"1";"Scientific Literature";"Bioorg Med Chem Lett";"2015";"None";"";"";"";"0.12"
"CHEMBL5823525";"";"None";"393.87";"0";"3.95";"BDBM302060";"O=C1CCc2cc(/C=C/C(=O)N3CC=C(c4ccccc4Cl)CC3)cnc2N1";"IC50";"'='";"1470.0";"nM";"5.83";"";"578217";"UO_0000065";"14.81";"0.28";"1.88";"9.36";"0";"CHEMBL5731701";"Enzyme Inhibition Assay: FabI enzyme inhibition assays were carried out in half-area, 384-well microtitre plates. Compounds were evaluated in 40-μl assay mixtures containing 100 mM NaADA, pH 6.5 (ADA=N-[2-acetamido]-2iminodiacetic acid), 250 μM crotonoyl-CoA, 625 μM NADH and 50 μg/ml S. aureus ATCC 29213 FabI Inhibitors were typically varied over the range of 50 to 0.39 μM. The reaction mixtures were incubated for 30 minutes at room temperature and the reaction was stopped by adding 200 mM Tris buffer (pH 9.0) to create a pH-shift. The consumption of NADH was monitored by measuring the change in absorbance at 340. By comparing sample readings to those of negative (absence of compound) and positive (absence of enzyme) controls, the percent inhibition of enzymatic activity of the compounds was determined A best-fit curve is fitted by a minimum of squares method. From this an IC50-value (expressed in μg/ml), resulting in 50% inhibition of enzymatic activity, was obtained.";"B";"BAO_0000019";"assay format";"Staphylococcus aureus";"None";"None";"None";"None";"";"";"";"CHEMBL3994";"Enoyl-[acyl-carrier-protein] reductase [NADPH] FabI";"Staphylococcus aureus";"SINGLE PROTEIN";"CHEMBL5725922";"37";"BindingDB Patent Bioactivity Data";"";"2017";"None";"";"";"";"1470.0"
"CHEMBL6055454";"";"None";"433.48";"0";"4.35";"BDBM302075";"O=C1CCc2cc(/C=C/C(=O)N3CCC(Cc4coc5cc(F)ccc45)CC3)cnc2N1";"IC50";"'='";"1820.0";"nM";"5.74";"";"578232";"UO_0000065";"13.24";"0.24";"1.39";"7.61";"0";"CHEMBL5731701";"Enzyme Inhibition Assay: FabI enzyme inhibition assays were carried out in half-area, 384-well microtitre plates. Compounds were evaluated in 40-μl assay mixtures containing 100 mM NaADA, pH 6.5 (ADA=N-[2-acetamido]-2iminodiacetic acid), 250 μM crotonoyl-CoA, 625 μM NADH and 50 μg/ml S. aureus ATCC 29213 FabI Inhibitors were typically varied over the range of 50 to 0.39 μM. The reaction mixtures were incubated for 30 minutes at room temperature and the reaction was stopped by adding 200 mM Tris buffer (pH 9.0) to create a pH-shift. The consumption of NADH was monitored by measuring the change in absorbance at 340. By comparing sample readings to those of negative (absence of compound) and positive (absence of enzyme) controls, the percent inhibition of enzymatic activity of the compounds was determined A best-fit curve is fitted by a minimum of squares method. From this an IC50-value (expressed in μg/ml), resulting in 50% inhibition of enzymatic activity, was obtained.";"B";"BAO_0000019";"assay format";"Staphylococcus aureus";"None";"None";"None";"None";"";"";"";"CHEMBL3994";"Enoyl-[acyl-carrier-protein] reductase [NADPH] FabI";"Staphylococcus aureus";"SINGLE PROTEIN";"CHEMBL5725922";"37";"BindingDB Patent Bioactivity Data";"";"2017";"None";"";"";"";"1820.0"
"CHEMBL3623418";"";"None";"402.28";"1";"5.86";"16c";"O=c1cc(COc2ccccc2)n(C2CC2)cc1Oc1ccc(Cl)cc1Cl";"IC50";"'='";"480.0";"nM";"6.32";"";"";"UO_0000065";"15.71";"0.32";"0.46";"15.62";"0";"CHEMBL3625533";"Inhibition of Staphylococcus aureus FabI assessed as reduction in inhibition of reduction of trans-2-octenoyl N-acetylcysteamine substrate by spectrophotometry";"B";"BAO_0000357";"single protein format";"Staphylococcus aureus";"None";"None";"None";"None";"";"";"";"CHEMBL3994";"Enoyl-[acyl-carrier-protein] reductase [NADPH] FabI";"Staphylococcus aureus";"SINGLE PROTEIN";"CHEMBL3621046";"1";"Scientific Literature";"Bioorg Med Chem Lett";"2015";"None";"";"";"";"0.48"
"CHEMBL3621228";"";"None";"308.33";"0";"4.81";"15n";"Cc1ccc(Oc2coc(/C=C/c3ccoc3)cc2=O)c(C)c1";"IC50";"'='";"2290.0";"nM";"5.64";"";"";"UO_0000065";"18.29";"0.33";"0.83";"10.73";"0";"CHEMBL3625533";"Inhibition of Staphylococcus aureus FabI assessed as reduction in inhibition of reduction of trans-2-octenoyl N-acetylcysteamine substrate by spectrophotometry";"B";"BAO_0000357";"single protein format";"Staphylococcus aureus";"None";"None";"None";"None";"";"";"";"CHEMBL3994";"Enoyl-[acyl-carrier-protein] reductase [NADPH] FabI";"Staphylococcus aureus";"SINGLE PROTEIN";"CHEMBL3621046";"1";"Scientific Literature";"Bioorg Med Chem Lett";"2015";"None";"";"";"";"2.29"
"CHEMBL3676420";"";"None";"452.49";"0";"2.15";"BDBM9913";"NC(=O)C1Cc2cc(/C=C/C(=O)N3CCC(COc4ccc(F)cc4)CC3)cnc2NC1=O";"IC50";"'='";"78.0";"nM";"7.11";"";"266540";"UO_0000065";"15.71";"0.29";"4.96";"6.20";"0";"CHEMBL3705478";"Fluorescence Based Assay: Compound inhibitory activity of FabI enzyme is measured in vitro by the IC5 so determination using a fluorescence based assay.The protein FabI from S. aureus is prepared and purified using standard methods for recombinant protein expression after cloning of the gene in a prokaryotic expression vector.The biochemical activity of the FabI enzyme is assessed using the following method.The assay buffer AB contained 50 mM ADA (N-(2-acetamido)iminodiacetic acid monosodium salt) pH 6.5, 1 mM dithiothreitol, 0.006% Triton-X100 and 50 mM NaCl.The following components are added in a white polystyrene Costar plate (Ref 3912) up to a final volume of 55.5 uL: 1.5 uL DMSO or inhibitor dissolved in DMSO and 54 uL of a FabI/NADPH/NADP+ mixture in AB. After 60 min of pre-incubation at room temperature, the reaction is started by addition of 5 uL of trans-2-octenoyl N-acetylcysteamine thioester (t-o-NAC) to a final volume of 60.5 uL.";"B";"BAO_0000019";"assay format";"Staphylococcus aureus";"None";"None";"None";"None";"";"";"";"CHEMBL3994";"Enoyl-[acyl-carrier-protein] reductase [NADPH] FabI";"Staphylococcus aureus";"SINGLE PROTEIN";"CHEMBL3638382";"37";"BindingDB Patent Bioactivity Data";"";"2014";"None";"";"";"";"78.0"
"CHEMBL3623404";"";"None";"304.77";"1";"5.06";"15i";"Cc1cc(Cl)ccc1Oc1coc(/C=C/C(C)C)cc1=O";"IC50";"'='";"5780.0";"nM";"5.24";"";"";"UO_0000065";"17.19";"0.34";"0.18";"13.28";"0";"CHEMBL3625533";"Inhibition of Staphylococcus aureus FabI assessed as reduction in inhibition of reduction of trans-2-octenoyl N-acetylcysteamine substrate by spectrophotometry";"B";"BAO_0000357";"single protein format";"Staphylococcus aureus";"None";"None";"None";"None";"";"";"";"CHEMBL3994";"Enoyl-[acyl-carrier-protein] reductase [NADPH] FabI";"Staphylococcus aureus";"SINGLE PROTEIN";"CHEMBL3621046";"1";"Scientific Literature";"Bioorg Med Chem Lett";"2015";"None";"";"";"";"5.78"
"CHEMBL3676408";"";"None";"343.43";"0";"2.40";"BDBM133671";"CCCCCOC1CN(C(=O)/C=C/c2cnc3c(c2)CCC(=O)N3)C1";"IC50";"'='";"25.0";"nM";"7.60";"";"305330";"UO_0000065";"22.14";"0.42";"5.20";"10.63";"1";"CHEMBL3705387";"Fluorescence Based Assay: The assay buffer 'AB' contained 50 mM ADA (N-(2-acetamido)iminodiacetic acid monosodium salt) pH 6.5, 1 mM dithiothreitol, 0.006% Triton-X100 and 50 mM NaCl. The following components are added in a white polystyrene Costar plate (Ref 3912) up to a final volume of 55.5 uL: 1.5 uL DMSO or inhibitor dissolved in DMSO and 54 uL of a FabI/NADPH/NADP+ mixture in AB. After 60 min of pre-incubation at room temperature, the reaction is started by addition of 5 uL of trans-2-octenoyl N-acetylcysteamine thioester (t-o-NAC) to a final volume of 60.5 uL. This reaction mixture is then composed of 2 nM FabI, 40 uM NADPH (Sigma, N7505), 10 uM NADP+(Sigma, N5755), 100 uM t-O-NAC and compound at defined concentration. Fluorescence intensity of NADPH (lamda=ex=360 nm, lamda=em=520 nm) is measured immediately after t-O-NAC addition (T0), and approximately 50 min later (T50) by a Fluostar Optima (BMG) so as to achieve ~30% of NADPH conversion.";"B";"BAO_0000357";"single protein format";"Staphylococcus aureus";"None";"None";"None";"None";"";"";"";"CHEMBL3994";"Enoyl-[acyl-carrier-protein] reductase [NADPH] FabI";"Staphylococcus aureus";"SINGLE PROTEIN";"CHEMBL3638908";"37";"BindingDB Patent Bioactivity Data";"";"2015";"None";"";"";"";"25.0"
"CHEMBL3621752";"";"None";"412.83";"1";"5.12";"16x";"O=c1cc(COc2ccccc2)n(C2CC2)cc1Oc1cccc([N+](=O)[O-])c1Cl";"IC50";"'='";"17640.0";"nM";"4.75";"";"";"UO_0000065";"11.51";"0.22";"-0.37";"5.69";"0";"CHEMBL3625533";"Inhibition of Staphylococcus aureus FabI assessed as reduction in inhibition of reduction of trans-2-octenoyl N-acetylcysteamine substrate by spectrophotometry";"B";"BAO_0000357";"single protein format";"Staphylococcus aureus";"None";"None";"None";"None";"";"";"";"CHEMBL3994";"Enoyl-[acyl-carrier-protein] reductase [NADPH] FabI";"Staphylococcus aureus";"SINGLE PROTEIN";"CHEMBL3621046";"1";"Scientific Literature";"Bioorg Med Chem Lett";"2015";"None";"";"";"";"17.64"
"CHEMBL3621749";"";"None";"402.28";"1";"5.86";"16u";"O=c1cc(COc2ccccc2)n(C2CC2)cc1Oc1c(Cl)cccc1Cl";"IC50";"'='";"6430.0";"nM";"5.19";"";"";"UO_0000065";"12.91";"0.26";"-0.67";"12.83";"0";"CHEMBL3625533";"Inhibition of Staphylococcus aureus FabI assessed as reduction in inhibition of reduction of trans-2-octenoyl N-acetylcysteamine substrate by spectrophotometry";"B";"BAO_0000357";"single protein format";"Staphylococcus aureus";"None";"None";"None";"None";"";"";"";"CHEMBL3994";"Enoyl-[acyl-carrier-protein] reductase [NADPH] FabI";"Staphylococcus aureus";"SINGLE PROTEIN";"CHEMBL3621046";"1";"Scientific Literature";"Bioorg Med Chem Lett";"2015";"None";"";"";"";"6.43"
"CHEMBL3623428";"";"None";"361.44";"1";"5.17";"16m";"Cc1ccc(Oc2cn(C3CC3)c(COc3ccccc3)cc2=O)c(C)c1";"IC50";"'='";"3170.0";"nM";"5.50";"";"";"UO_0000065";"15.21";"0.28";"0.33";"13.59";"0";"CHEMBL3625533";"Inhibition of Staphylococcus aureus FabI assessed as reduction in inhibition of reduction of trans-2-octenoyl N-acetylcysteamine substrate by spectrophotometry";"B";"BAO_0000357";"single protein format";"Staphylococcus aureus";"None";"None";"None";"None";"";"";"";"CHEMBL3994";"Enoyl-[acyl-carrier-protein] reductase [NADPH] FabI";"Staphylococcus aureus";"SINGLE PROTEIN";"CHEMBL3621046";"1";"Scientific Literature";"Bioorg Med Chem Lett";"2015";"None";"";"";"";"3.17"
"CHEMBL3623413";"";"None";"359.21";"1";"5.91";"15s";"O=c1cc(/C=C/c2ccccc2)occ1Oc1c(Cl)cccc1Cl";"IC50";"'='";"4790.0";"nM";"5.32";"";"";"UO_0000065";"14.81";"0.30";"-0.59";"13.49";"0";"CHEMBL3625533";"Inhibition of Staphylococcus aureus FabI assessed as reduction in inhibition of reduction of trans-2-octenoyl N-acetylcysteamine substrate by spectrophotometry";"B";"BAO_0000357";"single protein format";"Staphylococcus aureus";"None";"None";"None";"None";"";"";"";"CHEMBL3994";"Enoyl-[acyl-carrier-protein] reductase [NADPH] FabI";"Staphylococcus aureus";"SINGLE PROTEIN";"CHEMBL3621046";"1";"Scientific Literature";"Bioorg Med Chem Lett";"2015";"None";"";"";"";"4.79"
"CHEMBL2018876";"MORACIN C";"None";"310.35";"0";"4.73";"3, Moracin C";"CC(C)=CCc1c(O)cc(-c2cc3ccc(O)cc3o2)cc1O";"IC50";"'='";"83800.0";"nM";"4.08";"";"";"UO_0000065";"13.14";"0.24";"-0.65";"5.52";"0";"CHEMBL3399508";"Inhibition of Staphylococcus aureus FabI-mediated trans-2-octenoyl N-acetylcysteamine (t-o-NAC thioester) substrate reduction assessed as decrease in NADPH by ELISA";"B";"BAO_0000357";"single protein format";"Staphylococcus aureus";"None";"None";"None";"None";"";"";"";"CHEMBL3994";"Enoyl-[acyl-carrier-protein] reductase [NADPH] FabI";"Staphylococcus aureus";"SINGLE PROTEIN";"CHEMBL3397033";"1";"Scientific Literature";"Eur J Med Chem";"2015";"None";"";"";"";"83.8"
"CHEMBL3676401";"";"None";"327.43";"0";"3.02";"BDBM133664";"CCCC1CCN(C(=O)/C=C/c2cnc3c(c2)CCC(=O)N3)CC1";"IC50";"'='";"41.0";"nM";"7.39";"";"305323";"UO_0000065";"22.56";"0.42";"4.37";"11.86";"1";"CHEMBL3705387";"Fluorescence Based Assay: The assay buffer 'AB' contained 50 mM ADA (N-(2-acetamido)iminodiacetic acid monosodium salt) pH 6.5, 1 mM dithiothreitol, 0.006% Triton-X100 and 50 mM NaCl. The following components are added in a white polystyrene Costar plate (Ref 3912) up to a final volume of 55.5 uL: 1.5 uL DMSO or inhibitor dissolved in DMSO and 54 uL of a FabI/NADPH/NADP+ mixture in AB. After 60 min of pre-incubation at room temperature, the reaction is started by addition of 5 uL of trans-2-octenoyl N-acetylcysteamine thioester (t-o-NAC) to a final volume of 60.5 uL. This reaction mixture is then composed of 2 nM FabI, 40 uM NADPH (Sigma, N7505), 10 uM NADP+(Sigma, N5755), 100 uM t-O-NAC and compound at defined concentration. Fluorescence intensity of NADPH (lamda=ex=360 nm, lamda=em=520 nm) is measured immediately after t-O-NAC addition (T0), and approximately 50 min later (T50) by a Fluostar Optima (BMG) so as to achieve ~30% of NADPH conversion.";"B";"BAO_0000357";"single protein format";"Staphylococcus aureus";"None";"None";"None";"None";"";"";"";"CHEMBL3994";"Enoyl-[acyl-carrier-protein] reductase [NADPH] FabI";"Staphylococcus aureus";"SINGLE PROTEIN";"CHEMBL3638908";"37";"BindingDB Patent Bioactivity Data";"";"2015";"None";"";"";"";"41.0"
"CHEMBL3676411";"";"None";"327.38";"0";"1.78";"BDBM133675";"C=C(C)COC1CN(C(=O)/C=C/c2cnc3c(c2)CCC(=O)N3)C1";"IC50";"'='";"170.0";"nM";"6.77";"";"305334";"UO_0000065";"20.68";"0.39";"4.99";"9.46";"1";"CHEMBL3705387";"Fluorescence Based Assay: The assay buffer 'AB' contained 50 mM ADA (N-(2-acetamido)iminodiacetic acid monosodium salt) pH 6.5, 1 mM dithiothreitol, 0.006% Triton-X100 and 50 mM NaCl. The following components are added in a white polystyrene Costar plate (Ref 3912) up to a final volume of 55.5 uL: 1.5 uL DMSO or inhibitor dissolved in DMSO and 54 uL of a FabI/NADPH/NADP+ mixture in AB. After 60 min of pre-incubation at room temperature, the reaction is started by addition of 5 uL of trans-2-octenoyl N-acetylcysteamine thioester (t-o-NAC) to a final volume of 60.5 uL. This reaction mixture is then composed of 2 nM FabI, 40 uM NADPH (Sigma, N7505), 10 uM NADP+(Sigma, N5755), 100 uM t-O-NAC and compound at defined concentration. Fluorescence intensity of NADPH (lamda=ex=360 nm, lamda=em=520 nm) is measured immediately after t-O-NAC addition (T0), and approximately 50 min later (T50) by a Fluostar Optima (BMG) so as to achieve ~30% of NADPH conversion.";"B";"BAO_0000357";"single protein format";"Staphylococcus aureus";"None";"None";"None";"None";"";"";"";"CHEMBL3994";"Enoyl-[acyl-carrier-protein] reductase [NADPH] FabI";"Staphylococcus aureus";"SINGLE PROTEIN";"CHEMBL3638908";"37";"BindingDB Patent Bioactivity Data";"";"2015";"None";"";"";"";"170.0"
"CHEMBL3676412";"";"None";"370.43";"0";"1.86";"BDBM133676";"O=C1CCc2cc(/C=C/C(=O)N3CC(OCc4nccs4)C3)cnc2N1";"IC50";"'='";"57.0";"nM";"7.24";"";"305335";"UO_0000065";"19.56";"0.38";"5.38";"8.58";"1";"CHEMBL3705387";"Fluorescence Based Assay: The assay buffer 'AB' contained 50 mM ADA (N-(2-acetamido)iminodiacetic acid monosodium salt) pH 6.5, 1 mM dithiothreitol, 0.006% Triton-X100 and 50 mM NaCl. The following components are added in a white polystyrene Costar plate (Ref 3912) up to a final volume of 55.5 uL: 1.5 uL DMSO or inhibitor dissolved in DMSO and 54 uL of a FabI/NADPH/NADP+ mixture in AB. After 60 min of pre-incubation at room temperature, the reaction is started by addition of 5 uL of trans-2-octenoyl N-acetylcysteamine thioester (t-o-NAC) to a final volume of 60.5 uL. This reaction mixture is then composed of 2 nM FabI, 40 uM NADPH (Sigma, N7505), 10 uM NADP+(Sigma, N5755), 100 uM t-O-NAC and compound at defined concentration. Fluorescence intensity of NADPH (lamda=ex=360 nm, lamda=em=520 nm) is measured immediately after t-O-NAC addition (T0), and approximately 50 min later (T50) by a Fluostar Optima (BMG) so as to achieve ~30% of NADPH conversion.";"B";"BAO_0000357";"single protein format";"Staphylococcus aureus";"None";"None";"None";"None";"";"";"";"CHEMBL3994";"Enoyl-[acyl-carrier-protein] reductase [NADPH] FabI";"Staphylococcus aureus";"SINGLE PROTEIN";"CHEMBL3638908";"37";"BindingDB Patent Bioactivity Data";"";"2015";"None";"";"";"";"57.0"
"CHEMBL3676417";"";"None";"467.50";"0";"2.84";"BDBM133681";"COC(=O)C1Cc2cc(/C=C/C(=O)N3CCC(COc4ccc(F)cc4)CC3)cnc2NC1=O";"IC50";"'='";"60.0";"nM";"7.22";"";"305340";"UO_0000065";"15.45";"0.29";"4.38";"7.38";"1";"CHEMBL3705387";"Fluorescence Based Assay: The assay buffer 'AB' contained 50 mM ADA (N-(2-acetamido)iminodiacetic acid monosodium salt) pH 6.5, 1 mM dithiothreitol, 0.006% Triton-X100 and 50 mM NaCl. The following components are added in a white polystyrene Costar plate (Ref 3912) up to a final volume of 55.5 uL: 1.5 uL DMSO or inhibitor dissolved in DMSO and 54 uL of a FabI/NADPH/NADP+ mixture in AB. After 60 min of pre-incubation at room temperature, the reaction is started by addition of 5 uL of trans-2-octenoyl N-acetylcysteamine thioester (t-o-NAC) to a final volume of 60.5 uL. This reaction mixture is then composed of 2 nM FabI, 40 uM NADPH (Sigma, N7505), 10 uM NADP+(Sigma, N5755), 100 uM t-O-NAC and compound at defined concentration. Fluorescence intensity of NADPH (lamda=ex=360 nm, lamda=em=520 nm) is measured immediately after t-O-NAC addition (T0), and approximately 50 min later (T50) by a Fluostar Optima (BMG) so as to achieve ~30% of NADPH conversion.";"B";"BAO_0000357";"single protein format";"Staphylococcus aureus";"None";"None";"None";"None";"";"";"";"CHEMBL3994";"Enoyl-[acyl-carrier-protein] reductase [NADPH] FabI";"Staphylococcus aureus";"SINGLE PROTEIN";"CHEMBL3638908";"37";"BindingDB Patent Bioactivity Data";"";"2015";"None";"";"";"";"60.0"
"CHEMBL3676420";"";"None";"452.49";"0";"2.15";"BDBM9913";"NC(=O)C1Cc2cc(/C=C/C(=O)N3CCC(COc4ccc(F)cc4)CC3)cnc2NC1=O";"IC50";"'='";"78.0";"nM";"7.11";"";"305341";"UO_0000065";"15.71";"0.29";"4.96";"6.20";"1";"CHEMBL3705387";"Fluorescence Based Assay: The assay buffer 'AB' contained 50 mM ADA (N-(2-acetamido)iminodiacetic acid monosodium salt) pH 6.5, 1 mM dithiothreitol, 0.006% Triton-X100 and 50 mM NaCl. The following components are added in a white polystyrene Costar plate (Ref 3912) up to a final volume of 55.5 uL: 1.5 uL DMSO or inhibitor dissolved in DMSO and 54 uL of a FabI/NADPH/NADP+ mixture in AB. After 60 min of pre-incubation at room temperature, the reaction is started by addition of 5 uL of trans-2-octenoyl N-acetylcysteamine thioester (t-o-NAC) to a final volume of 60.5 uL. This reaction mixture is then composed of 2 nM FabI, 40 uM NADPH (Sigma, N7505), 10 uM NADP+(Sigma, N5755), 100 uM t-O-NAC and compound at defined concentration. Fluorescence intensity of NADPH (lamda=ex=360 nm, lamda=em=520 nm) is measured immediately after t-O-NAC addition (T0), and approximately 50 min later (T50) by a Fluostar Optima (BMG) so as to achieve ~30% of NADPH conversion.";"B";"BAO_0000357";"single protein format";"Staphylococcus aureus";"None";"None";"None";"None";"";"";"";"CHEMBL3994";"Enoyl-[acyl-carrier-protein] reductase [NADPH] FabI";"Staphylococcus aureus";"SINGLE PROTEIN";"CHEMBL3638908";"37";"BindingDB Patent Bioactivity Data";"";"2015";"None";"";"";"";"78.0"
"CHEMBL5274978";"";"None";"392.71";"1";"5.76";"38";"Cc1cccc(Cl)c1Cc1c(Cl)n(Cc2cccc(Cl)c2)ccc1=O";"IC50";"'='";"340.0";"nM";"6.47";"";"";"UO_0000065";"16.47";"0.35";"0.71";"29.40";"0";"CHEMBL5231344";"Inhibition of Staphylococcus aureus ATCC 29213 FabI in the presence of NADH using crotonyl CoA as substrate by measuring NADH consumption rate";"B";"BAO_0000357";"single protein format";"Staphylococcus aureus";"None";"None";"None";"None";"";"";"";"CHEMBL3994";"Enoyl-[acyl-carrier-protein] reductase [NADPH] FabI";"Staphylococcus aureus";"SINGLE PROTEIN";"CHEMBL5230110";"1";"Scientific Literature";"Eur J Med Chem";"2020";"None";"";"INHIBITOR";"";"0.34"
"CHEMBL5276897";"";"None";"364.30";"1";"5.16";"39";"Cc1cccc(Cl)c1Cc1c(Cl)n(Cc2cccs2)ccc1=O";"IC50";"'='";"350.0";"nM";"6.46";"";"";"UO_0000065";"17.72";"0.38";"1.30";"29.35";"0";"CHEMBL5231344";"Inhibition of Staphylococcus aureus ATCC 29213 FabI in the presence of NADH using crotonyl CoA as substrate by measuring NADH consumption rate";"B";"BAO_0000357";"single protein format";"Staphylococcus aureus";"None";"None";"None";"None";"";"";"";"CHEMBL3994";"Enoyl-[acyl-carrier-protein] reductase [NADPH] FabI";"Staphylococcus aureus";"SINGLE PROTEIN";"CHEMBL5230110";"1";"Scientific Literature";"Eur J Med Chem";"2020";"None";"";"INHIBITOR";"";"0.35"
"CHEMBL463175";"CEPHALOCHROMIN";"None";"518.47";"2";"4.60";"68";"CC1CC(=O)c2c(cc3c(-c4c(O)cc(O)c5c(O)c6c(cc45)OC(C)CC6=O)c(O)cc(O)c3c2O)O1";"IC50";"'='";"1900.0";"nM";"5.72";"";"";"UO_0000065";"11.03";"0.21";"1.12";"3.29";"0";"CHEMBL5231344";"Inhibition of Staphylococcus aureus ATCC 29213 FabI in the presence of NADH using crotonyl CoA as substrate by measuring NADH consumption rate";"B";"BAO_0000357";"single protein format";"Staphylococcus aureus";"None";"None";"None";"None";"";"";"";"CHEMBL3994";"Enoyl-[acyl-carrier-protein] reductase [NADPH] FabI";"Staphylococcus aureus";"SINGLE PROTEIN";"CHEMBL5230110";"1";"Scientific Literature";"Eur J Med Chem";"2020";"None";"";"INHIBITOR";"";"1.9"
"CHEMBL5557071";"";"None";"350.42";"0";"2.95";"f3";"Cc1cccc(NC(=O)CCNC(=O)c2nc3ccccc3n2C)c1C";"IC50";"";"";"";"";"";"Not Determined";"";"";"";"";"";"0";"CHEMBL5503720";"Inhibition of N-terminal his 6 tagged Staphylococcus aureus Fabi (1 to 771 residues) expressed in Escherichia coli BL21 incubated for 30 mins in presence of NADPH by fluorescence based microplate reader analysis";"B";"BAO_0000019";"assay format";"Staphylococcus aureus";"None";"None";"None";"None";"";"";"";"CHEMBL3994";"Enoyl-[acyl-carrier-protein] reductase [NADPH] FabI";"Staphylococcus aureus";"SINGLE PROTEIN";"CHEMBL5500393";"1";"Scientific Literature";"J Med Chem";"2024";"None";"TIME = 0.5 hr";"";"";""
"CHEMBL5512482";"";"None";"336.40";"0";"2.01";"f4";"Cn1c(C(=O)NCCC(=O)NCc2ccccc2)nc2ccccc21";"IC50";"";"";"";"";"";"Not Determined";"";"";"";"";"";"0";"CHEMBL5503720";"Inhibition of N-terminal his 6 tagged Staphylococcus aureus Fabi (1 to 771 residues) expressed in Escherichia coli BL21 incubated for 30 mins in presence of NADPH by fluorescence based microplate reader analysis";"B";"BAO_0000019";"assay format";"Staphylococcus aureus";"None";"None";"None";"None";"";"";"";"CHEMBL3994";"Enoyl-[acyl-carrier-protein] reductase [NADPH] FabI";"Staphylococcus aureus";"SINGLE PROTEIN";"CHEMBL5500393";"1";"Scientific Literature";"J Med Chem";"2024";"None";"TIME = 0.5 hr";"";"";""
"CHEMBL1808155";"CHALCOMORACIN";"None";"648.71";"3";"8.26";"89";"CC(C)=CCc1c(O)ccc(C(=O)[C@H]2[C@@H](c3c(O)cc(-c4cc5ccc(O)cc5o4)cc3O)C=C(C)C[C@@H]2c2ccc(O)cc2O)c1O";"IC50";"'='";"5500.0";"nM";"5.26";"";"";"UO_0000065";"8.11";"0.15";"-3.00";"3.06";"0";"CHEMBL5231370";"Inhibition of Staphylococcus aureus FabI assessed as inhibition at 10 uM";"B";"BAO_0000357";"single protein format";"Staphylococcus aureus";"None";"None";"None";"None";"";"";"";"CHEMBL3994";"Enoyl-[acyl-carrier-protein] reductase [NADPH] FabI";"Staphylococcus aureus";"SINGLE PROTEIN";"CHEMBL5230110";"1";"Scientific Literature";"Eur J Med Chem";"2020";"None";"DOSE = 10.0 microM";"INHIBITOR";"";"5.5"
"CHEMBL5555014";"";"None";"265.32";"0";"2.50";"f7";"Cn1c(C(=O)NCc2ccccc2)nc2ccccc21";"IC50";"";"";"";"";"";"Not Determined";"";"";"";"";"";"0";"CHEMBL5503720";"Inhibition of N-terminal his 6 tagged Staphylococcus aureus Fabi (1 to 771 residues) expressed in Escherichia coli BL21 incubated for 30 mins in presence of NADPH by fluorescence based microplate reader analysis";"B";"BAO_0000019";"assay format";"Staphylococcus aureus";"None";"None";"None";"None";"";"";"";"CHEMBL3994";"Enoyl-[acyl-carrier-protein] reductase [NADPH] FabI";"Staphylococcus aureus";"SINGLE PROTEIN";"CHEMBL5500393";"1";"Scientific Literature";"J Med Chem";"2024";"None";"TIME = 0.5 hr";"";"";""
"CHEMBL5517773";"";"None";"319.41";"0";"3.13";"n6";"Cn1c(C2CC(=O)N(CCc3ccccc3)C2)nc2ccccc21";"IC50";"";"";"";"";"";"Not Determined";"";"";"";"";"";"0";"CHEMBL5503720";"Inhibition of N-terminal his 6 tagged Staphylococcus aureus Fabi (1 to 771 residues) expressed in Escherichia coli BL21 incubated for 30 mins in presence of NADPH by fluorescence based microplate reader analysis";"B";"BAO_0000019";"assay format";"Staphylococcus aureus";"None";"None";"None";"None";"";"";"";"CHEMBL3994";"Enoyl-[acyl-carrier-protein] reductase [NADPH] FabI";"Staphylococcus aureus";"SINGLE PROTEIN";"CHEMBL5500393";"1";"Scientific Literature";"J Med Chem";"2024";"None";"TIME = 0.5 hr";"";"";""
"CHEMBL5558975";"";"None";"325.80";"0";"3.75";"n16";"Cn1c(C2CC(=O)N(c3cccc(Cl)c3)C2)nc2ccccc21";"IC50";"'='";"3530.6";"nM";"5.45";"";"";"UO_0000065";"16.73";"0.32";"1.70";"14.30";"0";"CHEMBL5503720";"Inhibition of N-terminal his 6 tagged Staphylococcus aureus Fabi (1 to 771 residues) expressed in Escherichia coli BL21 incubated for 30 mins in presence of NADPH by fluorescence based microplate reader analysis";"B";"BAO_0000019";"assay format";"Staphylococcus aureus";"None";"None";"None";"None";"";"";"";"CHEMBL3994";"Enoyl-[acyl-carrier-protein] reductase [NADPH] FabI";"Staphylococcus aureus";"SINGLE PROTEIN";"CHEMBL5500393";"1";"Scientific Literature";"J Med Chem";"2024";"None";"TIME = 0.5 hr";"INHIBITOR";"";"3530.6"
"CHEMBL5517840";"";"None";"388.24";"0";"4.00";"n29";"Cn1c(C2CC(=O)N(c3cccc(Br)c3F)C2)nc2ccccc21";"IC50";"'='";"482.3";"nM";"6.32";"";"";"UO_0000065";"16.27";"0.36";"2.32";"16.57";"0";"CHEMBL5503720";"Inhibition of N-terminal his 6 tagged Staphylococcus aureus Fabi (1 to 771 residues) expressed in Escherichia coli BL21 incubated for 30 mins in presence of NADPH by fluorescence based microplate reader analysis";"B";"BAO_0000019";"assay format";"Staphylococcus aureus";"None";"None";"None";"None";"";"";"";"CHEMBL3994";"Enoyl-[acyl-carrier-protein] reductase [NADPH] FabI";"Staphylococcus aureus";"SINGLE PROTEIN";"CHEMBL5500393";"1";"Scientific Literature";"J Med Chem";"2024";"None";"TIME = 0.5 hr";"INHIBITOR";"";"482.3"
"CHEMBL5556601";"";"None";"360.24";"0";"4.40";"n33";"Cn1c(C2CC(=O)N(c3cccc(Cl)c3Cl)C2)nc2ccccc21";"IC50";"'='";"495.1";"nM";"6.30";"";"";"UO_0000065";"17.50";"0.36";"1.91";"16.54";"0";"CHEMBL5503720";"Inhibition of N-terminal his 6 tagged Staphylococcus aureus Fabi (1 to 771 residues) expressed in Escherichia coli BL21 incubated for 30 mins in presence of NADPH by fluorescence based microplate reader analysis";"B";"BAO_0000019";"assay format";"Staphylococcus aureus";"None";"None";"None";"None";"";"";"";"CHEMBL3994";"Enoyl-[acyl-carrier-protein] reductase [NADPH] FabI";"Staphylococcus aureus";"SINGLE PROTEIN";"CHEMBL5500393";"1";"Scientific Literature";"J Med Chem";"2024";"None";"TIME = 0.5 hr";"INHIBITOR";"";"495.1"
"CHEMBL5907172";"";"None";"421.52";"0";"3.61";"BDBM316948";"COc1ccsc1C1=CC2CN(C(=O)/C=C/c3cnc4c(c3)CCC(=O)N4)CC2C1";"IC50";"'='";"1020.0";"nM";"5.99";"";"619753";"UO_0000065";"14.21";"0.27";"2.38";"8.38";"0";"CHEMBL5732078";"Enzyme Inhibition Assay: FabI enzyme inhibition assays were carried out in half-area, 384-well microtitre plates. Compounds were evaluated in 40-μl assay mixtures containing 100 mM NaADA, pH 6.5 (ADA=N-[2-acetamido]-2iminodiacetic acid), 250 μM crotonoyl-CoA, 625 μM NADH and 50 μg/ml S. aureus ATCC 29213 FabI. Inhibitors were typically varied over the range of 50 to 0.39 μM. The reaction mixtures were incubated for 30 minutes at room temperature and the reaction was stopped by adding 200 mM Tris buffer (pH 9.0) to create a pH-shift. The consumption of NADH was monitored by measuring the change in absorbance at 340. By comparing sample readings to those of negative (absence of compound) and positive (absence of enzyme) controls, the percent inhibition of enzymatic activity of the compounds was determined. A best-fit curve is fitted by a minimum of squares method.";"B";"BAO_0000357";"single protein format";"Staphylococcus aureus";"None";"None";"None";"None";"";"";"";"CHEMBL3994";"Enoyl-[acyl-carrier-protein] reductase [NADPH] FabI";"Staphylococcus aureus";"SINGLE PROTEIN";"CHEMBL5726112";"37";"BindingDB Patent Bioactivity Data";"";"2017";"None";"";"";"";"1020.0"
"CHEMBL5755876";"";"None";"404.47";"0";"3.15";"BDBM316910";"Cc1noc(C)c1C1=CC2CN(C(=O)/C=C/c3cnc4c(c3)CCC(=O)N4)CC2C1";"IC50";"'='";"1260.0";"nM";"5.90";"";"619715";"UO_0000065";"14.59";"0.27";"2.75";"6.68";"0";"CHEMBL5732078";"Enzyme Inhibition Assay: FabI enzyme inhibition assays were carried out in half-area, 384-well microtitre plates. Compounds were evaluated in 40-μl assay mixtures containing 100 mM NaADA, pH 6.5 (ADA=N-[2-acetamido]-2iminodiacetic acid), 250 μM crotonoyl-CoA, 625 μM NADH and 50 μg/ml S. aureus ATCC 29213 FabI. Inhibitors were typically varied over the range of 50 to 0.39 μM. The reaction mixtures were incubated for 30 minutes at room temperature and the reaction was stopped by adding 200 mM Tris buffer (pH 9.0) to create a pH-shift. The consumption of NADH was monitored by measuring the change in absorbance at 340. By comparing sample readings to those of negative (absence of compound) and positive (absence of enzyme) controls, the percent inhibition of enzymatic activity of the compounds was determined. A best-fit curve is fitted by a minimum of squares method.";"B";"BAO_0000357";"single protein format";"Staphylococcus aureus";"None";"None";"None";"None";"";"";"";"CHEMBL3994";"Enoyl-[acyl-carrier-protein] reductase [NADPH] FabI";"Staphylococcus aureus";"SINGLE PROTEIN";"CHEMBL5726112";"37";"BindingDB Patent Bioactivity Data";"";"2017";"None";"";"";"";"1260.0"
"CHEMBL5859270";"";"None";"337.42";"0";"2.79";"BDBM316936";"CCC1=CC2CN(C(=O)/C=C/c3cnc4c(c3)CCC(=O)N4)CC2C1";"IC50";"'='";"1060.0";"nM";"5.97";"";"619741";"UO_0000065";"17.71";"0.33";"3.18";"9.59";"0";"CHEMBL5732078";"Enzyme Inhibition Assay: FabI enzyme inhibition assays were carried out in half-area, 384-well microtitre plates. Compounds were evaluated in 40-μl assay mixtures containing 100 mM NaADA, pH 6.5 (ADA=N-[2-acetamido]-2iminodiacetic acid), 250 μM crotonoyl-CoA, 625 μM NADH and 50 μg/ml S. aureus ATCC 29213 FabI. Inhibitors were typically varied over the range of 50 to 0.39 μM. The reaction mixtures were incubated for 30 minutes at room temperature and the reaction was stopped by adding 200 mM Tris buffer (pH 9.0) to create a pH-shift. The consumption of NADH was monitored by measuring the change in absorbance at 340. By comparing sample readings to those of negative (absence of compound) and positive (absence of enzyme) controls, the percent inhibition of enzymatic activity of the compounds was determined. A best-fit curve is fitted by a minimum of squares method.";"B";"BAO_0000357";"single protein format";"Staphylococcus aureus";"None";"None";"None";"None";"";"";"";"CHEMBL3994";"Enoyl-[acyl-carrier-protein] reductase [NADPH] FabI";"Staphylococcus aureus";"SINGLE PROTEIN";"CHEMBL5726112";"37";"BindingDB Patent Bioactivity Data";"";"2017";"None";"";"";"";"1060.0"
"CHEMBL3676405";"";"None";"369.45";"0";"2.47";"BDBM133668";"O=C1CCc2cc(/C=C/C(=O)N3CC(OCc4cccs4)C3)cnc2N1";"IC50";"'='";"13.0";"nM";"7.89";"";"305327";"UO_0000065";"21.35";"0.41";"5.42";"11.02";"1";"CHEMBL3705387";"Fluorescence Based Assay: The assay buffer 'AB' contained 50 mM ADA (N-(2-acetamido)iminodiacetic acid monosodium salt) pH 6.5, 1 mM dithiothreitol, 0.006% Triton-X100 and 50 mM NaCl. The following components are added in a white polystyrene Costar plate (Ref 3912) up to a final volume of 55.5 uL: 1.5 uL DMSO or inhibitor dissolved in DMSO and 54 uL of a FabI/NADPH/NADP+ mixture in AB. After 60 min of pre-incubation at room temperature, the reaction is started by addition of 5 uL of trans-2-octenoyl N-acetylcysteamine thioester (t-o-NAC) to a final volume of 60.5 uL. This reaction mixture is then composed of 2 nM FabI, 40 uM NADPH (Sigma, N7505), 10 uM NADP+(Sigma, N5755), 100 uM t-O-NAC and compound at defined concentration. Fluorescence intensity of NADPH (lamda=ex=360 nm, lamda=em=520 nm) is measured immediately after t-O-NAC addition (T0), and approximately 50 min later (T50) by a Fluostar Optima (BMG) so as to achieve ~30% of NADPH conversion.";"B";"BAO_0000357";"single protein format";"Staphylococcus aureus";"None";"None";"None";"None";"";"";"";"CHEMBL3994";"Enoyl-[acyl-carrier-protein] reductase [NADPH] FabI";"Staphylococcus aureus";"SINGLE PROTEIN";"CHEMBL3638908";"37";"BindingDB Patent Bioactivity Data";"";"2015";"None";"";"";"";"13.0"
"CHEMBL5517767";"";"None";"398.47";"0";"4.69";"f1";"Cc1cccc(NC(=O)c2cccc(NC(=O)c3nc4ccccc4n3C)c2)c1C";"IC50";"";"";"";"";"";"Not Determined";"";"";"";"";"";"0";"CHEMBL5503720";"Inhibition of N-terminal his 6 tagged Staphylococcus aureus Fabi (1 to 771 residues) expressed in Escherichia coli BL21 incubated for 30 mins in presence of NADPH by fluorescence based microplate reader analysis";"B";"BAO_0000019";"assay format";"Staphylococcus aureus";"None";"None";"None";"None";"";"";"";"CHEMBL3994";"Enoyl-[acyl-carrier-protein] reductase [NADPH] FabI";"Staphylococcus aureus";"SINGLE PROTEIN";"CHEMBL5500393";"1";"Scientific Literature";"J Med Chem";"2024";"None";"TIME = 0.5 hr";"";"";""
"CHEMBL5517740";"";"None";"348.43";"0";"3.70";"n10";"Cn1c(C2CC(=O)N(c3ccc4ncsc4c3)C2)nc2ccccc21";"IC50";"";"";"";"";"";"Not Determined";"";"";"";"";"";"0";"CHEMBL5503720";"Inhibition of N-terminal his 6 tagged Staphylococcus aureus Fabi (1 to 771 residues) expressed in Escherichia coli BL21 incubated for 30 mins in presence of NADPH by fluorescence based microplate reader analysis";"B";"BAO_0000019";"assay format";"Staphylococcus aureus";"None";"None";"None";"None";"";"";"";"CHEMBL3994";"Enoyl-[acyl-carrier-protein] reductase [NADPH] FabI";"Staphylococcus aureus";"SINGLE PROTEIN";"CHEMBL5500393";"1";"Scientific Literature";"J Med Chem";"2024";"None";"TIME = 0.5 hr";"";"";""
"CHEMBL5555931";"";"None";"404.70";"0";"4.51";"n37";"Cn1c(C2CC(=O)N(c3cccc(Cl)c3Br)C2)nc2ccccc21";"IC50";"'='";"229.8";"nM";"6.64";"";"";"UO_0000065";"16.40";"0.38";"2.13";"17.41";"0";"CHEMBL5503720";"Inhibition of N-terminal his 6 tagged Staphylococcus aureus Fabi (1 to 771 residues) expressed in Escherichia coli BL21 incubated for 30 mins in presence of NADPH by fluorescence based microplate reader analysis";"B";"BAO_0000019";"assay format";"Staphylococcus aureus";"None";"None";"None";"None";"";"";"";"CHEMBL3994";"Enoyl-[acyl-carrier-protein] reductase [NADPH] FabI";"Staphylococcus aureus";"SINGLE PROTEIN";"CHEMBL5500393";"1";"Scientific Literature";"J Med Chem";"2024";"None";"TIME = 0.5 hr";"INHIBITOR";"";"229.8"
"CHEMBL5860971";"";"None";"394.50";"0";"2.64";"BDBM316891";"O=C1CCc2cc(/C=C/C(=O)N3C[C@@H]4CN(c5cccs5)C[C@@H]4C3)cnc2N1";"IC50";"'='";"1770.0";"nM";"5.75";"";"619696";"UO_0000065";"14.58";"0.28";"3.11";"8.78";"0";"CHEMBL5732078";"Enzyme Inhibition Assay: FabI enzyme inhibition assays were carried out in half-area, 384-well microtitre plates. Compounds were evaluated in 40-μl assay mixtures containing 100 mM NaADA, pH 6.5 (ADA=N-[2-acetamido]-2iminodiacetic acid), 250 μM crotonoyl-CoA, 625 μM NADH and 50 μg/ml S. aureus ATCC 29213 FabI. Inhibitors were typically varied over the range of 50 to 0.39 μM. The reaction mixtures were incubated for 30 minutes at room temperature and the reaction was stopped by adding 200 mM Tris buffer (pH 9.0) to create a pH-shift. The consumption of NADH was monitored by measuring the change in absorbance at 340. By comparing sample readings to those of negative (absence of compound) and positive (absence of enzyme) controls, the percent inhibition of enzymatic activity of the compounds was determined. A best-fit curve is fitted by a minimum of squares method.";"B";"BAO_0000357";"single protein format";"Staphylococcus aureus";"None";"None";"None";"None";"";"";"";"CHEMBL3994";"Enoyl-[acyl-carrier-protein] reductase [NADPH] FabI";"Staphylococcus aureus";"SINGLE PROTEIN";"CHEMBL5726112";"37";"BindingDB Patent Bioactivity Data";"";"2017";"None";"";"";"";"1770.0"
"CHEMBL64645";"";"None";"254.36";"0";"3.97";"23";"Cc1ccc(Cn2cnc(-c3ccsc3)c2)cc1";"IC50";"'='";"250.0";"nM";"6.60";"";"";"UO_0000065";"25.96";"0.50";"2.63";"37.05";"0";"CHEMBL677570";"Evaluated for inhibition of enoyl acyl carrier protein reductase (FabI) in Staphylococcus aureus.";"B";"BAO_0000357";"single protein format";"Staphylococcus aureus";"None";"None";"None";"None";"";"";"";"CHEMBL3994";"Enoyl-[acyl-carrier-protein] reductase [NADPH] FabI";"Staphylococcus aureus";"SINGLE PROTEIN";"CHEMBL1133895";"1";"Scientific Literature";"Bioorg Med Chem Lett";"2001";"None";"";"";"";"0.25"
"CHEMBL6054263";"";"None";"391.50";"0";"3.60";"BDBM316890";"O=C1CCc2cc(/C=C/C(=O)N3CC4C=C(c5cccs5)CC4C3)cnc2N1";"IC50";"'='";"740.0";"nM";"6.13";"";"619695";"UO_0000065";"15.66";"0.30";"2.53";"9.84";"0";"CHEMBL5732078";"Enzyme Inhibition Assay: FabI enzyme inhibition assays were carried out in half-area, 384-well microtitre plates. Compounds were evaluated in 40-μl assay mixtures containing 100 mM NaADA, pH 6.5 (ADA=N-[2-acetamido]-2iminodiacetic acid), 250 μM crotonoyl-CoA, 625 μM NADH and 50 μg/ml S. aureus ATCC 29213 FabI. Inhibitors were typically varied over the range of 50 to 0.39 μM. The reaction mixtures were incubated for 30 minutes at room temperature and the reaction was stopped by adding 200 mM Tris buffer (pH 9.0) to create a pH-shift. The consumption of NADH was monitored by measuring the change in absorbance at 340. By comparing sample readings to those of negative (absence of compound) and positive (absence of enzyme) controls, the percent inhibition of enzymatic activity of the compounds was determined. A best-fit curve is fitted by a minimum of squares method.";"B";"BAO_0000357";"single protein format";"Staphylococcus aureus";"None";"None";"None";"None";"";"";"";"CHEMBL3994";"Enoyl-[acyl-carrier-protein] reductase [NADPH] FabI";"Staphylococcus aureus";"SINGLE PROTEIN";"CHEMBL5726112";"37";"BindingDB Patent Bioactivity Data";"";"2017";"None";"";"";"";"740.0"
"CHEMBL5965182";"";"None";"386.46";"0";"2.94";"BDBM316925";"O=C1CCc2cc(/C=C/C(=O)N3C[C@@H]4CC(c5ccncc5)=C[C@@H]4C3)cnc2N1";"IC50";"'='";"1130.0";"nM";"5.95";"";"619730";"UO_0000065";"15.39";"0.28";"3.01";"7.91";"0";"CHEMBL5732078";"Enzyme Inhibition Assay: FabI enzyme inhibition assays were carried out in half-area, 384-well microtitre plates. Compounds were evaluated in 40-μl assay mixtures containing 100 mM NaADA, pH 6.5 (ADA=N-[2-acetamido]-2iminodiacetic acid), 250 μM crotonoyl-CoA, 625 μM NADH and 50 μg/ml S. aureus ATCC 29213 FabI. Inhibitors were typically varied over the range of 50 to 0.39 μM. The reaction mixtures were incubated for 30 minutes at room temperature and the reaction was stopped by adding 200 mM Tris buffer (pH 9.0) to create a pH-shift. The consumption of NADH was monitored by measuring the change in absorbance at 340. By comparing sample readings to those of negative (absence of compound) and positive (absence of enzyme) controls, the percent inhibition of enzymatic activity of the compounds was determined. A best-fit curve is fitted by a minimum of squares method.";"B";"BAO_0000357";"single protein format";"Staphylococcus aureus";"None";"None";"None";"None";"";"";"";"CHEMBL3994";"Enoyl-[acyl-carrier-protein] reductase [NADPH] FabI";"Staphylococcus aureus";"SINGLE PROTEIN";"CHEMBL5726112";"37";"BindingDB Patent Bioactivity Data";"";"2017";"None";"";"";"";"1130.0"
"CHEMBL4204726";"";"None";"415.51";"0";"3.16";"22";"CC(C)S(=O)(=O)c1ccc(CC(=O)N2CCC(c3ccc4c(c3)OCO4)C2)cc1";"IC50";"'>'";"100000.0";"nM";"";"";"";"UO_0000065";"";"";"";"";"0";"CHEMBL4182166";"Inhibition of Staphylococcus aureus subsp. aureus Rosenbach ATCC 43300 FabI using crotonyl-CoA as substrate in presence of NADPH/NADH after 10 mins by fluorescence assay";"B";"BAO_0000357";"single protein format";"Staphylococcus aureus";"None";"None";"None";"None";"";"";"";"CHEMBL3994";"Enoyl-[acyl-carrier-protein] reductase [NADPH] FabI";"Staphylococcus aureus";"SINGLE PROTEIN";"CHEMBL4177701";"1";"Scientific Literature";"Bioorg Med Chem";"2018";"None";"";"";"";"100.0"
"CHEMBL4210008";"";"None";"361.80";"0";"3.77";"16";"O=C(Cc1c(F)cccc1Cl)N1CCC(c2ccc3c(c2)OCO3)C1";"IC50";"'='";"1800.0";"nM";"5.75";"";"";"UO_0000065";"15.88";"0.31";"1.97";"14.82";"0";"CHEMBL4182166";"Inhibition of Staphylococcus aureus subsp. aureus Rosenbach ATCC 43300 FabI using crotonyl-CoA as substrate in presence of NADPH/NADH after 10 mins by fluorescence assay";"B";"BAO_0000357";"single protein format";"Staphylococcus aureus";"None";"None";"None";"None";"";"";"";"CHEMBL3994";"Enoyl-[acyl-carrier-protein] reductase [NADPH] FabI";"Staphylococcus aureus";"SINGLE PROTEIN";"CHEMBL4177701";"1";"Scientific Literature";"Bioorg Med Chem";"2018";"None";"";"";"";"1.8"
"CHEMBL4205014";"";"None";"306.82";"0";"3.36";"11";"O=C(Cc1ccccc1Cl)N1CCC(c2nccs2)C1";"IC50";"'='";"6000.0";"nM";"5.22";"";"";"UO_0000065";"17.02";"0.36";"1.86";"15.73";"0";"CHEMBL4182166";"Inhibition of Staphylococcus aureus subsp. aureus Rosenbach ATCC 43300 FabI using crotonyl-CoA as substrate in presence of NADPH/NADH after 10 mins by fluorescence assay";"B";"BAO_0000357";"single protein format";"Staphylococcus aureus";"None";"None";"None";"None";"";"";"";"CHEMBL3994";"Enoyl-[acyl-carrier-protein] reductase [NADPH] FabI";"Staphylococcus aureus";"SINGLE PROTEIN";"CHEMBL4177701";"1";"Scientific Literature";"Bioorg Med Chem";"2018";"None";"";"";"";"6.0"
"CHEMBL4213777";"";"None";"331.36";"0";"3.53";"7";"COc1ccccc1C1CCN(C(=O)Cc2c(F)cccc2F)C1";"IC50";"'='";"5700.0";"nM";"5.24";"";"";"UO_0000065";"15.83";"0.30";"1.71";"17.75";"0";"CHEMBL4182166";"Inhibition of Staphylococcus aureus subsp. aureus Rosenbach ATCC 43300 FabI using crotonyl-CoA as substrate in presence of NADPH/NADH after 10 mins by fluorescence assay";"B";"BAO_0000357";"single protein format";"Staphylococcus aureus";"None";"None";"None";"None";"";"";"";"CHEMBL3994";"Enoyl-[acyl-carrier-protein] reductase [NADPH] FabI";"Staphylococcus aureus";"SINGLE PROTEIN";"CHEMBL4177701";"1";"Scientific Literature";"Bioorg Med Chem";"2018";"None";"";"";"";"5.7"
"CHEMBL4214096";"";"None";"365.43";"0";"3.08";"24";"COc1ccccc1C1CCN(C(=O)/C=C/c2ccc(NC(C)=O)nc2)C1";"IC50";"'='";"3500.0";"nM";"5.46";"";"";"UO_0000065";"14.93";"0.28";"2.38";"7.63";"0";"CHEMBL4182166";"Inhibition of Staphylococcus aureus subsp. aureus Rosenbach ATCC 43300 FabI using crotonyl-CoA as substrate in presence of NADPH/NADH after 10 mins by fluorescence assay";"B";"BAO_0000357";"single protein format";"Staphylococcus aureus";"None";"None";"None";"None";"";"";"";"CHEMBL3994";"Enoyl-[acyl-carrier-protein] reductase [NADPH] FabI";"Staphylococcus aureus";"SINGLE PROTEIN";"CHEMBL4177701";"1";"Scientific Literature";"Bioorg Med Chem";"2018";"None";"";"";"";"3.5"
"CHEMBL4205638";"";"None";"345.35";"0";"3.25";"14";"O=C(Cc1c(F)cccc1F)N1CCC(c2ccc3c(c2)OCO3)C1";"IC50";"'='";"2300.0";"nM";"5.64";"";"";"UO_0000065";"16.33";"0.31";"2.39";"14.54";"0";"CHEMBL4182166";"Inhibition of Staphylococcus aureus subsp. aureus Rosenbach ATCC 43300 FabI using crotonyl-CoA as substrate in presence of NADPH/NADH after 10 mins by fluorescence assay";"B";"BAO_0000357";"single protein format";"Staphylococcus aureus";"None";"None";"None";"None";"";"";"";"CHEMBL3994";"Enoyl-[acyl-carrier-protein] reductase [NADPH] FabI";"Staphylococcus aureus";"SINGLE PROTEIN";"CHEMBL4177701";"1";"Scientific Literature";"Bioorg Med Chem";"2018";"None";"";"";"";"2.3"
"CHEMBL4209393";"";"None";"329.83";"0";"3.91";"9";"COc1ccc(C2CCN(C(=O)Cc3ccccc3Cl)C2)cc1";"IC50";"'='";"12500.0";"nM";"4.90";"";"";"UO_0000065";"14.87";"0.29";"0.99";"16.60";"0";"CHEMBL4182166";"Inhibition of Staphylococcus aureus subsp. aureus Rosenbach ATCC 43300 FabI using crotonyl-CoA as substrate in presence of NADPH/NADH after 10 mins by fluorescence assay";"B";"BAO_0000357";"single protein format";"Staphylococcus aureus";"None";"None";"None";"None";"";"";"";"CHEMBL3994";"Enoyl-[acyl-carrier-protein] reductase [NADPH] FabI";"Staphylococcus aureus";"SINGLE PROTEIN";"CHEMBL4177701";"1";"Scientific Literature";"Bioorg Med Chem";"2018";"None";"";"";"";"12.5"
"CHEMBL6045902";"";"None";"336.40";"0";"0.96";"BDBM316914";"C#CN1C[C@@H]2CN(C(=O)/C=C/c3cnc4c(c3)CCC(=O)N4)C[C@@H]2C1";"IC50";"'='";"7900.0";"nM";"5.10";"";"619719";"UO_0000065";"15.17";"0.28";"4.14";"7.79";"0";"CHEMBL5732078";"Enzyme Inhibition Assay: FabI enzyme inhibition assays were carried out in half-area, 384-well microtitre plates. Compounds were evaluated in 40-μl assay mixtures containing 100 mM NaADA, pH 6.5 (ADA=N-[2-acetamido]-2iminodiacetic acid), 250 μM crotonoyl-CoA, 625 μM NADH and 50 μg/ml S. aureus ATCC 29213 FabI. Inhibitors were typically varied over the range of 50 to 0.39 μM. The reaction mixtures were incubated for 30 minutes at room temperature and the reaction was stopped by adding 200 mM Tris buffer (pH 9.0) to create a pH-shift. The consumption of NADH was monitored by measuring the change in absorbance at 340. By comparing sample readings to those of negative (absence of compound) and positive (absence of enzyme) controls, the percent inhibition of enzymatic activity of the compounds was determined. A best-fit curve is fitted by a minimum of squares method.";"B";"BAO_0000357";"single protein format";"Staphylococcus aureus";"None";"None";"None";"None";"";"";"";"CHEMBL3994";"Enoyl-[acyl-carrier-protein] reductase [NADPH] FabI";"Staphylococcus aureus";"SINGLE PROTEIN";"CHEMBL5726112";"37";"BindingDB Patent Bioactivity Data";"";"2017";"None";"";"";"";"7900.0"
"CHEMBL5875570";"";"None";"378.44";"0";"1.68";"BDBM316921";"O=C1CCc2cc(/C=C/C(=O)N3CC4CC(n5cncn5)CC4C3)cnc2N1";"IC50";"'='";"8900.0";"nM";"5.05";"";"619726";"UO_0000065";"13.35";"0.25";"3.37";"5.43";"0";"CHEMBL5732078";"Enzyme Inhibition Assay: FabI enzyme inhibition assays were carried out in half-area, 384-well microtitre plates. Compounds were evaluated in 40-μl assay mixtures containing 100 mM NaADA, pH 6.5 (ADA=N-[2-acetamido]-2iminodiacetic acid), 250 μM crotonoyl-CoA, 625 μM NADH and 50 μg/ml S. aureus ATCC 29213 FabI. Inhibitors were typically varied over the range of 50 to 0.39 μM. The reaction mixtures were incubated for 30 minutes at room temperature and the reaction was stopped by adding 200 mM Tris buffer (pH 9.0) to create a pH-shift. The consumption of NADH was monitored by measuring the change in absorbance at 340. By comparing sample readings to those of negative (absence of compound) and positive (absence of enzyme) controls, the percent inhibition of enzymatic activity of the compounds was determined. A best-fit curve is fitted by a minimum of squares method.";"B";"BAO_0000357";"single protein format";"Staphylococcus aureus";"None";"None";"None";"None";"";"";"";"CHEMBL3994";"Enoyl-[acyl-carrier-protein] reductase [NADPH] FabI";"Staphylococcus aureus";"SINGLE PROTEIN";"CHEMBL5726112";"37";"BindingDB Patent Bioactivity Data";"";"2017";"None";"";"";"";"8900.0"
"CHEMBL5768677";"";"None";"423.49";"0";"3.83";"BDBM302074";"O=C1CCc2cc(/C=C/C(=O)N3CCC(CCOc4ccc(F)cc4)CC3)cnc2N1";"IC50";"'='";"3160.0";"nM";"5.50";"";"578231";"UO_0000065";"12.99";"0.24";"1.67";"7.69";"0";"CHEMBL5731701";"Enzyme Inhibition Assay: FabI enzyme inhibition assays were carried out in half-area, 384-well microtitre plates. Compounds were evaluated in 40-μl assay mixtures containing 100 mM NaADA, pH 6.5 (ADA=N-[2-acetamido]-2iminodiacetic acid), 250 μM crotonoyl-CoA, 625 μM NADH and 50 μg/ml S. aureus ATCC 29213 FabI Inhibitors were typically varied over the range of 50 to 0.39 μM. The reaction mixtures were incubated for 30 minutes at room temperature and the reaction was stopped by adding 200 mM Tris buffer (pH 9.0) to create a pH-shift. The consumption of NADH was monitored by measuring the change in absorbance at 340. By comparing sample readings to those of negative (absence of compound) and positive (absence of enzyme) controls, the percent inhibition of enzymatic activity of the compounds was determined A best-fit curve is fitted by a minimum of squares method. From this an IC50-value (expressed in μg/ml), resulting in 50% inhibition of enzymatic activity, was obtained.";"B";"BAO_0000019";"assay format";"Staphylococcus aureus";"None";"None";"None";"None";"";"";"";"CHEMBL3994";"Enoyl-[acyl-carrier-protein] reductase [NADPH] FabI";"Staphylococcus aureus";"SINGLE PROTEIN";"CHEMBL5725922";"37";"BindingDB Patent Bioactivity Data";"";"2017";"None";"";"";"";"3160.0"
"CHEMBL5268904";"";"None";"393.47";"0";"3.78";"25";"O=C1Nc2ncc(/C=C/C(=O)N3CC4C=C(c5ccsc5)CC4C3)cc2CO1";"IC50";"'='";"0.33";"ug.mL-1";"";"";"";"UO_0000274";"";"";"";"";"0";"CHEMBL5231305";"Inhibition of Staphylococcus aureus FabI assessed as inhibition of bacterial growth by measuring the NADH consumption rate at 20 mins";"B";"BAO_0000357";"single protein format";"Staphylococcus aureus";"None";"None";"None";"None";"";"";"";"CHEMBL3994";"Enoyl-[acyl-carrier-protein] reductase [NADPH] FabI";"Staphylococcus aureus";"SINGLE PROTEIN";"CHEMBL5230110";"1";"Scientific Literature";"Eur J Med Chem";"2020";"None";"TIME = 0.3333 hr";"INHIBITOR";"";"0.33"
"CHEMBL3623427";"";"None";"335.40";"0";"4.37";"47";"Cc1ccc(Oc2cn(C)c(COc3ccccc3)cc2=O)c(C)c1";"IC50";"'='";"80000.0";"nM";"";"Potential transcription error";"";"UO_0000065";"";"";"";"";"1";"CHEMBL5231308";"Inhibition of Staphylococcus aureus FabI in the presence of NADH using crotonyl CoA as substrate by measuring NADH consumption rate";"B";"BAO_0000357";"single protein format";"Staphylococcus aureus";"None";"None";"None";"None";"";"";"";"CHEMBL3994";"Enoyl-[acyl-carrier-protein] reductase [NADPH] FabI";"Staphylococcus aureus";"SINGLE PROTEIN";"CHEMBL5230110";"1";"Scientific Literature";"Eur J Med Chem";"2020";"None";"";"INHIBITOR";"";"0.08"
"CHEMBL524665";"COMPLESTATINS A";"None";"1344.78";"None";"None";"77";"CN1C(=O)[C@@H](c2cc(Cl)c(O)c(Cl)c2)NC(=O)[C@@H]2NC(=O)[C@@H](c3cc(Cl)c(O)c(Cl)c3)NC(=O)[C@H](NC(=O)C(=O)c3cc(Cl)c(O)c(Cl)c3)CC3C(=O)Nc4cc(ccc43)-c3cc2cc(c3O)Oc2ccc(cc2)C[C@H]1C(=O)N[C@@H](C(=O)O)c1ccc(O)cc1";"IC50";"'='";"600.0";"nM";"6.22";"";"";"UO_0000065";"4.63";"None";"None";"None";"0";"CHEMBL5231344";"Inhibition of Staphylococcus aureus ATCC 29213 FabI in the presence of NADH using crotonyl CoA as substrate by measuring NADH consumption rate";"B";"BAO_0000357";"single protein format";"Staphylococcus aureus";"None";"None";"None";"None";"";"";"";"CHEMBL3994";"Enoyl-[acyl-carrier-protein] reductase [NADPH] FabI";"Staphylococcus aureus";"SINGLE PROTEIN";"CHEMBL5230110";"1";"Scientific Literature";"Eur J Med Chem";"2020";"None";"";"INHIBITOR";"";"0.6"
"CHEMBL297053";"";"None";"320.40";"0";"2.83";"17";"CN(Cc1cc2ccccc2n1C)C(=O)/C=C/c1ccc(N)nc1";"IC50";"'='";"2400.0";"nM";"5.62";"";"";"UO_0000065";"17.54";"0.32";"2.79";"8.76";"1";"CHEMBL5231308";"Inhibition of Staphylococcus aureus FabI in the presence of NADH using crotonyl CoA as substrate by measuring NADH consumption rate";"B";"BAO_0000357";"single protein format";"Staphylococcus aureus";"None";"None";"None";"None";"";"";"";"CHEMBL3994";"Enoyl-[acyl-carrier-protein] reductase [NADPH] FabI";"Staphylococcus aureus";"SINGLE PROTEIN";"CHEMBL5230110";"1";"Scientific Literature";"Eur J Med Chem";"2020";"None";"";"INHIBITOR";"";"2.4"
"CHEMBL5986792";"";"None";"378.44";"0";"1.68";"BDBM316923";"O=C1CCc2cc(/C=C/C(=O)N3CC4CC(n5nccn5)CC4C3)cnc2N1";"IC50";"'='";"1470.0";"nM";"5.83";"";"619728";"UO_0000065";"15.41";"0.28";"4.15";"6.27";"0";"CHEMBL5732078";"Enzyme Inhibition Assay: FabI enzyme inhibition assays were carried out in half-area, 384-well microtitre plates. Compounds were evaluated in 40-μl assay mixtures containing 100 mM NaADA, pH 6.5 (ADA=N-[2-acetamido]-2iminodiacetic acid), 250 μM crotonoyl-CoA, 625 μM NADH and 50 μg/ml S. aureus ATCC 29213 FabI. Inhibitors were typically varied over the range of 50 to 0.39 μM. The reaction mixtures were incubated for 30 minutes at room temperature and the reaction was stopped by adding 200 mM Tris buffer (pH 9.0) to create a pH-shift. The consumption of NADH was monitored by measuring the change in absorbance at 340. By comparing sample readings to those of negative (absence of compound) and positive (absence of enzyme) controls, the percent inhibition of enzymatic activity of the compounds was determined. A best-fit curve is fitted by a minimum of squares method.";"B";"BAO_0000357";"single protein format";"Staphylococcus aureus";"None";"None";"None";"None";"";"";"";"CHEMBL3994";"Enoyl-[acyl-carrier-protein] reductase [NADPH] FabI";"Staphylococcus aureus";"SINGLE PROTEIN";"CHEMBL5726112";"37";"BindingDB Patent Bioactivity Data";"";"2017";"None";"";"";"";"1470.0"
"CHEMBL5987381";"";"None";"None";"None";"None";"BDBM316924";"";"IC50";"'='";"1000.0";"nM";"6.00";"";"619729";"UO_0000065";"";"";"";"";"0";"CHEMBL5732078";"Enzyme Inhibition Assay: FabI enzyme inhibition assays were carried out in half-area, 384-well microtitre plates. Compounds were evaluated in 40-μl assay mixtures containing 100 mM NaADA, pH 6.5 (ADA=N-[2-acetamido]-2iminodiacetic acid), 250 μM crotonoyl-CoA, 625 μM NADH and 50 μg/ml S. aureus ATCC 29213 FabI. Inhibitors were typically varied over the range of 50 to 0.39 μM. The reaction mixtures were incubated for 30 minutes at room temperature and the reaction was stopped by adding 200 mM Tris buffer (pH 9.0) to create a pH-shift. The consumption of NADH was monitored by measuring the change in absorbance at 340. By comparing sample readings to those of negative (absence of compound) and positive (absence of enzyme) controls, the percent inhibition of enzymatic activity of the compounds was determined. A best-fit curve is fitted by a minimum of squares method.";"B";"BAO_0000357";"single protein format";"Staphylococcus aureus";"None";"None";"None";"None";"";"";"";"CHEMBL3994";"Enoyl-[acyl-carrier-protein] reductase [NADPH] FabI";"Staphylococcus aureus";"SINGLE PROTEIN";"CHEMBL5726112";"37";"BindingDB Patent Bioactivity Data";"";"2017";"None";"";"";"";"1000.0"
"CHEMBL5871753";"";"None";"375.43";"0";"2.26";"BDBM316934";"O=C1CCc2cc(/C=C/C(=O)N3CC4C=C(c5cn[nH]c5)CC4C3)cnc2N1";"IC50";"'='";"1430.0";"nM";"5.84";"";"619739";"UO_0000065";"15.57";"0.29";"3.58";"6.42";"0";"CHEMBL5732078";"Enzyme Inhibition Assay: FabI enzyme inhibition assays were carried out in half-area, 384-well microtitre plates. Compounds were evaluated in 40-μl assay mixtures containing 100 mM NaADA, pH 6.5 (ADA=N-[2-acetamido]-2iminodiacetic acid), 250 μM crotonoyl-CoA, 625 μM NADH and 50 μg/ml S. aureus ATCC 29213 FabI. Inhibitors were typically varied over the range of 50 to 0.39 μM. The reaction mixtures were incubated for 30 minutes at room temperature and the reaction was stopped by adding 200 mM Tris buffer (pH 9.0) to create a pH-shift. The consumption of NADH was monitored by measuring the change in absorbance at 340. By comparing sample readings to those of negative (absence of compound) and positive (absence of enzyme) controls, the percent inhibition of enzymatic activity of the compounds was determined. A best-fit curve is fitted by a minimum of squares method.";"B";"BAO_0000357";"single protein format";"Staphylococcus aureus";"None";"None";"None";"None";"";"";"";"CHEMBL3994";"Enoyl-[acyl-carrier-protein] reductase [NADPH] FabI";"Staphylococcus aureus";"SINGLE PROTEIN";"CHEMBL5726112";"37";"BindingDB Patent Bioactivity Data";"";"2017";"None";"";"";"";"1430.0"
"CHEMBL5885210";"";"None";"366.43";"0";"1.51";"BDBM302083";"O=C1CCc2cc(/C=C/C(=O)N3CCC(Cn4cncn4)CC3)cnc2N1";"IC50";"'='";"3900.0";"nM";"5.41";"";"578240";"UO_0000065";"14.76";"0.27";"3.90";"5.82";"0";"CHEMBL5731701";"Enzyme Inhibition Assay: FabI enzyme inhibition assays were carried out in half-area, 384-well microtitre plates. Compounds were evaluated in 40-μl assay mixtures containing 100 mM NaADA, pH 6.5 (ADA=N-[2-acetamido]-2iminodiacetic acid), 250 μM crotonoyl-CoA, 625 μM NADH and 50 μg/ml S. aureus ATCC 29213 FabI Inhibitors were typically varied over the range of 50 to 0.39 μM. The reaction mixtures were incubated for 30 minutes at room temperature and the reaction was stopped by adding 200 mM Tris buffer (pH 9.0) to create a pH-shift. The consumption of NADH was monitored by measuring the change in absorbance at 340. By comparing sample readings to those of negative (absence of compound) and positive (absence of enzyme) controls, the percent inhibition of enzymatic activity of the compounds was determined A best-fit curve is fitted by a minimum of squares method. From this an IC50-value (expressed in μg/ml), resulting in 50% inhibition of enzymatic activity, was obtained.";"B";"BAO_0000019";"assay format";"Staphylococcus aureus";"None";"None";"None";"None";"";"";"";"CHEMBL3994";"Enoyl-[acyl-carrier-protein] reductase [NADPH] FabI";"Staphylococcus aureus";"SINGLE PROTEIN";"CHEMBL5725922";"37";"BindingDB Patent Bioactivity Data";"";"2017";"None";"";"";"";"3900.0"
"CHEMBL5834242";"";"None";"454.57";"0";"4.70";"BDBM302085";"Cc1ccc(-c2ccccc2)n1CC1CCN(C(=O)/C=C/c2cnc3c(c2)CCC(=O)N3)CC1";"IC50";"'='";"22300.0";"nM";"4.65";"";"578242";"UO_0000065";"10.23";"0.19";"-0.05";"6.92";"0";"CHEMBL5731701";"Enzyme Inhibition Assay: FabI enzyme inhibition assays were carried out in half-area, 384-well microtitre plates. Compounds were evaluated in 40-μl assay mixtures containing 100 mM NaADA, pH 6.5 (ADA=N-[2-acetamido]-2iminodiacetic acid), 250 μM crotonoyl-CoA, 625 μM NADH and 50 μg/ml S. aureus ATCC 29213 FabI Inhibitors were typically varied over the range of 50 to 0.39 μM. The reaction mixtures were incubated for 30 minutes at room temperature and the reaction was stopped by adding 200 mM Tris buffer (pH 9.0) to create a pH-shift. The consumption of NADH was monitored by measuring the change in absorbance at 340. By comparing sample readings to those of negative (absence of compound) and positive (absence of enzyme) controls, the percent inhibition of enzymatic activity of the compounds was determined A best-fit curve is fitted by a minimum of squares method. From this an IC50-value (expressed in μg/ml), resulting in 50% inhibition of enzymatic activity, was obtained.";"B";"BAO_0000019";"assay format";"Staphylococcus aureus";"None";"None";"None";"None";"";"";"";"CHEMBL3994";"Enoyl-[acyl-carrier-protein] reductase [NADPH] FabI";"Staphylococcus aureus";"SINGLE PROTEIN";"CHEMBL5725922";"37";"BindingDB Patent Bioactivity Data";"";"2017";"None";"";"";"";"22300.0"
"CHEMBL6019363";"";"None";"333.39";"0";"2.56";"BDBM302047";"O=C1CCc2cc(/C=C/C(=O)N3CCc4ccccc4C3)cnc2N1";"IC50";"'='";"1430.0";"nM";"5.84";"";"578204";"UO_0000065";"17.53";"0.32";"3.28";"9.38";"0";"CHEMBL5731701";"Enzyme Inhibition Assay: FabI enzyme inhibition assays were carried out in half-area, 384-well microtitre plates. Compounds were evaluated in 40-μl assay mixtures containing 100 mM NaADA, pH 6.5 (ADA=N-[2-acetamido]-2iminodiacetic acid), 250 μM crotonoyl-CoA, 625 μM NADH and 50 μg/ml S. aureus ATCC 29213 FabI Inhibitors were typically varied over the range of 50 to 0.39 μM. The reaction mixtures were incubated for 30 minutes at room temperature and the reaction was stopped by adding 200 mM Tris buffer (pH 9.0) to create a pH-shift. The consumption of NADH was monitored by measuring the change in absorbance at 340. By comparing sample readings to those of negative (absence of compound) and positive (absence of enzyme) controls, the percent inhibition of enzymatic activity of the compounds was determined A best-fit curve is fitted by a minimum of squares method. From this an IC50-value (expressed in μg/ml), resulting in 50% inhibition of enzymatic activity, was obtained.";"B";"BAO_0000019";"assay format";"Staphylococcus aureus";"None";"None";"None";"None";"";"";"";"CHEMBL3994";"Enoyl-[acyl-carrier-protein] reductase [NADPH] FabI";"Staphylococcus aureus";"SINGLE PROTEIN";"CHEMBL5725922";"37";"BindingDB Patent Bioactivity Data";"";"2017";"None";"";"";"";"1430.0"
"CHEMBL5740576";"";"None";"359.43";"0";"3.30";"BDBM302051";"O=C1CCc2cc(/C=C/C(=O)N3CC=C(c4ccccc4)CC3)cnc2N1";"IC50";"'='";"1140.0";"nM";"5.94";"";"578208";"UO_0000065";"16.53";"0.30";"2.64";"9.54";"0";"CHEMBL5731701";"Enzyme Inhibition Assay: FabI enzyme inhibition assays were carried out in half-area, 384-well microtitre plates. Compounds were evaluated in 40-μl assay mixtures containing 100 mM NaADA, pH 6.5 (ADA=N-[2-acetamido]-2iminodiacetic acid), 250 μM crotonoyl-CoA, 625 μM NADH and 50 μg/ml S. aureus ATCC 29213 FabI Inhibitors were typically varied over the range of 50 to 0.39 μM. The reaction mixtures were incubated for 30 minutes at room temperature and the reaction was stopped by adding 200 mM Tris buffer (pH 9.0) to create a pH-shift. The consumption of NADH was monitored by measuring the change in absorbance at 340. By comparing sample readings to those of negative (absence of compound) and positive (absence of enzyme) controls, the percent inhibition of enzymatic activity of the compounds was determined A best-fit curve is fitted by a minimum of squares method. From this an IC50-value (expressed in μg/ml), resulting in 50% inhibition of enzymatic activity, was obtained.";"B";"BAO_0000019";"assay format";"Staphylococcus aureus";"None";"None";"None";"None";"";"";"";"CHEMBL3994";"Enoyl-[acyl-carrier-protein] reductase [NADPH] FabI";"Staphylococcus aureus";"SINGLE PROTEIN";"CHEMBL5725922";"37";"BindingDB Patent Bioactivity Data";"";"2017";"None";"";"";"";"1140.0"
"CHEMBL5958066";"";"None";"399.45";"0";"4.04";"BDBM302061";"O=C1CCc2cc(/C=C/C(=O)N3CC=C(c4cc5ccccc5o4)CC3)cnc2N1";"IC50";"'='";"4780.0";"nM";"5.32";"";"578218";"UO_0000065";"13.32";"0.24";"1.28";"7.05";"0";"CHEMBL5731701";"Enzyme Inhibition Assay: FabI enzyme inhibition assays were carried out in half-area, 384-well microtitre plates. Compounds were evaluated in 40-μl assay mixtures containing 100 mM NaADA, pH 6.5 (ADA=N-[2-acetamido]-2iminodiacetic acid), 250 μM crotonoyl-CoA, 625 μM NADH and 50 μg/ml S. aureus ATCC 29213 FabI Inhibitors were typically varied over the range of 50 to 0.39 μM. The reaction mixtures were incubated for 30 minutes at room temperature and the reaction was stopped by adding 200 mM Tris buffer (pH 9.0) to create a pH-shift. The consumption of NADH was monitored by measuring the change in absorbance at 340. By comparing sample readings to those of negative (absence of compound) and positive (absence of enzyme) controls, the percent inhibition of enzymatic activity of the compounds was determined A best-fit curve is fitted by a minimum of squares method. From this an IC50-value (expressed in μg/ml), resulting in 50% inhibition of enzymatic activity, was obtained.";"B";"BAO_0000019";"assay format";"Staphylococcus aureus";"None";"None";"None";"None";"";"";"";"CHEMBL3994";"Enoyl-[acyl-carrier-protein] reductase [NADPH] FabI";"Staphylococcus aureus";"SINGLE PROTEIN";"CHEMBL5725922";"37";"BindingDB Patent Bioactivity Data";"";"2017";"None";"";"";"";"4780.0"
"CHEMBL5783818";"";"None";"426.52";"0";"4.01";"BDBM302084";"O=C1CCc2cc(/C=C/C(=O)N3CCC(Cc4ccc5ccccc5n4)CC3)cnc2N1";"IC50";"'='";"7940.0";"nM";"5.10";"";"578241";"UO_0000065";"11.96";"0.22";"1.09";"6.78";"0";"CHEMBL5731701";"Enzyme Inhibition Assay: FabI enzyme inhibition assays were carried out in half-area, 384-well microtitre plates. Compounds were evaluated in 40-μl assay mixtures containing 100 mM NaADA, pH 6.5 (ADA=N-[2-acetamido]-2iminodiacetic acid), 250 μM crotonoyl-CoA, 625 μM NADH and 50 μg/ml S. aureus ATCC 29213 FabI Inhibitors were typically varied over the range of 50 to 0.39 μM. The reaction mixtures were incubated for 30 minutes at room temperature and the reaction was stopped by adding 200 mM Tris buffer (pH 9.0) to create a pH-shift. The consumption of NADH was monitored by measuring the change in absorbance at 340. By comparing sample readings to those of negative (absence of compound) and positive (absence of enzyme) controls, the percent inhibition of enzymatic activity of the compounds was determined A best-fit curve is fitted by a minimum of squares method. From this an IC50-value (expressed in μg/ml), resulting in 50% inhibition of enzymatic activity, was obtained.";"B";"BAO_0000019";"assay format";"Staphylococcus aureus";"None";"None";"None";"None";"";"";"";"CHEMBL3994";"Enoyl-[acyl-carrier-protein] reductase [NADPH] FabI";"Staphylococcus aureus";"SINGLE PROTEIN";"CHEMBL5725922";"37";"BindingDB Patent Bioactivity Data";"";"2017";"None";"";"";"";"7940.0"
"CHEMBL3680372";"";"None";"434.40";"0";"3.04";"BDBM112624";"CCc1cc(OC(=O)OC)c(Oc2ccc(C(=O)N3CCNC(=O)C3)cc2F)cc1F";"IC50";"'='";"5000.0";"nM";"5.30";"";"233863";"UO_0000065";"12.20";"0.23";"2.26";"5.63";"0";"CHEMBL3705967";"Inhibition Assay: The assay buffer AB contained 50 mM ADA (N-(2-acetamido)iminodiacetic acid monosodium salt) pH 6.5, 1 mM dithiothreitol, 0.006% Triton-X100 and 50 mM NaCl. The following components are added in a white polystyrene Costar plate (Ref 3912) up to a final volume of 55.5 uL: 1.5 uL DMSO or inhibitor dissolved in DMSO and 54 uL of a FabI/NADPH/NADP+ mixture in AB. After 60 min of pre-incubation at room temperature, the reaction is started by addition of 5 uL of trans-2-octenoyl N-acetylcysteamine thioester (t-o-NAC) to a final volume of 60.5 uL. This reaction mixture is then composed of 2 nM FabI, 40 uM NADPH (Sigma, N7505), 10 uM NADP+ (Sigma, N5755), 100 uM t-O-NAC and compound at defined concentration. Fluorescence intensity of NADPH (lamda=ex=360 nm, lamda=em=520 nm) is measured immediately after t-O-NAC addition (T0), and approximately 50 min later (T50) by a Fluostar Optima (BMG).";"B";"BAO_0000357";"single protein format";"Staphylococcus aureus";"None";"None";"None";"None";"";"";"";"CHEMBL3994";"Enoyl-[acyl-carrier-protein] reductase [NADPH] FabI";"Staphylococcus aureus";"SINGLE PROTEIN";"CHEMBL3638853";"37";"BindingDB Patent Bioactivity Data";"";"2014";"None";"";"";"";"5000.0"
"CHEMBL3676407";"";"None";"377.44";"0";"2.49";"BDBM133670";"O=C1CCc2cc(/C=C/C(=O)N3CCC(O)(c4ccccc4)CC3)cnc2N1";"IC50";"'='";"340.0";"nM";"6.47";"";"305329";"UO_0000065";"17.14";"0.32";"3.98";"7.84";"1";"CHEMBL3705387";"Fluorescence Based Assay: The assay buffer 'AB' contained 50 mM ADA (N-(2-acetamido)iminodiacetic acid monosodium salt) pH 6.5, 1 mM dithiothreitol, 0.006% Triton-X100 and 50 mM NaCl. The following components are added in a white polystyrene Costar plate (Ref 3912) up to a final volume of 55.5 uL: 1.5 uL DMSO or inhibitor dissolved in DMSO and 54 uL of a FabI/NADPH/NADP+ mixture in AB. After 60 min of pre-incubation at room temperature, the reaction is started by addition of 5 uL of trans-2-octenoyl N-acetylcysteamine thioester (t-o-NAC) to a final volume of 60.5 uL. This reaction mixture is then composed of 2 nM FabI, 40 uM NADPH (Sigma, N7505), 10 uM NADP+(Sigma, N5755), 100 uM t-O-NAC and compound at defined concentration. Fluorescence intensity of NADPH (lamda=ex=360 nm, lamda=em=520 nm) is measured immediately after t-O-NAC addition (T0), and approximately 50 min later (T50) by a Fluostar Optima (BMG) so as to achieve ~30% of NADPH conversion.";"B";"BAO_0000357";"single protein format";"Staphylococcus aureus";"None";"None";"None";"None";"";"";"";"CHEMBL3994";"Enoyl-[acyl-carrier-protein] reductase [NADPH] FabI";"Staphylococcus aureus";"SINGLE PROTEIN";"CHEMBL3638908";"37";"BindingDB Patent Bioactivity Data";"";"2015";"None";"";"";"";"340.0"
"CHEMBL3676413";"";"None";"406.45";"0";"1.62";"BDBM133677";"C/C(Cc1ncccn1)=N\OC1CN(C(=O)/C=C/c2cnc3c(c2)CCC(=O)N3)C1";"IC50";"'='";"870.0";"nM";"6.06";"";"305336";"UO_0000065";"14.91";"0.28";"4.44";"5.53";"1";"CHEMBL3705387";"Fluorescence Based Assay: The assay buffer 'AB' contained 50 mM ADA (N-(2-acetamido)iminodiacetic acid monosodium salt) pH 6.5, 1 mM dithiothreitol, 0.006% Triton-X100 and 50 mM NaCl. The following components are added in a white polystyrene Costar plate (Ref 3912) up to a final volume of 55.5 uL: 1.5 uL DMSO or inhibitor dissolved in DMSO and 54 uL of a FabI/NADPH/NADP+ mixture in AB. After 60 min of pre-incubation at room temperature, the reaction is started by addition of 5 uL of trans-2-octenoyl N-acetylcysteamine thioester (t-o-NAC) to a final volume of 60.5 uL. This reaction mixture is then composed of 2 nM FabI, 40 uM NADPH (Sigma, N7505), 10 uM NADP+(Sigma, N5755), 100 uM t-O-NAC and compound at defined concentration. Fluorescence intensity of NADPH (lamda=ex=360 nm, lamda=em=520 nm) is measured immediately after t-O-NAC addition (T0), and approximately 50 min later (T50) by a Fluostar Optima (BMG) so as to achieve ~30% of NADPH conversion.";"B";"BAO_0000357";"single protein format";"Staphylococcus aureus";"None";"None";"None";"None";"";"";"";"CHEMBL3994";"Enoyl-[acyl-carrier-protein] reductase [NADPH] FabI";"Staphylococcus aureus";"SINGLE PROTEIN";"CHEMBL3638908";"37";"BindingDB Patent Bioactivity Data";"";"2015";"None";"";"";"";"870.0"
"CHEMBL3623397";"";"None";"328.75";"1";"5.16";"15b";"Cc1cc(Cl)ccc1Oc1coc(/C=C/c2ccoc2)cc1=O";"IC50";"'='";"2450.0";"nM";"5.61";"";"";"UO_0000065";"17.07";"0.33";"0.45";"10.67";"0";"CHEMBL3625533";"Inhibition of Staphylococcus aureus FabI assessed as reduction in inhibition of reduction of trans-2-octenoyl N-acetylcysteamine substrate by spectrophotometry";"B";"BAO_0000357";"single protein format";"Staphylococcus aureus";"None";"None";"None";"None";"";"";"";"CHEMBL3994";"Enoyl-[acyl-carrier-protein] reductase [NADPH] FabI";"Staphylococcus aureus";"SINGLE PROTEIN";"CHEMBL3621046";"1";"Scientific Literature";"Bioorg Med Chem Lett";"2015";"None";"";"";"";"2.45"
"CHEMBL6065010";"";"None";"381.43";"0";"1.95";"BDBM316930";"CCOC(=O)C1=CC2CN(C(=O)/C=C/c3cnc4c(c3)CCC(=O)N4)CC2C1";"IC50";"'='";"1410.0";"nM";"5.85";"";"619735";"UO_0000065";"15.34";"0.29";"3.90";"6.60";"0";"CHEMBL5732078";"Enzyme Inhibition Assay: FabI enzyme inhibition assays were carried out in half-area, 384-well microtitre plates. Compounds were evaluated in 40-μl assay mixtures containing 100 mM NaADA, pH 6.5 (ADA=N-[2-acetamido]-2iminodiacetic acid), 250 μM crotonoyl-CoA, 625 μM NADH and 50 μg/ml S. aureus ATCC 29213 FabI. Inhibitors were typically varied over the range of 50 to 0.39 μM. The reaction mixtures were incubated for 30 minutes at room temperature and the reaction was stopped by adding 200 mM Tris buffer (pH 9.0) to create a pH-shift. The consumption of NADH was monitored by measuring the change in absorbance at 340. By comparing sample readings to those of negative (absence of compound) and positive (absence of enzyme) controls, the percent inhibition of enzymatic activity of the compounds was determined. A best-fit curve is fitted by a minimum of squares method.";"B";"BAO_0000357";"single protein format";"Staphylococcus aureus";"None";"None";"None";"None";"";"";"";"CHEMBL3994";"Enoyl-[acyl-carrier-protein] reductase [NADPH] FabI";"Staphylococcus aureus";"SINGLE PROTEIN";"CHEMBL5726112";"37";"BindingDB Patent Bioactivity Data";"";"2017";"None";"";"";"";"1410.0"
"CHEMBL5900854";"";"None";"407.50";"0";"2.70";"BDBM316933";"Cc1nnc(C2=CC3CN(C(=O)/C=C/c4cnc5c(c4)CCC(=O)N5)CC3C2)s1";"IC50";"'='";"1070.0";"nM";"5.97";"";"619738";"UO_0000065";"14.65";"0.28";"3.27";"6.78";"0";"CHEMBL5732078";"Enzyme Inhibition Assay: FabI enzyme inhibition assays were carried out in half-area, 384-well microtitre plates. Compounds were evaluated in 40-μl assay mixtures containing 100 mM NaADA, pH 6.5 (ADA=N-[2-acetamido]-2iminodiacetic acid), 250 μM crotonoyl-CoA, 625 μM NADH and 50 μg/ml S. aureus ATCC 29213 FabI. Inhibitors were typically varied over the range of 50 to 0.39 μM. The reaction mixtures were incubated for 30 minutes at room temperature and the reaction was stopped by adding 200 mM Tris buffer (pH 9.0) to create a pH-shift. The consumption of NADH was monitored by measuring the change in absorbance at 340. By comparing sample readings to those of negative (absence of compound) and positive (absence of enzyme) controls, the percent inhibition of enzymatic activity of the compounds was determined. A best-fit curve is fitted by a minimum of squares method.";"B";"BAO_0000357";"single protein format";"Staphylococcus aureus";"None";"None";"None";"None";"";"";"";"CHEMBL3994";"Enoyl-[acyl-carrier-protein] reductase [NADPH] FabI";"Staphylococcus aureus";"SINGLE PROTEIN";"CHEMBL5726112";"37";"BindingDB Patent Bioactivity Data";"";"2017";"None";"";"";"";"1070.0"
"CHEMBL5291446";"";"None";"400.48";"0";"2.70";"24";"O=C1CNCc2cc(/C=C/C(=O)N3C[C@H]4CC(c5ccccc5)=C[C@H]4C3)cnc2N1";"IC50";"'='";"0.37";"ug.mL-1";"";"";"";"UO_0000274";"";"";"";"";"0";"CHEMBL5231305";"Inhibition of Staphylococcus aureus FabI assessed as inhibition of bacterial growth by measuring the NADH consumption rate at 20 mins";"B";"BAO_0000357";"single protein format";"Staphylococcus aureus";"None";"None";"None";"None";"";"";"";"CHEMBL3994";"Enoyl-[acyl-carrier-protein] reductase [NADPH] FabI";"Staphylococcus aureus";"SINGLE PROTEIN";"CHEMBL5230110";"1";"Scientific Literature";"Eur J Med Chem";"2020";"None";"TIME = 0.3333 hr";"INHIBITOR";"";"0.37"
"CHEMBL5832860";"";"None";"389.46";"0";"3.30";"BDBM302046";"COc1ccccc1C1=CCN(C(=O)/C=C/c2cnc3c(c2)CCC(=O)N3)CC1";"IC50";"'='";"821.0";"nM";"6.09";"";"578203";"UO_0000065";"15.63";"0.29";"2.79";"8.51";"0";"CHEMBL5731701";"Enzyme Inhibition Assay: FabI enzyme inhibition assays were carried out in half-area, 384-well microtitre plates. Compounds were evaluated in 40-μl assay mixtures containing 100 mM NaADA, pH 6.5 (ADA=N-[2-acetamido]-2iminodiacetic acid), 250 μM crotonoyl-CoA, 625 μM NADH and 50 μg/ml S. aureus ATCC 29213 FabI Inhibitors were typically varied over the range of 50 to 0.39 μM. The reaction mixtures were incubated for 30 minutes at room temperature and the reaction was stopped by adding 200 mM Tris buffer (pH 9.0) to create a pH-shift. The consumption of NADH was monitored by measuring the change in absorbance at 340. By comparing sample readings to those of negative (absence of compound) and positive (absence of enzyme) controls, the percent inhibition of enzymatic activity of the compounds was determined A best-fit curve is fitted by a minimum of squares method. From this an IC50-value (expressed in μg/ml), resulting in 50% inhibition of enzymatic activity, was obtained.";"B";"BAO_0000019";"assay format";"Staphylococcus aureus";"None";"None";"None";"None";"";"";"";"CHEMBL3994";"Enoyl-[acyl-carrier-protein] reductase [NADPH] FabI";"Staphylococcus aureus";"SINGLE PROTEIN";"CHEMBL5725922";"37";"BindingDB Patent Bioactivity Data";"";"2017";"None";"";"";"";"821.0"
"CHEMBL5898884";"";"None";"375.47";"0";"3.46";"BDBM302056";"O=C1CCc2cc(/C=C/C(=O)N3CCC(Cc4ccccc4)CC3)cnc2N1";"IC50";"'='";"825.0";"nM";"6.08";"";"578213";"UO_0000065";"16.20";"0.30";"2.62";"9.76";"0";"CHEMBL5731701";"Enzyme Inhibition Assay: FabI enzyme inhibition assays were carried out in half-area, 384-well microtitre plates. Compounds were evaluated in 40-μl assay mixtures containing 100 mM NaADA, pH 6.5 (ADA=N-[2-acetamido]-2iminodiacetic acid), 250 μM crotonoyl-CoA, 625 μM NADH and 50 μg/ml S. aureus ATCC 29213 FabI Inhibitors were typically varied over the range of 50 to 0.39 μM. The reaction mixtures were incubated for 30 minutes at room temperature and the reaction was stopped by adding 200 mM Tris buffer (pH 9.0) to create a pH-shift. The consumption of NADH was monitored by measuring the change in absorbance at 340. By comparing sample readings to those of negative (absence of compound) and positive (absence of enzyme) controls, the percent inhibition of enzymatic activity of the compounds was determined A best-fit curve is fitted by a minimum of squares method. From this an IC50-value (expressed in μg/ml), resulting in 50% inhibition of enzymatic activity, was obtained.";"B";"BAO_0000019";"assay format";"Staphylococcus aureus";"None";"None";"None";"None";"";"";"";"CHEMBL3994";"Enoyl-[acyl-carrier-protein] reductase [NADPH] FabI";"Staphylococcus aureus";"SINGLE PROTEIN";"CHEMBL5725922";"37";"BindingDB Patent Bioactivity Data";"";"2017";"None";"";"";"";"825.0"
"CHEMBL44183";"";"None";"374.44";"0";"3.13";"21";"CN(Cc1cc2ccccc2n1C)C(=O)/C=C/c1cnc2c(c1)CCC(=O)N2";"IC50";"'='";"50.0";"nM";"7.30";"";"";"UO_0000065";"19.50";"0.36";"4.17";"10.86";"0";"CHEMBL677578";"Inhibitory activity against Enoyl-ACP reductase FabI in Staphylococcus aureus";"B";"BAO_0000357";"single protein format";"Staphylococcus aureus";"None";"None";"None";"None";"";"";"";"CHEMBL3994";"Enoyl-[acyl-carrier-protein] reductase [NADPH] FabI";"Staphylococcus aureus";"SINGLE PROTEIN";"CHEMBL1136775";"1";"Scientific Literature";"J Med Chem";"2003";"None";"";"";"";"0.05"
"CHEMBL5523656";"";"None";"364.45";"0";"1.98";"f11";"Cn1c(CCC(=O)NCCNC(=O)Cc2ccccc2)nc2ccccc21";"IC50";"";"";"";"";"";"Not Determined";"";"";"";"";"";"0";"CHEMBL5503720";"Inhibition of N-terminal his 6 tagged Staphylococcus aureus Fabi (1 to 771 residues) expressed in Escherichia coli BL21 incubated for 30 mins in presence of NADPH by fluorescence based microplate reader analysis";"B";"BAO_0000019";"assay format";"Staphylococcus aureus";"None";"None";"None";"None";"";"";"";"CHEMBL3994";"Enoyl-[acyl-carrier-protein] reductase [NADPH] FabI";"Staphylococcus aureus";"SINGLE PROTEIN";"CHEMBL5500393";"1";"Scientific Literature";"J Med Chem";"2024";"None";"TIME = 0.5 hr";"";"";""
"CHEMBL5555874";"";"None";"344.42";"0";"3.59";"n8";"Cn1ccc2c(N3CC(c4nc5ccccc5n4C)CC3=O)cccc21";"IC50";"'='";"8331.5";"nM";"5.08";"";"";"UO_0000065";"14.75";"0.27";"1.49";"11.80";"0";"CHEMBL5503720";"Inhibition of N-terminal his 6 tagged Staphylococcus aureus Fabi (1 to 771 residues) expressed in Escherichia coli BL21 incubated for 30 mins in presence of NADPH by fluorescence based microplate reader analysis";"B";"BAO_0000019";"assay format";"Staphylococcus aureus";"None";"None";"None";"None";"";"";"";"CHEMBL3994";"Enoyl-[acyl-carrier-protein] reductase [NADPH] FabI";"Staphylococcus aureus";"SINGLE PROTEIN";"CHEMBL5500393";"1";"Scientific Literature";"J Med Chem";"2024";"None";"TIME = 0.5 hr";"INHIBITOR";"";"8331.5"
"CHEMBL5556320";"";"None";"343.79";"0";"3.89";"n28";"Cn1c(C2CC(=O)N(c3cccc(Cl)c3F)C2)nc2ccccc21";"IC50";"'='";"578.5";"nM";"6.24";"";"";"UO_0000065";"18.14";"0.35";"2.35";"16.36";"0";"CHEMBL5503720";"Inhibition of N-terminal his 6 tagged Staphylococcus aureus Fabi (1 to 771 residues) expressed in Escherichia coli BL21 incubated for 30 mins in presence of NADPH by fluorescence based microplate reader analysis";"B";"BAO_0000019";"assay format";"Staphylococcus aureus";"None";"None";"None";"None";"";"";"";"CHEMBL3994";"Enoyl-[acyl-carrier-protein] reductase [NADPH] FabI";"Staphylococcus aureus";"SINGLE PROTEIN";"CHEMBL5500393";"1";"Scientific Literature";"J Med Chem";"2024";"None";"TIME = 0.5 hr";"INHIBITOR";"";"578.5"
"CHEMBL5512560";"";"None";"339.83";"0";"4.06";"n32";"Cc1cccc(N2CC(c3nc4ccccc4n3C)CC2=O)c1Cl";"IC50";"'='";"1176.2";"nM";"5.93";"";"";"UO_0000065";"17.45";"0.34";"1.87";"15.55";"0";"CHEMBL5503720";"Inhibition of N-terminal his 6 tagged Staphylococcus aureus Fabi (1 to 771 residues) expressed in Escherichia coli BL21 incubated for 30 mins in presence of NADPH by fluorescence based microplate reader analysis";"B";"BAO_0000019";"assay format";"Staphylococcus aureus";"None";"None";"None";"None";"";"";"";"CHEMBL3994";"Enoyl-[acyl-carrier-protein] reductase [NADPH] FabI";"Staphylococcus aureus";"SINGLE PROTEIN";"CHEMBL5500393";"1";"Scientific Literature";"J Med Chem";"2024";"None";"TIME = 0.5 hr";"INHIBITOR";"";"1176.2"
"CHEMBL3621747";"";"None";"362.21";"1";"5.05";"16s";"O=c1cc(COc2ccccc2)[nH]cc1Oc1c(Cl)cccc1Cl";"IC50";"'='";"4980.0";"nM";"5.30";"";"";"UO_0000065";"14.64";"0.30";"0.25";"10.33";"0";"CHEMBL3625533";"Inhibition of Staphylococcus aureus FabI assessed as reduction in inhibition of reduction of trans-2-octenoyl N-acetylcysteamine substrate by spectrophotometry";"B";"BAO_0000357";"single protein format";"Staphylococcus aureus";"None";"None";"None";"None";"";"";"";"CHEMBL3994";"Enoyl-[acyl-carrier-protein] reductase [NADPH] FabI";"Staphylococcus aureus";"SINGLE PROTEIN";"CHEMBL3621046";"1";"Scientific Literature";"Bioorg Med Chem Lett";"2015";"None";"";"";"";"4.98"
"CHEMBL5269135";"";"None";"470.53";"0";"3.05";"23";"COc1cncc(C(=O)Nc2ccc(/C=C/C(=O)N3CC4C=C(c5ccnn5C)CC4C3)cn2)c1";"IC50";"'='";"0.31";"ug.mL-1";"";"";"";"UO_0000274";"";"";"";"";"0";"CHEMBL5231305";"Inhibition of Staphylococcus aureus FabI assessed as inhibition of bacterial growth by measuring the NADH consumption rate at 20 mins";"B";"BAO_0000357";"single protein format";"Staphylococcus aureus";"None";"None";"None";"None";"";"";"";"CHEMBL3994";"Enoyl-[acyl-carrier-protein] reductase [NADPH] FabI";"Staphylococcus aureus";"SINGLE PROTEIN";"CHEMBL5230110";"1";"Scientific Literature";"Eur J Med Chem";"2020";"None";"TIME = 0.3333 hr";"INHIBITOR";"";"0.31"
"CHEMBL5981486";"";"None";"375.43";"0";"3.13";"BDBM316904";"O=C1CCc2cc(/C=C/C(=O)N3CC4C=C(c5ccco5)CC4C3)cnc2N1";"IC50";"'='";"1650.0";"nM";"5.78";"";"619709";"UO_0000065";"15.40";"0.28";"2.65";"7.67";"0";"CHEMBL5732078";"Enzyme Inhibition Assay: FabI enzyme inhibition assays were carried out in half-area, 384-well microtitre plates. Compounds were evaluated in 40-μl assay mixtures containing 100 mM NaADA, pH 6.5 (ADA=N-[2-acetamido]-2iminodiacetic acid), 250 μM crotonoyl-CoA, 625 μM NADH and 50 μg/ml S. aureus ATCC 29213 FabI. Inhibitors were typically varied over the range of 50 to 0.39 μM. The reaction mixtures were incubated for 30 minutes at room temperature and the reaction was stopped by adding 200 mM Tris buffer (pH 9.0) to create a pH-shift. The consumption of NADH was monitored by measuring the change in absorbance at 340. By comparing sample readings to those of negative (absence of compound) and positive (absence of enzyme) controls, the percent inhibition of enzymatic activity of the compounds was determined. A best-fit curve is fitted by a minimum of squares method.";"B";"BAO_0000357";"single protein format";"Staphylococcus aureus";"None";"None";"None";"None";"";"";"";"CHEMBL3994";"Enoyl-[acyl-carrier-protein] reductase [NADPH] FabI";"Staphylococcus aureus";"SINGLE PROTEIN";"CHEMBL5726112";"37";"BindingDB Patent Bioactivity Data";"";"2017";"None";"";"";"";"1650.0"
"CHEMBL5825504";"";"None";"395.49";"0";"2.03";"BDBM316909";"O=C1CCc2cc(/C=C/C(=O)N3C[C@@H]4CN(c5nccs5)C[C@@H]4C3)cnc2N1";"IC50";"'='";"1460.0";"nM";"5.84";"";"619714";"UO_0000065";"14.76";"0.28";"3.81";"7.44";"0";"CHEMBL5732078";"Enzyme Inhibition Assay: FabI enzyme inhibition assays were carried out in half-area, 384-well microtitre plates. Compounds were evaluated in 40-μl assay mixtures containing 100 mM NaADA, pH 6.5 (ADA=N-[2-acetamido]-2iminodiacetic acid), 250 μM crotonoyl-CoA, 625 μM NADH and 50 μg/ml S. aureus ATCC 29213 FabI. Inhibitors were typically varied over the range of 50 to 0.39 μM. The reaction mixtures were incubated for 30 minutes at room temperature and the reaction was stopped by adding 200 mM Tris buffer (pH 9.0) to create a pH-shift. The consumption of NADH was monitored by measuring the change in absorbance at 340. By comparing sample readings to those of negative (absence of compound) and positive (absence of enzyme) controls, the percent inhibition of enzymatic activity of the compounds was determined. A best-fit curve is fitted by a minimum of squares method.";"B";"BAO_0000357";"single protein format";"Staphylococcus aureus";"None";"None";"None";"None";"";"";"";"CHEMBL3994";"Enoyl-[acyl-carrier-protein] reductase [NADPH] FabI";"Staphylococcus aureus";"SINGLE PROTEIN";"CHEMBL5726112";"37";"BindingDB Patent Bioactivity Data";"";"2017";"None";"";"";"";"1460.0"
"CHEMBL3322705";"";"None";"257.29";"0";"1.21";"BDBM133657";"O=C1CCc2cc(/C=C/C(=O)N3CCC3)cnc2N1";"IC50";"'='";"11000.0";"nM";"4.96";"";"266515";"UO_0000065";"19.27";"0.36";"3.75";"7.96";"0";"CHEMBL3705478";"Fluorescence Based Assay: Compound inhibitory activity of FabI enzyme is measured in vitro by the IC5 so determination using a fluorescence based assay.The protein FabI from S. aureus is prepared and purified using standard methods for recombinant protein expression after cloning of the gene in a prokaryotic expression vector.The biochemical activity of the FabI enzyme is assessed using the following method.The assay buffer AB contained 50 mM ADA (N-(2-acetamido)iminodiacetic acid monosodium salt) pH 6.5, 1 mM dithiothreitol, 0.006% Triton-X100 and 50 mM NaCl.The following components are added in a white polystyrene Costar plate (Ref 3912) up to a final volume of 55.5 uL: 1.5 uL DMSO or inhibitor dissolved in DMSO and 54 uL of a FabI/NADPH/NADP+ mixture in AB. After 60 min of pre-incubation at room temperature, the reaction is started by addition of 5 uL of trans-2-octenoyl N-acetylcysteamine thioester (t-o-NAC) to a final volume of 60.5 uL.";"B";"BAO_0000019";"assay format";"Staphylococcus aureus";"None";"None";"None";"None";"";"";"";"CHEMBL3994";"Enoyl-[acyl-carrier-protein] reductase [NADPH] FabI";"Staphylococcus aureus";"SINGLE PROTEIN";"CHEMBL3638382";"37";"BindingDB Patent Bioactivity Data";"";"2014";"None";"";"";"";"11000.0"
"CHEMBL3676400";"";"None";"347.42";"0";"3.34";"BDBM133663";"O=C1CCc2cc(/C=C/C(=O)N3CCCC3c3ccccc3)cnc2N1";"IC50";"'='";"7100.0";"nM";"5.15";"";"266521";"UO_0000065";"14.82";"0.27";"1.81";"8.26";"0";"CHEMBL3705478";"Fluorescence Based Assay: Compound inhibitory activity of FabI enzyme is measured in vitro by the IC5 so determination using a fluorescence based assay.The protein FabI from S. aureus is prepared and purified using standard methods for recombinant protein expression after cloning of the gene in a prokaryotic expression vector.The biochemical activity of the FabI enzyme is assessed using the following method.The assay buffer AB contained 50 mM ADA (N-(2-acetamido)iminodiacetic acid monosodium salt) pH 6.5, 1 mM dithiothreitol, 0.006% Triton-X100 and 50 mM NaCl.The following components are added in a white polystyrene Costar plate (Ref 3912) up to a final volume of 55.5 uL: 1.5 uL DMSO or inhibitor dissolved in DMSO and 54 uL of a FabI/NADPH/NADP+ mixture in AB. After 60 min of pre-incubation at room temperature, the reaction is started by addition of 5 uL of trans-2-octenoyl N-acetylcysteamine thioester (t-o-NAC) to a final volume of 60.5 uL.";"B";"BAO_0000019";"assay format";"Staphylococcus aureus";"None";"None";"None";"None";"";"";"";"CHEMBL3994";"Enoyl-[acyl-carrier-protein] reductase [NADPH] FabI";"Staphylococcus aureus";"SINGLE PROTEIN";"CHEMBL3638382";"37";"BindingDB Patent Bioactivity Data";"";"2014";"None";"";"";"";"7100.0"
"CHEMBL3676403";"";"None";"363.42";"0";"2.66";"BDBM133666";"O=C1CCc2cc(/C=C/C(=O)N3CCC(Oc4ccccc4)C3)cnc2N1";"IC50";"'='";"120.0";"nM";"6.92";"";"266524";"UO_0000065";"19.04";"0.35";"4.26";"9.68";"0";"CHEMBL3705478";"Fluorescence Based Assay: Compound inhibitory activity of FabI enzyme is measured in vitro by the IC5 so determination using a fluorescence based assay.The protein FabI from S. aureus is prepared and purified using standard methods for recombinant protein expression after cloning of the gene in a prokaryotic expression vector.The biochemical activity of the FabI enzyme is assessed using the following method.The assay buffer AB contained 50 mM ADA (N-(2-acetamido)iminodiacetic acid monosodium salt) pH 6.5, 1 mM dithiothreitol, 0.006% Triton-X100 and 50 mM NaCl.The following components are added in a white polystyrene Costar plate (Ref 3912) up to a final volume of 55.5 uL: 1.5 uL DMSO or inhibitor dissolved in DMSO and 54 uL of a FabI/NADPH/NADP+ mixture in AB. After 60 min of pre-incubation at room temperature, the reaction is started by addition of 5 uL of trans-2-octenoyl N-acetylcysteamine thioester (t-o-NAC) to a final volume of 60.5 uL.";"B";"BAO_0000019";"assay format";"Staphylococcus aureus";"None";"None";"None";"None";"";"";"";"CHEMBL3994";"Enoyl-[acyl-carrier-protein] reductase [NADPH] FabI";"Staphylococcus aureus";"SINGLE PROTEIN";"CHEMBL3638382";"37";"BindingDB Patent Bioactivity Data";"";"2014";"None";"";"";"";"120.0"
"CHEMBL5517824";"";"None";"370.25";"0";"4.15";"m31";"Cc1c(Br)cccc1N1CC(c2nc3ccccc3[nH]2)CC1=O";"IC50";"";"";"";"";"";"Not Determined";"";"";"";"";"";"0";"CHEMBL5503720";"Inhibition of N-terminal his 6 tagged Staphylococcus aureus Fabi (1 to 771 residues) expressed in Escherichia coli BL21 incubated for 30 mins in presence of NADPH by fluorescence based microplate reader analysis";"B";"BAO_0000019";"assay format";"Staphylococcus aureus";"None";"None";"None";"None";"";"";"";"CHEMBL3994";"Enoyl-[acyl-carrier-protein] reductase [NADPH] FabI";"Staphylococcus aureus";"SINGLE PROTEIN";"CHEMBL5500393";"1";"Scientific Literature";"J Med Chem";"2024";"None";"TIME = 0.5 hr";"";"";""
"CHEMBL5556949";"";"None";"279.34";"0";"3.44";"f6";"Cc1cccc(NC(=O)c2nc3ccccc3n2C)c1C";"IC50";"";"";"";"";"";"Not Determined";"";"";"";"";"";"0";"CHEMBL5503720";"Inhibition of N-terminal his 6 tagged Staphylococcus aureus Fabi (1 to 771 residues) expressed in Escherichia coli BL21 incubated for 30 mins in presence of NADPH by fluorescence based microplate reader analysis";"B";"BAO_0000019";"assay format";"Staphylococcus aureus";"None";"None";"None";"None";"";"";"";"CHEMBL3994";"Enoyl-[acyl-carrier-protein] reductase [NADPH] FabI";"Staphylococcus aureus";"SINGLE PROTEIN";"CHEMBL5500393";"1";"Scientific Literature";"J Med Chem";"2024";"None";"TIME = 0.5 hr";"";"";""
"CHEMBL5557692";"";"None";"293.37";"0";"2.82";"f14";"Cn1c(CCC(=O)NCc2ccccc2)nc2ccccc21";"IC50";"";"";"";"";"";"Not Determined";"";"";"";"";"";"0";"CHEMBL5503720";"Inhibition of N-terminal his 6 tagged Staphylococcus aureus Fabi (1 to 771 residues) expressed in Escherichia coli BL21 incubated for 30 mins in presence of NADPH by fluorescence based microplate reader analysis";"B";"BAO_0000019";"assay format";"Staphylococcus aureus";"None";"None";"None";"None";"";"";"";"CHEMBL3994";"Enoyl-[acyl-carrier-protein] reductase [NADPH] FabI";"Staphylococcus aureus";"SINGLE PROTEIN";"CHEMBL5500393";"1";"Scientific Literature";"J Med Chem";"2024";"None";"TIME = 0.5 hr";"";"";""
"CHEMBL5556299";"";"None";"319.45";"0";"4.57";"j2";"Cc1cccc(N2CCC(c3nc4ccccc4n3C)CC2)c1C";"IC50";"";"";"";"";"";"Not Determined";"";"";"";"";"";"0";"CHEMBL5503720";"Inhibition of N-terminal his 6 tagged Staphylococcus aureus Fabi (1 to 771 residues) expressed in Escherichia coli BL21 incubated for 30 mins in presence of NADPH by fluorescence based microplate reader analysis";"B";"BAO_0000019";"assay format";"Staphylococcus aureus";"None";"None";"None";"None";"";"";"";"CHEMBL3994";"Enoyl-[acyl-carrier-protein] reductase [NADPH] FabI";"Staphylococcus aureus";"SINGLE PROTEIN";"CHEMBL5500393";"1";"Scientific Literature";"J Med Chem";"2024";"None";"TIME = 0.5 hr";"";"";""
"CHEMBL5558160";"";"None";"400.28";"0";"3.86";"n19";"COc1ccc(N2CC(c3nc4ccccc4n3C)CC2=O)cc1Br";"IC50";"'='";"3017.5";"nM";"5.52";"";"";"UO_0000065";"13.79";"0.30";"1.66";"11.66";"0";"CHEMBL5503720";"Inhibition of N-terminal his 6 tagged Staphylococcus aureus Fabi (1 to 771 residues) expressed in Escherichia coli BL21 incubated for 30 mins in presence of NADPH by fluorescence based microplate reader analysis";"B";"BAO_0000019";"assay format";"Staphylococcus aureus";"None";"None";"None";"None";"";"";"";"CHEMBL3994";"Enoyl-[acyl-carrier-protein] reductase [NADPH] FabI";"Staphylococcus aureus";"SINGLE PROTEIN";"CHEMBL5500393";"1";"Scientific Literature";"J Med Chem";"2024";"None";"TIME = 0.5 hr";"INHIBITOR";"";"3017.5"
"CHEMBL5523560";"";"None";"412.33";"1";"5.21";"o3";"Cc1c(Br)cccc1N1CC(c2nc3ccccc3n2C(C)C)CC1=O";"IC50";"'='";"1727.3";"nM";"5.76";"";"";"UO_0000065";"13.98";"0.30";"0.55";"15.11";"0";"CHEMBL5503720";"Inhibition of N-terminal his 6 tagged Staphylococcus aureus Fabi (1 to 771 residues) expressed in Escherichia coli BL21 incubated for 30 mins in presence of NADPH by fluorescence based microplate reader analysis";"B";"BAO_0000019";"assay format";"Staphylococcus aureus";"None";"None";"None";"None";"";"";"";"CHEMBL3994";"Enoyl-[acyl-carrier-protein] reductase [NADPH] FabI";"Staphylococcus aureus";"SINGLE PROTEIN";"CHEMBL5500393";"1";"Scientific Literature";"J Med Chem";"2024";"None";"TIME = 0.5 hr";"INHIBITOR";"";"1727.3"
"CHEMBL5555476";"";"None";"350.42";"0";"2.35";"f5";"Cc1cccc(C(=O)NCCNC(=O)c2nc3ccccc3n2C)c1C";"IC50";"";"";"";"";"";"Not Determined";"";"";"";"";"";"0";"CHEMBL5503720";"Inhibition of N-terminal his 6 tagged Staphylococcus aureus Fabi (1 to 771 residues) expressed in Escherichia coli BL21 incubated for 30 mins in presence of NADPH by fluorescence based microplate reader analysis";"B";"BAO_0000019";"assay format";"Staphylococcus aureus";"None";"None";"None";"None";"";"";"";"CHEMBL3994";"Enoyl-[acyl-carrier-protein] reductase [NADPH] FabI";"Staphylococcus aureus";"SINGLE PROTEIN";"CHEMBL5500393";"1";"Scientific Literature";"J Med Chem";"2024";"None";"TIME = 0.5 hr";"";"";""
"CHEMBL5517903";"";"None";"364.45";"0";"2.33";"f9";"Cn1c(CCC(=O)NCCC(=O)NCc2ccccc2)nc2ccccc21";"IC50";"";"";"";"";"";"Not Determined";"";"";"";"";"";"0";"CHEMBL5503720";"Inhibition of N-terminal his 6 tagged Staphylococcus aureus Fabi (1 to 771 residues) expressed in Escherichia coli BL21 incubated for 30 mins in presence of NADPH by fluorescence based microplate reader analysis";"B";"BAO_0000019";"assay format";"Staphylococcus aureus";"None";"None";"None";"None";"";"";"";"CHEMBL3994";"Enoyl-[acyl-carrier-protein] reductase [NADPH] FabI";"Staphylococcus aureus";"SINGLE PROTEIN";"CHEMBL5500393";"1";"Scientific Literature";"J Med Chem";"2024";"None";"TIME = 0.5 hr";"";"";""
"CHEMBL5555177";"";"None";"279.34";"0";"3.14";"f13";"Cn1c(CCC(=O)Nc2ccccc2)nc2ccccc21";"IC50";"";"";"";"";"";"Not Determined";"";"";"";"";"";"0";"CHEMBL5503720";"Inhibition of N-terminal his 6 tagged Staphylococcus aureus Fabi (1 to 771 residues) expressed in Escherichia coli BL21 incubated for 30 mins in presence of NADPH by fluorescence based microplate reader analysis";"B";"BAO_0000019";"assay format";"Staphylococcus aureus";"None";"None";"None";"None";"";"";"";"CHEMBL3994";"Enoyl-[acyl-carrier-protein] reductase [NADPH] FabI";"Staphylococcus aureus";"SINGLE PROTEIN";"CHEMBL5500393";"1";"Scientific Literature";"J Med Chem";"2024";"None";"TIME = 0.5 hr";"";"";""
"CHEMBL5532515";"";"None";"291.35";"0";"3.09";"n4";"Cn1c(C2CC(=O)N(c3ccccc3)C2)nc2ccccc21";"IC50";"";"";"";"";"";"Not Determined";"";"";"";"";"";"0";"CHEMBL5503720";"Inhibition of N-terminal his 6 tagged Staphylococcus aureus Fabi (1 to 771 residues) expressed in Escherichia coli BL21 incubated for 30 mins in presence of NADPH by fluorescence based microplate reader analysis";"B";"BAO_0000019";"assay format";"Staphylococcus aureus";"None";"None";"None";"None";"";"";"";"CHEMBL3994";"Enoyl-[acyl-carrier-protein] reductase [NADPH] FabI";"Staphylococcus aureus";"SINGLE PROTEIN";"CHEMBL5500393";"1";"Scientific Literature";"J Med Chem";"2024";"None";"TIME = 0.5 hr";"";"";""
"CHEMBL5517822";"";"None";"341.41";"0";"4.25";"n9";"Cn1c(C2CC(=O)N(c3ccc4ccccc4c3)C2)nc2ccccc21";"IC50";"";"";"";"";"";"Not Determined";"";"";"";"";"";"0";"CHEMBL5503720";"Inhibition of N-terminal his 6 tagged Staphylococcus aureus Fabi (1 to 771 residues) expressed in Escherichia coli BL21 incubated for 30 mins in presence of NADPH by fluorescence based microplate reader analysis";"B";"BAO_0000019";"assay format";"Staphylococcus aureus";"None";"None";"None";"None";"";"";"";"CHEMBL3994";"Enoyl-[acyl-carrier-protein] reductase [NADPH] FabI";"Staphylococcus aureus";"SINGLE PROTEIN";"CHEMBL5500393";"1";"Scientific Literature";"J Med Chem";"2024";"None";"TIME = 0.5 hr";"";"";""
"CHEMBL5523405";"";"None";"333.39";"0";"3.30";"n15";"CC(=O)c1ccc(N2CC(c3nc4ccccc4n3C)CC2=O)cc1";"IC50";"";"";"";"";"";"Not Determined";"";"";"";"";"";"0";"CHEMBL5503720";"Inhibition of N-terminal his 6 tagged Staphylococcus aureus Fabi (1 to 771 residues) expressed in Escherichia coli BL21 incubated for 30 mins in presence of NADPH by fluorescence based microplate reader analysis";"B";"BAO_0000019";"assay format";"Staphylococcus aureus";"None";"None";"None";"None";"";"";"";"CHEMBL3994";"Enoyl-[acyl-carrier-protein] reductase [NADPH] FabI";"Staphylococcus aureus";"SINGLE PROTEIN";"CHEMBL5500393";"1";"Scientific Literature";"J Med Chem";"2024";"None";"TIME = 0.5 hr";"";"";""
"CHEMBL5512493";"";"None";"468.27";"0";"4.80";"n41";"Cn1c(C2CC(=O)N(c3cccc(Br)c3OCC(F)(F)F)C2)nc2ccccc21";"IC50";"";"";"";"";"";"Not Determined";"";"";"";"";"";"0";"CHEMBL5503720";"Inhibition of N-terminal his 6 tagged Staphylococcus aureus Fabi (1 to 771 residues) expressed in Escherichia coli BL21 incubated for 30 mins in presence of NADPH by fluorescence based microplate reader analysis";"B";"BAO_0000019";"assay format";"Staphylococcus aureus";"None";"None";"None";"None";"";"";"";"CHEMBL3994";"Enoyl-[acyl-carrier-protein] reductase [NADPH] FabI";"Staphylococcus aureus";"SINGLE PROTEIN";"CHEMBL5500393";"1";"Scientific Literature";"J Med Chem";"2024";"None";"TIME = 0.5 hr";"";"";""
"CHEMBL5557328";"";"None";"386.25";"0";"3.56";"n40";"Cn1c(C2CC(=O)N(c3cccc(Br)c3O)C2)nc2ccccc21";"IC50";"'='";"1879.5";"nM";"5.73";"";"";"UO_0000065";"14.82";"0.33";"2.17";"9.81";"0";"CHEMBL5503720";"Inhibition of N-terminal his 6 tagged Staphylococcus aureus Fabi (1 to 771 residues) expressed in Escherichia coli BL21 incubated for 30 mins in presence of NADPH by fluorescence based microplate reader analysis";"B";"BAO_0000019";"assay format";"Staphylococcus aureus";"None";"None";"None";"None";"";"";"";"CHEMBL3994";"Enoyl-[acyl-carrier-protein] reductase [NADPH] FabI";"Staphylococcus aureus";"SINGLE PROTEIN";"CHEMBL5500393";"1";"Scientific Literature";"J Med Chem";"2024";"None";"TIME = 0.5 hr";"INHIBITOR";"";"1879.5"
"CHEMBL6015805";"";"None";"418.50";"0";"2.58";"BDBM316894";"COc1ccccc1N1C[C@H]2CN(C(=O)/C=C/c3cnc4c(c3)CCC(=O)N4)C[C@H]2C1";"IC50";"'='";"1190.0";"nM";"5.92";"";"619699";"UO_0000065";"14.16";"0.26";"3.34";"7.92";"0";"CHEMBL5732078";"Enzyme Inhibition Assay: FabI enzyme inhibition assays were carried out in half-area, 384-well microtitre plates. Compounds were evaluated in 40-μl assay mixtures containing 100 mM NaADA, pH 6.5 (ADA=N-[2-acetamido]-2iminodiacetic acid), 250 μM crotonoyl-CoA, 625 μM NADH and 50 μg/ml S. aureus ATCC 29213 FabI. Inhibitors were typically varied over the range of 50 to 0.39 μM. The reaction mixtures were incubated for 30 minutes at room temperature and the reaction was stopped by adding 200 mM Tris buffer (pH 9.0) to create a pH-shift. The consumption of NADH was monitored by measuring the change in absorbance at 340. By comparing sample readings to those of negative (absence of compound) and positive (absence of enzyme) controls, the percent inhibition of enzymatic activity of the compounds was determined. A best-fit curve is fitted by a minimum of squares method.";"B";"BAO_0000357";"single protein format";"Staphylococcus aureus";"None";"None";"None";"None";"";"";"";"CHEMBL3994";"Enoyl-[acyl-carrier-protein] reductase [NADPH] FabI";"Staphylococcus aureus";"SINGLE PROTEIN";"CHEMBL5726112";"37";"BindingDB Patent Bioactivity Data";"";"2017";"None";"";"";"";"1190.0"
"CHEMBL72232";"";"None";"398.46";"0";"4.30";"3";"O=C(c1ccc(O)cc1)N1CCc2c(n(Cc3ccc(O)cc3)c3ccccc23)C1";"IC50";"'='";"110.0";"nM";"6.96";"";"";"UO_0000065";"17.46";"0.32";"2.66";"10.59";"1";"CHEMBL5231305";"Inhibition of Staphylococcus aureus FabI assessed as inhibition of bacterial growth by measuring the NADH consumption rate at 20 mins";"B";"BAO_0000357";"single protein format";"Staphylococcus aureus";"None";"None";"None";"None";"";"";"";"CHEMBL3994";"Enoyl-[acyl-carrier-protein] reductase [NADPH] FabI";"Staphylococcus aureus";"SINGLE PROTEIN";"CHEMBL5230110";"1";"Scientific Literature";"Eur J Med Chem";"2020";"None";"TIME = 0.3333 hr";"INHIBITOR";"";"0.11"
"CHEMBL5804105";"";"None";"390.44";"0";"2.70";"BDBM302064";"COc1ccncc1C1=CCN(C(=O)/C=C/c2cnc3c(c2)CCC(=O)N3)CC1";"IC50";"'='";"1990.0";"nM";"5.70";"";"578221";"UO_0000065";"14.60";"0.27";"3.00";"6.75";"0";"CHEMBL5731701";"Enzyme Inhibition Assay: FabI enzyme inhibition assays were carried out in half-area, 384-well microtitre plates. Compounds were evaluated in 40-μl assay mixtures containing 100 mM NaADA, pH 6.5 (ADA=N-[2-acetamido]-2iminodiacetic acid), 250 μM crotonoyl-CoA, 625 μM NADH and 50 μg/ml S. aureus ATCC 29213 FabI Inhibitors were typically varied over the range of 50 to 0.39 μM. The reaction mixtures were incubated for 30 minutes at room temperature and the reaction was stopped by adding 200 mM Tris buffer (pH 9.0) to create a pH-shift. The consumption of NADH was monitored by measuring the change in absorbance at 340. By comparing sample readings to those of negative (absence of compound) and positive (absence of enzyme) controls, the percent inhibition of enzymatic activity of the compounds was determined A best-fit curve is fitted by a minimum of squares method. From this an IC50-value (expressed in μg/ml), resulting in 50% inhibition of enzymatic activity, was obtained.";"B";"BAO_0000019";"assay format";"Staphylococcus aureus";"None";"None";"None";"None";"";"";"";"CHEMBL3994";"Enoyl-[acyl-carrier-protein] reductase [NADPH] FabI";"Staphylococcus aureus";"SINGLE PROTEIN";"CHEMBL5725922";"37";"BindingDB Patent Bioactivity Data";"";"2017";"None";"";"";"";"1990.0"
"CHEMBL5803149";"";"None";"389.46";"0";"3.30";"BDBM302065";"COc1ccccc1C1=CCCN(C(=O)/C=C/c2cnc3c(c2)CCC(=O)N3)C1";"IC50";"'='";"2050.0";"nM";"5.69";"";"578222";"UO_0000065";"14.61";"0.27";"2.39";"7.95";"0";"CHEMBL5731701";"Enzyme Inhibition Assay: FabI enzyme inhibition assays were carried out in half-area, 384-well microtitre plates. Compounds were evaluated in 40-μl assay mixtures containing 100 mM NaADA, pH 6.5 (ADA=N-[2-acetamido]-2iminodiacetic acid), 250 μM crotonoyl-CoA, 625 μM NADH and 50 μg/ml S. aureus ATCC 29213 FabI Inhibitors were typically varied over the range of 50 to 0.39 μM. The reaction mixtures were incubated for 30 minutes at room temperature and the reaction was stopped by adding 200 mM Tris buffer (pH 9.0) to create a pH-shift. The consumption of NADH was monitored by measuring the change in absorbance at 340. By comparing sample readings to those of negative (absence of compound) and positive (absence of enzyme) controls, the percent inhibition of enzymatic activity of the compounds was determined A best-fit curve is fitted by a minimum of squares method. From this an IC50-value (expressed in μg/ml), resulting in 50% inhibition of enzymatic activity, was obtained.";"B";"BAO_0000019";"assay format";"Staphylococcus aureus";"None";"None";"None";"None";"";"";"";"CHEMBL3994";"Enoyl-[acyl-carrier-protein] reductase [NADPH] FabI";"Staphylococcus aureus";"SINGLE PROTEIN";"CHEMBL5725922";"37";"BindingDB Patent Bioactivity Data";"";"2017";"None";"";"";"";"2050.0"
"CHEMBL3676397";"";"None";"329.40";"0";"1.60";"BDBM133660";"O=C1CCc2cc(/C=C/C(=O)N3CCC(CCO)CC3)cnc2N1";"IC50";"'='";"5300.0";"nM";"5.28";"";"305319";"UO_0000065";"16.02";"0.30";"3.68";"6.39";"1";"CHEMBL3705387";"Fluorescence Based Assay: The assay buffer 'AB' contained 50 mM ADA (N-(2-acetamido)iminodiacetic acid monosodium salt) pH 6.5, 1 mM dithiothreitol, 0.006% Triton-X100 and 50 mM NaCl. The following components are added in a white polystyrene Costar plate (Ref 3912) up to a final volume of 55.5 uL: 1.5 uL DMSO or inhibitor dissolved in DMSO and 54 uL of a FabI/NADPH/NADP+ mixture in AB. After 60 min of pre-incubation at room temperature, the reaction is started by addition of 5 uL of trans-2-octenoyl N-acetylcysteamine thioester (t-o-NAC) to a final volume of 60.5 uL. This reaction mixture is then composed of 2 nM FabI, 40 uM NADPH (Sigma, N7505), 10 uM NADP+(Sigma, N5755), 100 uM t-O-NAC and compound at defined concentration. Fluorescence intensity of NADPH (lamda=ex=360 nm, lamda=em=520 nm) is measured immediately after t-O-NAC addition (T0), and approximately 50 min later (T50) by a Fluostar Optima (BMG) so as to achieve ~30% of NADPH conversion.";"B";"BAO_0000357";"single protein format";"Staphylococcus aureus";"None";"None";"None";"None";"";"";"";"CHEMBL3994";"Enoyl-[acyl-carrier-protein] reductase [NADPH] FabI";"Staphylococcus aureus";"SINGLE PROTEIN";"CHEMBL3638908";"37";"BindingDB Patent Bioactivity Data";"";"2015";"None";"";"";"";"5300.0"
"CHEMBL3687975";"";"None";"409.46";"0";"3.44";"BDBM162330";"O=C1CCc2cc(/C=C/C(=O)N3CCCC(COc4ccc(F)cc4)C3)cnc2N1";"IC50";"'='";"1300.0";"nM";"5.89";"";"305324";"UO_0000065";"14.38";"0.27";"2.45";"8.23";"0";"CHEMBL3705387";"Fluorescence Based Assay: The assay buffer 'AB' contained 50 mM ADA (N-(2-acetamido)iminodiacetic acid monosodium salt) pH 6.5, 1 mM dithiothreitol, 0.006% Triton-X100 and 50 mM NaCl. The following components are added in a white polystyrene Costar plate (Ref 3912) up to a final volume of 55.5 uL: 1.5 uL DMSO or inhibitor dissolved in DMSO and 54 uL of a FabI/NADPH/NADP+ mixture in AB. After 60 min of pre-incubation at room temperature, the reaction is started by addition of 5 uL of trans-2-octenoyl N-acetylcysteamine thioester (t-o-NAC) to a final volume of 60.5 uL. This reaction mixture is then composed of 2 nM FabI, 40 uM NADPH (Sigma, N7505), 10 uM NADP+(Sigma, N5755), 100 uM t-O-NAC and compound at defined concentration. Fluorescence intensity of NADPH (lamda=ex=360 nm, lamda=em=520 nm) is measured immediately after t-O-NAC addition (T0), and approximately 50 min later (T50) by a Fluostar Optima (BMG) so as to achieve ~30% of NADPH conversion.";"B";"BAO_0000357";"single protein format";"Staphylococcus aureus";"None";"None";"None";"None";"";"";"";"CHEMBL3994";"Enoyl-[acyl-carrier-protein] reductase [NADPH] FabI";"Staphylococcus aureus";"SINGLE PROTEIN";"CHEMBL3638908";"37";"BindingDB Patent Bioactivity Data";"";"2015";"None";"";"";"";"1300.0"
"CHEMBL3676418";"";"None";"439.49";"0";"2.65";"BDBM133683";"O=C1Nc2ncc(/C=C/C(=O)N3CCC(COc4ccc(F)cc4)CC3)cc2CC1CO";"IC50";"'='";"81.0";"nM";"7.09";"";"305343";"UO_0000065";"16.14";"0.30";"4.44";"7.73";"1";"CHEMBL3705387";"Fluorescence Based Assay: The assay buffer 'AB' contained 50 mM ADA (N-(2-acetamido)iminodiacetic acid monosodium salt) pH 6.5, 1 mM dithiothreitol, 0.006% Triton-X100 and 50 mM NaCl. The following components are added in a white polystyrene Costar plate (Ref 3912) up to a final volume of 55.5 uL: 1.5 uL DMSO or inhibitor dissolved in DMSO and 54 uL of a FabI/NADPH/NADP+ mixture in AB. After 60 min of pre-incubation at room temperature, the reaction is started by addition of 5 uL of trans-2-octenoyl N-acetylcysteamine thioester (t-o-NAC) to a final volume of 60.5 uL. This reaction mixture is then composed of 2 nM FabI, 40 uM NADPH (Sigma, N7505), 10 uM NADP+(Sigma, N5755), 100 uM t-O-NAC and compound at defined concentration. Fluorescence intensity of NADPH (lamda=ex=360 nm, lamda=em=520 nm) is measured immediately after t-O-NAC addition (T0), and approximately 50 min later (T50) by a Fluostar Optima (BMG) so as to achieve ~30% of NADPH conversion.";"B";"BAO_0000357";"single protein format";"Staphylococcus aureus";"None";"None";"None";"None";"";"";"";"CHEMBL3994";"Enoyl-[acyl-carrier-protein] reductase [NADPH] FabI";"Staphylococcus aureus";"SINGLE PROTEIN";"CHEMBL3638908";"37";"BindingDB Patent Bioactivity Data";"";"2015";"None";"";"";"";"81.0"
"CHEMBL2178286";"";"None";"358.37";"0";"2.46";"BDBM50399405";"CCc1ccc(Oc2ccc(C(=O)N3CCNC(=O)C3)cc2F)c(O)c1";"IC50";"'='";"29.0";"nM";"7.54";"";"233862";"UO_0000065";"21.03";"0.40";"5.08";"9.56";"1";"CHEMBL3705967";"Inhibition Assay: The assay buffer AB contained 50 mM ADA (N-(2-acetamido)iminodiacetic acid monosodium salt) pH 6.5, 1 mM dithiothreitol, 0.006% Triton-X100 and 50 mM NaCl. The following components are added in a white polystyrene Costar plate (Ref 3912) up to a final volume of 55.5 uL: 1.5 uL DMSO or inhibitor dissolved in DMSO and 54 uL of a FabI/NADPH/NADP+ mixture in AB. After 60 min of pre-incubation at room temperature, the reaction is started by addition of 5 uL of trans-2-octenoyl N-acetylcysteamine thioester (t-o-NAC) to a final volume of 60.5 uL. This reaction mixture is then composed of 2 nM FabI, 40 uM NADPH (Sigma, N7505), 10 uM NADP+ (Sigma, N5755), 100 uM t-O-NAC and compound at defined concentration. Fluorescence intensity of NADPH (lamda=ex=360 nm, lamda=em=520 nm) is measured immediately after t-O-NAC addition (T0), and approximately 50 min later (T50) by a Fluostar Optima (BMG).";"B";"BAO_0000357";"single protein format";"Staphylococcus aureus";"None";"None";"None";"None";"";"";"";"CHEMBL3994";"Enoyl-[acyl-carrier-protein] reductase [NADPH] FabI";"Staphylococcus aureus";"SINGLE PROTEIN";"CHEMBL3638853";"37";"BindingDB Patent Bioactivity Data";"";"2014";"None";"";"";"";"29.0"
"CHEMBL5794629";"";"None";"377.44";"0";"3.05";"BDBM302045";"O=C1CCc2cc(/C=C/C(=O)N3CCCC(Oc4ccccc4)C3)cnc2N1";"IC50";"'='";"9320.0";"nM";"5.03";"";"578202";"UO_0000065";"13.33";"0.25";"1.98";"7.03";"0";"CHEMBL5731701";"Enzyme Inhibition Assay: FabI enzyme inhibition assays were carried out in half-area, 384-well microtitre plates. Compounds were evaluated in 40-μl assay mixtures containing 100 mM NaADA, pH 6.5 (ADA=N-[2-acetamido]-2iminodiacetic acid), 250 μM crotonoyl-CoA, 625 μM NADH and 50 μg/ml S. aureus ATCC 29213 FabI Inhibitors were typically varied over the range of 50 to 0.39 μM. The reaction mixtures were incubated for 30 minutes at room temperature and the reaction was stopped by adding 200 mM Tris buffer (pH 9.0) to create a pH-shift. The consumption of NADH was monitored by measuring the change in absorbance at 340. By comparing sample readings to those of negative (absence of compound) and positive (absence of enzyme) controls, the percent inhibition of enzymatic activity of the compounds was determined A best-fit curve is fitted by a minimum of squares method. From this an IC50-value (expressed in μg/ml), resulting in 50% inhibition of enzymatic activity, was obtained.";"B";"BAO_0000019";"assay format";"Staphylococcus aureus";"None";"None";"None";"None";"";"";"";"CHEMBL3994";"Enoyl-[acyl-carrier-protein] reductase [NADPH] FabI";"Staphylococcus aureus";"SINGLE PROTEIN";"CHEMBL5725922";"37";"BindingDB Patent Bioactivity Data";"";"2017";"None";"";"";"";"9320.0"
"CHEMBL5848982";"";"None";"361.45";"0";"3.39";"BDBM302048";"O=C1CCc2cc(/C=C/C(=O)N3CCC(c4ccccc4)CC3)cnc2N1";"IC50";"'='";"802.0";"nM";"6.10";"";"578205";"UO_0000065";"16.86";"0.31";"2.71";"9.78";"0";"CHEMBL5731701";"Enzyme Inhibition Assay: FabI enzyme inhibition assays were carried out in half-area, 384-well microtitre plates. Compounds were evaluated in 40-μl assay mixtures containing 100 mM NaADA, pH 6.5 (ADA=N-[2-acetamido]-2iminodiacetic acid), 250 μM crotonoyl-CoA, 625 μM NADH and 50 μg/ml S. aureus ATCC 29213 FabI Inhibitors were typically varied over the range of 50 to 0.39 μM. The reaction mixtures were incubated for 30 minutes at room temperature and the reaction was stopped by adding 200 mM Tris buffer (pH 9.0) to create a pH-shift. The consumption of NADH was monitored by measuring the change in absorbance at 340. By comparing sample readings to those of negative (absence of compound) and positive (absence of enzyme) controls, the percent inhibition of enzymatic activity of the compounds was determined A best-fit curve is fitted by a minimum of squares method. From this an IC50-value (expressed in μg/ml), resulting in 50% inhibition of enzymatic activity, was obtained.";"B";"BAO_0000019";"assay format";"Staphylococcus aureus";"None";"None";"None";"None";"";"";"";"CHEMBL3994";"Enoyl-[acyl-carrier-protein] reductase [NADPH] FabI";"Staphylococcus aureus";"SINGLE PROTEIN";"CHEMBL5725922";"37";"BindingDB Patent Bioactivity Data";"";"2017";"None";"";"";"";"802.0"
"CHEMBL5815933";"";"None";"411.89";"0";"3.14";"BDBM302055";"O=C1CCc2cc(/C=C/C(=O)N3CCC(O)(c4ccc(Cl)cc4)CC3)cnc2N1";"IC50";"'='";"1940.0";"nM";"5.71";"";"578212";"UO_0000065";"13.87";"0.27";"2.57";"6.92";"0";"CHEMBL5731701";"Enzyme Inhibition Assay: FabI enzyme inhibition assays were carried out in half-area, 384-well microtitre plates. Compounds were evaluated in 40-μl assay mixtures containing 100 mM NaADA, pH 6.5 (ADA=N-[2-acetamido]-2iminodiacetic acid), 250 μM crotonoyl-CoA, 625 μM NADH and 50 μg/ml S. aureus ATCC 29213 FabI Inhibitors were typically varied over the range of 50 to 0.39 μM. The reaction mixtures were incubated for 30 minutes at room temperature and the reaction was stopped by adding 200 mM Tris buffer (pH 9.0) to create a pH-shift. The consumption of NADH was monitored by measuring the change in absorbance at 340. By comparing sample readings to those of negative (absence of compound) and positive (absence of enzyme) controls, the percent inhibition of enzymatic activity of the compounds was determined A best-fit curve is fitted by a minimum of squares method. From this an IC50-value (expressed in μg/ml), resulting in 50% inhibition of enzymatic activity, was obtained.";"B";"BAO_0000019";"assay format";"Staphylococcus aureus";"None";"None";"None";"None";"";"";"";"CHEMBL3994";"Enoyl-[acyl-carrier-protein] reductase [NADPH] FabI";"Staphylococcus aureus";"SINGLE PROTEIN";"CHEMBL5725922";"37";"BindingDB Patent Bioactivity Data";"";"2017";"None";"";"";"";"1940.0"
"CHEMBL3322675";"";"None";"363.42";"0";"2.41";"AEA3";"O=C1CCc2cc(/C=C/C(=O)N3CC(OCc4ccccc4)C3)cnc2N1";"IC50";"'='";"376.0";"nM";"6.42";"";"";"UO_0000065";"17.68";"0.32";"4.01";"8.98";"0";"CHEMBL3365684";"Inhibition of Staphylococcus aureus FabI-mediated reduction of enoyl-ACP preincubated for 30 mins measured after 2 hrs by spectrophotometry";"B";"BAO_0000357";"single protein format";"Staphylococcus aureus";"None";"None";"None";"None";"";"";"";"CHEMBL3994";"Enoyl-[acyl-carrier-protein] reductase [NADPH] FabI";"Staphylococcus aureus";"SINGLE PROTEIN";"CHEMBL3352330";"1";"Scientific Literature";"Eur J Med Chem";"2014";"None";"";"";"";"0.376"
"CHEMBL3322718";"";"None";"387.44";"0";"3.66";"AEA16";"Cc1c(C2CN(C(=O)/C=C/c3cnc4c(c3)CCC(=O)N4)C2)oc2ccccc12";"IC50";"'='";"141.0";"nM";"6.85";"";"";"UO_0000065";"17.68";"0.32";"3.19";"9.08";"0";"CHEMBL3365684";"Inhibition of Staphylococcus aureus FabI-mediated reduction of enoyl-ACP preincubated for 30 mins measured after 2 hrs by spectrophotometry";"B";"BAO_0000357";"single protein format";"Staphylococcus aureus";"None";"None";"None";"None";"";"";"";"CHEMBL3994";"Enoyl-[acyl-carrier-protein] reductase [NADPH] FabI";"Staphylococcus aureus";"SINGLE PROTEIN";"CHEMBL3352330";"1";"Scientific Literature";"Eur J Med Chem";"2014";"None";"";"";"";"0.141"
"CHEMBL3322719";"";"None";"417.47";"0";"3.67";"AEA17";"COc1ccc2oc(C3CN(C(=O)/C=C/c4cnc5c(c4)CCC(=O)N5)C3)c(C)c2c1";"IC50";"";"";"";"";"";"Not Determined";"";"";"";"";"";"0";"CHEMBL3365684";"Inhibition of Staphylococcus aureus FabI-mediated reduction of enoyl-ACP preincubated for 30 mins measured after 2 hrs by spectrophotometry";"B";"BAO_0000357";"single protein format";"Staphylococcus aureus";"None";"None";"None";"None";"";"";"";"CHEMBL3994";"Enoyl-[acyl-carrier-protein] reductase [NADPH] FabI";"Staphylococcus aureus";"SINGLE PROTEIN";"CHEMBL3352330";"1";"Scientific Literature";"Eur J Med Chem";"2014";"None";"";"";"";""
"CHEMBL3322723";"";"None";"333.39";"0";"2.61";"AEA21";"O=C1CCc2cc(/C=C/C(=O)N3CC(c4ccccc4)C3)cnc2N1";"IC50";"'='";"488.0";"nM";"6.31";"";"";"UO_0000065";"18.93";"0.34";"3.70";"10.13";"0";"CHEMBL3365684";"Inhibition of Staphylococcus aureus FabI-mediated reduction of enoyl-ACP preincubated for 30 mins measured after 2 hrs by spectrophotometry";"B";"BAO_0000357";"single protein format";"Staphylococcus aureus";"None";"None";"None";"None";"";"";"";"CHEMBL3994";"Enoyl-[acyl-carrier-protein] reductase [NADPH] FabI";"Staphylococcus aureus";"SINGLE PROTEIN";"CHEMBL3352330";"1";"Scientific Literature";"Eur J Med Chem";"2014";"None";"";"";"";"0.488"
"CHEMBL5278258";"";"None";"690.83";"4";"5.53";"84";"CCCCCCCCCCCCCCCCc1cc(OC2OC(CO)C(O)C(O)C2O)cc(O)c1C(=O)Oc1cc(C)c(C(=O)O)c(O)c1";"IC50";"'='";"3200.0";"nM";"5.50";"";"";"UO_0000065";"7.95";"0.15";"-0.04";"2.70";"0";"CHEMBL5231344";"Inhibition of Staphylococcus aureus ATCC 29213 FabI in the presence of NADH using crotonyl CoA as substrate by measuring NADH consumption rate";"B";"BAO_0000357";"single protein format";"Staphylococcus aureus";"None";"None";"None";"None";"";"";"";"CHEMBL3994";"Enoyl-[acyl-carrier-protein] reductase [NADPH] FabI";"Staphylococcus aureus";"SINGLE PROTEIN";"CHEMBL5230110";"1";"Scientific Literature";"Eur J Med Chem";"2020";"None";"";"INHIBITOR";"";"3.2"
"CHEMBL3676407";"";"None";"377.44";"0";"2.49";"BDBM133670";"O=C1CCc2cc(/C=C/C(=O)N3CCC(O)(c4ccccc4)CC3)cnc2N1";"IC50";"'='";"340.0";"nM";"6.47";"";"266528";"UO_0000065";"17.14";"0.32";"3.98";"7.84";"0";"CHEMBL3705478";"Fluorescence Based Assay: Compound inhibitory activity of FabI enzyme is measured in vitro by the IC5 so determination using a fluorescence based assay.The protein FabI from S. aureus is prepared and purified using standard methods for recombinant protein expression after cloning of the gene in a prokaryotic expression vector.The biochemical activity of the FabI enzyme is assessed using the following method.The assay buffer AB contained 50 mM ADA (N-(2-acetamido)iminodiacetic acid monosodium salt) pH 6.5, 1 mM dithiothreitol, 0.006% Triton-X100 and 50 mM NaCl.The following components are added in a white polystyrene Costar plate (Ref 3912) up to a final volume of 55.5 uL: 1.5 uL DMSO or inhibitor dissolved in DMSO and 54 uL of a FabI/NADPH/NADP+ mixture in AB. After 60 min of pre-incubation at room temperature, the reaction is started by addition of 5 uL of trans-2-octenoyl N-acetylcysteamine thioester (t-o-NAC) to a final volume of 60.5 uL.";"B";"BAO_0000019";"assay format";"Staphylococcus aureus";"None";"None";"None";"None";"";"";"";"CHEMBL3994";"Enoyl-[acyl-carrier-protein] reductase [NADPH] FabI";"Staphylococcus aureus";"SINGLE PROTEIN";"CHEMBL3638382";"37";"BindingDB Patent Bioactivity Data";"";"2014";"None";"";"";"";"340.0"
"CHEMBL3676408";"";"None";"343.43";"0";"2.40";"BDBM133671";"CCCCCOC1CN(C(=O)/C=C/c2cnc3c(c2)CCC(=O)N3)C1";"IC50";"'='";"25.0";"nM";"7.60";"";"266529";"UO_0000065";"22.14";"0.42";"5.20";"10.63";"0";"CHEMBL3705478";"Fluorescence Based Assay: Compound inhibitory activity of FabI enzyme is measured in vitro by the IC5 so determination using a fluorescence based assay.The protein FabI from S. aureus is prepared and purified using standard methods for recombinant protein expression after cloning of the gene in a prokaryotic expression vector.The biochemical activity of the FabI enzyme is assessed using the following method.The assay buffer AB contained 50 mM ADA (N-(2-acetamido)iminodiacetic acid monosodium salt) pH 6.5, 1 mM dithiothreitol, 0.006% Triton-X100 and 50 mM NaCl.The following components are added in a white polystyrene Costar plate (Ref 3912) up to a final volume of 55.5 uL: 1.5 uL DMSO or inhibitor dissolved in DMSO and 54 uL of a FabI/NADPH/NADP+ mixture in AB. After 60 min of pre-incubation at room temperature, the reaction is started by addition of 5 uL of trans-2-octenoyl N-acetylcysteamine thioester (t-o-NAC) to a final volume of 60.5 uL.";"B";"BAO_0000019";"assay format";"Staphylococcus aureus";"None";"None";"None";"None";"";"";"";"CHEMBL3994";"Enoyl-[acyl-carrier-protein] reductase [NADPH] FabI";"Staphylococcus aureus";"SINGLE PROTEIN";"CHEMBL3638382";"37";"BindingDB Patent Bioactivity Data";"";"2014";"None";"";"";"";"25.0"
"CHEMBL6024265";"";"None";"376.46";"0";"2.86";"BDBM302078";"O=C1CCc2cc(/C=C/C(=O)N3CCC(Cc4ccccn4)CC3)cnc2N1";"IC50";"'='";"1270.0";"nM";"5.90";"";"578235";"UO_0000065";"15.66";"0.29";"3.04";"7.84";"0";"CHEMBL5731701";"Enzyme Inhibition Assay: FabI enzyme inhibition assays were carried out in half-area, 384-well microtitre plates. Compounds were evaluated in 40-μl assay mixtures containing 100 mM NaADA, pH 6.5 (ADA=N-[2-acetamido]-2iminodiacetic acid), 250 μM crotonoyl-CoA, 625 μM NADH and 50 μg/ml S. aureus ATCC 29213 FabI Inhibitors were typically varied over the range of 50 to 0.39 μM. The reaction mixtures were incubated for 30 minutes at room temperature and the reaction was stopped by adding 200 mM Tris buffer (pH 9.0) to create a pH-shift. The consumption of NADH was monitored by measuring the change in absorbance at 340. By comparing sample readings to those of negative (absence of compound) and positive (absence of enzyme) controls, the percent inhibition of enzymatic activity of the compounds was determined A best-fit curve is fitted by a minimum of squares method. From this an IC50-value (expressed in μg/ml), resulting in 50% inhibition of enzymatic activity, was obtained.";"B";"BAO_0000019";"assay format";"Staphylococcus aureus";"None";"None";"None";"None";"";"";"";"CHEMBL3994";"Enoyl-[acyl-carrier-protein] reductase [NADPH] FabI";"Staphylococcus aureus";"SINGLE PROTEIN";"CHEMBL5725922";"37";"BindingDB Patent Bioactivity Data";"";"2017";"None";"";"";"";"1270.0"
"CHEMBL5865738";"";"None";"341.41";"0";"1.86";"BDBM316915";"COC1CC2CN(C(=O)/C=C/c3cnc4c(c3)CCC(=O)N4)CC2C1";"IC50";"'='";"4150.0";"nM";"5.38";"";"619720";"UO_0000065";"15.76";"0.29";"3.52";"7.52";"0";"CHEMBL5732078";"Enzyme Inhibition Assay: FabI enzyme inhibition assays were carried out in half-area, 384-well microtitre plates. Compounds were evaluated in 40-μl assay mixtures containing 100 mM NaADA, pH 6.5 (ADA=N-[2-acetamido]-2iminodiacetic acid), 250 μM crotonoyl-CoA, 625 μM NADH and 50 μg/ml S. aureus ATCC 29213 FabI. Inhibitors were typically varied over the range of 50 to 0.39 μM. The reaction mixtures were incubated for 30 minutes at room temperature and the reaction was stopped by adding 200 mM Tris buffer (pH 9.0) to create a pH-shift. The consumption of NADH was monitored by measuring the change in absorbance at 340. By comparing sample readings to those of negative (absence of compound) and positive (absence of enzyme) controls, the percent inhibition of enzymatic activity of the compounds was determined. A best-fit curve is fitted by a minimum of squares method.";"B";"BAO_0000357";"single protein format";"Staphylococcus aureus";"None";"None";"None";"None";"";"";"";"CHEMBL3994";"Enoyl-[acyl-carrier-protein] reductase [NADPH] FabI";"Staphylococcus aureus";"SINGLE PROTEIN";"CHEMBL5726112";"37";"BindingDB Patent Bioactivity Data";"";"2017";"None";"";"";"";"4150.0"
"CHEMBL5776184";"";"None";"388.47";"0";"2.57";"BDBM316889";"O=C1CCc2cc(/C=C/C(=O)N3C[C@@H]4CN(c5ccccc5)C[C@@H]4C3)cnc2N1";"IC50";"'='";"2000.0";"nM";"5.70";"";"619694";"UO_0000065";"14.67";"0.27";"3.13";"8.70";"0";"CHEMBL5732078";"Enzyme Inhibition Assay: FabI enzyme inhibition assays were carried out in half-area, 384-well microtitre plates. Compounds were evaluated in 40-μl assay mixtures containing 100 mM NaADA, pH 6.5 (ADA=N-[2-acetamido]-2iminodiacetic acid), 250 μM crotonoyl-CoA, 625 μM NADH and 50 μg/ml S. aureus ATCC 29213 FabI. Inhibitors were typically varied over the range of 50 to 0.39 μM. The reaction mixtures were incubated for 30 minutes at room temperature and the reaction was stopped by adding 200 mM Tris buffer (pH 9.0) to create a pH-shift. The consumption of NADH was monitored by measuring the change in absorbance at 340. By comparing sample readings to those of negative (absence of compound) and positive (absence of enzyme) controls, the percent inhibition of enzymatic activity of the compounds was determined. A best-fit curve is fitted by a minimum of squares method.";"B";"BAO_0000357";"single protein format";"Staphylococcus aureus";"None";"None";"None";"None";"";"";"";"CHEMBL3994";"Enoyl-[acyl-carrier-protein] reductase [NADPH] FabI";"Staphylococcus aureus";"SINGLE PROTEIN";"CHEMBL5726112";"37";"BindingDB Patent Bioactivity Data";"";"2017";"None";"";"";"";"2000.0"
"CHEMBL5836482";"";"None";"389.46";"0";"3.44";"BDBM316938";"Cc1ccc(C2=CC3CN(C(=O)/C=C/c4cnc5c(c4)CCC(=O)N5)CC3C2)o1";"IC50";"'='";"1590.0";"nM";"5.80";"";"619743";"UO_0000065";"14.89";"0.27";"2.36";"7.69";"0";"CHEMBL5732078";"Enzyme Inhibition Assay: FabI enzyme inhibition assays were carried out in half-area, 384-well microtitre plates. Compounds were evaluated in 40-μl assay mixtures containing 100 mM NaADA, pH 6.5 (ADA=N-[2-acetamido]-2iminodiacetic acid), 250 μM crotonoyl-CoA, 625 μM NADH and 50 μg/ml S. aureus ATCC 29213 FabI. Inhibitors were typically varied over the range of 50 to 0.39 μM. The reaction mixtures were incubated for 30 minutes at room temperature and the reaction was stopped by adding 200 mM Tris buffer (pH 9.0) to create a pH-shift. The consumption of NADH was monitored by measuring the change in absorbance at 340. By comparing sample readings to those of negative (absence of compound) and positive (absence of enzyme) controls, the percent inhibition of enzymatic activity of the compounds was determined. A best-fit curve is fitted by a minimum of squares method.";"B";"BAO_0000357";"single protein format";"Staphylococcus aureus";"None";"None";"None";"None";"";"";"";"CHEMBL3994";"Enoyl-[acyl-carrier-protein] reductase [NADPH] FabI";"Staphylococcus aureus";"SINGLE PROTEIN";"CHEMBL5726112";"37";"BindingDB Patent Bioactivity Data";"";"2017";"None";"";"";"";"1590.0"
"CHEMBL5556675";"";"None";"307.40";"0";"3.76";"f12";"Cc1cccc(NC(=O)CCc2nc3ccccc3n2C)c1C";"IC50";"";"";"";"";"";"Not Determined";"";"";"";"";"";"0";"CHEMBL5503720";"Inhibition of N-terminal his 6 tagged Staphylococcus aureus Fabi (1 to 771 residues) expressed in Escherichia coli BL21 incubated for 30 mins in presence of NADPH by fluorescence based microplate reader analysis";"B";"BAO_0000019";"assay format";"Staphylococcus aureus";"None";"None";"None";"None";"";"";"";"CHEMBL3994";"Enoyl-[acyl-carrier-protein] reductase [NADPH] FabI";"Staphylococcus aureus";"SINGLE PROTEIN";"CHEMBL5500393";"1";"Scientific Literature";"J Med Chem";"2024";"None";"TIME = 0.5 hr";"";"";""
"CHEMBL309025";"";"None";"432.91";"0";"4.95";"4";"O=C(c1ccc(Cl)cc1O)N1CCc2c(n(Cc3ccc(O)cc3)c3ccccc23)C1";"IC50";"'='";"160.0";"nM";"6.80";"";"";"UO_0000065";"15.70";"0.30";"1.85";"10.34";"1";"CHEMBL5231305";"Inhibition of Staphylococcus aureus FabI assessed as inhibition of bacterial growth by measuring the NADH consumption rate at 20 mins";"B";"BAO_0000357";"single protein format";"Staphylococcus aureus";"None";"None";"None";"None";"";"";"";"CHEMBL3994";"Enoyl-[acyl-carrier-protein] reductase [NADPH] FabI";"Staphylococcus aureus";"SINGLE PROTEIN";"CHEMBL5230110";"1";"Scientific Literature";"Eur J Med Chem";"2020";"None";"TIME = 0.3333 hr";"INHIBITOR";"";"0.16"
"CHEMBL3676406";"";"None";"367.41";"0";"2.42";"BDBM133669";"Cc1nc(C2CCCCN2C(=O)/C=C/c2cnc3c(c2)CCC(=O)N3)no1";"IC50";"'='";"4100.0";"nM";"5.39";"";"266527";"UO_0000065";"14.66";"0.27";"2.97";"5.32";"0";"CHEMBL3705478";"Fluorescence Based Assay: Compound inhibitory activity of FabI enzyme is measured in vitro by the IC5 so determination using a fluorescence based assay.The protein FabI from S. aureus is prepared and purified using standard methods for recombinant protein expression after cloning of the gene in a prokaryotic expression vector.The biochemical activity of the FabI enzyme is assessed using the following method.The assay buffer AB contained 50 mM ADA (N-(2-acetamido)iminodiacetic acid monosodium salt) pH 6.5, 1 mM dithiothreitol, 0.006% Triton-X100 and 50 mM NaCl.The following components are added in a white polystyrene Costar plate (Ref 3912) up to a final volume of 55.5 uL: 1.5 uL DMSO or inhibitor dissolved in DMSO and 54 uL of a FabI/NADPH/NADP+ mixture in AB. After 60 min of pre-incubation at room temperature, the reaction is started by addition of 5 uL of trans-2-octenoyl N-acetylcysteamine thioester (t-o-NAC) to a final volume of 60.5 uL.";"B";"BAO_0000019";"assay format";"Staphylococcus aureus";"None";"None";"None";"None";"";"";"";"CHEMBL3994";"Enoyl-[acyl-carrier-protein] reductase [NADPH] FabI";"Staphylococcus aureus";"SINGLE PROTEIN";"CHEMBL3638382";"37";"BindingDB Patent Bioactivity Data";"";"2014";"None";"";"";"";"4100.0"
"CHEMBL3676411";"";"None";"327.38";"0";"1.78";"BDBM133675";"C=C(C)COC1CN(C(=O)/C=C/c2cnc3c(c2)CCC(=O)N3)C1";"IC50";"'='";"170.0";"nM";"6.77";"";"266533";"UO_0000065";"20.68";"0.39";"4.99";"9.46";"0";"CHEMBL3705478";"Fluorescence Based Assay: Compound inhibitory activity of FabI enzyme is measured in vitro by the IC5 so determination using a fluorescence based assay.The protein FabI from S. aureus is prepared and purified using standard methods for recombinant protein expression after cloning of the gene in a prokaryotic expression vector.The biochemical activity of the FabI enzyme is assessed using the following method.The assay buffer AB contained 50 mM ADA (N-(2-acetamido)iminodiacetic acid monosodium salt) pH 6.5, 1 mM dithiothreitol, 0.006% Triton-X100 and 50 mM NaCl.The following components are added in a white polystyrene Costar plate (Ref 3912) up to a final volume of 55.5 uL: 1.5 uL DMSO or inhibitor dissolved in DMSO and 54 uL of a FabI/NADPH/NADP+ mixture in AB. After 60 min of pre-incubation at room temperature, the reaction is started by addition of 5 uL of trans-2-octenoyl N-acetylcysteamine thioester (t-o-NAC) to a final volume of 60.5 uL.";"B";"BAO_0000019";"assay format";"Staphylococcus aureus";"None";"None";"None";"None";"";"";"";"CHEMBL3994";"Enoyl-[acyl-carrier-protein] reductase [NADPH] FabI";"Staphylococcus aureus";"SINGLE PROTEIN";"CHEMBL3638382";"37";"BindingDB Patent Bioactivity Data";"";"2014";"None";"";"";"";"170.0"
"CHEMBL3676396";"";"None";"285.35";"0";"1.99";"BDBM133659";"O=C1CCc2cc(/C=C/C(=O)N3CCCCC3)cnc2N1";"IC50";"'='";"9560.0";"nM";"5.02";"";"578227";"UO_0000065";"17.59";"0.33";"3.03";"8.06";"1";"CHEMBL5731701";"Enzyme Inhibition Assay: FabI enzyme inhibition assays were carried out in half-area, 384-well microtitre plates. Compounds were evaluated in 40-μl assay mixtures containing 100 mM NaADA, pH 6.5 (ADA=N-[2-acetamido]-2iminodiacetic acid), 250 μM crotonoyl-CoA, 625 μM NADH and 50 μg/ml S. aureus ATCC 29213 FabI Inhibitors were typically varied over the range of 50 to 0.39 μM. The reaction mixtures were incubated for 30 minutes at room temperature and the reaction was stopped by adding 200 mM Tris buffer (pH 9.0) to create a pH-shift. The consumption of NADH was monitored by measuring the change in absorbance at 340. By comparing sample readings to those of negative (absence of compound) and positive (absence of enzyme) controls, the percent inhibition of enzymatic activity of the compounds was determined A best-fit curve is fitted by a minimum of squares method. From this an IC50-value (expressed in μg/ml), resulting in 50% inhibition of enzymatic activity, was obtained.";"B";"BAO_0000019";"assay format";"Staphylococcus aureus";"None";"None";"None";"None";"";"";"";"CHEMBL3994";"Enoyl-[acyl-carrier-protein] reductase [NADPH] FabI";"Staphylococcus aureus";"SINGLE PROTEIN";"CHEMBL5725922";"37";"BindingDB Patent Bioactivity Data";"";"2017";"None";"";"";"";"9560.0"
"CHEMBL2018876";"MORACIN C";"None";"310.35";"0";"4.73";"90";"CC(C)=CCc1c(O)cc(-c2cc3ccc(O)cc3o2)cc1O";"IC50";"'='";"83800.0";"nM";"4.08";"";"";"UO_0000065";"13.14";"0.24";"-0.65";"5.52";"1";"CHEMBL5231370";"Inhibition of Staphylococcus aureus FabI assessed as inhibition at 10 uM";"B";"BAO_0000357";"single protein format";"Staphylococcus aureus";"None";"None";"None";"None";"";"";"";"CHEMBL3994";"Enoyl-[acyl-carrier-protein] reductase [NADPH] FabI";"Staphylococcus aureus";"SINGLE PROTEIN";"CHEMBL5230110";"1";"Scientific Literature";"Eur J Med Chem";"2020";"None";"DOSE = 10.0 microM";"INHIBITOR";"";"83.8"
"CHEMBL5517799";"";"None";"329.76";"0";"3.88";"m28";"O=C1CC(c2nc3ccccc3[nH]2)CN1c1cccc(Cl)c1F";"IC50";"";"";"";"";"";"Not Determined";"";"";"";"";"";"0";"CHEMBL5503720";"Inhibition of N-terminal his 6 tagged Staphylococcus aureus Fabi (1 to 771 residues) expressed in Escherichia coli BL21 incubated for 30 mins in presence of NADPH by fluorescence based microplate reader analysis";"B";"BAO_0000019";"assay format";"Staphylococcus aureus";"None";"None";"None";"None";"";"";"";"CHEMBL3994";"Enoyl-[acyl-carrier-protein] reductase [NADPH] FabI";"Staphylococcus aureus";"SINGLE PROTEIN";"CHEMBL5500393";"1";"Scientific Literature";"J Med Chem";"2024";"None";"TIME = 0.5 hr";"";"";""
"CHEMBL5559358";"";"None";"420.26";"0";"4.44";"o4";"Cc1c(Br)cccc1N1CC(c2nc3cc(F)c(F)cc3n2C)CC1=O";"IC50";"'='";"5293.1";"nM";"5.28";"";"";"UO_0000065";"12.55";"0.28";"0.84";"13.84";"0";"CHEMBL5503720";"Inhibition of N-terminal his 6 tagged Staphylococcus aureus Fabi (1 to 771 residues) expressed in Escherichia coli BL21 incubated for 30 mins in presence of NADPH by fluorescence based microplate reader analysis";"B";"BAO_0000019";"assay format";"Staphylococcus aureus";"None";"None";"None";"None";"";"";"";"CHEMBL3994";"Enoyl-[acyl-carrier-protein] reductase [NADPH] FabI";"Staphylococcus aureus";"SINGLE PROTEIN";"CHEMBL5500393";"1";"Scientific Literature";"J Med Chem";"2024";"None";"TIME = 0.5 hr";"INHIBITOR";"";"5293.1"
"CHEMBL5517973";"";"None";"295.35";"0";"1.83";"n3";"Cn1ccc(N2CC(c3nc4ccccc4n3C)CC2=O)n1";"IC50";"";"";"";"";"";"Not Determined";"";"";"";"";"";"0";"CHEMBL5503720";"Inhibition of N-terminal his 6 tagged Staphylococcus aureus Fabi (1 to 771 residues) expressed in Escherichia coli BL21 incubated for 30 mins in presence of NADPH by fluorescence based microplate reader analysis";"B";"BAO_0000019";"assay format";"Staphylococcus aureus";"None";"None";"None";"None";"";"";"";"CHEMBL3994";"Enoyl-[acyl-carrier-protein] reductase [NADPH] FabI";"Staphylococcus aureus";"SINGLE PROTEIN";"CHEMBL5500393";"1";"Scientific Literature";"J Med Chem";"2024";"None";"TIME = 0.5 hr";"";"";""
"CHEMBL5558619";"";"None";"376.46";"0";"2.93";"n13";"Cn1c(C2CC(=O)N(c3ccc(N4CCOCC4)cc3)C2)nc2ccccc21";"IC50";"";"";"";"";"";"Not Determined";"";"";"";"";"";"0";"CHEMBL5503720";"Inhibition of N-terminal his 6 tagged Staphylococcus aureus Fabi (1 to 771 residues) expressed in Escherichia coli BL21 incubated for 30 mins in presence of NADPH by fluorescence based microplate reader analysis";"B";"BAO_0000019";"assay format";"Staphylococcus aureus";"None";"None";"None";"None";"";"";"";"CHEMBL3994";"Enoyl-[acyl-carrier-protein] reductase [NADPH] FabI";"Staphylococcus aureus";"SINGLE PROTEIN";"CHEMBL5500393";"1";"Scientific Literature";"J Med Chem";"2024";"None";"TIME = 0.5 hr";"";"";""
"CHEMBL5556664";"";"None";"350.38";"0";"3.31";"n25";"Cc1c(N2CC(c3nc4ccccc4n3C)CC2=O)cccc1[N+](=O)[O-]";"IC50";"'='";"1516.4";"nM";"5.82";"";"";"UO_0000065";"16.61";"0.31";"2.51";"7.16";"0";"CHEMBL5503720";"Inhibition of N-terminal his 6 tagged Staphylococcus aureus Fabi (1 to 771 residues) expressed in Escherichia coli BL21 incubated for 30 mins in presence of NADPH by fluorescence based microplate reader analysis";"B";"BAO_0000019";"assay format";"Staphylococcus aureus";"None";"None";"None";"None";"";"";"";"CHEMBL3994";"Enoyl-[acyl-carrier-protein] reductase [NADPH] FabI";"Staphylococcus aureus";"SINGLE PROTEIN";"CHEMBL5500393";"1";"Scientific Literature";"J Med Chem";"2024";"None";"TIME = 0.5 hr";"INHIBITOR";"";"1516.4"
"CHEMBL5542140";"";"None";"351.41";"0";"3.11";"n27";"COc1cccc(N2CC(c3nc4ccccc4n3C)CC2=O)c1OC";"IC50";"";"";"";"";"";"Not Determined";"";"";"";"";"";"0";"CHEMBL5503720";"Inhibition of N-terminal his 6 tagged Staphylococcus aureus Fabi (1 to 771 residues) expressed in Escherichia coli BL21 incubated for 30 mins in presence of NADPH by fluorescence based microplate reader analysis";"B";"BAO_0000019";"assay format";"Staphylococcus aureus";"None";"None";"None";"None";"";"";"";"CHEMBL3994";"Enoyl-[acyl-carrier-protein] reductase [NADPH] FabI";"Staphylococcus aureus";"SINGLE PROTEIN";"CHEMBL5500393";"1";"Scientific Literature";"J Med Chem";"2024";"None";"TIME = 0.5 hr";"";"";""
"CHEMBL72900";"";"None";"412.49";"0";"4.61";"5";"Cc1ccc(C(=O)N2CCc3c(n(Cc4ccc(O)cc4)c4ccccc34)C2)c(O)c1";"IC50";"'='";"120.0";"nM";"6.92";"";"";"UO_0000065";"16.78";"0.30";"2.31";"10.53";"1";"CHEMBL5231305";"Inhibition of Staphylococcus aureus FabI assessed as inhibition of bacterial growth by measuring the NADH consumption rate at 20 mins";"B";"BAO_0000357";"single protein format";"Staphylococcus aureus";"None";"None";"None";"None";"";"";"";"CHEMBL3994";"Enoyl-[acyl-carrier-protein] reductase [NADPH] FabI";"Staphylococcus aureus";"SINGLE PROTEIN";"CHEMBL5230110";"1";"Scientific Literature";"Eur J Med Chem";"2020";"None";"TIME = 0.3333 hr";"INHIBITOR";"";"0.12"
"CHEMBL1652621";"AFN-1252";"2.0";"375.43";"0";"3.69";"19, AFN-1252";"Cc1c(CN(C)C(=O)/C=C/c2cnc3c(c2)CCC(=O)N3)oc2ccccc12";"IC50";"'='";"14.0";"nM";"7.85";"";"";"UO_0000065";"20.92";"0.38";"4.16";"10.41";"0";"CHEMBL5231305";"Inhibition of Staphylococcus aureus FabI assessed as inhibition of bacterial growth by measuring the NADH consumption rate at 20 mins";"B";"BAO_0000357";"single protein format";"Staphylococcus aureus";"None";"None";"None";"None";"";"";"";"CHEMBL3994";"Enoyl-[acyl-carrier-protein] reductase [NADPH] FabI";"Staphylococcus aureus";"SINGLE PROTEIN";"CHEMBL5230110";"1";"Scientific Literature";"Eur J Med Chem";"2020";"None";"TIME = 0.3333 hr";"INHIBITOR";"";"14.0"
"CHEMBL3322718";"";"None";"387.44";"0";"3.66";"27";"Cc1c(C2CN(C(=O)/C=C/c3cnc4c(c3)CCC(=O)N4)C2)oc2ccccc12";"IC50";"'='";"140.0";"nM";"6.85";"";"";"UO_0000065";"17.69";"0.32";"3.19";"9.09";"1";"CHEMBL5231305";"Inhibition of Staphylococcus aureus FabI assessed as inhibition of bacterial growth by measuring the NADH consumption rate at 20 mins";"B";"BAO_0000357";"single protein format";"Staphylococcus aureus";"None";"None";"None";"None";"";"";"";"CHEMBL3994";"Enoyl-[acyl-carrier-protein] reductase [NADPH] FabI";"Staphylococcus aureus";"SINGLE PROTEIN";"CHEMBL5230110";"1";"Scientific Literature";"Eur J Med Chem";"2020";"None";"TIME = 0.3333 hr";"INHIBITOR";"";"0.14"
"CHEMBL3623392";"";"None";"322.36";"0";"4.63";"46";"Cc1ccc(Oc2coc(COc3ccccc3)cc2=O)c(C)c1";"IC50";"'='";"380000.0";"nM";"";"Potential transcription error";"";"UO_0000065";"";"";"";"";"1";"CHEMBL5231308";"Inhibition of Staphylococcus aureus FabI in the presence of NADH using crotonyl CoA as substrate by measuring NADH consumption rate";"B";"BAO_0000357";"single protein format";"Staphylococcus aureus";"None";"None";"None";"None";"";"";"";"CHEMBL3994";"Enoyl-[acyl-carrier-protein] reductase [NADPH] FabI";"Staphylococcus aureus";"SINGLE PROTEIN";"CHEMBL5230110";"1";"Scientific Literature";"Eur J Med Chem";"2020";"None";"";"INHIBITOR";"";"0.38"
"CHEMBL525803";"CHLOROPEPTIN";"None";"1328.78";"None";"None";"78";"CN1C(=O)[C@@H](c2cc(Cl)c(O)c(Cl)c2)NC(=O)[C@@H]2NC(=O)[C@@H](c3cc(Cl)c(O)c(Cl)c3)NC(=O)[C@H](NC(=O)C(=O)c3cc(Cl)c(O)c(Cl)c3)Cc3c[nH]c4c(cccc34)-c3cc2cc(c3O)Oc2ccc(cc2)C[C@H]1C(=O)N[C@@H](C(=O)O)c1ccc(O)cc1";"IC50";"'='";"300.0";"nM";"6.52";"";"";"UO_0000065";"4.91";"None";"None";"None";"0";"CHEMBL5231344";"Inhibition of Staphylococcus aureus ATCC 29213 FabI in the presence of NADH using crotonyl CoA as substrate by measuring NADH consumption rate";"B";"BAO_0000357";"single protein format";"Staphylococcus aureus";"None";"None";"None";"None";"";"";"";"CHEMBL3994";"Enoyl-[acyl-carrier-protein] reductase [NADPH] FabI";"Staphylococcus aureus";"SINGLE PROTEIN";"CHEMBL5230110";"1";"Scientific Literature";"Eur J Med Chem";"2020";"None";"";"INHIBITOR";"";"0.3"
"CHEMBL5781102";"";"None";"366.43";"0";"1.51";"BDBM302081";"O=C1CCc2cc(/C=C/C(=O)N3CCC(Cn4cnnc4)CC3)cnc2N1";"IC50";"'>'";"19900.0";"nM";"";"";"578238";"UO_0000065";"";"";"";"";"0";"CHEMBL5731701";"Enzyme Inhibition Assay: FabI enzyme inhibition assays were carried out in half-area, 384-well microtitre plates. Compounds were evaluated in 40-μl assay mixtures containing 100 mM NaADA, pH 6.5 (ADA=N-[2-acetamido]-2iminodiacetic acid), 250 μM crotonoyl-CoA, 625 μM NADH and 50 μg/ml S. aureus ATCC 29213 FabI Inhibitors were typically varied over the range of 50 to 0.39 μM. The reaction mixtures were incubated for 30 minutes at room temperature and the reaction was stopped by adding 200 mM Tris buffer (pH 9.0) to create a pH-shift. The consumption of NADH was monitored by measuring the change in absorbance at 340. By comparing sample readings to those of negative (absence of compound) and positive (absence of enzyme) controls, the percent inhibition of enzymatic activity of the compounds was determined A best-fit curve is fitted by a minimum of squares method. From this an IC50-value (expressed in μg/ml), resulting in 50% inhibition of enzymatic activity, was obtained.";"B";"BAO_0000019";"assay format";"Staphylococcus aureus";"None";"None";"None";"None";"";"";"";"CHEMBL3994";"Enoyl-[acyl-carrier-protein] reductase [NADPH] FabI";"Staphylococcus aureus";"SINGLE PROTEIN";"CHEMBL5725922";"37";"BindingDB Patent Bioactivity Data";"";"2017";"None";"";"";"";"19900.0"
"CHEMBL1466536";"";"None";"319.41";"0";"3.71";"1";"Cc1cccc(N2CC(c3nc4ccccc4n3C)CC2=O)c1C";"IC50";"'='";"976.8";"nM";"6.01";"";"";"UO_0000065";"18.82";"0.34";"2.30";"15.76";"0";"CHEMBL5503720";"Inhibition of N-terminal his 6 tagged Staphylococcus aureus Fabi (1 to 771 residues) expressed in Escherichia coli BL21 incubated for 30 mins in presence of NADPH by fluorescence based microplate reader analysis";"B";"BAO_0000019";"assay format";"Staphylococcus aureus";"None";"None";"None";"None";"";"";"";"CHEMBL3994";"Enoyl-[acyl-carrier-protein] reductase [NADPH] FabI";"Staphylococcus aureus";"SINGLE PROTEIN";"CHEMBL5500393";"1";"Scientific Literature";"J Med Chem";"2024";"None";"TIME = 0.5 hr";"INHIBITOR";"";"976.8"
"CHEMBL5537044";"";"None";"305.38";"0";"3.40";"n24";"Cc1cccc(N2CC(c3nc4ccccc4n3C)CC2=O)c1";"IC50";"'='";"5697.5";"nM";"5.24";"";"";"UO_0000065";"17.17";"0.31";"1.84";"13.75";"0";"CHEMBL5503720";"Inhibition of N-terminal his 6 tagged Staphylococcus aureus Fabi (1 to 771 residues) expressed in Escherichia coli BL21 incubated for 30 mins in presence of NADPH by fluorescence based microplate reader analysis";"B";"BAO_0000019";"assay format";"Staphylococcus aureus";"None";"None";"None";"None";"";"";"";"CHEMBL3994";"Enoyl-[acyl-carrier-protein] reductase [NADPH] FabI";"Staphylococcus aureus";"SINGLE PROTEIN";"CHEMBL5500393";"1";"Scientific Literature";"J Med Chem";"2024";"None";"TIME = 0.5 hr";"INHIBITOR";"";"5697.5"
"CHEMBL5556451";"";"None";"384.28";"0";"4.16";"n36";"Cc1cccc(N2CC(c3nc4ccccc4n3C)CC2=O)c1Br";"IC50";"'='";"1690.7";"nM";"5.77";"";"";"UO_0000065";"15.02";"0.33";"1.61";"15.14";"0";"CHEMBL5503720";"Inhibition of N-terminal his 6 tagged Staphylococcus aureus Fabi (1 to 771 residues) expressed in Escherichia coli BL21 incubated for 30 mins in presence of NADPH by fluorescence based microplate reader analysis";"B";"BAO_0000019";"assay format";"Staphylococcus aureus";"None";"None";"None";"None";"";"";"";"CHEMBL3994";"Enoyl-[acyl-carrier-protein] reductase [NADPH] FabI";"Staphylococcus aureus";"SINGLE PROTEIN";"CHEMBL5500393";"1";"Scientific Literature";"J Med Chem";"2024";"None";"TIME = 0.5 hr";"INHIBITOR";"";"1690.7"
"CHEMBL297636";"";"None";"388.47";"0";"3.44";"18";"Cc1c(CN(C)C(=O)/C=C/c2cnc3c(c2)CCC(=O)N3)c2ccccc2n1C";"IC50";"'='";"130.0";"nM";"6.89";"";"";"UO_0000065";"17.73";"0.32";"3.45";"10.24";"0";"CHEMBL5231308";"Inhibition of Staphylococcus aureus FabI in the presence of NADH using crotonyl CoA as substrate by measuring NADH consumption rate";"B";"BAO_0000357";"single protein format";"Staphylococcus aureus";"None";"None";"None";"None";"";"";"";"CHEMBL3994";"Enoyl-[acyl-carrier-protein] reductase [NADPH] FabI";"Staphylococcus aureus";"SINGLE PROTEIN";"CHEMBL5230110";"1";"Scientific Literature";"Eur J Med Chem";"2020";"None";"";"INHIBITOR";"";"0.13"
"CHEMBL5880899";"";"None";"386.46";"0";"2.94";"BDBM316911";"O=C1CCc2cc(/C=C/C(=O)N3CC4C=C(c5cccnc5)CC4C3)cnc2N1";"IC50";"'='";"1060.0";"nM";"5.97";"";"619716";"UO_0000065";"15.46";"0.28";"3.03";"7.95";"0";"CHEMBL5732078";"Enzyme Inhibition Assay: FabI enzyme inhibition assays were carried out in half-area, 384-well microtitre plates. Compounds were evaluated in 40-μl assay mixtures containing 100 mM NaADA, pH 6.5 (ADA=N-[2-acetamido]-2iminodiacetic acid), 250 μM crotonoyl-CoA, 625 μM NADH and 50 μg/ml S. aureus ATCC 29213 FabI. Inhibitors were typically varied over the range of 50 to 0.39 μM. The reaction mixtures were incubated for 30 minutes at room temperature and the reaction was stopped by adding 200 mM Tris buffer (pH 9.0) to create a pH-shift. The consumption of NADH was monitored by measuring the change in absorbance at 340. By comparing sample readings to those of negative (absence of compound) and positive (absence of enzyme) controls, the percent inhibition of enzymatic activity of the compounds was determined. A best-fit curve is fitted by a minimum of squares method.";"B";"BAO_0000357";"single protein format";"Staphylococcus aureus";"None";"None";"None";"None";"";"";"";"CHEMBL3994";"Enoyl-[acyl-carrier-protein] reductase [NADPH] FabI";"Staphylococcus aureus";"SINGLE PROTEIN";"CHEMBL5726112";"37";"BindingDB Patent Bioactivity Data";"";"2017";"None";"";"";"";"1060.0"
"CHEMBL5769799";"";"None";"422.92";"0";"3.23";"BDBM316919";"O=C1CCc2cc(/C=C/C(=O)N3C[C@@H]4CN(c5ccc(Cl)cc5)C[C@@H]4C3)cnc2N1";"IC50";"'='";"2950.0";"nM";"5.53";"";"619724";"UO_0000065";"13.08";"0.25";"2.30";"8.44";"0";"CHEMBL5732078";"Enzyme Inhibition Assay: FabI enzyme inhibition assays were carried out in half-area, 384-well microtitre plates. Compounds were evaluated in 40-μl assay mixtures containing 100 mM NaADA, pH 6.5 (ADA=N-[2-acetamido]-2iminodiacetic acid), 250 μM crotonoyl-CoA, 625 μM NADH and 50 μg/ml S. aureus ATCC 29213 FabI. Inhibitors were typically varied over the range of 50 to 0.39 μM. The reaction mixtures were incubated for 30 minutes at room temperature and the reaction was stopped by adding 200 mM Tris buffer (pH 9.0) to create a pH-shift. The consumption of NADH was monitored by measuring the change in absorbance at 340. By comparing sample readings to those of negative (absence of compound) and positive (absence of enzyme) controls, the percent inhibition of enzymatic activity of the compounds was determined. A best-fit curve is fitted by a minimum of squares method.";"B";"BAO_0000357";"single protein format";"Staphylococcus aureus";"None";"None";"None";"None";"";"";"";"CHEMBL3994";"Enoyl-[acyl-carrier-protein] reductase [NADPH] FabI";"Staphylococcus aureus";"SINGLE PROTEIN";"CHEMBL5726112";"37";"BindingDB Patent Bioactivity Data";"";"2017";"None";"";"";"";"2950.0"
"CHEMBL5872588";"";"None";"378.44";"0";"1.68";"BDBM316922";"O=C1CCc2cc(/C=C/C(=O)N3CC4CC(n5ccnn5)CC4C3)cnc2N1";"IC50";"'='";"5490.0";"nM";"5.26";"";"619727";"UO_0000065";"13.90";"0.26";"3.58";"5.66";"0";"CHEMBL5732078";"Enzyme Inhibition Assay: FabI enzyme inhibition assays were carried out in half-area, 384-well microtitre plates. Compounds were evaluated in 40-μl assay mixtures containing 100 mM NaADA, pH 6.5 (ADA=N-[2-acetamido]-2iminodiacetic acid), 250 μM crotonoyl-CoA, 625 μM NADH and 50 μg/ml S. aureus ATCC 29213 FabI. Inhibitors were typically varied over the range of 50 to 0.39 μM. The reaction mixtures were incubated for 30 minutes at room temperature and the reaction was stopped by adding 200 mM Tris buffer (pH 9.0) to create a pH-shift. The consumption of NADH was monitored by measuring the change in absorbance at 340. By comparing sample readings to those of negative (absence of compound) and positive (absence of enzyme) controls, the percent inhibition of enzymatic activity of the compounds was determined. A best-fit curve is fitted by a minimum of squares method.";"B";"BAO_0000357";"single protein format";"Staphylococcus aureus";"None";"None";"None";"None";"";"";"";"CHEMBL3994";"Enoyl-[acyl-carrier-protein] reductase [NADPH] FabI";"Staphylococcus aureus";"SINGLE PROTEIN";"CHEMBL5726112";"37";"BindingDB Patent Bioactivity Data";"";"2017";"None";"";"";"";"5490.0"
"CHEMBL6027867";"";"None";"None";"None";"None";"BDBM316899";"";"IC50";"'='";"1000.0";"nM";"6.00";"";"619704";"UO_0000065";"";"";"";"";"0";"CHEMBL5732078";"Enzyme Inhibition Assay: FabI enzyme inhibition assays were carried out in half-area, 384-well microtitre plates. Compounds were evaluated in 40-μl assay mixtures containing 100 mM NaADA, pH 6.5 (ADA=N-[2-acetamido]-2iminodiacetic acid), 250 μM crotonoyl-CoA, 625 μM NADH and 50 μg/ml S. aureus ATCC 29213 FabI. Inhibitors were typically varied over the range of 50 to 0.39 μM. The reaction mixtures were incubated for 30 minutes at room temperature and the reaction was stopped by adding 200 mM Tris buffer (pH 9.0) to create a pH-shift. The consumption of NADH was monitored by measuring the change in absorbance at 340. By comparing sample readings to those of negative (absence of compound) and positive (absence of enzyme) controls, the percent inhibition of enzymatic activity of the compounds was determined. A best-fit curve is fitted by a minimum of squares method.";"B";"BAO_0000357";"single protein format";"Staphylococcus aureus";"None";"None";"None";"None";"";"";"";"CHEMBL3994";"Enoyl-[acyl-carrier-protein] reductase [NADPH] FabI";"Staphylococcus aureus";"SINGLE PROTEIN";"CHEMBL5726112";"37";"BindingDB Patent Bioactivity Data";"";"2017";"None";"";"";"";"1000.0"
"CHEMBL5557803";"";"None";"332.36";"0";"3.24";"n2";"Cn1c(C2CC(=O)N(c3noc4ccccc34)C2)nc2ccccc21";"IC50";"";"";"";"";"";"Not Determined";"";"";"";"";"";"0";"CHEMBL5503720";"Inhibition of N-terminal his 6 tagged Staphylococcus aureus Fabi (1 to 771 residues) expressed in Escherichia coli BL21 incubated for 30 mins in presence of NADPH by fluorescence based microplate reader analysis";"B";"BAO_0000019";"assay format";"Staphylococcus aureus";"None";"None";"None";"None";"";"";"";"CHEMBL3994";"Enoyl-[acyl-carrier-protein] reductase [NADPH] FabI";"Staphylococcus aureus";"SINGLE PROTEIN";"CHEMBL5500393";"1";"Scientific Literature";"J Med Chem";"2024";"None";"TIME = 0.5 hr";"";"";""
"CHEMBL1366409";"";"None";"305.38";"0";"3.09";"n5";"Cn1c(C2CC(=O)N(Cc3ccccc3)C2)nc2ccccc21";"IC50";"";"";"";"";"";"Not Determined";"";"";"";"";"";"0";"CHEMBL5503720";"Inhibition of N-terminal his 6 tagged Staphylococcus aureus Fabi (1 to 771 residues) expressed in Escherichia coli BL21 incubated for 30 mins in presence of NADPH by fluorescence based microplate reader analysis";"B";"BAO_0000019";"assay format";"Staphylococcus aureus";"None";"None";"None";"None";"";"";"";"CHEMBL3994";"Enoyl-[acyl-carrier-protein] reductase [NADPH] FabI";"Staphylococcus aureus";"SINGLE PROTEIN";"CHEMBL5500393";"1";"Scientific Literature";"J Med Chem";"2024";"None";"TIME = 0.5 hr";"";"";""
"CHEMBL5556371";"";"None";"367.84";"0";"3.95";"n17";"CC(=O)c1ccc(N2CC(c3nc4ccccc4n3C)CC2=O)cc1Cl";"IC50";"";"";"";"";"";"Not Determined";"";"";"";"";"";"0";"CHEMBL5503720";"Inhibition of N-terminal his 6 tagged Staphylococcus aureus Fabi (1 to 771 residues) expressed in Escherichia coli BL21 incubated for 30 mins in presence of NADPH by fluorescence based microplate reader analysis";"B";"BAO_0000019";"assay format";"Staphylococcus aureus";"None";"None";"None";"None";"";"";"";"CHEMBL3994";"Enoyl-[acyl-carrier-protein] reductase [NADPH] FabI";"Staphylococcus aureus";"SINGLE PROTEIN";"CHEMBL5500393";"1";"Scientific Literature";"J Med Chem";"2024";"None";"TIME = 0.5 hr";"";"";""
"CHEMBL5517745";"";"None";"305.43";"0";"4.18";"j1";"Cc1cccc(N2CCC(c3nc4ccccc4n3C)C2)c1C";"IC50";"";"";"";"";"";"Not Determined";"";"";"";"";"";"0";"CHEMBL5503720";"Inhibition of N-terminal his 6 tagged Staphylococcus aureus Fabi (1 to 771 residues) expressed in Escherichia coli BL21 incubated for 30 mins in presence of NADPH by fluorescence based microplate reader analysis";"B";"BAO_0000019";"assay format";"Staphylococcus aureus";"None";"None";"None";"None";"";"";"";"CHEMBL3994";"Enoyl-[acyl-carrier-protein] reductase [NADPH] FabI";"Staphylococcus aureus";"SINGLE PROTEIN";"CHEMBL5500393";"1";"Scientific Literature";"J Med Chem";"2024";"None";"TIME = 0.5 hr";"";"";""
"CHEMBL1652621";"AFN-1252";"2.0";"375.43";"0";"3.69";"AFN-1252";"Cc1c(CN(C)C(=O)/C=C/c2cnc3c(c2)CCC(=O)N3)oc2ccccc12";"IC50";"'='";"42.3";"nM";"7.37";"";"";"UO_0000065";"19.64";"0.36";"3.68";"9.77";"0";"CHEMBL5503720";"Inhibition of N-terminal his 6 tagged Staphylococcus aureus Fabi (1 to 771 residues) expressed in Escherichia coli BL21 incubated for 30 mins in presence of NADPH by fluorescence based microplate reader analysis";"B";"BAO_0000019";"assay format";"Staphylococcus aureus";"None";"None";"None";"None";"";"";"";"CHEMBL3994";"Enoyl-[acyl-carrier-protein] reductase [NADPH] FabI";"Staphylococcus aureus";"SINGLE PROTEIN";"CHEMBL5500393";"1";"Scientific Literature";"J Med Chem";"2024";"None";"TIME = 0.5 hr";"INHIBITOR";"";"42.3"
"CHEMBL5558464";"";"None";"367.45";"0";"4.76";"n12";"Cn1c(C2CC(=O)N(c3cccc(-c4ccccc4)c3)C2)nc2ccccc21";"IC50";"";"";"";"";"";"Not Determined";"";"";"";"";"";"0";"CHEMBL5503720";"Inhibition of N-terminal his 6 tagged Staphylococcus aureus Fabi (1 to 771 residues) expressed in Escherichia coli BL21 incubated for 30 mins in presence of NADPH by fluorescence based microplate reader analysis";"B";"BAO_0000019";"assay format";"Staphylococcus aureus";"None";"None";"None";"None";"";"";"";"CHEMBL3994";"Enoyl-[acyl-carrier-protein] reductase [NADPH] FabI";"Staphylococcus aureus";"SINGLE PROTEIN";"CHEMBL5500393";"1";"Scientific Literature";"J Med Chem";"2024";"None";"TIME = 0.5 hr";"";"";""
"CHEMBL5512489";"";"None";"339.83";"0";"4.06";"n30";"Cc1c(Cl)cccc1N1CC(c2nc3ccccc3n2C)CC1=O";"IC50";"'='";"428.6";"nM";"6.37";"";"";"UO_0000065";"18.74";"0.36";"2.31";"16.70";"0";"CHEMBL5503720";"Inhibition of N-terminal his 6 tagged Staphylococcus aureus Fabi (1 to 771 residues) expressed in Escherichia coli BL21 incubated for 30 mins in presence of NADPH by fluorescence based microplate reader analysis";"B";"BAO_0000019";"assay format";"Staphylococcus aureus";"None";"None";"None";"None";"";"";"";"CHEMBL3994";"Enoyl-[acyl-carrier-protein] reductase [NADPH] FabI";"Staphylococcus aureus";"SINGLE PROTEIN";"CHEMBL5500393";"1";"Scientific Literature";"J Med Chem";"2024";"None";"TIME = 0.5 hr";"INHIBITOR";"";"428.6"
"CHEMBL5557878";"";"None";"400.28";"0";"3.86";"n39";"COc1c(Br)cccc1N1CC(c2nc3ccccc3n2C)CC1=O";"IC50";"'='";"198.8";"nM";"6.70";"";"";"UO_0000065";"16.74";"0.37";"2.84";"14.15";"0";"CHEMBL5503720";"Inhibition of N-terminal his 6 tagged Staphylococcus aureus Fabi (1 to 771 residues) expressed in Escherichia coli BL21 incubated for 30 mins in presence of NADPH by fluorescence based microplate reader analysis";"B";"BAO_0000019";"assay format";"Staphylococcus aureus";"None";"None";"None";"None";"";"";"";"CHEMBL3994";"Enoyl-[acyl-carrier-protein] reductase [NADPH] FabI";"Staphylococcus aureus";"SINGLE PROTEIN";"CHEMBL5500393";"1";"Scientific Literature";"J Med Chem";"2024";"None";"TIME = 0.5 hr";"INHIBITOR";"";"198.8"
"CHEMBL5924015";"";"None";"405.50";"0";"3.69";"BDBM302073";"O=C1CCc2cc(/C=C/C(=O)N3CCC(CCOc4ccccc4)CC3)cnc2N1";"IC50";"'='";"2460.0";"nM";"5.61";"";"578230";"UO_0000065";"13.83";"0.26";"1.92";"7.84";"0";"CHEMBL5731701";"Enzyme Inhibition Assay: FabI enzyme inhibition assays were carried out in half-area, 384-well microtitre plates. Compounds were evaluated in 40-μl assay mixtures containing 100 mM NaADA, pH 6.5 (ADA=N-[2-acetamido]-2iminodiacetic acid), 250 μM crotonoyl-CoA, 625 μM NADH and 50 μg/ml S. aureus ATCC 29213 FabI Inhibitors were typically varied over the range of 50 to 0.39 μM. The reaction mixtures were incubated for 30 minutes at room temperature and the reaction was stopped by adding 200 mM Tris buffer (pH 9.0) to create a pH-shift. The consumption of NADH was monitored by measuring the change in absorbance at 340. By comparing sample readings to those of negative (absence of compound) and positive (absence of enzyme) controls, the percent inhibition of enzymatic activity of the compounds was determined A best-fit curve is fitted by a minimum of squares method. From this an IC50-value (expressed in μg/ml), resulting in 50% inhibition of enzymatic activity, was obtained.";"B";"BAO_0000019";"assay format";"Staphylococcus aureus";"None";"None";"None";"None";"";"";"";"CHEMBL3994";"Enoyl-[acyl-carrier-protein] reductase [NADPH] FabI";"Staphylococcus aureus";"SINGLE PROTEIN";"CHEMBL5725922";"37";"BindingDB Patent Bioactivity Data";"";"2017";"None";"";"";"";"2460.0"
"CHEMBL5928573";"";"None";"432.55";"0";"4.07";"BDBM302076";"O=C1CCc2cc(/C=C/C(=O)N3CCC(Cc4nc5ccccc5s4)CC3)cnc2N1";"IC50";"'='";"3970.0";"nM";"5.40";"";"578233";"UO_0000065";"12.49";"0.24";"1.33";"7.18";"0";"CHEMBL5731701";"Enzyme Inhibition Assay: FabI enzyme inhibition assays were carried out in half-area, 384-well microtitre plates. Compounds were evaluated in 40-μl assay mixtures containing 100 mM NaADA, pH 6.5 (ADA=N-[2-acetamido]-2iminodiacetic acid), 250 μM crotonoyl-CoA, 625 μM NADH and 50 μg/ml S. aureus ATCC 29213 FabI Inhibitors were typically varied over the range of 50 to 0.39 μM. The reaction mixtures were incubated for 30 minutes at room temperature and the reaction was stopped by adding 200 mM Tris buffer (pH 9.0) to create a pH-shift. The consumption of NADH was monitored by measuring the change in absorbance at 340. By comparing sample readings to those of negative (absence of compound) and positive (absence of enzyme) controls, the percent inhibition of enzymatic activity of the compounds was determined A best-fit curve is fitted by a minimum of squares method. From this an IC50-value (expressed in μg/ml), resulting in 50% inhibition of enzymatic activity, was obtained.";"B";"BAO_0000019";"assay format";"Staphylococcus aureus";"None";"None";"None";"None";"";"";"";"CHEMBL3994";"Enoyl-[acyl-carrier-protein] reductase [NADPH] FabI";"Staphylococcus aureus";"SINGLE PROTEIN";"CHEMBL5725922";"37";"BindingDB Patent Bioactivity Data";"";"2017";"None";"";"";"";"3970.0"
"CHEMBL6048702";"";"None";"409.46";"0";"3.44";"BDBM302077";"O=C1CCc2cc(/C=C/C(=O)N3CCC(COc4ccc(F)cc4)CC3)cnc2N1";"IC50";"'='";"1140.0";"nM";"5.94";"";"578234";"UO_0000065";"14.51";"0.27";"2.50";"8.31";"0";"CHEMBL5731701";"Enzyme Inhibition Assay: FabI enzyme inhibition assays were carried out in half-area, 384-well microtitre plates. Compounds were evaluated in 40-μl assay mixtures containing 100 mM NaADA, pH 6.5 (ADA=N-[2-acetamido]-2iminodiacetic acid), 250 μM crotonoyl-CoA, 625 μM NADH and 50 μg/ml S. aureus ATCC 29213 FabI Inhibitors were typically varied over the range of 50 to 0.39 μM. The reaction mixtures were incubated for 30 minutes at room temperature and the reaction was stopped by adding 200 mM Tris buffer (pH 9.0) to create a pH-shift. The consumption of NADH was monitored by measuring the change in absorbance at 340. By comparing sample readings to those of negative (absence of compound) and positive (absence of enzyme) controls, the percent inhibition of enzymatic activity of the compounds was determined A best-fit curve is fitted by a minimum of squares method. From this an IC50-value (expressed in μg/ml), resulting in 50% inhibition of enzymatic activity, was obtained.";"B";"BAO_0000019";"assay format";"Staphylococcus aureus";"None";"None";"None";"None";"";"";"";"CHEMBL3994";"Enoyl-[acyl-carrier-protein] reductase [NADPH] FabI";"Staphylococcus aureus";"SINGLE PROTEIN";"CHEMBL5725922";"37";"BindingDB Patent Bioactivity Data";"";"2017";"None";"";"";"";"1140.0"
"CHEMBL5925524";"";"None";"385.53";"0";"3.50";"BDBM302079";"O=C1CCc2cc(/C=C/C(=O)N3CCC(CC4CCCS4)CC3)cnc2N1";"IC50";"'='";"1580.0";"nM";"5.80";"";"578236";"UO_0000065";"15.05";"0.29";"2.30";"9.31";"0";"CHEMBL5731701";"Enzyme Inhibition Assay: FabI enzyme inhibition assays were carried out in half-area, 384-well microtitre plates. Compounds were evaluated in 40-μl assay mixtures containing 100 mM NaADA, pH 6.5 (ADA=N-[2-acetamido]-2iminodiacetic acid), 250 μM crotonoyl-CoA, 625 μM NADH and 50 μg/ml S. aureus ATCC 29213 FabI Inhibitors were typically varied over the range of 50 to 0.39 μM. The reaction mixtures were incubated for 30 minutes at room temperature and the reaction was stopped by adding 200 mM Tris buffer (pH 9.0) to create a pH-shift. The consumption of NADH was monitored by measuring the change in absorbance at 340. By comparing sample readings to those of negative (absence of compound) and positive (absence of enzyme) controls, the percent inhibition of enzymatic activity of the compounds was determined A best-fit curve is fitted by a minimum of squares method. From this an IC50-value (expressed in μg/ml), resulting in 50% inhibition of enzymatic activity, was obtained.";"B";"BAO_0000019";"assay format";"Staphylococcus aureus";"None";"None";"None";"None";"";"";"";"CHEMBL3994";"Enoyl-[acyl-carrier-protein] reductase [NADPH] FabI";"Staphylococcus aureus";"SINGLE PROTEIN";"CHEMBL5725922";"37";"BindingDB Patent Bioactivity Data";"";"2017";"None";"";"";"";"1580.0"
"CHEMBL5819467";"";"None";"414.51";"0";"3.87";"BDBM302082";"O=C1CCc2cc(/C=C/C(=O)N3CCC(Cn4ccc5ccccc54)CC3)cnc2N1";"IC50";"'='";"6610.0";"nM";"5.18";"";"578239";"UO_0000065";"12.50";"0.23";"1.31";"7.70";"0";"CHEMBL5731701";"Enzyme Inhibition Assay: FabI enzyme inhibition assays were carried out in half-area, 384-well microtitre plates. Compounds were evaluated in 40-μl assay mixtures containing 100 mM NaADA, pH 6.5 (ADA=N-[2-acetamido]-2iminodiacetic acid), 250 μM crotonoyl-CoA, 625 μM NADH and 50 μg/ml S. aureus ATCC 29213 FabI Inhibitors were typically varied over the range of 50 to 0.39 μM. The reaction mixtures were incubated for 30 minutes at room temperature and the reaction was stopped by adding 200 mM Tris buffer (pH 9.0) to create a pH-shift. The consumption of NADH was monitored by measuring the change in absorbance at 340. By comparing sample readings to those of negative (absence of compound) and positive (absence of enzyme) controls, the percent inhibition of enzymatic activity of the compounds was determined A best-fit curve is fitted by a minimum of squares method. From this an IC50-value (expressed in μg/ml), resulting in 50% inhibition of enzymatic activity, was obtained.";"B";"BAO_0000019";"assay format";"Staphylococcus aureus";"None";"None";"None";"None";"";"";"";"CHEMBL3994";"Enoyl-[acyl-carrier-protein] reductase [NADPH] FabI";"Staphylococcus aureus";"SINGLE PROTEIN";"CHEMBL5725922";"37";"BindingDB Patent Bioactivity Data";"";"2017";"None";"";"";"";"6610.0"
"CHEMBL5808519";"";"None";"377.44";"0";"3.09";"BDBM302049";"O=C1CCc2cc(/C=C/C(=O)N3CCC(c4cccc(O)c4)CC3)cnc2N1";"IC50";"'='";"927.0";"nM";"6.03";"";"578206";"UO_0000065";"15.98";"0.29";"2.94";"7.31";"0";"CHEMBL5731701";"Enzyme Inhibition Assay: FabI enzyme inhibition assays were carried out in half-area, 384-well microtitre plates. Compounds were evaluated in 40-μl assay mixtures containing 100 mM NaADA, pH 6.5 (ADA=N-[2-acetamido]-2iminodiacetic acid), 250 μM crotonoyl-CoA, 625 μM NADH and 50 μg/ml S. aureus ATCC 29213 FabI Inhibitors were typically varied over the range of 50 to 0.39 μM. The reaction mixtures were incubated for 30 minutes at room temperature and the reaction was stopped by adding 200 mM Tris buffer (pH 9.0) to create a pH-shift. The consumption of NADH was monitored by measuring the change in absorbance at 340. By comparing sample readings to those of negative (absence of compound) and positive (absence of enzyme) controls, the percent inhibition of enzymatic activity of the compounds was determined A best-fit curve is fitted by a minimum of squares method. From this an IC50-value (expressed in μg/ml), resulting in 50% inhibition of enzymatic activity, was obtained.";"B";"BAO_0000019";"assay format";"Staphylococcus aureus";"None";"None";"None";"None";"";"";"";"CHEMBL3994";"Enoyl-[acyl-carrier-protein] reductase [NADPH] FabI";"Staphylococcus aureus";"SINGLE PROTEIN";"CHEMBL5725922";"37";"BindingDB Patent Bioactivity Data";"";"2017";"None";"";"";"";"927.0"
"CHEMBL5774681";"";"None";"389.46";"0";"3.10";"BDBM302050";"O=C1CCc2cc(/C=C/C(=O)N3CCC(C(=O)c4ccccc4)CC3)cnc2N1";"IC50";"'='";"4460.0";"nM";"5.35";"";"578207";"UO_0000065";"13.74";"0.25";"2.25";"6.74";"0";"CHEMBL5731701";"Enzyme Inhibition Assay: FabI enzyme inhibition assays were carried out in half-area, 384-well microtitre plates. Compounds were evaluated in 40-μl assay mixtures containing 100 mM NaADA, pH 6.5 (ADA=N-[2-acetamido]-2iminodiacetic acid), 250 μM crotonoyl-CoA, 625 μM NADH and 50 μg/ml S. aureus ATCC 29213 FabI Inhibitors were typically varied over the range of 50 to 0.39 μM. The reaction mixtures were incubated for 30 minutes at room temperature and the reaction was stopped by adding 200 mM Tris buffer (pH 9.0) to create a pH-shift. The consumption of NADH was monitored by measuring the change in absorbance at 340. By comparing sample readings to those of negative (absence of compound) and positive (absence of enzyme) controls, the percent inhibition of enzymatic activity of the compounds was determined A best-fit curve is fitted by a minimum of squares method. From this an IC50-value (expressed in μg/ml), resulting in 50% inhibition of enzymatic activity, was obtained.";"B";"BAO_0000019";"assay format";"Staphylococcus aureus";"None";"None";"None";"None";"";"";"";"CHEMBL3994";"Enoyl-[acyl-carrier-protein] reductase [NADPH] FabI";"Staphylococcus aureus";"SINGLE PROTEIN";"CHEMBL5725922";"37";"BindingDB Patent Bioactivity Data";"";"2017";"None";"";"";"";"4460.0"
"CHEMBL5851989";"";"None";"403.48";"0";"3.39";"BDBM302058";"COc1ccccc1CC1=CCN(C(=O)/C=C/c2cnc3c(c2)CCC(=O)N3)CC1";"IC50";"'='";"2620.0";"nM";"5.58";"";"578215";"UO_0000065";"13.83";"0.25";"2.19";"7.80";"0";"CHEMBL5731701";"Enzyme Inhibition Assay: FabI enzyme inhibition assays were carried out in half-area, 384-well microtitre plates. Compounds were evaluated in 40-μl assay mixtures containing 100 mM NaADA, pH 6.5 (ADA=N-[2-acetamido]-2iminodiacetic acid), 250 μM crotonoyl-CoA, 625 μM NADH and 50 μg/ml S. aureus ATCC 29213 FabI Inhibitors were typically varied over the range of 50 to 0.39 μM. The reaction mixtures were incubated for 30 minutes at room temperature and the reaction was stopped by adding 200 mM Tris buffer (pH 9.0) to create a pH-shift. The consumption of NADH was monitored by measuring the change in absorbance at 340. By comparing sample readings to those of negative (absence of compound) and positive (absence of enzyme) controls, the percent inhibition of enzymatic activity of the compounds was determined A best-fit curve is fitted by a minimum of squares method. From this an IC50-value (expressed in μg/ml), resulting in 50% inhibition of enzymatic activity, was obtained.";"B";"BAO_0000019";"assay format";"Staphylococcus aureus";"None";"None";"None";"None";"";"";"";"CHEMBL3994";"Enoyl-[acyl-carrier-protein] reductase [NADPH] FabI";"Staphylococcus aureus";"SINGLE PROTEIN";"CHEMBL5725922";"37";"BindingDB Patent Bioactivity Data";"";"2017";"None";"";"";"";"2620.0"
